Código IBGE,Nome do Municipio,uf,maior_media_anual,ano_maior_media,maior_media_semestral,semestre_maior_media,maior_diferenca_entre_meses,ano_maior_diferença_ano,media_pessoas_geral,max_valor,min_valor
355030,SÃO PAULO,SP,113156.67,2025,115387.0,2025_S2,13116,2024,101728.1,116932,82488
330455,RIO DE JANEIRO,RJ,79625.14,2026,81352.0,2026_S2,12251,2024,65606.79,81352,44268
230440,FORTALEZA,CE,74342.71,2026,75932.0,2026_S2,10006,2024,61274.5,75932,45038
292740,SALVADOR,BA,54223.25,2025,55401.5,2025_S2,7403,2024,47480.44,55723,36508
261160,RECIFE,PE,51899.67,2025,53313.33,2025_S2,5450,2024,46232.56,53657,37992
130260,MANAUS,AM,49047.57,2026,50514.0,2026_S2,7450,2024,40673.0,50514,28849
530010,BRASÍLIA,DF,44878.14,2026,45754.0,2026_S2,6059,2024,38346.67,45754,28063
150140,BELÉM,PA,36510.58,2025,37300.67,2025_S2,3879,2024,32728.98,37864,26111
310620,BELO HORIZONTE,MG,34359.08,2025,34815.83,2025_S2,4126,2024,30363.81,35340,23823
270430,MACEIÓ,AL,32995.08,2025,33574.83,2025_S2,3222,2024,29746.83,33656,24801
211130,SÃO LUÍS,MA,29033.5,2025,29638.0,2025_S2,4106,2024,25202.08,29842,19329
431490,PORTO ALEGRE,RS,25758.5,2025,26339.67,2025_S2,3284,2024,22508.67,26587,16696
250750,JOÃO PESSOA,PB,23833.0,2026,24199.83,2025_S2,3342,2024,19791.42,24286,14340
221100,TERESINA,PI,23189.67,2025,23669.5,2025_S2,3055,2024,20396.98,23831,16065
280030,ARACAJU,SE,21509.29,2026,21642.0,2026_S2,2807,2024,18065.56,21687,14193
520870,GOIÂNIA,GO,21230.67,2025,21435.83,2025_S2,2662,2024,19049.23,21724,14900
500270,CAMPO GRANDE,MS,19410.25,2025,19632.17,2025_S2,2958,2024,17183.12,19866,13532
240810,NATAL,RN,19019.29,2026,19127.0,2026_S2,2764,2024,15705.48,19316,11585
410690,CURITIBA,PR,17673.75,2025,18408.0,2025_S2,2241,2025,15424.29,18579,12105
250400,CAMPINA GRANDE,PB,15947.14,2026,16160.0,2026_S2,2707,2024,12591.17,16160,8577
120040,RIO BRANCO,AC,14790.14,2026,15124.0,2026_S2,2213,2024,12570.96,15124,9797
330170,DUQUE DE CAXIAS,RJ,14624.83,2025,14676.0,2026_S2,2208,2024,12868.27,14980,9591
110020,PORTO VELHO,RO,14590.0,2026,14753.0,2026_S2,2028,2024,12131.04,14753,9133
160030,MACAPÁ,AP,13904.57,2026,14392.0,2026_S2,1751,2023,11838.58,14392,8854
350950,CAMPINAS,SP,13273.5,2025,13274.33,2025_S2,2143,2024,11219.67,13742,8340
291080,FEIRA DE SANTANA,BA,12939.43,2026,13223.0,2026_S2,1470,2024,11477.27,13223,9160
351880,GUARULHOS,SP,12220.33,2025,12312.0,2025_S2,1688,2023,11017.65,12504,8557
150080,ANANINDEUA,PA,11888.0,2026,12132.0,2026_S2,1518,2023,10670.27,12178,8063
510340,CUIABÁ,MT,11839.5,2025,12089.0,2025_S2,2070,2024,10325.54,12169,7978
330350,NOVA IGUAÇU,RJ,11413.29,2026,11738.0,2026_S2,1785,2024,10015.73,11823,7433
293330,VITÓRIA DA CONQUISTA,BA,10760.29,2026,10867.0,2026_S2,1687,2024,9107.92,10892,6724
313670,JUIZ DE FORA,MG,10742.58,2025,10780.17,2025_S2,1382,2023,9579.88,11050,7421
260410,CARUARU,PE,10716.43,2026,10875.0,2026_S2,1204,2024,9700.75,10875,8063
260790,JABOATÃO DOS GUARARAPES,PE,10459.71,2026,10569.33,2025_S2,1043,2024,9489.17,10591,7780
140010,BOA VISTA,RR,10240.75,2025,10354.17,2025_S2,1329,2024,9143.88,10485,7018
230730,JUAZEIRO DO NORTE,CE,10237.43,2026,10556.0,2026_S2,1134,2024,8755.56,10556,6990
150680,SANTARÉM,PA,10026.86,2026,10494.0,2026_S2,1646,2024,8179.31,10494,5883
230370,CAUCAIA,CE,9750.57,2026,10196.0,2026_S2,1386,2024,7917.08,10196,5663
240800,MOSSORÓ,RN,9387.29,2026,9600.0,2026_S2,1163,2024,8309.04,9600,6638
520140,APARECIDA DE GOIÂNIA,GO,9213.43,2026,9371.0,2026_S2,1129,2024,8240.62,9371,6601
317020,UBERLÂNDIA,MG,8900.83,2025,8916.83,2025_S2,877,2024,8180.71,9050,7005
261110,PETROLINA,PE,8800.43,2026,9035.0,2026_S2,1176,2024,7652.85,9035,5887
330490,SÃO GONÇALO,RJ,8618.0,2026,8890.0,2026_S2,1327,2024,7284.54,8890,5110
260960,OLINDA,PE,8607.0,2025,8687.17,2025_S2,698,2024,7977.73,8742,6873
431440,PELOTAS,RS,8539.42,2025,8686.0,2025_S2,803,2023,7642.42,8916,6241
330100,CAMPOS DOS GOYTACAZES,RJ,8294.33,2025,8347.0,2025_S1,1130,2024,7335.48,8476,5552
270030,ARAPIRACA,AL,8203.83,2025,8416.0,2025_S2,1126,2024,7288.62,8708,5720
320500,SERRA,ES,8078.86,2026,8196.0,2026_S2,1250,2024,6962.69,8318,4942
314330,MONTES CLAROS,MG,7916.42,2025,8034.33,2025_S2,861,2024,7086.44,8108,5787
353440,OSASCO,SP,7731.5,2025,7813.5,2025_S1,863,2024,7024.17,7962,5435
230765,MARACANAÚ,CE,7689.86,2026,8027.0,2026_S2,1115,2024,6032.96,8027,3988
354870,SÃO BERNARDO DO CAMPO,SP,7547.0,2025,7552.17,2025_S2,871,2023,6764.58,7726,5425
231290,SOBRAL,CE,7336.0,2026,7599.0,2026_S2,977,2024,6028.94,7599,4577
420540,FLORIANÓPOLIS,SC,7215.17,2025,7600.17,2025_S2,1223,2024,5928.44,7694,4020
411370,LONDRINA,PR,6997.58,2025,7004.83,2025_S2,686,2024,6492.6,7149,5692
291480,ITABUNA,BA,6750.43,2026,6830.67,2025_S2,572,2024,6223.21,6877,5271
354990,SÃO JOSÉ DOS CAMPOS,SP,6600.58,2025,6612.33,2025_S2,803,2024,5933.1,6728,4656
354340,RIBEIRÃO PRETO,SP,6597.33,2025,6697.17,2025_S2,737,2024,5955.79,6801,4926
261070,PAULISTA,PE,6451.29,2026,6532.0,2026_S2,693,2024,5786.56,6533,4686
510840,VÁRZEA GRANDE,MT,6370.57,2026,6472.0,2026_S2,921,2024,5449.19,6472,4329
312770,GOVERNADOR VALADARES,MG,6363.17,2025,6488.17,2025_S2,838,2024,5572.44,6675,4248
291800,JEQUIÉ,BA,6338.14,2026,6475.0,2026_S2,688,2024,5558.54,6475,4442
210530,IMPERATRIZ,MA,6213.67,2025,6312.0,2026_S2,548,2024,5735.02,6312,4981
320530,VITÓRIA,ES,6173.0,2026,6359.33,2025_S2,1131,2024,5013.44,6418,3354
230420,CRATO,CE,6110.57,2026,6294.0,2026_S2,646,2024,5372.88,6294,4455
330510,SÃO JOÃO DE MERITI,RJ,6102.71,2026,6285.0,2026_S2,938,2024,5353.35,6285,3930
330045,BELFORD ROXO,RJ,6097.43,2026,6292.0,2026_S2,1194,2024,4952.23,6292,3140
311860,CONTAGEM,MG,6052.58,2025,6098.33,2025_S2,701,2024,5509.88,6169,4391
251370,SANTA RITA,PB,5964.71,2026,6040.0,2026_S2,667,2024,5097.06,6040,3971
150420,MARABÁ,PA,5896.71,2026,6046.0,2026_S2,735,2024,5261.92,6046,4167
170210,ARAGUAÍNA,TO,5875.57,2026,5988.0,2026_S2,880,2024,4915.96,5988,3621
172100,PALMAS,TO,5850.86,2026,5917.0,2026_S2,838,2023,4857.04,5938,3325
220770,PARNAÍBA,PI,5717.57,2026,5932.0,2026_S2,709,2025,4537.83,5932,3374
160060,SANTANA,AP,5632.57,2026,5829.0,2026_S2,680,2024,4825.88,5829,3669
352310,ITAQUAQUECETUBA,SP,5620.43,2026,5795.0,2026_S2,875,2024,4677.42,5795,3161
150360,ITAITUBA,PA,5606.71,2026,5959.0,2026_S2,871,2024,4215.96,5959,2888
150240,CASTANHAL,PA,5585.75,2025,5662.67,2025_S2,658,2023,5082.94,5730,3972
231130,QUIXADÁ,CE,5567.57,2026,5686.0,2026_S2,537,2023,4877.44,5686,3909
520110,ANÁPOLIS,GO,5488.29,2026,5582.0,2026_S2,609,2024,4950.79,5582,3919
317010,UBERABA,MG,5485.43,2026,5592.0,2026_S2,570,2023,4887.19,5604,3884
260600,GARANHUNS,PE,5477.58,2025,5529.17,2025_S2,302,2023,5187.79,5547,4636
320130,CARIACICA,ES,5354.14,2026,5466.0,2026_S2,764,2024,4652.1,5466,3512
320520,VILA VELHA,ES,5339.57,2026,5522.0,2026_S2,804,2024,4627.02,5522,3294
355220,SOROCABA,SP,5195.83,2025,5199.5,2025_S2,638,2024,4671.71,5330,3788
250180,BAYEUX,PB,5191.43,2026,5200.0,2026_S2,665,2024,4458.38,5224,3266
510760,RONDONÓPOLIS,MT,5150.5,2025,5233.33,2025_S2,545,2024,4661.69,5261,3848
353060,MOGI DAS CRUZES,SP,5131.17,2025,5151.17,2025_S1,517,2023,4754.46,5283,3981
260290,CABO DE SANTO AGOSTINHO,PE,5105.92,2025,5202.17,2025_S2,509,2024,4632.33,5403,3798
330330,NITERÓI,RJ,5065.83,2025,5137.0,2026_S2,722,2024,4542.04,5139,3575
230640,ITAPIPOCA,CE,5050.0,2026,5242.0,2026_S2,1106,2025,4191.1,5530,3345
261640,VITÓRIA DE SANTO ANTÃO,PE,5027.29,2026,5120.0,2026_S2,486,2024,4416.9,5120,3550
290570,CAMAÇARI,BA,5010.71,2026,5064.33,2025_S2,816,2024,4352.92,5094,3199
291360,ILHÉUS,BA,4976.67,2025,4980.5,2025_S1,391,2023,4700.58,5025,4084
330390,PETRÓPOLIS,RJ,4913.17,2025,4921.67,2025_S1,691,2024,4361.77,5023,3213
410830,FOZ DO IGUAÇU,PR,4895.67,2025,4905.83,2025_S2,564,2024,4532.06,4964,3845
351380,DIADEMA,SP,4850.83,2025,4869.33,2025_S1,389,2024,4502.02,4970,3920
420910,JOINVILLE,SC,4815.5,2025,4863.5,2025_S2,716,2024,4221.19,4896,3227
270930,UNIÃO DOS PALMARES,AL,4757.14,2026,4778.17,2025_S2,351,2025,4520.42,4856,4324
354980,SÃO JOSÉ DO RIO PRETO,SP,4750.33,2025,4752.17,2025_S1,519,2023,4304.08,4855,3490
521250,LUZIÂNIA,GO,4739.75,2025,4810.67,2025_S2,496,2024,4293.5,4863,3530
351620,FRANCA,SP,4641.86,2026,4708.0,2025_S2,572,2024,4073.98,4749,3232
293135,TEIXEIRA DE FREITAS,BA,4582.0,2026,4613.0,2026_S2,485,2024,4106.1,4620,3371
330250,MAGÉ,RJ,4543.25,2025,4565.17,2025_S1,612,2024,4094.98,4622,3288
291920,LAURO DE FREITAS,BA,4541.14,2026,4617.0,2026_S2,698,2024,3898.38,4617,2816
150060,ALTAMIRA,PA,4524.57,2026,4641.0,2026_S2,465,2024,3882.83,4641,3084
210120,BACABAL,MA,4516.08,2025,4544.17,2025_S2,408,2024,4206.02,4586,3889
313130,IPATINGA,MG,4497.25,2025,4570.0,2026_S2,460,2023,4128.23,4591,3322
210140,BALSAS,MA,4459.14,2026,4512.5,2025_S2,397,2024,4044.92,4555,3434
355250,SUZANO,SP,4448.92,2025,4466.0,2025_S1,568,2024,3980.75,4580,3143
410480,CASCAVEL,PR,4403.5,2025,4405.0,2025_S1,545,2024,3979.12,4490,3254
291840,JUAZEIRO,BA,4367.57,2026,4474.0,2026_S2,549,2024,3638.73,4474,2666
130250,MANACAPURU,AM,4362.14,2026,4538.0,2026_S2,454,2023,3839.9,4538,3085
354780,SANTO ANDRÉ,SP,4346.42,2025,4362.5,2025_S2,491,2024,3901.98,4461,3215
230770,MARANGUAPE,CE,4338.29,2026,4489.0,2026_S2,559,2024,3598.42,4489,2619
230550,IGUATU,CE,4317.86,2026,4414.0,2026_S2,566,2024,3543.79,4414,2664
150010,ABAETETUBA,PA,4314.0,2026,4360.0,2026_S2,446,2023,3835.06,4371,3035
316860,TEÓFILO OTONI,MG,4247.71,2026,4365.0,2026_S2,545,2024,3633.62,4365,2829
280290,ITABAIANA,SE,4229.71,2026,4261.0,2026_S2,512,2024,3559.67,4261,2707
353870,PIRACICABA,SP,4207.17,2025,4212.83,2025_S2,501,2024,3763.02,4285,2984
280350,LAGARTO,SE,4170.14,2026,4211.0,2026_S2,448,2024,3575.5,4211,2908
431560,RIO GRANDE,RS,4160.42,2025,4207.0,2025_S1,480,2023,3877.81,4242,3220
500370,DOURADOS,MS,4146.08,2025,4193.0,2025_S2,1110,2024,3565.02,4247,2694
261530,TIMBAÚBA,PE,4111.57,2026,4251.0,2026_S2,498,2024,3489.17,4251,2695
211120,SÃO JOSÉ DE RIBAMAR,MA,4104.25,2025,4136.17,2025_S2,684,2024,3529.98,4214,2618
430460,CANOAS,RS,4102.83,2025,4242.0,2026_S2,441,2024,3739.9,4242,3013
310670,BETIM,MG,4056.92,2025,4080.5,2025_S1,391,2023,3789.73,4128,3195
280480,NOSSA SENHORA DO SOCORRO,SE,4037.43,2026,4188.0,2026_S2,669,2024,3056.71,4188,2110
210990,SANTA INÊS,MA,4014.0,2025,4044.17,2025_S2,525,2024,3627.02,4080,3075
150170,BRAGANÇA,PA,3986.86,2026,4054.0,2026_S2,400,2024,3623.15,4084,2820
355280,TABOÃO DA SERRA,SP,3930.08,2025,3949.33,2025_S1,533,2024,3476.62,4008,2702
240325,PARNAMIRIM,RN,3921.29,2026,3986.0,2026_S2,388,2023,3490.46,3986,2817
260345,CAMARAGIBE,PE,3900.43,2026,3953.0,2025_S2,315,2024,3579.56,3971,3040
291560,ITAMARAJU,BA,3898.14,2026,3999.33,2025_S2,886,2025,3191.71,4080,2623
330630,VOLTA REDONDA,RJ,3857.75,2025,3863.5,2025_S1,428,2024,3496.77,3927,2737
432300,VIAMÃO,RS,3846.92,2025,3882.5,2025_S2,464,2024,3449.62,3946,2712
220800,PICOS,PI,3835.57,2026,3893.0,2026_S2,351,2024,3542.88,3893,3106
251530,SAPÉ,PB,3833.75,2025,3875.5,2025_S2,459,2024,3523.88,3909,3032
241200,SÃO GONÇALO DO AMARANTE,RN,3831.43,2026,3892.0,2026_S2,431,2023,3291.83,3892,2385
210300,CAXIAS,MA,3818.17,2025,3857.0,2025_S2,384,2024,3553.15,3918,3143
291072,EUNÁPOLIS,BA,3798.0,2026,3854.0,2026_S2,461,2024,3400.77,3885,2805
330190,ITABORAÍ,RJ,3792.43,2026,3886.0,2026_S2,527,2024,3297.15,3886,2436
290070,ALAGOINHAS,BA,3789.0,2026,3845.0,2026_S2,341,2024,3449.06,3865,2826
411990,PONTA GROSSA,PR,3782.42,2025,3816.67,2025_S2,407,2024,3428.96,3858,2809
210860,PINHEIRO,MA,3781.71,2026,3991.0,2026_S2,876,2024,2866.52,4027,1995
261390,SERRA TALHADA,PE,3723.43,2026,3787.0,2026_S2,537,2024,3299.77,3877,2595
313420,ITUIUTABA,MG,3706.58,2025,3718.17,2025_S2,465,2024,3337.0,3752,2647
350600,BAURU,SP,3670.0,2025,3719.83,2025_S1,319,2024,3424.9,3752,3017
354100,PRAIA GRANDE,SP,3648.58,2025,3740.0,2026_S2,472,2024,3245.33,3740,2529
430920,GRAVATAÍ,RS,3644.0,2026,3785.0,2026_S2,422,2024,3187.52,3785,2480
260400,CARPINA,PE,3620.57,2026,3649.83,2025_S2,430,2024,3195.73,3665,2562
261370,SÃO LOURENÇO DA MATA,PE,3614.58,2025,3644.33,2025_S2,259,2023,3389.58,3654,2939
355100,SÃO VICENTE,SP,3601.75,2025,3696.0,2026_S2,393,2023,3266.38,3696,2642
431690,SANTA MARIA,RS,3582.58,2025,3647.83,2025_S1,295,2023,3392.77,3686,2948
211220,TIMON,MA,3568.08,2025,3616.0,2025_S2,495,2024,3173.23,3653,2546
351870,GUARUJÁ,SP,3463.42,2025,3479.83,2025_S2,329,2024,3193.52,3532,2693
290320,BARREIRAS,BA,3441.71,2026,3483.83,2025_S2,408,2024,3106.29,3505,2586
430060,ALVORADA,RS,3437.0,2026,3543.0,2026_S2,400,2023,3055.75,3543,2357
150553,PARAUAPEBAS,PA,3421.14,2026,3594.0,2026_S2,454,2024,2850.94,3594,2021
420930,LAGES,SC,3420.42,2025,3424.5,2025_S2,583,2023,3040.52,3553,2113
352940,MAUÁ,SP,3399.08,2025,3443.67,2025_S2,394,2024,3019.75,3494,2410
250890,MAMANGUAPE,PB,3380.29,2026,3411.0,2026_S2,983,2025,2871.58,3411,2348
330320,NILÓPOLIS,RJ,3376.42,2025,3443.83,2024_S2,335,2024,3200.75,3501,2807
330240,MACAÉ,RJ,3344.83,2025,3400.0,2025_S2,531,2024,2883.46,3443,2024
120020,CRUZEIRO DO SUL,AC,3329.86,2026,3488.0,2026_S2,243,2026,3090.08,3488,2767
210160,BARRA DO CORDA,MA,3325.86,2026,3370.67,2025_S2,295,2024,3068.58,3399,2737
316720,SETE LAGOAS,MG,3306.92,2025,3350.0,2026_S2,442,2024,2980.08,3369,2415
251080,PATOS,PB,3306.58,2025,3356.67,2025_S2,575,2025,3041.21,3792,2547
432240,URUGUAIANA,RS,3295.14,2026,3380.0,2026_S2,348,2024,3007.69,3380,2575
261000,PALMARES,PE,3285.42,2025,3293.33,2025_S2,286,2024,3054.67,3332,2633
292400,PAULO AFONSO,BA,3280.0,2026,3321.0,2026_S2,443,2025,2864.21,3476,2259
317040,UNAÍ,MG,3274.29,2026,3544.0,2026_S2,642,2025,2561.12,3544,2047
270630,PALMEIRA DOS ÍNDIOS,AL,3260.33,2025,3287.17,2025_S2,337,2024,3033.56,3302,2756
315460,RIBEIRÃO DAS NEVES,MG,3198.75,2025,3251.0,2026_S2,385,2023,2849.08,3291,2192
521880,RIO VERDE,GO,3190.14,2026,3243.0,2026_S2,374,2023,2816.44,3243,2145
251620,SOUSA,PB,3188.71,2026,3225.0,2026_S2,321,2025,2979.77,3235,2683
230280,CANINDÉ,CE,3181.29,2026,3225.0,2026_S2,484,2024,2766.79,3225,2160
330414,QUEIMADOS,RJ,3180.42,2025,3273.0,2026_S2,471,2024,2819.92,3273,2138
261250,SANTA CRUZ DO CAPIBARIBE,PE,3150.57,2026,3261.0,2026_S2,470,2024,2572.94,3261,1783
292870,SANTO ANTÔNIO DE JESUS,BA,3146.83,2025,3150.17,2025_S1,302,2024,2872.85,3221,2433
430510,CAXIAS DO SUL,RS,3141.75,2025,3232.83,2025_S1,378,2025,2917.88,3270,2522
150220,CAPANEMA,PA,3117.71,2026,3168.0,2025_S2,310,2024,2816.73,3178,2334
411520,MARINGÁ,PR,3114.25,2025,3169.67,2025_S2,441,2024,2732.15,3182,2173
313520,JANUÁRIA,MG,3105.58,2025,3112.5,2025_S2,248,2024,2928.06,3142,2705
110012,JI-PARANÁ,RO,3096.0,2025,3109.33,2025_S2,377,2024,2814.23,3152,2381
522140,TRINDADE,GO,3094.29,2026,3144.0,2026_S2,337,2024,2782.04,3144,2197
231140,QUIXERAMOBIM,CE,3083.71,2026,3126.0,2026_S2,327,2024,2749.54,3126,2245
355410,TAUBATÉ,SP,3080.33,2025,3096.0,2025_S2,344,2023,2861.48,3134,2383
354850,SANTOS,SP,3068.75,2025,3084.0,2026_S2,396,2023,2742.96,3135,2104
431870,SÃO LEOPOLDO,RS,3068.43,2026,3217.0,2026_S2,351,2023,2787.9,3217,2172
270240,DELMIRO GOUVEIA,AL,3066.08,2025,3068.5,2025_S1,233,2024,2889.38,3105,2647
520025,ÁGUAS LINDAS DE GOIÁS,GO,3058.43,2026,3210.0,2026_S2,525,2024,2372.98,3210,1486
314390,MURIAÉ,MG,3048.75,2025,3087.33,2025_S2,268,2023,2765.25,3115,2241
351060,CARAPICUÍBA,SP,3046.25,2025,3059.0,2025_S1,372,2023,2790.5,3107,2238
292530,PORTO SEGURO,BA,3036.14,2026,3062.0,2026_S2,420,2024,2652.19,3070,2023
210330,CODÓ,MA,3017.83,2025,3048.0,2025_S2,363,2024,2766.77,3074,2434
230260,CAMOCIM,CE,2999.71,2026,3093.0,2026_S2,407,2024,2598.44,3093,2069
230410,CRATEÚS,CE,2995.0,2026,3119.0,2026_S2,464,2025,2418.0,3119,1757
280210,ESTÂNCIA,SE,2985.0,2026,3025.0,2026_S2,321,2024,2628.08,3025,2195
430160,BAGÉ,RS,2979.71,2026,3018.0,2026_S2,439,2024,2614.23,3018,2077
150210,CAMETÁ,PA,2961.25,2025,3009.0,2026_S2,220,2024,2817.69,3025,2525
500660,PONTA PORÃ,MS,2950.86,2026,2995.0,2026_S2,439,2024,2657.92,2995,2141
130190,ITACOATIARA,AM,2949.42,2025,3013.0,2026_S2,433,2024,2597.85,3013,2070
330070,CABO FRIO,RJ,2946.86,2026,3097.0,2026_S2,538,2024,2278.42,3097,1486
352230,ITAPETININGA,SP,2934.58,2025,2954.0,2025_S2,225,2023,2698.46,3000,2286
330285,MESQUITA,RJ,2932.25,2025,2938.0,2026_S2,379,2024,2645.75,3116,2171
230350,CASCAVEL,CE,2914.0,2026,2989.0,2026_S2,285,2024,2564.17,2989,2109
352590,JUNDIAÍ,SP,2904.25,2025,2912.5,2025_S1,325,2024,2656.23,2961,2222
150810,TUCURUÍ,PA,2897.43,2026,2963.0,2026_S2,318,2024,2591.62,2963,2140
320120,CACHOEIRO DE ITAPEMIRIM,ES,2891.5,2025,2909.67,2025_S2,406,2023,2583.15,2929,1933
330580,TERESÓPOLIS,RJ,2869.0,2026,2919.0,2026_S2,516,2024,2476.12,2919,1813
260110,ARARIPINA,PE,2850.71,2026,2945.5,2025_S2,735,2025,2594.54,3452,2180
210320,CHAPADINHA,MA,2840.17,2025,2924.17,2025_S2,360,2024,2490.83,2941,2050
110002,ARIQUEMES,RO,2817.14,2026,2900.0,2026_S2,399,2024,2418.48,2900,1830
260640,GRAVATÁ,PE,2801.86,2026,2828.0,2026_S2,675,2025,2474.48,2852,2049
312090,CURVELO,MG,2793.08,2025,2806.17,2025_S2,261,2024,2552.1,2858,2077
260680,IGARASSU,PE,2791.92,2025,2799.67,2025_S2,261,2024,2585.52,2816,2201
230110,ARACATI,CE,2788.0,2026,2905.0,2026_S2,286,2024,2350.25,2905,1903
231340,TIANGUÁ,CE,2784.57,2026,2961.0,2026_S2,562,2024,2057.15,2961,1326
150180,BREVES,PA,2771.43,2026,2929.0,2026_S2,629,2023,2389.85,2929,1615
210005,AÇAILÂNDIA,MA,2760.29,2026,2876.0,2026_S2,275,2024,2380.79,2876,1916
231180,RUSSAS,CE,2752.71,2026,2861.0,2026_S2,304,2024,2212.77,2861,1661
352690,LIMEIRA,SP,2752.25,2025,2758.5,2025_S1,297,2024,2491.25,2824,2066
270670,PENEDO,AL,2740.25,2025,2777.33,2025_S2,215,2024,2545.31,2793,2246
520800,FORMOSA,GO,2735.57,2026,2784.0,2026_S2,350,2024,2418.21,2784,1905
230190,BARBALHA,CE,2702.14,2026,2794.0,2026_S2,320,2024,2370.56,2794,1929
230240,BOA VIAGEM,CE,2696.17,2025,2739.0,2026_S2,409,2023,2374.9,2739,1723
130420,TEFÉ,AM,2691.5,2025,2699.83,2025_S2,191,2023,2549.9,2742,2216
310560,BARBACENA,MG,2677.83,2025,2690.0,2025_S1,206,2024,2508.38,2719,2175
260990,OURICURI,PE,2672.67,2025,2704.17,2025_S2,236,2024,2486.69,2715,2143
270770,RIO LARGO,AL,2668.0,2026,2693.0,2025_S2,318,2024,2370.5,2706,1970
230960,PACAJUS,CE,2667.86,2026,2744.0,2026_S2,312,2024,2391.6,2744,1902
293070,SIMÕES FILHO,BA,2653.0,2025,2660.5,2025_S2,297,2024,2387.21,2711,1909
431410,PASSO FUNDO,RS,2650.75,2025,2673.5,2025_S1,224,2024,2478.15,2709,2138
350570,BARUERI,SP,2648.75,2025,2651.17,2025_S2,342,2024,2366.96,2724,1944
315780,SANTA LUZIA,MG,2638.33,2025,2645.5,2025_S2,303,2023,2412.04,2696,1934
260620,GOIANA,PE,2636.43,2026,2716.0,2026_S2,227,2024,2376.98,2716,1995
352220,ITAPECERICA DA SERRA,SP,2635.0,2025,2673.33,2025_S1,212,2025,2514.69,2698,2339
220840,PIRIPIRI,PI,2634.71,2026,2666.0,2026_S2,433,2024,2273.88,2666,1784
291640,ITAPETINGA,BA,2631.0,2026,2690.0,2026_S2,294,2024,2394.42,2717,2032
260170,BELO JARDIM,PE,2622.92,2025,2638.0,2026_S2,264,2024,2424.79,2654,2043
410940,GUARAPUAVA,PR,2622.58,2025,2629.67,2025_S2,180,2023,2528.27,2653,2308
330010,ANGRA DOS REIS,RJ,2618.33,2025,2630.5,2025_S1,417,2024,2307.69,2685,1734
270860,SÃO MIGUEL DOS CAMPOS,AL,2564.14,2026,2581.0,2026_S2,477,2024,2183.56,2582,1754
250630,GUARABIRA,PB,2556.67,2025,2585.33,2025_S1,721,2025,2298.48,3144,1967
261220,SALGUEIRO,PE,2550.08,2025,2556.17,2025_S1,259,2024,2353.73,2586,1976
260890,LIMOEIRO,PE,2548.29,2026,2614.0,2026_S2,308,2024,2166.17,2614,1696
350280,ARAÇATUBA,SP,2546.5,2025,2546.83,2025_S1,197,2025,2383.71,2675,2163
240020,AÇU,RN,2529.25,2025,2540.67,2025_S2,260,2024,2298.52,2579,1913
230523,HORIZONTE,CE,2528.43,2026,2627.0,2026_S2,288,2024,2101.29,2627,1603
293290,VALENÇA,BA,2526.42,2025,2537.0,2025_S1,256,2024,2313.44,2589,1980
352900,MARÍLIA,SP,2523.75,2025,2572.17,2024_S2,189,2023,2428.58,2616,2215
412550,SÃO JOSÉ DOS PINHAIS,PR,2520.75,2025,2540.17,2025_S2,390,2024,2213.38,2576,1707
260520,ESCADA,PE,2494.5,2025,2523.0,2025_S2,239,2024,2300.4,2536,1986
355240,SUMARÉ,SP,2491.25,2025,2518.83,2025_S2,264,2024,2266.65,2552,1900
500320,CORUMBÁ,MS,2488.08,2025,2504.0,2025_S2,508,2024,2202.44,2535,1786
240940,PAU DOS FERROS,RN,2470.75,2025,2475.17,2025_S2,296,2024,2287.9,2481,2041
280740,TOBIAS BARRETO,SE,2466.57,2026,2498.0,2026_S2,209,2024,2268.69,2503,1944
421660,SÃO JOSÉ,SC,2463.08,2025,2495.0,2025_S2,346,2023,2136.08,2532,1561
293050,SERRINHA,BA,2458.43,2026,2503.0,2026_S2,251,2024,2187.88,2503,1785
330020,ARARUAMA,RJ,2457.14,2026,2524.0,2026_S2,318,2024,2091.17,2524,1561
510790,SINOP,MT,2448.71,2026,2502.0,2026_S2,477,2024,1935.62,2540,1387
352250,ITAPEVI,SP,2440.08,2025,2470.83,2025_S2,327,2023,2141.5,2519,1575
510250,CÁCERES,MT,2438.14,2026,2477.0,2026_S2,465,2024,2107.12,2477,1682
260005,ABREU E LIMA,PE,2436.33,2025,2450.67,2025_S2,187,2023,2264.6,2471,1928
280570,PROPRIÁ,SE,2432.17,2025,2439.33,2025_S2,226,2024,2241.65,2463,1867
230100,AQUIRAZ,CE,2430.0,2026,2500.0,2026_S2,336,2024,2024.33,2500,1469
150613,REDENÇÃO,PA,2425.92,2025,2459.17,2025_S2,217,2023,2268.04,2494,1940
261450,SURUBIM,PE,2418.0,2026,2449.0,2026_S2,161,2024,2266.56,2455,2034
354890,SÃO CARLOS,SP,2414.86,2026,2469.0,2026_S2,315,2023,2123.75,2469,1617
291460,IRECÊ,BA,2413.57,2026,2455.0,2026_S2,412,2024,2054.79,2455,1588
522045,SENADOR CANEDO,GO,2396.14,2026,2468.0,2026_S2,324,2024,2083.04,2468,1575
240710,MACAÍBA,RN,2381.29,2026,2446.0,2026_S2,503,2024,1918.79,2446,1338
351300,COTIA,SP,2381.25,2025,2390.67,2025_S1,313,2024,2147.15,2416,1713
420240,BLUMENAU,SC,2363.0,2025,2413.0,2025_S2,363,2024,2029.65,2435,1533
352210,ITANHAÉM,SP,2355.75,2025,2360.83,2025_S2,220,2024,2149.88,2412,1834
291170,GUANAMBI,BA,2352.14,2026,2406.83,2025_S2,264,2024,2087.04,2424,1655
320490,SÃO MATEUS,ES,2351.83,2025,2379.83,2025_S2,349,2024,2071.46,2404,1567
330220,ITAPERUNA,RJ,2339.83,2025,2347.33,2025_S2,297,2024,2092.25,2373,1694
230020,ACARAÚ,CE,2325.29,2026,2388.0,2026_S2,283,2025,1883.42,2388,1421
210750,PAÇO DO LUMIAR,MA,2325.08,2025,2353.17,2025_S2,454,2024,1962.08,2381,1350
431340,NOVO HAMBURGO,RS,2321.14,2026,2385.0,2026_S2,282,2023,2105.5,2385,1708
313510,JANAÚBA,MG,2310.08,2025,2319.67,2025_S2,208,2024,2123.92,2427,1814
351050,CARAGUATATUBA,SP,2290.14,2026,2358.0,2026_S2,196,2023,2071.48,2358,1692
330200,ITAGUAÍ,RJ,2287.83,2025,2300.0,2025_S1,322,2023,2066.42,2334,1522
350330,ARARAS,SP,2284.29,2026,2524.0,2026_S2,1046,2025,1362.25,2524,852
412810,UMUARAMA,PR,2283.33,2025,2300.0,2026_S2,261,2024,2084.75,2314,1683
230470,GRANJA,CE,2280.14,2026,2306.0,2026_S2,296,2024,1998.77,2306,1613
150550,PARAGOMINAS,PA,2264.08,2025,2294.33,2025_S2,302,2024,2024.27,2314,1593
312230,DIVINÓPOLIS,MG,2264.0,2025,2286.83,2025_S2,250,2024,2055.25,2317,1767
320320,LINHARES,ES,2252.08,2025,2270.17,2025_S2,321,2024,2003.94,2294,1565
293010,SENHOR DO BONFIM,BA,2247.0,2025,2257.17,2025_S1,182,2024,2088.04,2287,1782
292510,POÇÕES,BA,2246.86,2026,2305.0,2026_S2,189,2024,2074.15,2305,1759
150530,ORIXIMINÁ,PA,2243.86,2026,2349.0,2026_S2,400,2024,1700.17,2349,1103
130340,PARINTINS,AM,2243.75,2025,2250.67,2025_S1,178,2024,2122.35,2278,1915
260190,BEZERROS,PE,2234.67,2025,2243.33,2025_S2,609,2025,1982.69,2719,1594
230760,LIMOEIRO DO NORTE,CE,2232.71,2026,2366.0,2026_S2,286,2024,1794.29,2366,1379
230630,ITAPAJÉ,CE,2231.43,2026,2363.0,2026_S2,426,2025,1588.75,2363,1092
353800,PINDAMONHANGABA,SP,2230.17,2025,2235.17,2025_S1,232,2023,2080.56,2281,1746
420420,CHAPECÓ,SC,2220.58,2025,2233.0,2025_S1,191,2023,2070.1,2274,1788
170950,GURUPI,TO,2220.14,2026,2262.0,2026_S2,260,2023,1967.48,2270,1529
410580,COLOMBO,PR,2218.17,2025,2226.17,2025_S2,432,2024,1999.58,2328,1580
311340,CARATINGA,MG,2217.58,2025,2236.83,2025_S1,143,2023,2096.96,2255,1860
230540,ICÓ,CE,2214.86,2026,2224.33,2025_S2,234,2024,1955.96,2248,1630
221060,SÃO RAIMUNDO NONATO,PI,2211.58,2025,2222.0,2025_S2,264,2024,2014.29,2227,1690
231410,VIÇOSA DO CEARÁ,CE,2207.57,2026,2296.0,2026_S2,443,2024,1706.12,2296,1144
420820,ITAJAÍ,SC,2207.0,2025,2240.5,2025_S2,304,2024,1919.71,2273,1398
291390,IPIAÚ,BA,2201.08,2025,2223.33,2025_S2,136,2024,2067.71,2232,1800
354140,PRESIDENTE PRUDENTE,SP,2198.25,2025,2222.17,2025_S2,275,2024,1932.77,2245,1497
230250,BREJO SANTO,CE,2195.86,2026,2292.0,2026_S2,248,2024,1877.42,2292,1486
521760,PLANALTINA,GO,2188.14,2026,2242.0,2026_S2,348,2024,1774.65,2242,1205
320240,GUARAPARI,ES,2185.29,2026,2229.0,2026_S2,249,2024,1983.85,2229,1637
431710,SANTANA DO LIVRAMENTO,RS,2181.58,2025,2183.5,2025_S1,164,2023,2050.33,2227,1757
510180,BARRA DO GARÇAS,MT,2171.57,2026,2214.0,2026_S2,509,2024,1793.23,2214,1380
330340,NOVA FRIBURGO,RJ,2161.75,2025,2169.33,2025_S1,249,2024,1952.9,2219,1562
522185,VALPARAÍSO DE GOIÁS,GO,2150.29,2026,2204.0,2026_S2,430,2024,1707.08,2204,1066
260120,ARCOVERDE,PE,2146.43,2026,2202.0,2026_S2,272,2024,1819.38,2202,1482
291750,JACOBINA,BA,2137.43,2026,2181.0,2026_S2,305,2024,1859.12,2181,1532
310400,ARAXÁ,MG,2136.0,2025,2145.5,2025_S2,197,2023,1975.6,2186,1629
351907,HORTOLÂNDIA,SP,2135.67,2025,2136.17,2025_S1,265,2024,1912.06,2189,1527
314800,PATOS DE MINAS,MG,2133.58,2025,2143.83,2025_S2,161,2023,1995.85,2177,1736
316990,UBÁ,MG,2128.58,2025,2142.67,2025_S2,250,2024,1920.23,2164,1528
351630,FRANCISCO MORATO,SP,2128.08,2025,2152.67,2025_S1,224,2024,1938.67,2168,1597
280300,ITABAIANINHA,SE,2116.08,2025,2118.67,2025_S2,562,2024,1777.88,2129,1319
330270,MARICÁ,RJ,2106.14,2026,2180.0,2026_S2,282,2024,1805.73,2180,1278
230870,MORADA NOVA,CE,2101.71,2026,2159.0,2026_S2,187,2024,1868.62,2159,1621
150150,BENEVIDES,PA,2097.75,2025,2122.0,2025_S2,197,2023,1936.5,2153,1527
311940,CORONEL FABRICIANO,MG,2080.42,2025,2099.33,2025_S2,254,2023,1869.19,2134,1468
421190,PALHOÇA,SC,2072.08,2025,2087.33,2025_S2,346,2024,1775.19,2118,1221
240200,CAICÓ,RN,2052.14,2026,2073.0,2025_S2,126,2023,1930.77,2080,1706
250370,CAJAZEIRAS,PB,2048.14,2026,2123.0,2026_S2,194,2025,1817.35,2123,1540
350760,BRAGANÇA PAULISTA,SP,2045.75,2025,2058.67,2025_S1,148,2023,1939.06,2083,1693
270940,VIÇOSA,AL,2041.0,2026,2041.83,2026_S1,140,2024,1922.08,2072,1749
430040,ALEGRETE,RS,2033.33,2025,2042.33,2025_S1,142,2024,1928.71,2062,1742
352240,ITAPEVA,SP,2031.75,2025,2058.83,2025_S2,279,2025,1855.73,2240,1559
260720,IPOJUCA,PE,2018.75,2025,2021.0,2025_S2,263,2025,1874.35,2071,1601
350320,ARARAQUARA,SP,2015.5,2025,2029.5,2025_S1,184,2023,1868.83,2075,1629
352440,JACAREÍ,SP,2014.92,2025,2021.67,2025_S2,165,2024,1851.94,2065,1619
310170,ALMENARA,MG,2013.0,2026,2095.0,2026_S2,345,2024,1638.96,2095,1206
291760,JAGUAQUARA,BA,2005.33,2025,2006.67,2025_S1,141,2024,1900.65,2018,1702
220220,CAMPO MAIOR,PI,1996.29,2026,2046.0,2026_S2,161,2023,1834.79,2046,1537
350750,BOTUCATU,SP,1991.67,2025,1993.17,2025_S2,267,2023,1814.25,2039,1447
110030,VILHENA,RO,1987.08,2025,2013.5,2025_S2,224,2024,1817.29,2019,1590
330040,BARRA MANSA,RJ,1986.25,2025,2025.0,2026_S2,273,2024,1783.38,2027,1346
210820,PEDREIRAS,MA,1986.17,2025,2007.17,2025_S2,184,2024,1835.58,2012,1641
110004,CACOAL,RO,1983.29,2026,2018.0,2025_S2,283,2024,1780.5,2033,1400
270800,SANTANA DO IPANEMA,AL,1981.33,2025,2010.83,2025_S2,171,2024,1832.94,2015,1641
210910,PRESIDENTE DUTRA,MA,1981.29,2026,2056.0,2026_S2,148,2024,1766.92,2056,1585
521800,PORANGATU,GO,1980.71,2026,2013.0,2026_S2,233,2024,1693.52,2013,1313
510795,TANGARÁ DA SERRA,MT,1977.08,2025,2009.0,2025_S2,521,2024,1696.71,2231,1335
314790,PASSOS,MG,1972.86,2026,2011.0,2026_S2,134,2023,1862.29,2011,1591
231330,TAUÁ,CE,1967.14,2026,1995.0,2026_S2,171,2024,1787.27,1999,1505
291470,ITABERABA,BA,1966.57,2026,1987.0,2026_S2,268,2024,1760.73,1989,1470
250690,ITABAIANA,PB,1940.71,2026,1960.83,2025_S2,160,2024,1755.9,1980,1483
317130,VIÇOSA,MG,1936.83,2025,1938.5,2025_S1,217,2024,1749.69,1986,1412
260010,AFOGADOS DA INGAZEIRA,PE,1931.83,2025,1959.67,2025_S2,302,2024,1679.25,2135,1293
350550,BARRETOS,SP,1911.92,2025,1943.33,2025_S1,182,2025,1792.71,1970,1568
261090,PESQUEIRA,PE,1909.58,2025,1915.67,2025_S2,160,2024,1795.58,1927,1627
230970,PACATUBA,CE,1887.14,2026,1944.0,2026_S2,276,2025,1461.17,1944,1006
251250,QUEIMADAS,PB,1884.71,2026,1911.0,2026_S2,275,2025,1515.94,1911,1089
351350,CUBATÃO,SP,1870.92,2025,1874.0,2025_S1,226,2023,1737.06,1906,1414
410140,APUCARANA,PR,1868.17,2025,1883.0,2025_S1,198,2023,1743.58,1915,1475
291070,EUCLIDES DA CUNHA,BA,1861.75,2025,1878.67,2025_S2,156,2024,1728.4,1884,1474
420460,CRICIÚMA,SC,1860.83,2025,1866.5,2025_S2,176,2024,1717.4,1917,1444
270230,CORURIPE,AL,1855.29,2026,1873.0,2025_S2,186,2024,1667.81,1893,1356
431800,SÃO BORJA,RS,1842.25,2025,1862.67,2024_S2,124,2025,1764.4,1886,1632
290390,BOM JESUS DA LAPA,BA,1838.67,2025,1863.33,2025_S2,161,2024,1707.02,1874,1514
290980,CRUZ DAS ALMAS,BA,1835.5,2025,1865.0,2026_S2,188,2023,1666.75,1865,1315
520510,CATALÃO,GO,1834.71,2026,1972.0,2026_S2,381,2025,1375.96,1972,931
150650,SANTA IZABEL DO PARÁ,PA,1832.71,2026,1848.0,2026_S2,162,2024,1685.08,1849,1429
280670,SÃO CRISTÓVÃO,SE,1832.57,2026,1861.0,2026_S2,268,2025,1564.42,1861,1301
220390,FLORIANO,PI,1829.43,2026,1889.0,2026_S2,259,2024,1632.58,1889,1315
250430,CATOLÉ DO ROCHA,PB,1828.57,2026,1852.0,2026_S2,189,2024,1581.4,1852,1282
260140,BARREIROS,PE,1807.75,2025,1823.83,2025_S2,128,2024,1679.21,1835,1470
241120,SANTA CRUZ,RN,1806.43,2026,1897.0,2026_S2,166,2023,1582.77,1897,1258
172120,TOCANTINÓPOLIS,TO,1802.71,2026,1816.33,2025_S2,167,2023,1672.88,1823,1441
220700,OEIRAS,PI,1802.67,2025,1809.33,2025_S1,163,2024,1665.67,1829,1400
270040,ATALAIA,AL,1799.71,2026,1810.0,2026_S2,210,2024,1622.42,1824,1367
291400,IPIRÁ,BA,1795.5,2025,1818.83,2025_S2,146,2024,1670.02,1832,1470
270470,MARECHAL DEODORO,AL,1782.57,2026,1813.0,2026_S2,275,2024,1512.0,1813,1130
312980,IBIRITÉ,MG,1780.92,2025,1783.0,2025_S2,222,2023,1666.1,1808,1379
320150,COLATINA,ES,1779.0,2026,1792.0,2026_S2,212,2024,1551.92,1801,1191
431830,SÃO GABRIEL,RS,1778.92,2025,1811.0,2026_S2,154,2023,1657.92,1820,1404
240310,CURRAIS NOVOS,RN,1773.14,2026,1791.0,2026_S2,155,2024,1639.65,1791,1358
351570,FERRAZ DE VASCONCELOS,SP,1771.08,2025,1782.0,2025_S2,197,2024,1585.25,1816,1303
210360,COROATÁ,MA,1767.42,2025,1787.83,2025_S2,166,2024,1627.33,1800,1440
150760,SÃO MIGUEL DO GUAMÁ,PA,1760.14,2026,1779.0,2026_S2,241,2024,1558.17,1780,1216
231350,TRAIRI,CE,1757.14,2026,1788.0,2026_S2,226,2024,1469.94,1788,1112
290560,CAMACAN,BA,1755.57,2026,1771.0,2026_S2,118,2023,1628.62,1778,1450
313940,MANHUAÇU,MG,1750.5,2025,1774.0,2025_S2,269,2024,1530.25,1789,1179
520860,GOIANÉSIA,GO,1747.14,2026,1801.0,2026_S2,226,2024,1464.58,1801,1145
231240,SÃO GONÇALO DO AMARANTE,CE,1742.57,2026,1785.0,2026_S2,201,2024,1461.79,1785,1103
315180,POÇOS DE CALDAS,MG,1742.08,2025,1751.0,2025_S1,158,2023,1622.67,1769,1391
150480,MONTE ALEGRE,PA,1741.86,2026,1810.0,2026_S2,616,2025,1397.42,2118,999
311530,CATAGUASES,MG,1735.83,2025,1745.0,2025_S2,177,2024,1575.9,1802,1303
500830,TRÊS LAGOAS,MS,1735.75,2025,1748.17,2025_S2,378,2024,1538.92,1782,1252
240260,CEARÁ-MIRIM,RN,1733.25,2025,1745.0,2026_S2,171,2023,1615.31,1755,1339
432000,SAPUCAIA DO SUL,RS,1730.57,2026,1785.0,2026_S2,288,2024,1449.58,1785,999
260940,MORENO,PE,1728.14,2026,1743.0,2026_S2,175,2024,1599.08,1764,1412
240100,APODI,RN,1725.43,2026,1753.0,2026_S2,115,2023,1649.29,1765,1453
250320,CABEDELO,PB,1722.08,2025,1758.67,2025_S2,138,2024,1593.71,1776,1344
120060,TARAUACÁ,AC,1721.29,2026,1766.0,2026_S2,198,2025,1464.85,1766,1247
351640,FRANCO DA ROCHA,SP,1712.08,2025,1733.67,2025_S2,249,2023,1487.25,1761,1062
411840,PARANAVAÍ,PR,1712.08,2025,1723.17,2025_S1,208,2024,1559.9,1733,1290
353760,PERUÍBE,SP,1705.0,2025,1717.0,2026_S2,176,2023,1568.52,1738,1272
211400,ZÉ DOCA,MA,1696.14,2026,1812.0,2026_S2,260,2024,1321.12,1812,997
310350,ARAGUARI,MG,1692.25,2025,1714.33,2025_S2,114,2024,1605.6,1720,1462
130290,MAUÉS,AM,1689.71,2026,1693.0,2026_S2,196,2024,1506.46,1722,1337
330420,RESENDE,RJ,1687.25,2025,1691.33,2025_S1,152,2024,1567.4,1709,1305
310340,ARAÇUAÍ,MG,1687.17,2025,1690.0,2025_S2,128,2024,1555.0,1731,1295
231230,SÃO BENEDITO,CE,1684.29,2026,1728.0,2026_S2,214,2024,1471.29,1728,1165
355710,VOTUPORANGA,SP,1683.5,2025,1709.0,2026_S2,170,2024,1526.44,1760,1278
220830,PIRACURUCA,PI,1683.29,2026,1742.0,2026_S2,167,2024,1421.75,1742,1124
211270,VARGEM GRANDE,MA,1678.33,2025,1690.67,2025_S1,150,2026,1596.0,1700,1436
290460,BRUMADO,BA,1677.29,2026,1718.0,2026_S2,363,2025,1454.12,1914,1180
292660,RIBEIRA DO POMBAL,BA,1677.25,2025,1695.5,2025_S2,120,2024,1586.21,1708,1376
230030,ACOPIARA,CE,1669.71,2026,1696.0,2026_S2,215,2024,1485.83,1696,1207
316110,SÃO FRANCISCO,MG,1668.92,2025,1670.67,2025_S1,122,2024,1589.69,1687,1475
355540,UBATUBA,SP,1665.14,2026,1716.0,2026_S2,184,2024,1449.79,1716,1107
350410,ATIBAIA,SP,1662.83,2025,1663.0,2025_S1,180,2024,1517.96,1704,1282
150442,MARITUBA,PA,1658.58,2025,1673.0,2025_S2,150,2023,1547.1,1687,1296
410180,ARAUCÁRIA,PR,1656.67,2025,1657.5,2025_S2,162,2024,1506.29,1746,1247
291120,GANDU,BA,1654.42,2025,1684.0,2026_S2,145,2023,1528.15,1688,1280
231400,VÁRZEA ALEGRE,CE,1653.43,2026,1693.0,2026_S2,271,2024,1366.62,1693,1006
313630,JOÃO PINHEIRO,MG,1652.14,2026,1716.0,2026_S2,141,2025,1499.0,1716,1261
251210,POMBAL,PB,1648.86,2026,1692.0,2026_S2,195,2024,1411.54,1692,1126
210960,ROSÁRIO,MA,1647.25,2025,1655.67,2025_S2,196,2024,1483.73,1673,1188
315250,POUSO ALEGRE,MG,1645.67,2025,1658.17,2025_S2,155,2024,1523.21,1680,1274
110011,JARU,RO,1645.67,2025,1658.83,2025_S2,194,2024,1514.15,1664,1322
150270,CONCEIÇÃO DO ARAGUAIA,PA,1645.58,2025,1667.67,2025_S2,93,2023,1559.67,1682,1394
150040,ALENQUER,PA,1644.86,2026,1759.0,2026_S2,536,2025,1291.58,1759,948
220290,CORRENTE,PI,1643.75,2025,1661.67,2025_S2,168,2024,1511.25,1681,1302
150130,BARCARENA,PA,1643.17,2025,1662.17,2025_S2,242,2023,1487.44,1675,1114
171820,PORTO NACIONAL,TO,1641.57,2026,1666.0,2026_S2,171,2024,1473.69,1676,1212
290840,CONCEIÇÃO DO COITÉ,BA,1641.43,2026,1665.0,2026_S2,175,2024,1443.17,1665,1174
500110,AQUIDAUANA,MS,1640.86,2026,1694.0,2026_S2,318,2024,1423.77,1694,1102
316470,SÃO SEBASTIÃO DO PARAÍSO,MG,1637.08,2025,1646.0,2025_S2,161,2023,1522.44,1674,1283
231070,PENTECOSTE,CE,1633.57,2026,1681.0,2026_S2,173,2024,1369.42,1681,1057
240830,NOVA CRUZ,RN,1631.75,2025,1655.33,2025_S2,106,2023,1521.31,1659,1333
312800,GUANHÃES,MG,1631.67,2025,1677.67,2025_S2,277,2024,1424.67,1761,1140
432160,TRAMANDAÍ,RS,1629.86,2026,1720.0,2026_S2,259,2024,1354.88,1720,900
280450,NOSSA SENHORA DA GLÓRIA,SE,1628.86,2026,1645.0,2026_S2,219,2024,1407.56,1645,1110
220120,BARRAS,PI,1620.57,2026,1672.0,2026_S2,207,2024,1408.06,1672,1147
230810,MAURITI,CE,1620.29,2026,1673.0,2026_S2,98,2023,1456.81,1673,1278
130170,HUMAITÁ,AM,1617.29,2026,1677.0,2026_S2,417,2024,1213.65,1677,722
150320,IGARAPÉ-AÇU,PA,1614.58,2025,1627.33,2024_S2,141,2024,1531.88,1648,1281
291005,DIAS DÁVILA,BA,1610.25,2025,1612.67,2025_S2,242,2024,1422.94,1632,1116
430930,GUAÍBA,RS,1597.5,2025,1621.0,2026_S2,186,2023,1461.25,1637,1194
211280,VIANA,MA,1596.58,2025,1618.33,2025_S2,170,2024,1439.15,1630,1180
250600,ESPERANÇA,PB,1594.43,2026,1628.0,2026_S2,187,2024,1354.79,1628,1031
330452,RIO DAS OSTRAS,RJ,1590.5,2025,1601.0,2025_S2,264,2024,1378.98,1626,1006
280710,SIMÃO DIAS,SE,1589.43,2026,1605.67,2025_S2,179,2024,1426.77,1616,1186
350650,BIRIGUI,SP,1587.75,2025,1592.83,2025_S2,145,2023,1477.23,1627,1271
150795,TAILÂNDIA,PA,1583.71,2026,1615.17,2025_S2,204,2023,1395.17,1623,1031
352050,INDAIATUBA,SP,1576.25,2025,1580.33,2025_S1,169,2024,1434.58,1621,1215
521975,SANTO ANTÔNIO DO DESCOBERTO,GO,1573.29,2026,1621.0,2026_S2,246,2023,1246.62,1621,830
210540,ITAPECURU MIRIM,MA,1563.08,2025,1579.33,2025_S2,336,2024,1346.88,1595,1004
150230,CAPITÃO POÇO,PA,1562.29,2026,1570.0,2026_S2,183,2024,1411.79,1578,1103
330030,BARRA DO PIRAÍ,RJ,1558.75,2025,1587.0,2025_S1,197,2024,1430.6,1632,1179
411820,PARANAGUÁ,PR,1556.92,2025,1563.17,2025_S1,301,2024,1366.08,1575,1006
270915,TEOTÔNIO VILELA,AL,1555.17,2025,1564.5,2025_S2,146,2024,1454.56,1574,1292
230220,BEBERIBE,CE,1548.29,2026,1600.0,2026_S2,133,2024,1328.17,1600,1091
351500,EMBU DAS ARTES,SP,1545.5,2025,1567.5,2025_S1,118,2025,1492.88,1580,1394
353070,MOGI GUAÇU,SP,1545.42,2025,1551.33,2025_S1,186,2023,1409.54,1570,1166
315210,PONTE NOVA,MG,1530.29,2026,1563.0,2026_S2,243,2024,1364.02,1566,1012
410430,CAMPO MOURÃO,PR,1528.33,2025,1532.0,2025_S2,118,2024,1428.52,1557,1286
430300,CACHOEIRA DO SUL,RS,1519.0,2025,1524.17,2025_S1,151,2023,1399.92,1548,1159
292150,MONTE SANTO,BA,1518.08,2025,1525.0,2025_S1,112,2024,1420.27,1535,1263
150330,IGARAPÉ-MIRI,PA,1514.75,2025,1528.33,2025_S2,129,2023,1420.81,1540,1205
251120,PEDRAS DE FOGO,PB,1512.71,2026,1526.0,2026_S2,123,2023,1405.17,1545,1204
261300,SÃO BENTO DO UNA,PE,1506.29,2026,1521.33,2025_S2,190,2024,1330.46,1541,1042
230850,MOMBAÇA,CE,1498.57,2026,1513.5,2025_S2,122,2024,1373.02,1538,1213
316870,TIMÓTEO,MG,1498.42,2025,1508.33,2025_S1,185,2023,1376.15,1529,1082
290600,CAMPO FORMOSO,BA,1496.92,2025,1497.83,2025_S2,152,2023,1404.69,1511,1223
521190,JATAÍ,GO,1490.43,2026,1507.0,2026_S2,159,2023,1333.25,1511,1084
313840,LEOPOLDINA,MG,1487.0,2026,1513.0,2026_S2,138,2023,1304.42,1513,1031
430310,CACHOEIRINHA,RS,1486.29,2026,1539.0,2026_S2,183,2024,1335.81,1539,1044
420300,CAÇADOR,SC,1471.67,2024,1488.33,2024_S2,108,2023,1414.08,1497,1275
355170,SERTÃOZINHO,SP,1470.57,2026,1512.0,2026_S2,139,2025,1310.0,1514,1088
314700,PARACATU,MG,1469.17,2025,1476.17,2025_S2,141,2024,1357.73,1488,1167
521150,ITUMBIARA,GO,1469.14,2026,1478.0,2026_S2,160,2024,1295.06,1495,1115
130140,EIRUNEPÉ,AM,1468.67,2025,1472.67,2025_S2,216,2024,1344.96,1537,1197
317120,VESPASIANO,MG,1468.0,2026,1499.0,2026_S2,159,2024,1331.54,1508,1034
221000,SÃO JOÃO DO PIAUÍ,PI,1467.0,2025,1490.0,2025_S2,131,2024,1330.88,1502,1108
120030,FEIJÓ,AC,1464.86,2026,1543.0,2026_S2,140,2024,1239.52,1543,971
211250,TUTÓIA,MA,1464.08,2025,1465.0,2025_S2,162,2024,1362.48,1486,1261
220790,PEDRO II,PI,1463.71,2026,1520.0,2026_S2,223,2024,1238.46,1520,961
230270,CAMPOS SALES,CE,1462.0,2026,1520.0,2026_S2,147,2024,1282.56,1520,1096
412625,SARANDI,PR,1460.58,2025,1472.0,2025_S2,203,2024,1288.67,1480,1013
130406,TABATINGA,AM,1459.83,2025,1468.67,2025_S2,101,2026,1393.73,1493,1265
231160,REDENÇÃO,CE,1457.71,2026,1516.0,2026_S2,145,2024,1268.0,1516,1039
230210,BATURITÉ,CE,1456.58,2025,1475.17,2025_S2,152,2024,1311.62,1487,1094
230500,GUARACIABA DO NORTE,CE,1453.43,2026,1501.0,2026_S2,205,2024,1165.69,1501,835
230120,ARACOIABA,CE,1449.43,2026,1492.0,2026_S2,237,2024,1220.25,1492,882
230700,JAGUARUANA,CE,1447.86,2026,1514.0,2026_S2,162,2024,1134.4,1514,821
220370,ESPERANTINA,PI,1444.57,2026,1456.67,2025_S2,137,2024,1315.44,1467,1107
520450,CALDAS NOVAS,GO,1443.86,2026,1481.0,2026_S2,215,2024,1237.21,1512,909
313240,ITAJUBÁ,MG,1442.92,2025,1447.5,2025_S2,125,2023,1353.44,1465,1163
150820,VIGIA,PA,1442.86,2026,1487.0,2026_S2,158,2023,1267.58,1487,958
431750,SANTO ÂNGELO,RS,1441.5,2025,1445.5,2025_S2,106,2024,1354.62,1473,1205
120050,SENA MADUREIRA,AC,1437.43,2026,1471.0,2026_S2,194,2024,1219.54,1471,980
315220,PORTEIRINHA,MG,1437.0,2025,1455.5,2025_S2,260,2025,1346.19,1660,1204
412770,TOLEDO,PR,1436.58,2025,1444.83,2025_S1,114,2023,1323.5,1486,1133
260420,CATENDE,PE,1433.25,2025,1445.17,2025_S2,136,2024,1320.94,1452,1097
292860,SANTO AMARO,BA,1428.75,2025,1431.33,2025_S1,94,2024,1355.27,1444,1222
510025,ALTA FLORESTA,MT,1425.86,2026,1480.0,2026_S2,157,2023,1248.06,1480,980
130185,IRANDUBA,AM,1425.0,2026,1451.0,2026_S2,121,2024,1299.48,1451,1081
330520,SÃO PEDRO DA ALDEIA,RJ,1420.43,2026,1449.33,2025_S2,234,2024,1196.79,1470,879
354390,RIO CLARO,SP,1418.92,2025,1428.33,2025_S1,188,2024,1265.52,1442,999
410150,ARAPONGAS,PR,1412.75,2025,1416.67,2025_S2,169,2024,1289.31,1441,1080
330550,SAQUAREMA,RJ,1406.14,2026,1451.0,2026_S2,173,2024,1234.12,1451,957
290100,AMARGOSA,BA,1404.57,2026,1425.0,2026_S2,114,2024,1288.44,1429,1082
261060,PAUDALHO,PE,1403.43,2026,1408.67,2025_S2,153,2023,1245.17,1428,947
261180,RIBEIRÃO,PE,1403.25,2025,1411.67,2025_S2,115,2023,1310.71,1418,1129
291980,MACAÚBAS,BA,1402.58,2025,1410.17,2025_S2,83,2026,1330.9,1422,1244
522160,URUAÇU,GO,1398.43,2026,1431.0,2026_S2,145,2025,1201.81,1431,1000
430770,ESTEIO,RS,1396.14,2026,1452.0,2026_S2,193,2023,1206.96,1452,861
220040,ALTOS,PI,1396.0,2026,1430.0,2026_S2,161,2024,1212.33,1430,973
260950,NAZARÉ DA MATA,PE,1395.29,2026,1416.83,2025_S2,98,2024,1304.42,1424,1162
521020,IPORÁ,GO,1393.43,2026,1419.0,2026_S2,168,2024,1232.92,1419,984
130120,COARI,AM,1393.0,2026,1434.5,2025_S2,198,2023,1275.75,1462,1034
315670,SABARÁ,MG,1392.33,2025,1401.0,2025_S1,125,2024,1288.83,1415,1129
311230,CAPELINHA,MG,1391.92,2025,1397.83,2025_S2,102,2024,1287.44,1416,1108
231020,PARACURU,CE,1391.29,2026,1443.0,2026_S2,136,2024,1230.04,1443,1005
110028,ROLIM DE MOURA,RO,1389.67,2025,1395.83,2025_S2,111,2024,1298.02,1413,1148
431020,IJUÍ,RS,1386.17,2025,1391.33,2025_S2,116,2023,1292.15,1404,1105
260880,LAJEDO,PE,1385.33,2025,1399.83,2025_S2,137,2024,1271.08,1405,1066
352530,JAÚ,SP,1383.58,2025,1386.17,2025_S1,192,2024,1212.08,1429,967
354880,SÃO CAETANO DO SUL,SP,1383.25,2025,1388.17,2025_S2,163,2023,1238.25,1416,999
310730,BOCAIÚVA,MG,1381.86,2026,1410.0,2026_S2,125,2024,1267.85,1410,1044
293220,UBAITABA,BA,1381.67,2025,1385.83,2025_S2,146,2024,1261.42,1396,1051
171610,PARAÍSO DO TOCANTINS,TO,1381.14,2026,1408.0,2026_S2,175,2023,1244.33,1409,958
270730,PORTO CALVO,AL,1380.75,2024,1391.83,2024_S2,117,2023,1318.85,1424,1198
310860,BRASÍLIA DE MINAS,MG,1378.33,2025,1382.0,2025_S1,76,2023,1321.94,1396,1203
320060,ARACRUZ,ES,1369.83,2025,1389.33,2025_S2,272,2024,1184.52,1410,860
270850,SÃO LUÍS DO QUITUNDE,AL,1366.71,2026,1378.67,2025_S2,268,2024,1208.27,1384,991
290290,BARRA DO CHOÇA,BA,1363.71,2026,1389.0,2026_S2,169,2024,1141.48,1389,843
351840,GUARATINGUETÁ,SP,1361.75,2025,1367.0,2026_S2,138,2024,1249.96,1389,1022
150405,MÃE DO RIO,PA,1361.71,2026,1381.17,2025_S2,124,2024,1252.75,1396,1046
270550,MURICI,AL,1361.57,2026,1374.83,2025_S2,71,2025,1328.67,1391,1273
355400,TATUÍ,SP,1356.5,2025,1385.0,2025_S2,132,2024,1226.65,1395,1047
290650,CANDEIAS,BA,1349.33,2025,1359.33,2025_S2,185,2024,1199.6,1369,894
230590,IPUEIRAS,CE,1348.14,2026,1376.0,2026_S2,804,2025,1076.62,1376,536
350160,AMERICANA,SP,1348.0,2025,1350.5,2025_S1,191,2024,1202.42,1383,961
290270,BARRA,BA,1347.42,2025,1398.0,2025_S2,487,2025,1262.46,1773,1149
314870,PEDRA AZUL,MG,1347.14,2026,1376.0,2026_S2,143,2023,1144.79,1383,863
241220,SÃO JOSÉ DE MIPIBU,RN,1347.08,2025,1365.0,2025_S2,177,2024,1210.27,1376,980
351970,IBIÚNA,SP,1343.08,2025,1348.5,2025_S1,138,2024,1217.6,1373,1028
280130,CAPELA,SE,1341.0,2024,1373.83,2024_S1,228,2024,1277.42,1442,1156
315700,SALINAS,MG,1336.08,2025,1351.0,2026_S2,121,2024,1231.1,1362,1061
230580,IPU,CE,1333.57,2026,1375.0,2026_S2,163,2024,1101.77,1375,865
210170,BARREIRINHAS,MA,1333.33,2025,1345.5,2025_S2,176,2024,1200.98,1356,982
292880,SANTO ESTÊVÃO,BA,1331.86,2026,1355.0,2026_S2,156,2024,1167.65,1355,947
150380,JACUNDÁ,PA,1331.43,2026,1354.0,2026_S2,122,2024,1217.54,1354,1013
130240,LÁBREA,AM,1330.71,2026,1388.0,2026_S2,239,2024,1142.94,1388,866
291465,ITABELA,BA,1329.0,2025,1343.17,2025_S2,89,2024,1252.75,1351,1094
410765,FAZENDA RIO GRANDE,PR,1328.71,2026,1388.0,2026_S2,222,2024,1162.0,1388,868
230800,MASSAPÊ,CE,1327.43,2026,1348.0,2026_S2,152,2024,1105.0,1348,854
292810,SANTA MARIA DA VITÓRIA,BA,1326.25,2025,1326.33,2025_S1,129,2024,1234.98,1345,1099
314430,NANUQUE,MG,1323.57,2026,1367.0,2026_S2,201,2025,1133.48,1390,925
500060,AMAMBAI,MS,1322.0,2026,1378.0,2026_S2,129,2023,1167.98,1378,951
320280,ITAPEMIRIM,ES,1314.43,2026,1314.67,2026_S1,217,2023,1094.96,1327,705
210570,LAGO DA PEDRA,MA,1310.42,2025,1327.67,2025_S2,125,2024,1217.42,1338,1084
311830,CONSELHEIRO LAFAIETE,MG,1308.33,2025,1321.83,2025_S1,93,2025,1259.77,1340,1149
354260,REGISTRO,SP,1308.08,2025,1310.0,2025_S1,178,2025,1177.75,1433,1028
211000,SANTA LUZIA,MA,1307.67,2025,1333.0,2025_S2,125,2024,1200.56,1347,1029
291210,IBICARAÍ,BA,1304.17,2025,1350.5,2025_S2,577,2025,1176.42,1823,987
290780,CÍCERO DANTAS,BA,1303.86,2026,1336.0,2026_S2,130,2024,1114.25,1336,890
411915,PINHAIS,PR,1302.75,2025,1311.33,2025_S2,140,2024,1175.02,1360,952
316250,SÃO JOÃO DEL REI,MG,1302.08,2025,1304.67,2025_S1,72,2024,1234.71,1330,1109
230428,EUSÉBIO,CE,1300.14,2026,1361.0,2026_S2,155,2024,1109.08,1361,857
291955,LUÍS EDUARDO MAGALHÃES,BA,1298.0,2025,1318.67,2025_S2,209,2024,1125.54,1338,849
150815,URUARÁ,PA,1292.86,2026,1369.0,2026_S2,175,2024,1041.0,1369,745
312710,FRUTAL,MG,1292.43,2026,1325.0,2026_S2,94,2023,1221.25,1325,1058
310160,ALFENAS,MG,1291.0,2025,1295.33,2025_S1,101,2024,1198.0,1314,1039
260900,MACAPARANA,PE,1290.71,2026,1339.0,2026_S2,244,2025,1020.27,1339,740
240580,JOÃO CÂMARA,RN,1289.86,2026,1317.0,2026_S2,82,2024,1168.92,1317,1015
291060,ESPLANADA,BA,1289.14,2026,1310.0,2026_S2,122,2024,1140.04,1310,933
520549,CIDADE OCIDENTAL,GO,1287.29,2026,1344.0,2026_S2,213,2024,1030.67,1344,694
352480,JALES,SP,1287.17,2025,1293.0,2025_S1,159,2024,1147.58,1349,917
352390,ITU,SP,1286.92,2025,1287.67,2025_S2,87,2026,1227.04,1320,1143
330475,SÃO FRANCISCO DE ITABAPOANA,RJ,1286.71,2026,1314.0,2026_S2,447,2024,982.38,1365,560
316930,TRÊS CORAÇÕES,MG,1286.25,2025,1306.67,2025_S1,187,2025,1192.58,1424,1007
170550,COLINAS DO TOCANTINS,TO,1285.33,2025,1302.5,2025_S2,152,2024,1148.31,1312,920
130070,BOCA DO ACRE,AM,1285.14,2026,1322.67,2025_S2,278,2025,1075.83,1333,900
314810,PATROCÍNIO,MG,1282.86,2026,1302.0,2026_S2,147,2024,1086.56,1304,857
314140,MEDINA,MG,1282.86,2026,1296.0,2026_S2,337,2024,1037.46,1302,737
220270,COCAL,PI,1280.86,2026,1340.0,2026_S2,201,2025,990.88,1340,750
251290,RIO TINTO,PB,1278.71,2026,1308.0,2026_S2,160,2025,1040.6,1308,742
410370,CAMBÉ,PR,1275.75,2025,1278.33,2025_S2,141,2024,1180.38,1293,1016
351110,CATANDUVA,SP,1274.83,2025,1291.0,2025_S2,138,2024,1162.62,1324,963
353470,OURINHOS,SP,1272.17,2025,1272.83,2025_S1,89,2023,1221.79,1300,1109
221110,UNIÃO,PI,1271.57,2026,1312.0,2026_S2,149,2024,1089.83,1312,874
316800,TAIOBEIRAS,MG,1267.33,2025,1270.83,2025_S2,69,2024,1207.77,1280,1103
260280,BUÍQUE,PE,1266.29,2026,1289.0,2026_S2,155,2024,1114.1,1289,927
150503,NOVO PROGRESSO,PA,1260.43,2026,1337.0,2026_S2,246,2024,1000.48,1337,678
231025,PARAIPABA,CE,1258.86,2026,1310.0,2026_S2,150,2024,1028.06,1310,802
110015,OURO PRETO DO OESTE,RO,1257.33,2025,1274.67,2025_S2,109,2024,1170.98,1279,1050
430450,CANGUÇU,RS,1255.75,2025,1265.83,2024_S2,140,2023,1173.0,1292,980
353980,POÁ,SP,1254.58,2025,1258.5,2025_S1,165,2023,1120.58,1289,876
351550,FERNANDÓPOLIS,SP,1250.75,2025,1256.67,2025_S2,123,2023,1143.62,1271,919
330600,TRÊS RIOS,RJ,1244.67,2025,1254.0,2026_S2,166,2023,1109.83,1279,810
330227,JAPERI,RJ,1243.43,2026,1303.0,2026_S2,163,2024,1073.04,1303,766
290520,CAETITÉ,BA,1242.86,2026,1262.0,2025_S2,106,2024,1114.08,1267,933
430350,CAMAQUÃ,RS,1241.25,2025,1246.5,2025_S1,70,2026,1172.42,1257,1072
354910,SÃO JOÃO DA BOA VISTA,SP,1240.57,2026,1308.83,2025_S2,454,2025,937.08,1347,678
521523,NOVO GAMA,GO,1240.14,2026,1289.0,2026_S2,208,2023,940.98,1289,564
241250,SÃO MIGUEL,RN,1239.42,2025,1251.5,2025_S2,99,2026,1168.25,1257,1063
293360,XIQUE-XIQUE,BA,1238.33,2025,1256.0,2026_S2,106,2024,1176.85,1256,1061
260210,BOM CONSELHO,PE,1234.0,2026,1249.33,2025_S2,99,2025,1137.88,1268,994
220190,BOM JESUS,PI,1232.83,2025,1246.0,2025_S2,105,2023,1144.21,1250,957
352670,LEME,SP,1229.92,2025,1232.83,2025_S2,132,2024,1117.88,1257,920
261540,TORITAMA,PE,1229.14,2026,1261.0,2026_S2,109,2024,1076.54,1261,869
241150,SANTO ANTÔNIO,RN,1228.33,2025,1240.33,2025_S2,90,2023,1157.67,1244,1029
260230,BONITO,PE,1222.14,2026,1242.0,2026_S2,411,2025,1117.67,1247,836
250970,MONTEIRO,PB,1221.0,2026,1232.0,2026_S2,114,2024,1102.42,1232,902
290680,CANSANÇÃO,BA,1219.5,2025,1230.5,2025_S1,102,2024,1137.42,1238,1008
210480,GRAJAÚ,MA,1216.75,2025,1223.67,2025_S1,128,2024,1117.19,1236,953
270840,SÃO JOSÉ DA TAPERA,AL,1214.67,2025,1225.67,2025_S2,129,2024,1127.56,1238,1032
354970,SÃO JOSÉ DO RIO PARDO,SP,1211.5,2025,1218.0,2025_S2,174,2023,1079.58,1243,797
293190,TUCANO,BA,1210.83,2025,1224.0,2025_S2,104,2024,1118.81,1230,968
316070,SANTOS DUMONT,MG,1207.43,2026,1217.0,2026_S2,135,2024,1037.54,1246,806
251390,SÃO BENTO,PB,1202.14,2026,1247.0,2026_S2,181,2024,982.04,1247,717
317070,VARGINHA,MG,1201.83,2025,1212.5,2025_S2,247,2024,1093.23,1309,902
211150,SÃO MATEUS DO MARANHÃO,MA,1201.29,2026,1215.0,2026_S2,182,2024,1050.85,1218,823
290720,CASA NOVA,BA,1194.29,2026,1203.0,2025_S2,125,2024,1048.94,1208,847
260300,CABROBÓ,PE,1193.43,2026,1223.0,2026_S2,135,2024,1055.48,1223,873
350450,AVARÉ,SP,1191.83,2025,1201.0,2025_S1,97,2024,1107.67,1224,972
292250,NAZARÉ,BA,1190.0,2025,1219.5,2025_S1,131,2025,1138.4,1240,1062
150580,PORTEL,PA,1189.57,2026,1289.0,2026_S2,145,2026,1062.04,1289,843
314710,PARÁ DE MINAS,MG,1188.67,2025,1189.33,2025_S1,62,2026,1141.48,1212,1043
290687,CAPIM GROSSO,BA,1181.29,2026,1198.0,2026_S2,129,2024,995.4,1198,772
292990,SEABRA,BA,1180.92,2025,1189.67,2025_S2,81,2023,1111.9,1201,999
351020,CAPÃO BONITO,SP,1180.42,2025,1181.33,2025_S1,158,2024,1066.02,1203,899
355060,SÃO ROQUE,SP,1178.67,2025,1180.33,2025_S1,127,2023,1059.75,1203,865
230075,AMONTADA,CE,1178.14,2026,1204.0,2026_S2,768,2025,975.15,1204,433
500630,PARANAÍBA,MS,1177.33,2025,1186.33,2025_S1,198,2025,1086.0,1343,914
290210,ARACI,BA,1173.29,2026,1188.0,2026_S2,92,2024,1065.42,1195,923
313440,ITURAMA,MG,1172.57,2026,1181.0,2026_S2,101,2024,1102.48,1195,986
270690,PILAR,AL,1170.0,2026,1192.0,2026_S2,144,2024,1012.81,1192,841
240360,EXTREMOZ,RN,1168.14,2026,1258.0,2026_S2,228,2024,815.5,1258,425
411760,PALMAS,PR,1167.92,2025,1186.17,2025_S2,203,2025,1087.96,1199,896
110010,GUAJARÁ-MIRIM,RO,1167.14,2026,1183.17,2025_S2,98,2024,1088.52,1188,970
231220,SANTA QUITÉRIA,CE,1166.57,2026,1196.0,2026_S2,125,2024,972.08,1196,777
231030,PARAMBU,CE,1161.57,2026,1187.0,2026_S2,137,2024,1042.75,1187,874
291950,LIVRAMENTO DE NOSSA SENHORA,BA,1161.17,2025,1166.83,2025_S2,112,2024,1067.71,1175,943
240110,AREIA BRANCA,RN,1159.71,2026,1167.0,2026_S2,177,2024,954.35,1172,703
292170,MORRO DO CHAPÉU,BA,1159.42,2025,1173.33,2025_S1,285,2025,1089.06,1403,1011
230780,MARCO,CE,1157.14,2026,1191.0,2026_S2,171,2024,931.73,1191,692
431680,SANTA CRUZ DO SUL,RS,1156.33,2025,1158.83,2025_S1,143,2024,1041.38,1183,849
521308,MINAÇU,GO,1156.0,2026,1205.0,2026_S2,155,2024,962.58,1205,780
313170,ITABIRA,MG,1155.42,2025,1159.83,2025_S2,106,2023,1059.9,1173,902
150800,TOMÉ-AÇU,PA,1154.17,2025,1168.5,2025_S2,97,2024,1076.85,1182,902
521000,INHUMAS,GO,1151.42,2025,1161.83,2025_S2,134,2024,1052.33,1165,897
431060,ITAQUI,RS,1150.92,2025,1176.5,2025_S1,153,2025,1102.1,1255,1015
230690,JAGUARIBE,CE,1150.86,2026,1192.0,2026_S2,370,2025,1000.27,1404,825
230930,NOVA RUSSAS,CE,1148.25,2025,1235.17,2025_S2,793,2025,999.73,1828,763
350850,CAÇAPAVA,SP,1148.0,2025,1160.67,2025_S1,94,2023,1096.94,1172,985
231310,TABULEIRO DO NORTE,CE,1147.86,2026,1180.0,2026_S2,116,2024,978.25,1180,749
312160,DIAMANTINA,MG,1147.42,2025,1148.33,2025_S2,73,2024,1079.94,1174,1003
430463,CAPÃO DA CANOA,RS,1146.57,2026,1192.0,2026_S2,213,2024,944.85,1192,629
230435,FORQUILHA,CE,1144.0,2026,1186.0,2026_S2,172,2024,919.79,1186,712
170220,ARAGUATINS,TO,1142.25,2025,1157.67,2025_S2,93,2024,1063.96,1166,963
521830,POSSE,GO,1137.14,2026,1159.5,2025_S2,196,2024,966.17,1164,718
270140,CAMPO ALEGRE,AL,1136.86,2026,1141.0,2026_S2,89,2023,1061.23,1158,929
353050,MOCOCA,SP,1135.75,2025,1141.0,2025_S2,113,2023,1042.21,1182,873
354580,SANTA BÁRBARA DOESTE,SP,1134.17,2025,1139.5,2025_S2,110,2023,1051.33,1158,889
290800,COARACI,BA,1133.14,2026,1136.67,2026_S1,567,2025,1076.9,1159,590
230320,CARIRIAÇU,CE,1131.57,2026,1184.0,2026_S2,132,2024,970.08,1184,809
210340,COELHO NETO,MA,1130.75,2025,1141.33,2025_S2,111,2024,1034.98,1166,923
150510,ÓBIDOS,PA,1130.14,2026,1145.0,2026_S2,149,2023,978.12,1152,737
160027,LARANJAL DO JARI,AP,1126.0,2026,1134.0,2026_S2,116,2025,991.56,1137,842
351340,CRUZEIRO,SP,1124.83,2025,1134.0,2025_S2,132,2023,999.65,1149,782
230230,BELA CRUZ,CE,1124.57,2026,1136.0,2026_S2,125,2024,989.38,1136,838
420140,ARARANGUÁ,SC,1121.92,2025,1139.67,2025_S2,170,2024,982.79,1145,758
430610,CRUZ ALTA,RS,1120.33,2025,1123.0,2026_S2,125,2024,1022.15,1136,846
310930,BURITIS,MG,1117.58,2025,1131.83,2025_S1,95,2023,1046.6,1137,884
130270,MANICORÉ,AM,1117.08,2025,1126.83,2024_S2,60,2026,1092.77,1142,1028
353110,MONGAGUÁ,SP,1116.08,2025,1136.0,2026_S2,156,2024,987.85,1147,751
230840,MISSÃO VELHA,CE,1115.43,2026,1124.0,2026_S2,140,2024,934.71,1129,743
410420,CAMPO LARGO,PR,1112.75,2025,1119.33,2025_S1,135,2024,1003.33,1135,798
292110,MEDEIROS NETO,BA,1112.14,2026,1115.67,2025_S2,105,2024,1010.38,1122,866
291580,ITAMBÉ,BA,1111.0,2026,1129.0,2026_S2,120,2025,951.69,1129,754
250700,ITAPORANGA,PB,1108.43,2026,1131.0,2026_S2,178,2024,972.44,1131,777
520880,GOIANIRA,GO,1105.29,2026,1123.0,2026_S2,192,2024,926.33,1123,669
261100,PETROLÂNDIA,PE,1103.75,2025,1136.0,2025_S2,322,2025,1004.33,1148,826
231050,PEDRA BRANCA,CE,1102.0,2026,1112.0,2026_S2,88,2024,982.98,1112,838
221130,VALENÇA DO PIAUÍ,PI,1100.08,2025,1106.0,2025_S1,190,2024,987.85,1113,809
350960,CAMPO LIMPO PAULISTA,SP,1099.58,2025,1101.17,2025_S1,197,2024,946.15,1120,685
421870,TUBARÃO,SC,1099.5,2025,1113.17,2025_S1,210,2025,994.23,1274,794
313250,ITAMARANDIBA,MG,1097.0,2026,1117.0,2026_S2,83,2024,1037.0,1117,945
350390,ARUJÁ,SP,1096.14,2026,1145.0,2026_S2,201,2024,921.04,1145,678
420380,CANOINHAS,SC,1095.08,2025,1101.33,2025_S1,107,2024,994.73,1130,838
320090,BARRA DE SÃO FRANCISCO,ES,1094.83,2025,1121.17,2025_S2,100,2023,1010.75,1126,834
521310,MINEIROS,GO,1093.0,2026,1112.0,2026_S2,131,2024,956.5,1112,762
355500,TUPÃ,SP,1088.92,2025,1101.0,2025_S1,114,2024,1004.52,1114,860
521180,JARAGUÁ,GO,1088.86,2026,1106.0,2026_S2,162,2024,945.1,1106,754
314310,MONTE CARMELO,MG,1087.08,2025,1087.17,2025_S2,76,2024,1027.44,1114,932
251600,SOLÂNEA,PB,1083.71,2026,1086.83,2025_S2,166,2024,928.67,1098,764
330610,VALENÇA,RJ,1081.33,2025,1091.0,2026_S2,98,2023,1007.17,1091,867
292600,REMANSO,BA,1079.5,2025,1089.5,2025_S2,56,2023,1018.69,1100,912
211050,SÃO BENTO,MA,1076.14,2026,1087.0,2026_S2,120,2024,937.1,1087,763
130100,CARAUARI,AM,1070.0,2026,1125.0,2026_S2,172,2024,881.67,1125,625
310710,BOA ESPERANÇA,MG,1070.0,2025,1076.33,2025_S1,96,2024,993.48,1085,876
354730,SANTANA DE PARNAÍBA,SP,1068.33,2025,1080.0,2026_S2,131,2024,958.46,1096,740
210232,BURITICUPU,MA,1068.25,2025,1070.67,2025_S2,108,2024,988.94,1081,878
315120,PIRAPORA,MG,1065.58,2025,1072.33,2025_S2,64,2024,1005.48,1085,889
330060,BOM JESUS DO ITABAPOANA,RJ,1063.43,2026,1078.0,2026_S2,178,2023,945.94,1078,687
432150,TORRES,RS,1063.08,2025,1081.0,2026_S2,142,2024,917.65,1088,622
150840,XINGUARA,PA,1062.75,2025,1075.67,2025_S2,107,2024,986.23,1098,850
150470,MOJU,PA,1060.86,2026,1079.67,2025_S2,136,2024,951.56,1087,770
261360,SÃO JOSÉ DO EGITO,PE,1060.5,2025,1078.5,2025_S1,212,2025,999.02,1094,882
520540,CERES,GO,1060.14,2026,1089.0,2026_S2,306,2024,785.94,1089,487
311910,CORINTO,MG,1057.71,2026,1069.0,2026_S2,66,2023,994.12,1069,887
312610,FORMIGA,MG,1055.17,2025,1056.5,2025_S2,119,2023,976.73,1080,803
351510,EMBU-GUAÇU,SP,1051.25,2025,1063.0,2026_S2,132,2024,953.35,1072,780
292630,RIACHÃO DO JACUÍPE,BA,1049.71,2026,1061.0,2026_S2,75,2024,985.77,1061,865
230160,ASSARÉ,CE,1049.29,2026,1067.0,2026_S2,84,2025,944.5,1067,816
311330,CARANGOLA,MG,1049.17,2025,1057.0,2025_S1,68,2024,991.62,1069,870
280760,UMBAÚBA,SE,1047.14,2026,1084.0,2026_S2,155,2024,838.06,1084,629
500570,NAVIRAÍ,MS,1046.86,2026,1057.0,2026_S2,162,2024,879.85,1057,697
230655,ITAREMA,CE,1046.0,2026,1089.0,2026_S2,177,2024,821.02,1089,600
260050,ÁGUAS BELAS,PE,1042.14,2026,1056.0,2026_S2,93,2024,961.75,1063,839
430700,ERECHIM,RS,1041.92,2024,1055.33,2024_S2,79,2026,994.12,1059,911
521460,NIQUELÂNDIA,GO,1041.29,2026,1067.0,2026_S2,123,2023,935.73,1075,748
311840,CONSELHEIRO PENA,MG,1037.86,2026,1064.0,2026_S2,180,2024,862.1,1064,610
231200,SANTANA DO ACARAÚ,CE,1037.43,2026,1055.0,2026_S2,124,2024,886.48,1055,691
313960,MANTENA,MG,1037.25,2025,1040.17,2025_S1,83,2023,978.58,1048,847
352720,LORENA,SP,1036.43,2026,1082.0,2026_S2,174,2024,870.77,1082,653
210405,ESTREITO,MA,1035.5,2025,1084.67,2025_S2,568,2025,922.85,1540,763
354330,RIBEIRÃO PIRES,SP,1033.5,2025,1037.33,2025_S1,112,2024,966.06,1060,845
410840,FRANCISCO BELTRÃO,PR,1032.5,2025,1042.67,2025_S2,102,2023,937.4,1053,763
313505,JAÍBA,MG,1032.17,2025,1053.17,2025_S2,130,2025,961.06,1061,851
270290,GIRAU DO PONCIANO,AL,1027.71,2026,1030.17,2025_S1,351,2025,974.83,1057,706
260070,ALIANÇA,PE,1027.0,2026,1042.0,2026_S2,69,2024,937.25,1042,824
150090,AUGUSTO CORRÊA,PA,1025.71,2026,1049.0,2026_S2,165,2024,831.02,1049,563
521120,ITAPURANGA,GO,1024.29,2026,1050.0,2026_S2,110,2024,915.85,1050,739
330430,RIO BONITO,RJ,1021.75,2025,1029.0,2026_S2,109,2024,943.73,1036,791
290630,CANAVIEIRAS,BA,1021.08,2025,1029.33,2025_S2,74,2024,958.9,1032,858
150620,SALINÓPOLIS,PA,1020.71,2026,1039.0,2025_S2,110,2023,914.54,1050,718
350400,ASSIS,SP,1019.83,2025,1022.67,2025_S1,89,2023,965.12,1064,847
240420,GOIANINHA,RN,1018.57,2026,1034.0,2026_S2,66,2024,928.92,1038,802
240220,CANGUARETAMA,RN,1017.83,2025,1029.5,2025_S2,94,2024,938.21,1033,798
260260,BREJO DA MADRE DE DEUS,PE,1014.67,2025,1031.0,2025_S2,113,2024,918.19,1037,772
330360,PARACAMBI,RJ,1012.17,2024,1034.67,2024_S2,76,2025,981.96,1050,924
292100,MATA DE SÃO JOÃO,BA,1011.57,2026,1020.5,2025_S2,130,2024,895.88,1029,672
260570,FLORESTA,PE,1010.92,2025,1016.5,2025_S2,72,2023,951.08,1021,824
510675,PONTES E LACERDA,MT,1010.71,2026,1041.0,2026_S2,130,2024,865.19,1041,708
355070,SÃO SEBASTIÃO,SP,1010.71,2026,1038.0,2026_S2,119,2024,904.71,1040,723
316290,SÃO JOÃO NEPOMUCENO,MG,1010.14,2026,1046.0,2026_S2,141,2024,818.6,1046,580
292800,SANTALUZ,BA,1010.08,2025,1024.5,2025_S2,101,2024,917.1,1030,766
500330,COXIM,MS,1009.71,2026,1041.0,2026_S2,97,2024,909.6,1041,733
260200,BODOCÓ,PE,1008.83,2025,1022.33,2025_S2,114,2024,923.58,1027,790
270100,BOCA DA MATA,AL,1008.71,2026,1014.0,2026_S2,144,2024,969.48,1056,900
291290,IBIRATAIA,BA,1008.58,2025,1020.0,2025_S2,78,2024,955.98,1028,858
231270,SENADOR POMPEU,CE,1007.43,2026,1022.0,2026_S2,89,2024,904.62,1025,779
350610,BEBEDOURO,SP,1005.17,2025,1008.33,2025_S2,85,2023,934.71,1038,792
250030,ALAGOA GRANDE,PB,1003.57,2026,1010.0,2026_S2,122,2025,847.44,1020,652
521930,SANTA HELENA DE GOIÁS,GO,1002.57,2026,1037.0,2026_S2,128,2023,875.02,1037,673
240145,BARAÚNA,RN,1002.43,2026,1035.0,2026_S2,134,2024,832.67,1035,646
290490,CACHOEIRA,BA,999.5,2025,1003.5,2025_S1,48,2023,975.46,1014,899
320510,VIANA,ES,997.86,2026,1035.0,2026_S2,226,2024,811.67,1035,535
291810,JEREMOABO,BA,995.67,2025,1036.83,2025_S2,335,2025,910.83,1278,797
330470,SANTO ANTÔNIO DE PÁDUA,RJ,992.86,2026,1004.0,2026_S2,115,2024,873.83,1011,675
290580,CAMAMU,BA,991.67,2025,994.17,2025_S2,92,2024,909.27,1003,765
291050,ENTRE RIOS,BA,991.33,2025,1003.5,2025_S2,85,2024,922.9,1008,797
313330,ITAOBIM,MG,989.57,2026,1015.0,2026_S2,111,2024,960.67,1016,899
211070,SÃO DOMINGOS DO MARANHÃO,MA,987.86,2026,1029.0,2026_S2,138,2025,812.1,1029,695
314520,NOVA SERRANA,MG,987.25,2025,1017.0,2026_S2,141,2024,893.06,1017,755
432250,VACARIA,RS,986.92,2025,1003.67,2025_S1,116,2023,918.71,1017,745
420480,CURITIBANOS,SC,986.86,2026,995.0,2026_S2,112,2025,851.54,1009,673
110045,BURITIS,RO,985.86,2026,1020.0,2026_S2,118,2024,855.21,1020,669
292300,NOVA VIÇOSA,BA,984.33,2025,986.83,2025_S2,105,2024,896.44,1017,717
110009,ESPIGÃO DOESTE,RO,982.08,2025,1000.67,2025_S2,114,2024,884.02,1007,714
230830,MILAGRES,CE,979.83,2025,989.0,2025_S2,66,2024,926.0,994,829
510515,JUÍNA,MT,976.0,2026,998.0,2026_S2,116,2025,820.31,998,663
355650,VÁRZEA PAULISTA,SP,971.92,2025,973.33,2025_S1,69,2024,915.04,989,823
350635,BERTIOGA,SP,969.43,2026,1007.0,2026_S2,177,2023,807.98,1007,494
292060,MARAGOGIPE,BA,968.5,2025,969.33,2025_S1,87,2024,893.02,987,752
315200,POMPÉU,MG,965.58,2025,966.83,2025_S2,119,2023,886.17,984,721
313580,JEQUITINHONHA,MG,965.43,2026,1007.0,2026_S2,91,2023,919.81,1007,794
330080,CACHOEIRAS DE MACACU,RJ,964.83,2025,973.0,2026_S2,97,2024,884.83,979,720
410040,ALMIRANTE TAMANDARÉ,PR,964.5,2025,977.83,2025_S2,144,2024,846.56,989,652
220230,CANTO DO BURITI,PI,964.29,2026,971.0,2026_S2,71,2023,862.73,975,746
411150,IVAIPORÃ,PR,964.17,2025,964.83,2025_S1,73,2024,906.96,974,809
150506,NOVO REPARTIMENTO,PA,963.14,2026,1001.0,2026_S2,116,2025,796.98,1001,621
230940,NOVO ORIENTE,CE,963.0,2026,963.33,2026_S1,92,2024,824.94,976,655
291320,IBOTIRAMA,BA,961.0,2025,963.83,2025_S1,46,2026,938.04,973,890
431720,SANTA ROSA,RS,960.5,2025,969.67,2025_S2,72,2023,899.44,978,791
313620,JOÃO MONLEVADE,MG,958.75,2025,967.83,2025_S2,103,2024,882.65,976,696
410550,CIANORTE,PR,958.0,2025,965.33,2025_S2,117,2023,873.04,973,712
352710,LINS,SP,956.83,2025,969.33,2025_S1,164,2025,887.33,1046,777
510704,PRIMAVERA DO LESTE,MT,954.83,2025,968.0,2026_S2,143,2024,837.73,972,613
320390,NOVA VENÉCIA,ES,953.83,2025,1001.0,2025_S2,393,2025,839.42,1278,679
260500,CUPIRA,PE,953.5,2025,962.67,2025_S2,65,2023,887.79,967,772
280120,CANINDÉ DE SÃO FRANCISCO,SE,952.25,2025,965.17,2025_S2,238,2024,784.62,971,566
520130,ANICUNS,GO,951.71,2026,1003.0,2026_S2,154,2024,792.31,1003,573
411950,PIRAQUARA,PR,948.29,2026,977.0,2026_S2,148,2024,787.23,977,541
260510,CUSTÓDIA,PE,944.43,2026,981.0,2026_S2,163,2025,807.35,981,661
291700,ITIÚBA,BA,944.25,2025,951.67,2025_S1,69,2024,897.06,960,812
521040,ITABERAÍ,GO,942.5,2025,971.0,2026_S2,123,2023,834.21,971,631
261350,SÃO JOSÉ DO BELMONTE,PE,942.29,2026,974.0,2026_S2,89,2025,802.9,974,629
352430,JABOTICABAL,SP,939.33,2025,944.17,2025_S1,88,2024,871.33,980,783
410490,CASTRO,PR,938.75,2025,948.17,2025_S2,66,2024,877.52,962,800
431640,ROSÁRIO DO SUL,RS,938.33,2025,941.33,2024_S2,63,2024,894.5,961,816
500620,NOVA ANDRADINA,MS,937.29,2026,965.0,2026_S2,138,2023,852.31,965,663
120010,BRASILÉIA,AC,936.75,2025,955.0,2025_S2,106,2024,845.06,971,711
291350,IGUAÍ,BA,936.29,2026,950.0,2026_S2,87,2023,832.65,953,682
260530,EXU,PE,935.14,2026,971.0,2026_S2,90,2023,830.96,971,679
292950,SÃO SEBASTIÃO DO PASSÉ,BA,932.86,2026,937.67,2025_S2,130,2024,828.31,945,641
292230,MURITIBA,BA,931.75,2025,942.0,2025_S2,61,2024,875.29,948,780
411850,PATO BRANCO,PR,930.5,2025,936.0,2026_S2,176,2025,834.25,1070,673
150590,PORTO DE MOZ,PA,925.71,2026,956.0,2026_S2,105,2024,747.42,956,561
410640,CORNÉLIO PROCÓPIO,PR,925.58,2025,943.5,2025_S1,109,2023,861.1,958,729
150290,CURUÇÁ,PA,925.0,2026,934.33,2025_S2,78,2023,867.35,943,710
291370,INHAMBUPE,BA,924.75,2025,941.17,2025_S2,104,2023,841.73,947,668
230750,LAVRAS DA MANGABEIRA,CE,924.71,2026,962.0,2026_S2,105,2025,820.27,962,700
250510,CUITÉ,PB,924.29,2026,955.0,2026_S2,107,2024,821.98,955,642
230740,JUCÁS,CE,923.57,2026,956.0,2026_S2,136,2024,762.38,956,566
261260,SANTA MARIA DA BOA VISTA,PE,923.08,2025,944.0,2025_S2,232,2025,855.6,960,728
280067,BOQUIM,SE,922.14,2026,932.5,2024_S1,86,2024,897.04,970,825
431100,JAGUARÃO,RS,921.5,2025,933.0,2026_S2,63,2024,868.79,936,769
412710,TELÊMACO BORBA,PR,921.08,2025,927.0,2025_S2,77,2026,853.69,938,766
230610,IRAUÇUBA,CE,920.14,2026,944.0,2026_S2,269,2025,610.29,947,345
230625,ITAITINGA,CE,919.43,2026,960.0,2026_S2,147,2024,786.21,960,572
240230,CARAÚBAS,RN,919.14,2026,932.0,2026_S2,58,2024,861.42,934,756
317200,VISCONDE DO RIO BRANCO,MG,919.0,2026,948.0,2026_S2,127,2023,797.4,948,575
510792,SORRISO,MT,918.71,2026,960.0,2026_S2,140,2024,783.77,960,620
170255,AUGUSTINÓPOLIS,TO,914.0,2025,923.83,2025_S2,67,2026,860.77,929,798
313210,ITACARAMBI,MG,911.92,2024,924.83,2024_S1,101,2024,873.02,958,770
410980,IBIPORÃ,PR,910.92,2025,914.33,2025_S1,81,2024,839.19,929,743
510642,PEIXOTO DE AZEVEDO,MT,910.5,2025,925.5,2025_S2,138,2024,805.46,930,608
315400,RAUL SOARES,MG,909.0,2026,921.67,2025_S2,112,2024,794.52,934,606
431730,SANTA VITÓRIA DO PALMAR,RS,908.58,2024,921.5,2024_S2,113,2025,873.31,938,798
290670,CÂNDIDO SALES,BA,907.0,2026,959.0,2026_S2,121,2024,704.25,959,518
220780,PAULISTANA,PI,902.0,2025,903.67,2025_S1,56,2023,864.21,914,776
150618,RONDON DO PARÁ,PA,901.25,2025,917.0,2026_S2,78,2023,846.23,918,725
313930,MANGA,MG,898.0,2026,925.0,2026_S2,80,2024,808.46,925,707
313820,LAVRAS,MG,897.0,2025,917.33,2025_S2,247,2025,810.29,1104,673
291450,IRARÁ,BA,895.71,2026,908.0,2025_S2,89,2024,805.77,913,672
240890,PARELHAS,RN,895.29,2026,905.0,2026_S2,78,2023,810.73,905,661
353780,PIEDADE,SP,895.29,2026,904.67,2025_S2,96,2024,785.44,913,634
410200,ASSIS CHATEAUBRIAND,PR,893.67,2025,896.0,2025_S1,91,2025,849.0,918,732
290730,CASTRO ALVES,BA,892.14,2026,894.0,2026_S2,56,2023,835.33,901,731
411180,JACAREZINHO,PR,891.92,2025,899.0,2025_S1,94,2023,811.69,911,670
270450,MARAGOGI,AL,890.43,2026,895.0,2025_S2,213,2024,713.48,903,505
261410,SERTÂNIA,PE,889.33,2025,900.0,2025_S2,55,2024,841.56,907,755
260765,ITAMBÉ,PE,888.29,2026,931.0,2026_S2,117,2025,696.81,931,527
521560,PADRE BERNARDO,GO,888.14,2026,890.17,2025_S2,108,2024,772.5,897,583
510650,POCONÉ,MT,886.83,2025,887.17,2025_S1,46,2024,858.67,902,827
312870,GUAXUPÉ,MG,885.14,2026,909.0,2026_S2,106,2023,769.96,909,604
211003,SANTA LUZIA DO PARUÁ,MA,882.57,2026,902.0,2026_S2,88,2024,799.54,903,699
350210,ANDRADINA,SP,879.92,2025,888.0,2026_S2,81,2024,820.21,893,720
293230,UBATÃ,BA,879.0,2026,888.0,2026_S2,92,2023,809.69,888,687
420230,BIGUAÇU,SC,878.83,2025,880.5,2025_S1,287,2024,779.65,895,590
354520,SALTO,SP,878.33,2025,895.17,2025_S2,75,2025,812.08,913,707
292580,QUEIMADAS,BA,878.29,2026,898.0,2026_S2,79,2024,809.1,898,706
261560,TRINDADE,PE,878.14,2026,878.5,2026_S1,642,2025,782.83,912,270
292700,RIO REAL,BA,877.14,2026,891.0,2025_S2,81,2024,796.6,902,658
316370,SÃO LOURENÇO,MG,876.33,2025,883.17,2025_S2,180,2024,791.35,945,611
352410,ITUVERAVA,SP,875.67,2025,893.0,2026_S2,142,2024,774.12,906,600
310150,ALÉM PARAÍBA,MG,875.08,2025,887.83,2025_S1,62,2026,843.79,894,778
411070,IRATI,PR,874.08,2025,886.33,2025_S2,71,2023,824.35,889,726
330555,SEROPÉDICA,RJ,873.71,2026,886.0,2026_S2,209,2024,662.04,887,379
432260,VENÂNCIO AIRES,RS,871.25,2025,888.0,2025_S1,76,2024,810.58,898,685
291710,ITORORÓ,BA,870.83,2025,871.67,2025_S2,36,2024,832.65,883,787
260810,JOÃO ALFREDO,PE,869.83,2025,872.83,2025_S2,99,2024,791.08,882,675
270880,SÃO SEBASTIÃO,AL,868.0,2026,883.0,2025_S1,283,2025,790.4,894,611
353080,MOGI MIRIM,SP,867.08,2025,868.83,2025_S2,61,2024,805.21,879,713
293320,VERA CRUZ,BA,867.0,2026,875.0,2026_S2,101,2024,783.77,883,625
420290,BRUSQUE,SC,866.83,2025,872.0,2025_S2,105,2023,785.1,883,629
292820,SANTANA,BA,865.25,2025,866.33,2025_S2,237,2023,773.81,876,588
431370,PALMEIRA DAS MISSÕES,RS,863.0,2026,882.0,2026_S2,86,2023,796.19,882,665
220550,JOSÉ DE FREITAS,PI,861.29,2026,895.0,2026_S2,119,2024,728.19,895,566
280460,NOSSA SENHORA DAS DORES,SE,859.86,2026,897.0,2026_S2,155,2024,673.4,897,490
270830,SÃO JOSÉ DA LAJE,AL,855.0,2026,855.0,2026_S1,91,2025,754.17,872,639
351040,CAPIVARI,SP,855.0,2025,859.83,2025_S1,153,2023,760.25,876,552
240720,MACAU,RN,852.83,2025,854.17,2025_S2,40,2026,820.94,867,763
431880,SÃO LOURENÇO DO SUL,RS,851.83,2025,856.17,2025_S1,73,2023,796.54,873,690
412240,ROLÂNDIA,PR,849.75,2025,854.83,2025_S2,69,2024,785.42,866,679
150020,ACARÁ,PA,849.14,2026,851.83,2025_S2,76,2023,774.35,858,605
310090,ÁGUAS FORMOSAS,MG,847.86,2026,868.0,2026_S2,67,2024,744.12,868,607
170930,GUARAÍ,TO,847.29,2026,880.67,2025_S2,275,2025,724.94,1069,546
210280,CAROLINA,MA,847.14,2026,891.17,2025_S1,533,2025,802.94,897,364
211110,SÃO JOÃO DOS PATOS,MA,844.71,2026,853.67,2025_S2,85,2024,765.04,861,640
210370,CURURUPU,MA,844.67,2025,852.0,2025_S2,112,2024,761.71,863,630
220020,ÁGUA BRANCA,PI,844.0,2026,845.0,2026_S2,116,2024,732.9,852,591
150178,BREU BRANCO,PA,842.86,2026,887.0,2026_S2,111,2024,701.33,887,542
420200,BALNEÁRIO CAMBORIÚ,SC,840.33,2025,842.5,2025_S1,154,2024,731.9,856,568
314600,OURO FINO,MG,840.08,2025,845.17,2025_S2,98,2024,766.31,852,636
522020,SÃO MIGUEL DO ARAGUAIA,GO,838.29,2026,846.0,2026_S2,104,2025,691.6,846,536
150215,CANAÃ DOS CARAJÁS,PA,835.57,2026,904.0,2026_S2,156,2024,608.44,904,389
211260,URBANO SANTOS,MA,835.0,2025,837.5,2025_S2,79,2024,772.79,846,664
290750,CATU,BA,834.92,2025,836.83,2025_S2,72,2023,768.31,845,640
230400,COREAÚ,CE,832.86,2026,857.0,2026_S2,102,2024,689.6,857,516
330185,GUAPIMIRIM,RJ,832.33,2025,839.0,2026_S2,152,2023,698.42,846,406
500290,CASSILÂNDIA,MS,830.08,2024,837.17,2024_S2,187,2025,793.85,848,636
353180,MONTE MOR,SP,829.83,2025,835.83,2025_S1,112,2024,736.17,852,559
292520,POJUCA,BA,829.57,2026,844.5,2025_S2,103,2024,728.88,852,552
120045,SENADOR GUIOMARD,AC,829.29,2026,867.0,2026_S2,236,2024,564.6,867,343
432120,TAQUARA,RS,829.0,2025,832.83,2025_S2,93,2024,736.33,842,588
292200,MUCURI,BA,828.29,2026,828.33,2026_S1,120,2024,687.31,841,532
293300,VALENTE,BA,827.14,2026,842.0,2026_S2,73,2025,732.92,842,608
522010,SÃO LUÍS DE MONTES BELOS,GO,825.57,2026,837.0,2026_S2,80,2023,761.56,837,634
521380,MORRINHOS,GO,823.57,2026,830.0,2026_S2,87,2024,750.42,830,640
211020,SANTA RITA,MA,822.0,2026,843.0,2026_S2,89,2024,738.6,843,611
210632,MARACAÇUMÉ,MA,821.71,2026,832.0,2026_S2,56,2024,762.92,832,688
421620,SÃO FRANCISCO DO SUL,SC,820.92,2025,835.0,2025_S2,79,2024,736.92,841,602
355700,VOTORANTIM,SP,820.5,2025,834.5,2025_S2,91,2024,732.65,838,615
351080,CASA BRANCA,SP,819.92,2025,834.17,2025_S1,142,2023,734.69,844,547
261310,SÃO CAITANO,PE,819.57,2026,841.0,2026_S2,114,2024,699.75,841,543
520440,CAIAPÔNIA,GO,817.71,2026,854.0,2026_S2,112,2025,639.5,854,455
314180,MINAS NOVAS,MG,817.67,2025,822.33,2025_S2,57,2024,765.67,835,674
352320,ITARARÉ,SP,817.17,2025,837.0,2026_S2,83,2024,734.69,837,605
313380,ITAÚNA,MG,816.08,2025,821.0,2025_S1,66,2025,776.1,843,712
292050,MARACÁS,BA,815.08,2025,821.33,2025_S2,63,2023,769.92,828,677
261330,SÃO JOAQUIM DO MONTE,PE,814.42,2025,827.33,2025_S2,82,2026,773.79,841,720
431240,MONTENEGRO,RS,813.67,2025,833.0,2025_S1,113,2023,753.6,845,623
420430,CONCÓRDIA,SC,812.83,2024,823.83,2024_S2,60,2025,781.06,831,713
171320,MIRACEMA DO TOCANTINS,TO,812.29,2026,825.0,2026_S2,84,2023,735.48,825,602
210210,BREJO,MA,811.58,2025,850.0,2025_S2,480,2025,729.65,1241,642
520620,CRISTALINA,GO,811.14,2026,830.0,2026_S2,103,2024,720.56,830,549
352500,JANDIRA,SP,808.42,2025,816.0,2025_S1,171,2023,724.4,824,522
230710,JARDIM,CE,807.0,2025,818.83,2025_S2,77,2024,736.15,824,625
130380,SÃO GABRIEL DA CACHOEIRA,AM,806.14,2026,852.0,2026_S2,239,2024,671.69,871,502
330130,CASIMIRO DE ABREU,RJ,806.14,2026,845.0,2026_S2,172,2024,644.46,845,435
353930,PIRASSUNUNGA,SP,805.67,2025,808.83,2025_S1,84,2023,733.17,820,625
431760,SANTO ANTÔNIO DA PATRULHA,RS,805.5,2025,805.67,2025_S1,94,2024,737.48,818,611
430470,CARAZINHO,RS,804.42,2025,812.17,2025_S2,78,2023,742.71,819,638
420890,JARAGUÁ DO SUL,SC,804.14,2026,826.0,2026_S2,124,2024,674.92,826,467
411960,PITANGA,PR,802.83,2025,808.0,2025_S1,48,2026,769.33,817,713
280550,POÇO VERDE,SE,801.92,2025,806.0,2025_S2,58,2024,757.25,811,683
320332,MARATAÍZES,ES,800.43,2026,844.0,2026_S2,112,2024,647.58,844,473
110018,PIMENTA BUENO,RO,799.25,2025,799.83,2025_S1,100,2024,739.02,807,642
311120,CAMPO BELO,MG,797.58,2025,800.33,2025_S1,98,2024,731.94,804,598
352340,ITATIBA,SP,797.33,2025,801.0,2025_S1,70,2023,736.15,809,629
350270,APIAÍ,SP,796.71,2026,823.0,2026_S2,53,2026,733.08,823,648
350700,BOITUVA,SP,795.0,2025,800.0,2025_S1,182,2024,662.4,821,437
270510,MATRIZ DE CAMARAGIBE,AL,794.71,2026,804.0,2026_S2,69,2023,708.04,804,585
431350,OSÓRIO,RS,794.58,2025,810.17,2025_S2,128,2023,702.65,817,521
521850,QUIRINÓPOLIS,GO,793.86,2026,802.0,2026_S2,84,2023,712.81,802,575
351440,DRACENA,SP,793.14,2026,817.0,2026_S2,230,2025,683.35,966,531
291610,ITAPARICA,BA,792.5,2024,801.5,2025_S1,99,2025,755.69,816,690
290710,CARINHANHA,BA,791.86,2026,799.0,2026_S2,94,2023,687.02,802,527
261420,SIRINHAÉM,PE,790.71,2026,836.33,2025_S2,376,2025,705.96,1106,596
330500,SÃO JOÃO DA BARRA,RJ,790.17,2023,837.5,2023_S2,292,2024,752.1,941,649
150390,JURUTI,PA,788.29,2026,813.0,2026_S2,98,2024,681.46,813,511
260730,IPUBI,PE,786.57,2026,806.0,2026_S2,70,2023,688.12,806,553
314530,NOVO CRUZEIRO,MG,786.0,2026,793.0,2026_S2,62,2024,717.21,799,612
353730,PENÁPOLIS,SP,784.5,2025,788.5,2025_S1,38,2023,757.77,798,707
240780,MONTE ALEGRE,RN,783.29,2026,797.0,2026_S2,57,2023,723.88,799,599
350900,CAIEIRAS,SP,783.0,2025,788.5,2025_S2,92,2024,688.19,805,518
311880,CORAÇÃO DE JESUS,MG,782.58,2025,784.17,2025_S2,32,2023,755.54,793,704
260875,LAGOA GRANDE,PE,782.43,2026,811.0,2026_S2,90,2024,672.44,811,546
352850,MAIRIPORÃ,SP,781.92,2025,787.83,2025_S2,100,2023,695.69,797,541
431890,SÃO LUIZ GONZAGA,RS,781.83,2024,784.83,2024_S2,105,2025,762.4,792,687
230890,MORRINHOS,CE,779.71,2026,789.0,2026_S2,103,2024,663.25,789,496
292310,OLINDINA,BA,778.83,2025,795.0,2025_S1,65,2023,734.38,800,651
250910,MARI,PB,777.86,2026,807.0,2026_S2,151,2024,727.08,807,635
211300,VITORINO FREIRE,MA,777.14,2026,793.5,2025_S2,78,2024,705.85,800,602
431850,SÃO JOSÉ DO NORTE,RS,774.67,2025,784.67,2025_S1,70,2024,725.02,790,614
110013,MACHADINHO DOESTE,RO,773.83,2025,789.67,2025_S2,100,2023,701.27,798,569
430280,CAÇAPAVA DO SUL,RS,773.83,2025,784.17,2025_S2,64,2024,722.04,791,612
330380,PARATY,RJ,773.71,2026,810.0,2026_S2,154,2024,625.67,810,406
312430,ESPINOSA,MG,772.86,2026,773.17,2026_S1,230,2025,709.52,795,565
420320,CAMBORIÚ,SC,771.42,2025,785.83,2025_S2,128,2024,665.94,793,472
210350,COLINAS,MA,769.43,2026,784.0,2026_S2,78,2024,670.62,784,560
431990,SAPIRANGA,RS,769.29,2026,792.0,2026_S2,93,2024,675.23,792,533
292640,RIACHO DE SANTANA,BA,768.42,2025,777.0,2025_S2,74,2024,705.02,788,606
130030,AUTAZES,AM,767.92,2025,774.33,2025_S2,125,2024,675.9,791,535
420550,FRAIBURGO,SC,766.75,2024,772.0,2024_S2,99,2026,710.9,782,613
231360,UBAJARA,CE,766.43,2026,803.0,2026_S2,135,2024,577.12,803,395
316940,TRÊS PONTAS,MG,765.58,2025,768.17,2025_S1,49,2023,729.33,782,655
292720,RUY BARBOSA,BA,764.0,2026,770.0,2026_S2,68,2024,695.58,772,578
431140,LAJEADO,RS,763.42,2025,765.17,2025_S1,82,2024,692.27,776,562
412410,SANTO ANTÔNIO DA PLATINA,PR,763.14,2026,766.0,2025_S2,78,2024,702.65,774,592
130060,BENJAMIN CONSTANT,AM,763.0,2026,771.0,2026_S2,78,2026,680.21,793,578
412820,UNIÃO DA VITÓRIA,PR,762.92,2025,773.33,2025_S2,80,2025,703.06,814,583
520013,ACREÚNA,GO,761.43,2026,789.0,2026_S2,103,2024,645.69,789,504
500790,SIDROLÂNDIA,MS,760.57,2026,776.0,2026_S2,104,2024,659.31,776,528
313120,IPANEMA,MG,759.29,2026,770.0,2026_S2,136,2024,643.06,771,488
312200,DIVINO,MG,758.25,2025,759.67,2025_S1,69,2026,706.17,766,639
210100,ARARI,MA,755.58,2025,765.33,2025_S2,101,2024,657.77,773,549
230530,IBIAPINA,CE,755.29,2026,775.0,2026_S2,109,2024,635.67,775,509
150730,SÃO FÉLIX DO XINGU,PA,754.5,2025,757.83,2024_S2,127,2023,691.83,768,530
290850,CONCEIÇÃO DO JACUÍPE,BA,753.14,2026,763.0,2026_S2,85,2023,671.81,766,519
421130,NAVEGANTES,SC,752.5,2025,756.17,2025_S2,98,2024,667.71,772,506
430210,BENTO GONÇALVES,RS,751.92,2025,753.5,2025_S1,94,2023,682.31,765,549
270170,CAPELA,AL,751.67,2025,762.33,2025_S2,151,2024,648.31,768,531
510410,GUARANTÃ DO NORTE,MT,750.17,2025,763.0,2025_S2,117,2024,662.17,771,498
350925,CAJATI,SP,749.5,2025,755.17,2025_S1,78,2025,687.19,795,611
261460,TABIRA,PE,747.92,2025,753.33,2025_S2,72,2023,704.38,759,608
270380,JOAQUIM GOMES,AL,747.33,2023,778.5,2024_S1,129,2024,717.73,784,653
350590,BATATAIS,SP,746.14,2026,787.0,2026_S2,99,2024,654.33,787,545
411330,LARANJEIRAS DO SUL,PR,744.83,2025,749.5,2025_S2,63,2024,691.44,783,600
291190,IAÇU,BA,742.86,2026,759.0,2026_S2,49,2024,709.94,759,668
314000,MARIANA,MG,742.33,2025,748.0,2025_S2,80,2024,682.29,760,573
292500,PLANALTO,BA,741.43,2026,763.0,2026_S2,109,2024,612.58,763,435
270310,IGACI,AL,741.0,2024,747.67,2024_S1,87,2024,709.58,770,680
280440,NEÓPOLIS,SE,739.42,2025,746.83,2025_S2,59,2023,682.75,750,596
412220,RIO BRANCO DO SUL,PR,738.92,2025,744.33,2025_S2,99,2024,665.06,750,552
314630,PADRE PARAÍSO,MG,738.08,2025,747.17,2025_S2,59,2023,708.77,752,623
270320,IGREJA NOVA,AL,737.5,2025,746.83,2025_S2,83,2026,702.15,756,657
292550,PRADO,BA,737.17,2025,744.33,2025_S2,49,2023,705.52,752,630
510562,MIRASSOL DOESTE,MT,736.86,2026,768.0,2026_S2,187,2025,606.58,837,474
355370,TAQUARITINGA,SP,736.83,2025,737.5,2025_S2,65,2024,689.19,752,617
320305,JAGUARÉ,ES,736.0,2026,762.0,2026_S2,112,2024,588.06,762,406
250130,AROEIRAS,PB,734.71,2026,745.0,2026_S2,132,2025,593.65,752,460
270640,PÃO DE AÇÚCAR,AL,734.42,2025,739.5,2025_S2,42,2026,700.94,743,651
355040,SÃO PEDRO,SP,734.29,2026,753.0,2026_S2,124,2023,659.69,764,467
355620,VALINHOS,SP,734.17,2025,741.33,2025_S2,74,2023,667.31,756,568
260760,ILHA DE ITAMARACÁ,PE,733.0,2026,763.0,2026_S2,158,2024,540.71,763,372
211230,TUNTUM,MA,731.58,2025,740.33,2025_S2,73,2024,668.21,755,581
510525,LUCAS DO RIO VERDE,MT,730.86,2026,751.0,2026_S2,85,2024,653.71,751,553
352680,LENÇÓIS PAULISTA,SP,727.92,2025,735.67,2025_S1,76,2025,669.96,776,580
280320,ITAPORANGA DAJUDA,SE,727.0,2026,736.0,2026_S2,89,2025,599.1,739,469
313270,ITAMBACURI,MG,726.71,2026,754.0,2026_S2,61,2023,689.65,754,611
353030,MIRASSOL,SP,725.83,2025,737.17,2025_S1,62,2025,693.0,755,623
316710,SERRO,MG,725.33,2025,732.17,2025_S2,40,2023,686.04,742,610
231320,TAMBORIL,CE,724.57,2026,743.0,2026_S2,277,2025,600.42,743,444
230170,AURORA,CE,723.43,2026,751.0,2026_S2,76,2024,660.9,751,570
520030,ALEXÂNIA,GO,720.57,2026,744.0,2026_S2,104,2024,602.77,744,439
220570,LUÍS CORREIA,PI,720.29,2026,725.0,2026_S2,109,2024,582.06,731,445
316960,TUPACIGUARA,MG,719.58,2025,721.0,2025_S1,52,2024,684.75,732,617
316935,TRÊS MARIAS,MG,718.92,2025,721.5,2025_S1,71,2024,669.12,734,573
354940,SÃO JOAQUIM DA BARRA,SP,718.58,2025,718.67,2025_S2,131,2024,647.88,743,539
313760,LAGOA SANTA,MG,718.17,2025,724.5,2025_S2,82,2024,652.75,733,543
431570,RIO PARDO,RS,717.57,2026,755.0,2026_S2,110,2024,596.85,755,449
354130,PRESIDENTE EPITÁCIO,SP,717.08,2025,719.33,2025_S1,109,2024,627.56,733,458
430466,CAPÃO DO LEÃO,RS,713.71,2026,738.0,2026_S2,85,2023,636.29,739,493
310740,BOM DESPACHO,MG,712.25,2025,726.17,2025_S1,110,2024,645.94,735,551
280100,CAMPO DO BRITO,SE,712.14,2026,723.5,2025_S2,79,2024,639.15,726,514
330050,BOM JARDIM,RJ,710.67,2025,717.67,2025_S1,93,2023,663.85,728,566
521090,ITAPACI,GO,710.43,2026,735.0,2026_S2,134,2024,559.35,735,379
310450,ARINOS,MG,710.0,2026,737.0,2026_S2,92,2025,572.96,737,426
421950,XANXERÊ,SC,708.25,2025,717.83,2024_S2,71,2025,671.81,734,592
230945,OCARA,CE,707.29,2026,718.0,2026_S2,111,2024,597.65,718,452
313950,MANHUMIRIM,MG,707.17,2025,712.5,2025_S2,71,2023,642.6,718,531
313720,LAGOA DA PRATA,MG,707.17,2025,713.33,2025_S1,67,2023,656.42,723,544
270400,JUNQUEIRO,AL,706.0,2026,716.0,2026_S2,58,2024,661.73,720,568
292840,SANTA RITA DE CÁSSIA,BA,705.86,2026,717.0,2026_S2,52,2025,649.73,719,576
421480,RIO DO SUL,SC,705.58,2025,711.33,2025_S2,73,2026,658.23,714,574
354660,SANTA FÉ DO SUL,SP,705.08,2024,708.33,2024_S2,69,2025,670.27,713,601
130310,NOVA OLINDA DO NORTE,AM,704.86,2026,737.0,2026_S2,94,2024,621.25,737,469
290500,CACULÉ,BA,704.0,2025,720.33,2025_S2,148,2024,585.17,723,415
292360,PARAMIRIM,BA,702.75,2025,733.0,2025_S2,226,2025,642.69,889,552
500568,MUNDO NOVO,MS,702.71,2026,723.0,2026_S2,60,2024,623.73,723,530
320350,MONTANHA,ES,702.29,2026,711.0,2026_S2,87,2024,587.02,717,452
210380,DOM PEDRO,MA,702.08,2025,710.33,2025_S2,63,2024,651.02,718,565
431530,QUARAÍ,RS,701.75,2025,710.5,2025_S1,48,2023,674.67,718,610
290470,BUERAREMA,BA,701.5,2025,705.17,2025_S2,36,2024,668.6,718,598
230130,ARARIPE,CE,701.0,2026,722.0,2026_S2,103,2024,581.71,722,442
231380,URUBURETAMA,CE,701.0,2026,757.0,2026_S2,105,2025,550.67,757,412
230195,BARREIRA,CE,698.29,2026,707.67,2025_S2,96,2024,586.9,719,441
500720,RIO BRILHANTE,MS,695.08,2025,706.5,2025_S2,78,2024,633.1,713,519
291970,MACARANI,BA,693.75,2025,694.5,2025_S2,59,2024,646.38,701,571
130370,SANTO ANTÔNIO DO IÇÁ,AM,692.5,2025,692.83,2025_S2,80,2024,623.71,707,532
431740,SANTIAGO,RS,691.83,2024,697.83,2024_S2,119,2025,671.85,761,627
260320,CAETÉS,PE,690.42,2025,699.5,2025_S2,53,2023,652.0,702,588
211160,SÃO RAIMUNDO DAS MANGABEIRAS,MA,688.83,2025,692.67,2025_S2,56,2024,636.6,696,573
150370,ITUPIRANGA,PA,688.57,2026,723.0,2026_S2,69,2026,645.42,723,561
520890,GOIÁS,GO,688.14,2026,690.5,2026_S1,77,2023,630.65,706,521
353390,OLÍMPIA,SP,688.0,2025,690.67,2025_S1,74,2025,630.0,739,528
521710,PIRACANJUBA,GO,687.14,2026,706.0,2026_S2,64,2023,622.9,706,540
291600,ITANHÉM,BA,686.0,2026,690.0,2026_S2,44,2023,648.46,697,574
311430,CARMO DO PARANAÍBA,MG,685.67,2025,687.33,2025_S1,65,2023,639.06,697,559
312410,ESMERALDAS,MG,685.29,2026,707.0,2026_S2,87,2024,584.6,707,449
315560,RIO PARDO DE MINAS,MG,684.67,2025,695.67,2025_S2,49,2023,638.5,702,565
352260,ITAPIRA,SP,684.58,2025,692.17,2025_S1,57,2024,631.62,703,553
315820,SANTA MARIA DO SUAÇUÍ,MG,683.58,2025,694.67,2025_S1,260,2025,648.94,721,461
330210,ITAOCARA,RJ,683.43,2026,703.0,2026_S2,52,2024,639.5,703,570
312670,FRANCISCO SÁ,MG,683.25,2025,691.67,2024_S2,45,2023,659.54,702,604
231395,VARJOTA,CE,683.14,2026,691.0,2026_S2,79,2024,580.69,691,475
150808,TUCUMÃ,PA,679.08,2025,688.67,2025_S2,56,2024,633.62,701,550
521220,JUSSARA,GO,678.43,2026,691.0,2026_S2,74,2025,594.04,691,513
412090,QUEDAS DO IGUAÇU,PR,677.86,2026,685.0,2025_S2,66,2024,619.04,688,518
500210,BELA VISTA,MS,677.14,2026,693.0,2026_S2,47,2023,617.9,693,557
500500,JARDIM,MS,677.14,2026,688.0,2026_S2,72,2023,640.17,688,553
211060,SÃO BERNARDO,MA,676.33,2025,684.5,2025_S2,86,2024,618.08,687,536
350190,AMPARO,SP,675.75,2025,677.67,2025_S1,74,2023,626.44,695,550
290120,ANAGÉ,BA,673.29,2026,686.0,2026_S2,61,2023,623.31,686,541
292440,PILÃO ARCADO,BA,673.08,2025,682.0,2025_S2,63,2023,629.15,689,530
291730,ITUBERÁ,BA,671.58,2025,672.0,2025_S2,52,2024,620.33,685,543
310630,BELO ORIENTE,MG,671.17,2025,684.33,2025_S2,81,2023,589.62,692,439
270710,PIRANHAS,AL,671.14,2026,684.0,2026_S2,135,2024,550.69,684,428
412060,PRUDENTÓPOLIS,PR,671.08,2025,671.67,2025_S2,42,2023,636.15,684,568
210980,SANTA HELENA,MA,670.92,2025,674.0,2025_S2,77,2024,606.58,683,523
292575,PRESIDENTE TANCREDO NEVES,BA,670.29,2026,693.0,2026_S2,96,2024,554.1,693,417
316240,SÃO JOÃO DA PONTE,MG,670.0,2025,680.33,2025_S2,63,2024,613.71,687,527
410880,GUAÍRA,PR,669.83,2025,681.0,2026_S2,71,2024,640.33,681,583
354070,PORTO FERREIRA,SP,669.5,2025,673.67,2025_S2,118,2025,609.1,752,527
312950,IBIÁ,MG,668.42,2025,676.0,2025_S2,63,2023,621.25,682,514
317090,VARZELÂNDIA,MG,667.92,2025,669.0,2025_S2,45,2024,627.04,676,552
250110,AREIA,PB,667.57,2026,676.0,2026_S2,63,2024,594.58,676,490
210830,PENALVA,MA,666.83,2025,680.83,2025_S2,83,2024,591.12,688,480
432080,SOLEDADE,RS,666.33,2024,674.83,2024_S2,51,2026,640.21,681,583
250150,BANANEIRAS,PB,665.14,2026,672.0,2026_S2,95,2024,568.88,673,443
220580,LUZILÂNDIA,PI,665.0,2026,710.0,2026_S2,83,2026,582.12,710,492
352030,IGUAPE,SP,664.83,2025,674.83,2025_S1,117,2025,627.1,735,555
250190,BELÉM,PB,663.43,2026,669.67,2025_S2,60,2024,611.27,675,545
311930,COROMANDEL,MG,663.29,2026,680.0,2026_S2,69,2023,612.65,680,508
312420,ESPERA FELIZ,MG,662.25,2025,668.67,2025_S2,56,2024,607.77,673,516
210900,PORTO FRANCO,MA,661.0,2026,685.0,2026_S2,80,2024,550.48,685,437
292120,MIGUEL CALMON,BA,660.42,2025,667.67,2025_S2,50,2024,615.08,675,549
260080,ALTINHO,PE,660.33,2025,669.33,2025_S2,58,2026,620.54,674,555
352930,MATÃO,SP,660.25,2025,661.33,2025_S2,45,2024,623.4,666,555
150745,SÃO GERALDO DO ARAGUAIA,PA,659.75,2025,665.67,2025_S2,85,2024,581.65,670,443
140047,RORAINÓPOLIS,RR,659.57,2026,671.0,2026_S2,105,2023,528.33,671,342
251230,PRINCESA ISABEL,PB,657.29,2026,675.0,2026_S2,58,2024,584.5,675,480
355380,TAQUARITUBA,SP,656.92,2025,673.83,2025_S1,153,2025,595.0,778,513
320080,BAIXO GUANDU,ES,656.57,2026,669.0,2026_S2,77,2024,577.85,669,471
421770,SOMBRIO,SC,656.0,2026,667.0,2026_S2,84,2024,555.06,668,450
431405,PAROBÉ,RS,656.0,2026,672.0,2026_S2,95,2023,559.65,672,412
320020,ALEGRE,ES,655.43,2026,677.0,2026_S2,82,2024,565.0,677,437
330370,PARAÍBA DO SUL,RJ,655.33,2025,662.83,2025_S1,50,2024,617.46,669,515
314400,MUTUM,MG,655.29,2026,671.0,2026_S2,67,2024,587.81,671,485
351960,IBITINGA,SP,654.92,2025,663.0,2026_S2,79,2023,590.25,664,470
260460,CONDADO,PE,654.86,2026,661.0,2026_S2,83,2024,561.9,664,442
521890,RUBIATABA,GO,654.86,2026,663.0,2026_S2,83,2024,557.42,663,405
320410,PINHEIROS,ES,654.86,2026,671.0,2026_S2,82,2024,572.23,671,476
261380,SÃO VICENTE FÉRRER,PE,654.43,2026,669.0,2026_S2,73,2024,565.56,669,443
241260,SÃO PAULO DO POTENGI,RN,654.08,2024,670.17,2024_S1,226,2024,569.12,718,468
500325,COSTA RICA,MS,653.75,2025,663.0,2026_S2,43,2023,612.58,671,523
292380,PARIPIRANGA,BA,653.57,2026,659.0,2026_S2,68,2024,596.17,663,513
421010,MAFRA,SC,653.0,2025,686.0,2026_S2,71,2026,625.31,686,553
290410,BOQUIRA,BA,652.92,2025,663.0,2026_S2,57,2024,610.38,664,533
320470,SÃO GABRIEL DA PALHA,ES,652.57,2026,667.0,2026_S2,333,2025,573.94,672,339
293200,UAUÁ,BA,650.33,2025,656.17,2025_S2,65,2024,589.56,660,491
521570,PALMEIRAS DE GOIÁS,GO,650.0,2026,680.0,2026_S2,124,2024,504.71,680,352
211290,VITÓRIA DO MEARIM,MA,648.5,2024,667.0,2024_S2,63,2024,609.27,681,524
230380,CEDRO,CE,648.14,2026,660.0,2026_S2,85,2024,554.02,660,435
280020,AQUIDABÃ,SE,648.14,2026,650.0,2026_S2,98,2024,544.56,660,426
313780,LAMBARI,MG,648.08,2025,652.5,2025_S2,69,2024,584.94,657,463
150543,OURILÂNDIA DO NORTE,PA,647.29,2026,667.0,2026_S2,68,2024,577.17,667,461
316970,TURMALINA,MG,647.25,2025,652.5,2025_S2,49,2023,602.4,655,515
220050,AMARANTE,PI,646.83,2025,647.33,2025_S1,63,2024,607.31,654,566
291550,ITAJUÍPE,BA,645.92,2024,660.17,2024_S1,47,2023,638.44,666,610
510320,COLÍDER,MT,645.08,2025,654.83,2025_S2,64,2023,598.65,658,510
351280,COSMÓPOLIS,SP,644.33,2025,653.83,2025_S1,80,2023,597.58,660,499
510510,JUARA,MT,642.43,2026,660.83,2025_S2,108,2025,592.02,664,499
314610,OURO PRETO,MG,642.42,2025,643.33,2025_S1,67,2023,592.04,654,499
521770,PONTALINA,GO,641.14,2026,651.0,2026_S2,48,2024,589.23,651,508
261630,VICÊNCIA,PE,641.08,2025,647.67,2025_S2,54,2024,597.48,653,527
314480,NOVA LIMA,MG,641.0,2025,650.0,2025_S1,69,2024,585.77,666,487
130110,CAREIRO,AM,639.86,2026,696.0,2026_S2,352,2025,498.04,892,352
320210,ECOPORANGA,ES,639.0,2025,646.0,2025_S2,54,2023,589.62,652,500
231085,PINDORETAMA,CE,639.0,2026,658.0,2026_S2,67,2023,559.58,658,429
260660,IBIMIRIM,PE,638.86,2026,651.67,2025_S2,109,2024,538.58,658,387
420360,CAMPOS NOVOS,SC,638.17,2025,645.5,2025_S2,58,2026,595.02,650,535
150460,MOCAJUBA,PA,638.08,2025,649.0,2025_S2,56,2026,600.69,653,524
354680,SANTA ISABEL,SP,637.92,2025,641.5,2025_S2,62,2023,583.73,657,476
230425,CRUZ,CE,637.71,2026,661.0,2026_S2,88,2024,536.1,661,396
231300,SOLONÓPOLE,CE,636.86,2026,651.5,2025_S1,292,2025,611.5,666,374
330480,SÃO FIDÉLIS,RJ,636.14,2026,639.0,2026_S2,70,2026,551.52,663,435
210850,PINDARÉ-MIRIM,MA,635.67,2025,647.17,2025_S2,61,2024,579.31,652,497
150050,ALMEIRIM,PA,635.67,2025,655.5,2025_S1,266,2025,570.58,671,405
314930,PEDRO LEOPOLDO,MG,635.67,2025,651.83,2025_S2,60,2023,576.75,666,488
320405,PEDRO CANÁRIO,ES,635.43,2026,650.0,2026_S2,92,2024,525.94,650,409
411930,PINHÃO,PR,635.0,2025,641.83,2025_S2,56,2023,606.19,649,540
130353,PRESIDENTE FIGUEIREDO,AM,632.0,2025,633.83,2025_S1,79,2024,562.08,639,424
291180,GUARATINGA,BA,631.67,2025,633.5,2025_S2,45,2024,590.83,641,515
520910,GOIATUBA,GO,630.86,2026,631.5,2025_S2,50,2024,579.44,638,531
270070,BATALHA,AL,630.08,2024,639.33,2024_S2,39,2024,611.42,651,583
220260,CASTELO DO PIAUÍ,PI,630.0,2025,633.33,2025_S2,48,2024,594.38,636,539
311160,CAMPOS GERAIS,MG,629.83,2025,633.0,2025_S2,36,2026,599.6,636,542
293015,SERRA DO RAMALHO,BA,629.33,2025,633.5,2025_S2,67,2024,581.9,641,507
230560,INDEPENDÊNCIA,CE,628.29,2026,629.33,2026_S1,73,2024,551.73,640,454
315580,RIO POMBA,MG,626.71,2026,634.83,2025_S2,38,2024,587.31,637,516
320230,GUAÇUÍ,ES,626.71,2026,635.0,2026_S2,85,2023,576.0,635,447
260220,BOM JARDIM,PE,626.0,2026,649.0,2026_S2,54,2024,598.0,649,567
350970,CAMPOS DO JORDÃO,SP,625.58,2025,630.0,2024_S2,45,2024,596.88,637,538
230920,NOVA OLINDA,CE,625.43,2026,642.0,2026_S2,75,2024,517.6,642,393
150309,GOIANÉSIA DO PARÁ,PA,624.25,2025,634.33,2025_S2,101,2024,544.85,641,426
230495,GUAIÚBA,CE,623.29,2026,646.0,2026_S2,105,2024,488.08,646,347
521740,PIRES DO RIO,GO,622.43,2026,642.0,2026_S2,82,2023,535.25,642,409
317080,VÁRZEA DA PALMA,MG,620.71,2026,630.0,2026_S2,41,2024,574.23,633,492
240050,ALEXANDRIA,RN,620.43,2026,629.0,2026_S2,63,2024,543.02,629,453
150715,SÃO DOMINGOS DO ARAGUAIA,PA,620.42,2025,628.33,2024_S2,50,2023,594.88,636,525
260370,CANHOTINHO,PE,620.25,2025,628.5,2025_S2,69,2024,556.0,635,471
500560,MIRANDA,MS,620.14,2026,628.0,2026_S2,66,2024,572.77,628,495
311060,CAMBUÍ,MG,619.42,2025,631.0,2025_S2,98,2024,553.83,633,451
431480,PORTÃO,RS,619.08,2025,621.83,2025_S2,116,2022,548.83,631,361
315150,PIUMHI,MG,618.86,2026,631.0,2026_S2,61,2023,567.56,631,476
410240,BANDEIRANTES,PR,618.14,2026,627.83,2025_S2,69,2024,552.25,631,464
230450,FRECHEIRINHA,CE,618.0,2026,653.0,2026_S2,89,2025,527.33,653,467
260030,AGRESTINA,PE,617.86,2026,641.0,2026_S2,83,2024,533.56,641,414
311370,CARLOS CHAGAS,MG,617.43,2026,638.0,2026_S2,120,2025,577.48,638,487
150670,SANTANA DO ARAGUAIA,PA,616.43,2026,624.0,2026_S2,82,2024,547.23,630,418
316210,SÃO GOTARDO,MG,615.17,2025,621.0,2025_S1,57,2024,578.67,628,514
510170,BARRA DO BUGRES,MT,614.86,2026,619.0,2026_S2,260,2025,544.21,629,369
311510,CÁSSIA,MG,614.42,2024,616.67,2024_S1,103,2022,570.5,634,454
260040,ÁGUA PRETA,PE,613.58,2025,615.67,2025_S2,61,2024,566.4,620,503
250060,ALHANDRA,PB,612.57,2026,625.0,2026_S2,80,2024,539.25,628,451
150830,VISEU,PA,612.57,2026,638.0,2026_S2,68,2024,529.15,638,433
291770,JAGUARARI,BA,611.58,2025,612.33,2025_S1,51,2023,572.4,622,499
250710,ITAPOROROCA,PB,611.43,2026,622.0,2026_S2,101,2025,491.23,622,375
160050,OIAPOQUE,AP,610.43,2026,643.0,2026_S2,90,2025,476.12,643,355
110033,NOVA MAMORÉ,RO,610.0,2026,611.67,2025_S2,59,2023,553.88,624,472
355020,SÃO MIGUEL ARCANJO,SP,609.5,2025,616.33,2025_S1,43,2025,569.96,623,500
355150,SERRANA,SP,609.08,2025,616.0,2026_S2,76,2024,544.33,620,418
292590,QUIJINGUE,BA,609.0,2025,614.83,2025_S2,39,2023,571.31,617,509
250070,SÃO JOÃO DO RIO DO PEIXE,PB,608.92,2025,611.67,2025_S2,32,2026,583.62,614,538
354640,SANTA CRUZ DO RIO PARDO,SP,607.83,2025,612.5,2025_S1,58,2024,568.19,616,509
411320,LAPA,PR,607.33,2025,620.0,2025_S2,82,2025,570.85,628,514
211010,SANTA QUITÉRIA DO MARANHÃO,MA,606.0,2026,611.0,2026_S2,461,2025,523.25,633,172
311000,CAETÉ,MG,604.58,2025,605.83,2025_S1,73,2024,540.79,627,427
353650,PAULÍNIA,SP,604.08,2025,614.33,2025_S1,95,2024,531.04,619,409
290110,AMÉLIA RODRIGUES,BA,603.92,2025,606.83,2025_S2,43,2023,565.29,613,506
314070,MATEUS LEME,MG,603.67,2025,616.17,2025_S1,51,2024,585.6,624,547
311110,CAMPINA VERDE,MG,603.5,2025,611.0,2025_S2,51,2024,565.75,616,511
261050,PASSIRA,PE,603.25,2025,616.17,2025_S2,74,2024,536.83,618,437
351740,GUAÍRA,SP,602.83,2025,606.33,2025_S1,43,2023,567.29,619,507
251340,SANTA LUZIA,PB,601.86,2026,604.0,2026_S2,54,2024,548.71,607,457
130063,BERURI,AM,601.29,2026,659.0,2026_S2,117,2024,496.58,659,376
230950,ORÓS,CE,600.71,2026,622.0,2026_S2,84,2024,495.04,622,379
241440,TOUROS,RN,599.75,2025,609.83,2025_S2,59,2024,542.42,616,439
353350,NOVO HORIZONTE,SP,599.43,2026,609.0,2026_S2,71,2023,548.83,616,463
210590,LAGO VERDE,MA,599.42,2025,601.17,2025_S1,71,2026,577.44,608,499
150293,DOM ELISEU,PA,599.0,2026,614.0,2026_S2,78,2024,516.33,614,374
351820,GUARARAPES,SP,598.25,2024,602.67,2024_S2,64,2025,574.17,606,538
520330,BELA VISTA DE GOIÁS,GO,597.57,2026,604.0,2026_S2,51,2023,548.92,605,464
292370,PARATINGA,BA,596.58,2025,599.33,2025_S1,23,2026,581.06,603,556
320300,IÚNA,ES,596.43,2026,606.0,2026_S2,61,2023,532.31,606,427
210640,MATA ROMA,MA,596.33,2025,597.5,2025_S1,57,2024,550.69,616,503
150445,MEDICILÂNDIA,PA,596.14,2026,610.0,2026_S2,82,2025,478.85,610,360
316270,SÃO JOÃO DO PARAÍSO,MG,595.42,2025,605.83,2025_S2,44,2024,551.92,611,483
430676,ELDORADO DO SUL,RS,595.14,2026,617.0,2026_S2,82,2023,520.6,617,375
420700,IÇARA,SC,595.08,2025,604.17,2025_S2,58,2024,547.29,606,459
250440,CONCEIÇÃO,PB,593.67,2024,602.17,2024_S1,58,2024,576.54,620,551
290350,BELO CAMPO,BA,593.57,2026,597.33,2025_S2,81,2024,511.83,609,407
270570,OLHO DÁGUA DAS FLORES,AL,593.14,2026,598.17,2025_S2,72,2024,514.31,607,408
330300,MIRACEMA,RJ,593.14,2026,599.5,2025_S2,61,2023,551.29,604,467
293270,URUÇUCA,BA,592.33,2025,600.83,2025_S1,51,2026,568.96,610,505
292930,SÃO GONÇALO DOS CAMPOS,BA,592.29,2026,612.0,2026_S2,60,2024,532.75,612,416
330575,TANGUÁ,RJ,591.43,2026,621.0,2026_S2,92,2024,474.77,621,323
353880,PIRAJU,SP,590.67,2025,594.0,2026_S2,53,2024,549.38,599,471
292890,SÃO DESIDÉRIO,BA,590.17,2025,597.67,2025_S2,51,2024,539.67,601,454
291680,ITARANTIM,BA,589.43,2026,611.0,2026_S2,77,2024,484.73,611,383
410660,CRUZEIRO DO OESTE,PR,588.0,2025,592.83,2025_S1,58,2024,531.96,602,437
210542,ITINGA DO MARANHÃO,MA,587.75,2025,594.5,2024_S2,30,2025,577.19,602,557
315280,PRATA,MG,586.86,2026,600.0,2026_S2,58,2024,497.31,600,398
430660,DOM PEDRITO,RS,585.67,2025,589.0,2025_S1,38,2024,554.92,597,485
150700,SANTO ANTÔNIO DO TAUÁ,PA,585.14,2026,592.0,2026_S2,73,2024,496.48,592,355
130150,ENVIRA,AM,584.14,2026,596.0,2026_S2,90,2024,486.06,606,343
170700,DIANÓPOLIS,TO,583.43,2026,651.0,2026_S2,120,2026,506.75,651,423
210467,GOVERNADOR NUNES FREIRE,MA,583.17,2025,592.33,2025_S2,75,2024,516.52,600,406
291835,JOÃO DOURADO,BA,582.83,2025,584.33,2024_S2,38,2026,558.62,594,520
250460,CONDE,PB,582.57,2026,583.0,2026_S1,87,2025,451.94,588,303
290475,BURITIRAMA,BA,582.5,2024,605.0,2025_S1,458,2025,561.35,615,157
411350,LOANDA,PR,582.25,2025,585.0,2025_S1,131,2024,507.92,588,386
250100,ARARUNA,PB,582.25,2025,588.33,2025_S2,49,2023,544.19,591,463
292290,NOVA SOURE,BA,582.14,2026,592.0,2026_S2,62,2024,511.56,592,404
110001,ALTA FLORESTA DOESTE,RO,580.43,2026,591.0,2026_S2,70,2024,510.75,592,427
315680,SABINÓPOLIS,MG,580.42,2023,597.5,2024_S1,137,2024,522.0,602,436
260775,ITAPISSUMA,PE,579.67,2025,589.5,2025_S2,48,2024,529.38,595,434
280140,CARIRA,SE,579.14,2026,591.83,2025_S2,67,2024,516.44,599,420
520080,ALVORADA DO NORTE,GO,578.71,2026,590.0,2026_S2,64,2024,500.38,590,400
290590,CAMPO ALEGRE DE LOURDES,BA,576.83,2025,584.17,2025_S2,55,2024,528.9,589,463
520490,CAMPOS BELOS,GO,576.71,2026,593.0,2026_S2,86,2023,490.4,593,338
350220,ANGATUBA,SP,576.42,2025,582.0,2025_S2,62,2025,553.21,591,514
510710,SÃO JOSÉ DOS QUATRO MARCOS,MT,576.14,2026,589.0,2026_S2,211,2025,389.1,589,300
292240,MUTUÍPE,BA,575.5,2025,581.67,2025_S2,45,2023,534.85,588,472
280580,RIACHÃO DO DANTAS,SE,575.29,2026,579.0,2026_S2,40,2024,529.08,583,461
313900,MACHADO,MG,574.33,2025,579.5,2025_S2,69,2023,534.52,586,452
310020,ABAETÉ,MG,573.08,2024,580.17,2024_S2,46,2025,547.83,587,497
313090,INHAPIM,MG,573.08,2025,575.67,2025_S2,57,2023,526.6,583,441
261500,TAQUARITINGA DO NORTE,PE,572.71,2026,579.5,2025_S2,70,2024,502.06,592,405
251140,PICUÍ,PB,572.43,2026,578.0,2026_S2,61,2024,501.19,580,390
351760,GUAPIARA,SP,571.17,2023,584.5,2024_S1,59,2024,558.06,600,510
220620,MIGUEL ALVES,PI,570.57,2026,593.0,2026_S2,40,2023,530.19,593,467
313600,JOAÍMA,MG,570.14,2026,581.5,2025_S2,70,2024,505.5,590,410
421930,VIDEIRA,SC,570.0,2024,579.33,2024_S2,57,2025,537.71,582,476
510480,JACIARA,MT,569.57,2026,576.67,2025_S2,55,2024,518.4,582,438
410860,GOIOERÊ,PR,569.43,2026,569.83,2026_S1,61,2023,520.75,577,417
420730,IMBITUBA,SC,569.33,2025,575.33,2025_S1,78,2023,519.27,585,419
231150,QUIXERÉ,CE,568.71,2026,592.0,2026_S2,61,2025,463.69,592,369
231210,SANTANA DO CARIRI,CE,567.71,2026,596.0,2026_S2,48,2023,514.88,596,445
311300,CARAÍ,MG,567.57,2026,578.0,2026_S2,80,2025,466.19,579,380
150790,SOURE,PA,566.57,2026,591.0,2026_S2,70,2023,491.98,591,395
130080,BORBA,AM,566.42,2025,571.33,2025_S1,79,2024,531.67,589,443
130130,CODAJÁS,AM,562.08,2025,565.83,2024_S2,68,2024,517.0,572,413
270010,ÁGUA BRANCA,AL,561.67,2025,566.33,2025_S2,59,2024,511.79,573,456
292340,PALMAS DE MONTE ALTO,BA,560.86,2026,569.0,2026_S2,70,2025,477.17,570,385
290870,CONDEÚBA,BA,560.71,2026,584.0,2026_S2,57,2026,511.9,584,434
280060,BARRA DOS COQUEIROS,SE,560.43,2026,588.0,2026_S2,98,2025,397.38,588,250
420830,ITAPEMA,SC,559.83,2025,566.0,2025_S1,90,2023,493.23,616,362
250830,LAGOA SECA,PB,558.43,2026,572.0,2026_S2,108,2024,448.29,572,309
430130,ARROIO GRANDE,RS,557.92,2025,562.0,2026_S2,31,2023,531.94,570,479
292320,OLIVEIRA DOS BREJINHOS,BA,557.42,2025,561.0,2025_S2,56,2024,514.58,564,437
315690,SACRAMENTO,MG,557.25,2025,559.0,2026_S2,46,2023,525.06,566,447
230430,FARIAS BRITO,CE,556.0,2026,564.0,2026_S2,68,2024,478.73,564,379
260540,FEIRA NOVA,PE,555.58,2025,571.0,2026_S2,60,2024,503.58,571,426
313010,IGARAPÉ,MG,555.58,2025,563.0,2025_S1,56,2023,507.77,570,420
500220,BONITO,MS,554.29,2026,567.0,2026_S2,46,2023,518.81,567,459
354530,SALTO DE PIRAPORA,SP,554.25,2025,561.0,2026_S2,56,2024,504.04,564,425
421360,PORTO UNIÃO,SC,554.0,2024,557.17,2024_S1,46,2025,528.85,559,471
230650,ITAPIÚNA,CE,551.57,2026,559.0,2026_S2,77,2023,509.88,560,424
320340,MIMOSO DO SUL,ES,551.0,2025,552.83,2025_S2,71,2023,513.23,558,409
500315,CORONEL SAPUCAIA,MS,550.92,2025,556.17,2025_S2,52,2023,522.9,566,470
311800,CONGONHAS,MG,550.25,2025,552.33,2025_S1,47,2023,519.96,562,452
313920,MALACACHETA,MG,549.67,2025,553.83,2025_S2,46,2023,513.88,559,439
355340,TANABI,SP,549.5,2024,549.83,2024_S1,42,2023,524.33,556,482
500769,SÃO GABRIEL DO OESTE,MS,549.42,2025,552.67,2025_S2,85,2024,495.5,562,411
350380,ARTUR NOGUEIRA,SP,548.83,2025,554.0,2025_S1,97,2023,485.83,570,350
150350,IRITUIA,PA,548.43,2026,574.0,2026_S2,91,2024,449.77,574,321
270750,PORTO REAL DO COLÉGIO,AL,548.33,2025,548.5,2025_S1,35,2023,519.71,558,478
261020,PANELAS,PE,548.14,2026,564.0,2026_S2,46,2025,500.98,564,441
350250,APARECIDA,SP,548.08,2025,556.83,2024_S2,32,2024,532.35,562,499
150660,SANTA MARIA DO PARÁ,PA,548.0,2025,555.83,2025_S2,76,2023,490.44,561,382
130330,NOVO ARIPUANÃ,AM,546.92,2025,559.67,2025_S1,74,2022,532.17,568,460
521450,NERÓPOLIS,GO,546.75,2025,547.33,2025_S1,62,2024,503.4,552,431
230200,BARRO,CE,546.71,2026,564.0,2026_S2,66,2025,451.6,564,344
250250,BOQUEIRÃO,PB,546.71,2026,548.5,2025_S2,85,2025,450.81,562,329
352620,JUQUITIBA,SP,546.42,2025,549.5,2025_S1,50,2023,503.04,557,426
210200,BOM JARDIM,MA,545.5,2024,574.83,2024_S1,79,2024,537.44,586,502
500740,RIO VERDE DE MATO GROSSO,MS,545.14,2026,550.0,2026_S2,56,2024,498.6,553,419
270235,CRAÍBAS,AL,544.86,2026,550.0,2026_S2,59,2023,472.52,550,386
310110,AIMORÉS,MG,544.57,2026,569.0,2026_S2,81,2024,469.44,569,368
230340,CARNAUBAL,CE,544.43,2026,554.0,2026_S2,54,2024,461.35,554,362
421580,SÃO BENTO DO SUL,SC,544.33,2025,547.5,2025_S2,48,2024,500.35,567,425
355010,SÃO MANUEL,SP,544.0,2025,569.0,2025_S1,73,2025,504.15,575,401
314290,MONTE AZUL,MG,542.43,2026,555.0,2026_S2,50,2024,494.44,555,424
221120,URUÇUÍ,PI,542.25,2025,555.0,2026_S2,59,2024,493.33,555,403
311750,CONCEIÇÃO DO MATO DENTRO,MG,542.17,2024,548.67,2025_S1,143,2025,526.81,556,412
510335,CONFRESA,MT,542.0,2025,551.33,2025_S2,69,2024,487.75,562,397
130356,RIO PRETO DA EVA,AM,541.92,2025,560.0,2026_S2,78,2024,485.77,560,359
231170,RERIUTABA,CE,540.33,2025,554.0,2025_S2,85,2024,470.23,561,377
292910,SÃO FELIPE,BA,539.5,2025,542.0,2025_S2,65,2024,483.71,550,378
150030,AFUÁ,PA,539.0,2026,580.0,2026_S2,80,2026,414.81,580,311
353550,PARAGUAÇU PAULISTA,SP,538.75,2025,545.17,2025_S1,45,2026,514.88,551,468
291040,ENCRUZILHADA,BA,537.71,2026,543.0,2026_S2,63,2024,470.94,543,376
330620,VASSOURAS,RJ,537.58,2025,560.0,2026_S2,56,2023,505.5,560,412
311320,CARANDAÍ,MG,536.67,2025,539.17,2024_S2,39,2026,517.85,548,469
210550,JOÃO LISBOA,MA,536.14,2026,542.0,2026_S2,57,2024,481.08,549,412
350860,CACHOEIRA PAULISTA,SP,536.08,2025,541.0,2025_S2,108,2024,465.88,547,356
431130,LAGOA VERMELHA,RS,534.33,2025,536.83,2024_S2,44,2024,508.35,547,463
280560,PORTO DA FOLHA,SE,534.25,2025,541.0,2026_S2,54,2024,496.6,543,434
210740,OLHO DÁGUA DAS CUNHÃS,MA,534.0,2025,538.17,2025_S2,52,2024,492.65,544,447
350940,CAJURU,SP,533.57,2026,563.0,2026_S2,76,2024,475.02,563,390
210060,AMARANTE DO MARANHÃO,MA,533.0,2026,553.0,2026_S2,41,2024,487.98,553,427
291440,IRAQUARA,BA,532.83,2025,534.83,2025_S2,55,2023,502.58,539,435
293077,SOBRADINHO,BA,530.86,2026,540.0,2026_S2,77,2024,450.42,540,336
311730,CONCEIÇÃO DAS ALAGOAS,MG,530.71,2026,547.0,2026_S2,46,2025,471.29,547,404
211240,TURIAÇU,MA,530.71,2026,532.67,2026_S1,86,2025,414.69,547,298
352510,JARDINÓPOLIS,SP,530.14,2026,554.0,2026_S2,64,2024,467.71,554,378
315490,RIO CASCA,MG,529.25,2024,543.83,2024_S1,70,2024,504.65,557,456
150085,ANAPU,PA,528.29,2026,535.83,2025_S2,96,2024,423.62,541,266
130390,SÃO PAULO DE OLIVENÇA,AM,527.42,2025,532.67,2025_S2,54,2024,465.23,543,370
210090,ARAIOSES,MA,527.14,2026,555.0,2026_S2,96,2024,444.0,555,307
290930,CORRENTINA,BA,526.92,2025,539.67,2025_S2,50,2024,477.08,543,408
220150,BATALHA,PI,526.86,2026,542.0,2026_S2,54,2024,445.02,542,366
410400,CAMPINA GRANDE DO SUL,PR,526.67,2025,527.83,2025_S1,74,2023,479.25,540,374
313190,ITABIRITO,MG,525.58,2025,532.33,2025_S1,47,2024,492.81,540,435
412560,SÃO MATEUS DO SUL,PR,525.5,2025,534.0,2025_S2,61,2025,497.04,543,446
350070,AGUDOS,SP,525.33,2024,532.5,2025_S1,48,2023,500.42,541,458
350920,CAJAMAR,SP,525.08,2025,533.0,2025_S1,61,2024,485.31,542,412
231355,TURURU,CE,523.86,2026,543.0,2026_S2,74,2024,439.67,543,344
291510,ITAGI,BA,523.43,2026,531.0,2026_S2,31,2024,500.52,531,459
354150,PRESIDENTE VENCESLAU,SP,521.92,2025,529.0,2025_S1,69,2023,466.29,530,367
410970,IBAITI,PR,520.92,2025,530.33,2025_S2,50,2024,473.52,538,408
210290,CARUTAPERA,MA,520.86,2026,525.83,2025_S1,421,2025,445.31,549,128
353190,MORRO AGUDO,SP,520.5,2025,524.0,2026_S2,95,2024,455.5,528,360
430690,ENCRUZILHADA DO SUL,RS,520.43,2026,536.0,2026_S2,74,2024,431.29,536,338
150548,PACAJÁ,PA,520.43,2026,532.0,2026_S2,78,2024,422.44,535,321
260310,CACHOEIRINHA,PE,519.71,2026,537.0,2026_S2,46,2024,478.83,537,412
231110,PORTEIRAS,CE,519.29,2026,552.0,2026_S2,63,2024,414.98,552,318
313860,LIMA DUARTE,MG,519.0,2026,525.0,2026_S2,52,2025,442.94,529,356
293030,SERRA DOURADA,BA,518.8,2022,522.5,2023_S1,101,2023,463.25,530,422
150430,MARACANÃ,PA,518.75,2025,528.0,2025_S2,51,2023,483.96,533,412
221080,SIMPLÍCIO MENDES,PI,518.57,2026,545.0,2026_S2,72,2024,433.9,545,330
260450,CHÃ GRANDE,PE,518.25,2025,529.67,2025_S2,82,2023,441.19,536,313
430390,CAMPO BOM,RS,518.08,2025,527.17,2025_S2,66,2022,472.6,536,369
270480,MARIBONDO,AL,516.86,2026,524.0,2026_S2,98,2024,487.21,524,413
351670,GARÇA,SP,516.33,2025,522.17,2025_S1,53,2024,488.17,530,446
353670,PEDERNEIRAS,SP,515.08,2025,518.0,2025_S1,51,2024,476.54,531,416
410960,GUARATUBA,PR,514.58,2025,514.83,2025_S1,82,2024,456.38,522,365
260560,FLORES,PE,514.5,2025,520.5,2025_S2,61,2024,461.98,526,389
411570,MATINHOS,PR,514.14,2026,529.0,2026_S2,67,2024,439.65,529,330
110025,PRESIDENTE MÉDICI,RO,514.08,2024,516.83,2024_S2,29,2025,492.21,528,461
314860,PEÇANHA,MG,514.0,2025,519.17,2025_S2,49,2023,496.0,525,454
352180,ITAÍ,SP,513.43,2026,521.0,2026_S2,38,2023,482.6,521,425
280540,POÇO REDONDO,SE,513.33,2023,564.67,2024_S1,165,2024,476.17,588,410
310690,BICAS,MG,513.25,2025,542.0,2026_S2,56,2026,483.71,542,438
314560,OLIVEIRA,MG,512.75,2024,529.33,2025_S1,252,2025,501.65,538,286
410720,DOIS VIZINHOS,PR,512.67,2025,516.83,2025_S2,75,2024,454.52,521,357
500240,CAARAPÓ,MS,512.14,2026,512.33,2026_S1,37,2024,469.31,522,423
150277,CURIONÓPOLIS,PA,512.0,2026,520.0,2026_S2,57,2024,462.77,520,384
330410,PORCIÚNCULA,RJ,511.83,2025,532.0,2026_S2,49,2023,467.02,532,379
521720,PIRANHAS,GO,511.0,2026,525.0,2026_S2,49,2022,461.31,525,359
260750,ITAÍBA,PE,510.83,2025,515.33,2025_S2,37,2024,470.62,520,423
260020,AFRÂNIO,PE,509.5,2025,511.33,2025_S2,71,2024,450.96,520,364
261150,QUIPAPÁ,PE,509.43,2026,513.5,2025_S2,36,2025,473.77,517,434
291915,LAPÃO,BA,509.29,2026,521.0,2026_S2,48,2023,459.5,521,385
352990,MIRACATU,SP,508.25,2024,518.0,2024_S2,157,2025,491.27,521,363
292790,SANTA INÊS,BA,508.0,2026,514.0,2026_S2,39,2024,477.54,514,416
250280,BREJO DO CRUZ,PB,507.14,2026,535.0,2026_S2,72,2024,411.17,535,315
290990,CURAÇÁ,BA,506.86,2026,519.0,2026_S2,48,2024,437.23,519,348
110080,CANDEIAS DO JAMARI,RO,505.0,2026,531.0,2026_S2,64,2025,404.42,531,308
411750,PAIÇANDU,PR,503.92,2025,514.67,2025_S2,72,2024,439.77,550,342
330140,CONCEIÇÃO DE MACABU,RJ,503.83,2025,512.33,2025_S1,84,2023,458.02,516,355
412170,RESERVA,PR,502.92,2025,505.33,2025_S1,36,2026,481.19,515,444
170820,FORMOSO DO ARAGUAIA,TO,502.92,2025,511.83,2025_S2,47,2023,458.29,514,389
353130,MONTE ALTO,SP,502.67,2025,506.33,2025_S1,52,2024,465.98,511,411
411580,MEDIANEIRA,PR,502.25,2025,504.5,2025_S1,80,2024,480.52,519,434
314100,MATO VERDE,MG,502.17,2025,506.33,2025_S2,42,2024,471.27,509,418
522040,SÃO SIMÃO,GO,501.71,2026,506.0,2026_S2,69,2023,453.25,506,342
210400,ESPERANTINÓPOLIS,MA,500.67,2025,507.33,2025_S2,70,2024,442.5,512,342
420940,LAGUNA,SC,500.33,2025,510.5,2025_S2,172,2025,469.04,525,353
500540,MARACAJU,MS,499.14,2026,518.0,2026_S2,47,2023,464.67,518,402
250300,CAAPORÃ,PB,498.86,2026,505.0,2026_S2,69,2025,424.65,515,355
310855,BRASILÂNDIA DE MINAS,MG,498.71,2026,502.17,2025_S2,70,2024,436.17,508,324
500430,IGUATEMI,MS,498.43,2026,517.0,2026_S2,73,2024,448.5,517,380
314280,MONTE ALEGRE DE MINAS,MG,498.0,2026,509.0,2026_S2,34,2025,455.06,509,402
230670,JAGUARETAMA,CE,497.43,2026,502.0,2026_S2,52,2024,452.02,504,385
291830,JITAÚNA,BA,497.17,2025,503.67,2025_S2,31,2024,470.52,510,422
220320,CURIMATÁ,PI,497.08,2025,501.5,2025_S2,37,2023,467.33,506,404
320010,AFONSO CLÁUDIO,ES,496.83,2025,501.33,2025_S2,40,2024,461.4,505,399
150307,GARRAFÃO DO NORTE,PA,496.83,2025,511.0,2026_S2,55,2024,447.42,511,369
230660,ITATIRA,CE,496.71,2026,510.0,2026_S2,77,2024,420.96,512,292
230310,CARIRÉ,CE,496.67,2025,504.0,2026_S2,90,2024,427.27,506,342
350560,BARRINHA,SP,496.5,2025,506.0,2024_S2,60,2025,466.58,519,407
354060,PORTO FELIZ,SP,495.92,2025,507.83,2025_S1,63,2023,459.83,511,369
310510,BAMBUÍ,MG,494.92,2025,498.17,2024_S2,34,2023,478.65,503,423
412800,UBIRATÃ,PR,494.5,2025,496.5,2025_S2,54,2024,458.92,504,395
290370,BOA NOVA,BA,494.42,2025,500.5,2025_S2,34,2023,456.92,506,401
260610,GLÓRIA DO GOITÁ,PE,494.17,2025,503.67,2025_S2,62,2023,433.9,509,337
352520,JARINU,SP,493.92,2025,501.67,2025_S1,54,2023,461.65,513,386
292620,RIACHÃO DAS NEVES,BA,493.58,2024,495.0,2024_S2,32,2023,469.94,502,441
290280,BARRA DA ESTIVA,BA,493.57,2026,506.5,2025_S2,63,2024,433.4,511,335
352970,MIGUELÓPOLIS,SP,493.43,2026,506.0,2026_S2,40,2023,449.83,506,390
230763,MADALENA,CE,493.29,2026,497.5,2025_S2,81,2024,417.15,504,283
240930,PATU,RN,493.14,2026,495.0,2026_S2,43,2023,447.65,500,374
240080,ANGICOS,RN,493.14,2026,494.0,2026_S1,39,2023,458.69,498,391
250040,ALAGOA NOVA,PB,492.29,2026,498.0,2026_S2,71,2024,405.29,499,319
160040,MAZAGÃO,AP,491.71,2026,595.0,2026_S2,190,2026,311.96,595,197
150600,PRAINHA,PA,491.43,2026,511.0,2026_S2,85,2023,425.71,511,313
430850,FREDERICO WESTPHALEN,RS,491.0,2025,494.83,2025_S2,41,2024,464.44,498,417
230185,BANABUIÚ,CE,490.0,2026,495.33,2025_S2,58,2023,441.48,499,355
260590,GAMELEIRA,PE,489.75,2025,495.5,2025_S2,59,2024,439.21,499,362
261170,RIACHO DAS ALMAS,PE,489.67,2025,500.83,2025_S2,51,2024,443.0,506,364
310420,ARCOS,MG,489.0,2025,491.33,2025_S1,78,2024,433.83,500,346
310260,ANDRADAS,MG,488.0,2024,493.67,2024_S2,43,2025,458.29,498,396
500190,BATAGUASSU,MS,486.43,2026,492.0,2026_S2,36,2024,446.15,493,381
320140,CASTELO,ES,486.08,2025,489.0,2025_S2,72,2023,431.12,493,303
314320,MONTE SANTO DE MINAS,MG,485.33,2025,485.33,2025_S1,53,2023,464.17,495,406
351860,GUARIBA,SP,485.29,2026,503.0,2026_S2,38,2024,456.0,503,403
432130,TAQUARI,RS,485.14,2026,506.0,2026_S2,52,2024,441.29,506,360
210070,ANAJATUBA,MA,484.92,2025,488.17,2025_S2,59,2023,429.96,493,342
261130,POMBOS,PE,484.58,2025,487.67,2025_S2,73,2024,423.88,495,332
510030,ALTO ARAGUAIA,MT,484.43,2026,494.0,2026_S2,76,2024,419.83,494,349
251130,PIANCÓ,PB,484.29,2026,489.0,2026_S2,38,2023,434.21,490,362
291520,ITAGIBÁ,BA,483.83,2025,490.67,2025_S2,28,2025,459.73,495,419
293350,WENCESLAU GUIMARÃES,BA,480.71,2026,487.33,2025_S2,48,2024,439.88,495,370
230395,CHOROZINHO,CE,480.43,2026,494.0,2026_S2,67,2024,388.23,494,295
430440,CANELA,RS,479.83,2025,482.5,2025_S1,56,2023,439.85,501,351
316200,SÃO GONÇALO DO SAPUCAÍ,MG,479.57,2026,487.33,2025_S2,165,2025,446.65,498,333
314410,MUZAMBINHO,MG,479.42,2025,482.0,2026_S2,50,2023,435.96,492,354
350010,ADAMANTINA,SP,479.14,2026,491.0,2026_S2,89,2024,452.08,513,409
291650,ITAPICURU,BA,479.0,2026,492.0,2026_S2,67,2025,400.06,492,304
290030,ACAJUTIBA,BA,478.67,2025,479.5,2025_S2,34,2023,449.65,486,402
150275,CONCÓRDIA DO PARÁ,PA,478.5,2025,480.5,2025_S2,63,2023,439.12,486,340
210510,ICATU,MA,478.08,2024,489.83,2024_S2,46,2026,454.02,497,388
293210,UBAÍRA,BA,477.71,2026,486.0,2026_S2,68,2024,405.56,486,315
314590,OURO BRANCO,MG,477.17,2024,487.0,2025_S1,52,2025,452.38,493,407
230860,MONSENHOR TABOSA,CE,477.14,2026,493.0,2026_S2,73,2024,371.94,493,248
230205,BARROQUINHA,CE,476.86,2026,490.0,2026_S2,86,2024,375.92,490,276
320160,CONCEIÇÃO DA BARRA,ES,475.14,2026,483.0,2026_S2,67,2024,380.4,483,282
230423,CROATÁ,CE,474.71,2026,475.33,2026_S1,68,2024,394.4,483,299
510267,CAMPO VERDE,MT,474.08,2025,479.17,2025_S2,59,2024,425.48,482,338
240610,JUCURUTU,RN,473.75,2025,483.83,2025_S2,42,2026,450.96,488,416
352570,JOSÉ BONIFÁCIO,SP,473.75,2025,492.0,2026_S2,53,2023,439.35,492,362
411010,IMBITUVA,PR,473.75,2025,477.67,2025_S2,47,2024,439.15,484,391
230390,CHAVAL,CE,473.57,2026,496.0,2026_S2,62,2024,392.15,496,304
421720,SÃO MIGUEL DO OESTE,SC,473.33,2024,473.33,2024_S1,37,2025,449.31,484,407
354160,PROMISSÃO,SP,473.17,2024,478.0,2024_S2,52,2025,445.88,497,393
431960,SÃO SEPÉ,RS,472.33,2025,481.5,2025_S1,44,2023,452.62,492,402
355210,SOCORRO,SP,472.25,2025,474.83,2025_S1,51,2024,437.94,481,380
410760,FAXINAL,PR,471.92,2025,477.17,2024_S2,30,2024,455.83,482,424
220310,CRISTINO CASTRO,PI,471.43,2026,488.0,2026_S2,72,2024,382.19,488,280
320420,PIÚMA,ES,471.29,2026,488.0,2026_S2,78,2024,373.77,488,256
270210,COLÔNIA LEOPOLDINA,AL,470.86,2026,474.0,2025_S2,57,2024,406.94,481,333
210520,IGARAPÉ GRANDE,MA,470.83,2025,476.0,2025_S2,76,2024,417.6,483,358
210810,PAULO RAMOS,MA,470.71,2026,481.33,2025_S2,67,2024,421.67,488,357
310470,ATALÉIA,MG,469.71,2026,479.0,2026_S2,48,2025,411.19,479,345
320245,IBATIBA,ES,469.71,2026,477.0,2026_S2,43,2023,428.44,477,353
150345,IPIXUNA DO PARÁ,PA,469.14,2026,483.0,2026_S2,56,2023,429.85,483,346
260380,CAPOEIRAS,PE,469.08,2025,475.17,2025_S2,32,2023,438.42,477,393
220200,BURITI DOS LOPES,PI,467.57,2026,482.0,2026_S2,48,2025,404.46,482,339
330023,ARMAÇÃO DOS BÚZIOS,RJ,467.0,2026,492.0,2026_S2,77,2025,360.27,492,233
314200,MIRABELA,MG,466.42,2025,468.0,2026_S2,55,2024,427.52,470,344
411480,MARIALVA,PR,466.08,2025,471.33,2025_S2,50,2024,431.17,478,362
280340,JAPOATÃ,SE,466.08,2025,466.33,2025_S2,50,2024,424.67,473,353
280620,SALGADO,SE,466.0,2023,486.0,2024_S1,198,2024,386.83,503,280
316280,SÃO JOÃO EVANGELISTA,MG,466.0,2025,477.5,2025_S1,74,2025,430.52,497,347
150619,RURÓPOLIS,PA,465.86,2026,472.0,2025_S2,71,2024,407.56,476,304
250680,INGÁ,PB,465.57,2026,474.67,2025_S2,57,2025,409.46,482,339
351360,CUNHA,SP,465.42,2025,468.5,2025_S1,30,2024,435.15,474,384
293250,UNA,BA,465.29,2026,477.0,2026_S2,58,2025,391.67,477,326
210270,CANTANHEDE,MA,465.0,2023,477.83,2024_S1,83,2024,436.25,499,373
270420,LIMOEIRO DE ANADIA,AL,464.43,2026,478.0,2026_S2,63,2024,373.48,478,285
261240,SANHARÓ,PE,464.14,2026,468.33,2025_S2,36,2024,427.15,476,376
120038,PLÁCIDO DE CASTRO,AC,463.43,2026,469.0,2026_S2,90,2024,366.38,469,254
280360,LARANJEIRAS,SE,463.0,2026,474.0,2026_S2,52,2024,394.35,474,323
314090,MATIPÓ,MG,461.67,2025,472.33,2025_S2,80,2024,391.71,482,287
411440,MANGUEIRINHA,PR,461.25,2025,469.67,2025_S2,42,2026,433.71,475,379
500380,FÁTIMA DO SUL,MS,459.58,2025,467.17,2025_S2,37,2023,425.71,470,361
353430,ORLÂNDIA,SP,458.5,2025,469.67,2025_S1,54,2024,430.96,473,381
292430,PIATÃ,BA,458.42,2025,464.0,2025_S2,32,2024,431.85,469,390
521730,PIRENÓPOLIS,GO,457.83,2025,462.0,2026_S2,59,2023,413.77,464,322
330560,SILVA JARDIM,RJ,457.71,2026,486.0,2026_S2,69,2024,379.1,486,260
420210,BARRA VELHA,SC,457.71,2026,466.0,2026_S2,91,2024,385.85,466,271
230600,IRACEMA,CE,457.71,2026,478.0,2026_S2,61,2024,356.92,478,250
150720,SÃO DOMINGOS DO CAPIM,PA,457.67,2025,470.0,2025_S2,57,2024,405.19,474,324
270500,MATA GRANDE,AL,457.08,2025,458.83,2025_S2,40,2024,427.33,464,390
120070,XAPURI,AC,456.43,2026,471.0,2026_S2,59,2023,388.71,471,293
291270,IBIRAPITANGA,BA,456.0,2022,456.0,2022_S2,94,2023,410.54,470,365
315980,SANTA VITÓRIA,MG,455.86,2026,464.0,2026_S2,45,2023,417.04,464,339
330400,PIRAÍ,RJ,455.83,2025,465.0,2026_S2,62,2025,431.62,466,361
350840,CABREÚVA,SP,455.83,2025,458.0,2025_S1,62,2024,408.04,466,319
260970,OROBÓ,PE,455.14,2026,465.0,2026_S2,43,2023,415.96,465,347
410210,ASTORGA,PR,453.83,2025,455.17,2025_S1,47,2023,410.98,460,329
251550,SERRA BRANCA,PB,452.57,2026,456.17,2025_S2,50,2024,394.65,462,310
261190,RIO FORMOSO,PE,452.25,2024,459.67,2024_S2,350,2025,429.96,466,116
421800,TIJUCAS,SC,452.0,2025,453.0,2025_S1,52,2023,411.54,467,327
292925,SÃO GABRIEL,BA,452.0,2023,474.33,2024_S1,169,2024,391.33,480,298
411420,MANDAGUARI,PR,451.75,2025,463.67,2025_S1,41,2025,433.73,469,402
292040,MANOEL VITORINO,BA,451.71,2026,454.0,2026_S2,55,2024,386.17,458,303
420590,GASPAR,SC,451.5,2025,459.83,2025_S2,60,2024,391.65,467,305
261570,TRIUNFO,PE,451.33,2025,451.67,2025_S1,76,2024,397.77,454,310
280170,CRISTINÁPOLIS,SE,451.0,2026,461.0,2026_S2,65,2024,384.19,461,303
351310,CRAVINHOS,SP,450.92,2025,454.17,2025_S1,56,2024,415.23,461,358
280150,CARMÓPOLIS,SE,450.86,2026,460.0,2026_S2,66,2025,370.96,460,297
320501,SOORETAMA,ES,450.0,2026,453.17,2025_S2,66,2024,384.15,458,288
270260,FEIRA GRANDE,AL,450.0,2026,452.5,2025_S2,52,2024,392.48,461,304
230300,CARIDADE,CE,449.83,2024,451.33,2024_S2,143,2024,387.77,481,293
270160,CANAPI,AL,449.67,2025,452.0,2025_S2,32,2024,418.23,454,380
260350,CAMOCIM DE SÃO FÉLIX,PE,449.57,2026,457.5,2025_S2,46,2025,407.19,468,345
230570,IPAUMIRIM,CE,448.71,2026,451.0,2026_S2,132,2024,359.21,454,263
292525,PONTO NOVO,BA,448.5,2025,452.33,2025_S2,42,2024,404.19,461,322
280600,RIBEIRÓPOLIS,SE,448.43,2026,455.17,2025_S2,48,2024,402.52,460,331
291110,FORMOSA DO RIO PRETO,BA,447.86,2026,457.0,2026_S2,40,2024,402.27,457,341
420130,ARAQUARI,SC,447.57,2026,462.0,2026_S2,65,2023,393.83,462,296
350810,BURITAMA,SP,447.0,2026,450.0,2026_S2,97,2025,430.9,457,360
150190,BUJARU,PA,446.43,2026,467.0,2026_S2,74,2023,371.62,467,252
412570,SÃO MIGUEL DO IGUAÇU,PR,446.42,2025,448.5,2025_S2,29,2023,423.08,459,384
220520,JAICÓS,PI,446.29,2026,454.0,2026_S2,43,2024,394.6,454,328
290860,CONDE,BA,446.25,2025,452.0,2025_S2,48,2023,406.21,454,311
110005,CEREJEIRAS,RO,446.0,2025,451.0,2025_S2,57,2024,399.71,456,342
330150,CORDEIRO,RJ,445.43,2026,471.0,2026_S2,51,2026,403.17,471,316
330385,PATY DO ALFERES,RJ,445.42,2025,455.0,2026_S2,46,2023,407.65,455,331
293180,TREMEDAL,BA,445.08,2023,459.33,2023_S2,259,2024,329.9,485,226
251630,SUMÉ,PB,445.0,2026,448.83,2025_S2,31,2024,407.29,454,352
316840,TARUMIRIM,MG,444.86,2026,447.33,2025_S2,55,2025,380.08,456,305
280050,AREIA BRANCA,SE,444.29,2026,452.0,2026_S2,40,2025,393.5,452,337
330187,IGUABA GRANDE,RJ,444.29,2026,462.0,2026_S2,109,2024,321.42,462,169
411690,NOVA ESPERANÇA,PR,443.08,2025,444.5,2025_S2,51,2022,411.33,450,329
172090,TAGUATINGA,TO,442.57,2026,456.0,2026_S2,50,2026,379.98,467,324
352840,MAIRINQUE,SP,442.5,2025,443.33,2025_S1,63,2024,389.94,455,309
150120,BAIÃO,PA,441.71,2026,483.0,2026_S2,76,2026,342.54,483,288
330225,ITATIAIA,RJ,441.33,2025,442.33,2025_S1,55,2024,395.46,450,316
353950,PITANGUEIRAS,SP,441.33,2025,441.33,2025_S1,48,2024,402.23,452,322
210190,BEQUIMÃO,MA,440.82,2025,444.5,2025_S1,76,2024,382.47,454,296
261480,TACARATU,PE,440.5,2025,444.17,2025_S1,38,2024,410.29,449,359
250790,JURIPIRANGA,PB,440.17,2025,445.67,2025_S1,109,2024,366.35,447,282
290620,CANARANA,BA,440.14,2026,449.0,2026_S2,39,2024,397.94,449,342
411060,IPORÃ,PR,439.33,2024,442.17,2025_S1,56,2023,418.92,447,370
261320,SÃO JOÃO,PE,439.25,2025,445.17,2025_S2,30,2024,405.12,448,361
290960,CRISÓPOLIS,BA,438.57,2026,445.0,2026_S2,41,2023,411.54,446,343
261580,TUPANATINGA,PE,438.08,2025,444.67,2025_S2,74,2024,387.71,450,322
293100,TANHAÇU,BA,437.0,2026,448.0,2026_S2,39,2023,410.79,448,361
351220,CONCHAL,SP,436.58,2025,440.0,2026_S2,51,2024,398.4,445,331
130350,PAUINI,AM,435.92,2025,446.33,2025_S2,56,2024,393.0,453,321
521010,IPAMERI,GO,435.92,2025,440.67,2025_S2,42,2024,398.33,443,329
314740,PARAOPEBA,MG,435.86,2026,445.0,2026_S2,32,2023,413.12,445,360
351518,ESPÍRITO SANTO DO PINHAL,SP,435.75,2024,439.17,2025_S1,36,2025,426.04,447,396
210500,HUMBERTO DE CAMPOS,MA,435.5,2025,442.33,2025_S2,56,2024,387.29,446,310
251450,SÃO JOSÉ DE PIRANHAS,PB,435.33,2025,446.83,2025_S2,42,2024,391.69,449,328
150172,BRASIL NOVO,PA,435.0,2026,442.0,2026_S2,58,2023,354.58,442,251
352610,JUQUIÁ,SP,434.75,2025,436.5,2025_S2,16,2025,425.85,442,412
210950,RIACHÃO,MA,434.67,2025,439.5,2025_S2,37,2026,406.4,443,375
292270,NOVA CANAÃ,BA,434.58,2025,439.0,2025_S2,29,2024,407.35,442,355
230535,ICAPUÍ,CE,434.0,2026,435.0,2026_S2,59,2024,385.35,445,316
292460,PINDOBAÇU,BA,433.25,2024,437.83,2024_S2,44,2024,404.79,447,370
330260,MANGARATIBA,RJ,432.86,2026,447.0,2026_S2,81,2023,350.15,447,203
430790,FARROUPILHA,RS,432.83,2025,443.0,2025_S1,53,2024,395.77,451,334
130040,BARCELOS,AM,432.57,2026,483.0,2026_S2,127,2024,310.44,483,188
230725,JIJOCA DE JERICOACOARA,CE,432.29,2026,453.0,2026_S2,80,2024,328.5,453,205
291685,ITATIM,BA,432.25,2025,434.0,2025_S1,35,2025,401.0,447,343
420750,INDAIAL,SC,431.92,2025,432.83,2025_S2,59,2024,386.83,438,326
510700,POXORÉU,MT,431.43,2026,438.33,2025_S2,39,2023,393.85,441,332
130180,IPIXUNA,AM,431.14,2026,454.0,2026_S2,122,2024,327.27,454,190
292770,SANTA CRUZ CABRÁLIA,BA,430.86,2026,440.0,2026_S2,37,2023,411.79,440,370
353460,OSVALDO CRUZ,SP,430.67,2025,431.5,2025_S1,49,2023,399.58,453,329
411200,JAGUARIAÍVA,PR,430.14,2026,431.0,2026_S1,36,2025,404.9,444,366
210047,ALTO ALEGRE DO PINDARÉ,MA,429.92,2025,436.0,2025_S2,65,2024,376.08,439,300
210410,FORTALEZA DOS NOGUEIRAS,MA,429.42,2025,431.33,2025_S1,45,2024,394.17,434,351
352920,MARTINÓPOLIS,SP,428.67,2025,433.83,2024_S2,40,2024,407.79,440,372
430270,BUTIÁ,RS,428.42,2025,430.83,2025_S1,30,2024,409.83,439,372
291690,ITIRUÇU,BA,428.0,2026,435.0,2026_S2,51,2023,384.38,436,310
500100,APARECIDA DO TABOADO,MS,428.0,2025,434.5,2025_S2,34,2024,404.52,437,356
500070,ANASTÁCIO,MS,427.86,2026,449.17,2024_S1,77,2024,409.96,461,358
150490,MUANÁ,PA,427.75,2025,433.0,2025_S2,46,2023,408.19,437,362
292750,SANTA BÁRBARA,BA,427.43,2026,445.0,2026_S2,60,2024,371.25,445,283
510350,DIAMANTINO,MT,427.33,2025,429.17,2025_S2,46,2023,399.73,436,344
330395,PINHEIRAL,RJ,427.29,2026,429.0,2026_S2,58,2023,361.94,437,246
412850,WENCESLAU BRAZ,PR,427.0,2025,432.33,2025_S2,22,2025,408.27,437,389
211100,SÃO JOÃO BATISTA,MA,427.0,2025,428.17,2025_S2,35,2026,408.42,437,367
510625,NOVA XAVANTINA,MT,426.42,2025,433.33,2025_S2,44,2024,388.46,437,335
291720,ITUAÇU,BA,426.08,2025,430.17,2025_S2,74,2024,373.98,432,302
355645,VARGEM GRANDE PAULISTA,SP,425.75,2025,425.83,2025_S1,67,2024,385.56,435,326
291880,LAJE,BA,425.67,2025,434.0,2026_S2,34,2024,399.85,440,355
432110,TAPES,RS,425.5,2025,429.0,2025_S1,29,2023,408.44,434,370
251670,TEIXEIRA,PB,425.0,2026,438.0,2026_S2,50,2024,381.25,438,308
354220,RANCHARIA,SP,424.92,2024,432.17,2024_S2,34,2025,409.65,436,377
231126,QUITERIANÓPOLIS,CE,424.43,2026,432.0,2026_S2,75,2024,351.48,432,255
350030,AGUAÍ,SP,424.08,2025,424.5,2025_S2,29,2024,396.33,430,342
260850,LAGOA DE ITAENGA,PE,423.43,2026,436.0,2026_S2,37,2024,375.27,436,317
351930,IBATÉ,SP,423.08,2025,430.83,2025_S2,54,2024,370.1,432,284
522170,URUANA,GO,422.71,2026,435.0,2026_S2,79,2024,335.21,435,240
350660,BIRITIBA MIRIM,SP,422.08,2025,426.0,2025_S2,52,2024,377.58,437,311
293080,SOUTO SOARES,BA,421.67,2025,421.83,2025_S2,49,2026,401.04,434,358
351000,CÂNDIDO MOTA,SP,420.58,2024,429.17,2025_S1,91,2025,409.81,469,378
260580,FREI MIGUELINHO,PE,419.67,2025,422.83,2025_S2,62,2024,356.96,435,279
150440,MARAPANIM,PA,419.14,2026,426.0,2026_S2,64,2024,361.44,428,276
220350,ELESBÃO VELOSO,PI,418.42,2023,425.67,2023_S2,112,2024,388.19,442,330
312780,GRÃO MOGOL,MG,418.33,2025,424.0,2026_S2,34,2024,388.65,426,338
120025,EPITACIOLÂNDIA,AC,418.14,2026,432.0,2026_S2,41,2024,373.4,432,317
292960,SAPEAÇU,BA,418.08,2025,419.83,2025_S2,26,2026,397.08,423,360
431460,PIRATINI,RS,418.08,2025,423.83,2025_S2,37,2024,385.58,431,339
313665,JUATUBA,MG,417.83,2025,423.67,2025_S1,40,2024,391.77,430,329
311550,CAXAMBU,MG,417.42,2025,427.0,2025_S2,47,2023,382.06,432,311
230520,HIDROLÂNDIA,CE,416.86,2026,418.33,2026_S1,36,2024,375.62,426,319
260090,AMARAJI,PE,415.92,2025,418.33,2025_S2,56,2024,367.02,429,304
330025,ARRAIAL DO CABO,RJ,415.71,2026,437.0,2026_S2,107,2024,295.48,437,142
430900,GIRUÁ,RS,415.33,2025,420.67,2025_S2,28,2024,401.33,427,368
411940,PIRAÍ DO SUL,PR,414.92,2025,423.17,2025_S2,30,2026,393.23,426,378
290830,CONCEIÇÃO DO ALMEIDA,BA,414.57,2026,418.0,2026_S2,29,2023,388.79,422,331
432180,TRÊS DE MAIO,RS,414.08,2025,424.83,2025_S1,36,2025,397.35,430,360
230465,GRAÇA,CE,413.57,2026,423.0,2026_S2,67,2024,332.62,423,261
411460,MARECHAL CÂNDIDO RONDON,PR,413.33,2025,432.17,2024_S2,122,2024,380.35,471,306
250730,JACARAÚ,PB,413.29,2026,420.67,2025_S2,33,2025,382.56,426,339
430420,CANDELÁRIA,RS,413.0,2025,420.0,2026_S2,40,2023,392.58,420,333
314270,MONTALVÂNIA,MG,412.86,2026,417.0,2025_S2,62,2024,369.44,424,324
312510,EXTREMA,MG,412.57,2026,419.83,2025_S2,55,2023,356.75,424,241
431033,IMBÉ,RS,412.0,2026,436.0,2026_S2,88,2024,326.94,436,212
354410,RIO GRANDE DA SERRA,SP,411.33,2025,412.0,2025_S2,45,2023,374.52,419,305
317100,VAZANTE,MG,411.17,2025,412.33,2025_S2,36,2023,384.46,423,326
410050,ALTÔNIA,PR,410.75,2025,415.33,2025_S2,54,2024,368.48,419,309
500470,IVINHEMA,MS,410.17,2025,423.67,2025_S2,124,2025,369.75,518,316
230790,MARTINÓPOLE,CE,410.14,2026,430.0,2026_S2,65,2024,341.94,430,262
316553,SARZEDO,MG,410.0,2026,428.0,2026_S2,69,2023,331.88,428,196
412405,SANTA TEREZINHA DE ITAIPU,PR,409.43,2026,418.0,2026_S2,43,2024,376.46,418,317
411730,ORTIGUEIRA,PR,409.33,2024,415.83,2024_S2,32,2023,389.92,421,361
354760,SANTA ROSA DE VITERBO,SP,409.17,2024,418.5,2024_S2,109,2025,384.77,423,312
293020,SENTO SÉ,BA,409.14,2026,419.0,2026_S2,54,2024,350.27,423,266
210660,MATÕES,MA,409.08,2025,419.17,2025_S2,56,2024,359.5,421,284
310940,BURITIZEIRO,MG,408.58,2025,410.33,2025_S2,31,2024,382.81,416,343
320430,PRESIDENTE KENNEDY,ES,407.57,2026,414.0,2026_S2,85,2024,316.31,414,206
315430,RESPLENDOR,MG,406.67,2025,408.0,2025_S2,27,2024,384.17,413,337
170240,ARRAIAS,TO,406.29,2026,412.0,2026_S2,43,2025,376.04,412,343
230330,CARIÚS,CE,406.14,2026,416.0,2026_S2,51,2024,338.46,416,254
310900,BRUMADINHO,MG,405.83,2025,406.17,2025_S1,54,2023,361.4,415,285
412440,SANTO ANTÔNIO DO SUDOESTE,PR,405.58,2025,408.0,2025_S2,27,2022,386.52,414,324
500295,CHAPADÃO DO SUL,MS,404.83,2025,410.0,2026_S2,39,2024,379.02,411,306
431120,JÚLIO DE CASTILHOS,RS,404.5,2025,406.0,2025_S1,42,2023,388.02,414,345
291230,IBICUÍ,BA,404.29,2026,408.0,2026_S2,34,2023,380.83,411,343
261040,PARNAMIRIM,PE,404.25,2025,407.67,2025_S2,47,2024,368.38,409,312
230290,CAPISTRANO,CE,403.86,2026,418.0,2026_S2,55,2024,368.56,418,311
431810,SÃO FRANCISCO DE ASSIS,RS,403.5,2025,408.0,2025_S1,18,2024,391.17,410,371
350800,BURI,SP,403.0,2025,403.17,2025_S1,34,2023,372.02,413,320
311100,CAMPESTRE,MG,403.0,2024,412.17,2024_S2,45,2025,379.6,418,342
290890,CORAÇÃO DE MARIA,BA,402.83,2025,409.0,2025_S2,52,2023,365.65,415,292
314110,MATOZINHOS,MG,402.67,2025,405.67,2025_S1,37,2024,380.79,414,347
330415,QUISSAMÃ,RJ,402.5,2025,406.5,2025_S2,61,2024,352.52,412,265
313770,LAJINHA,MG,402.5,2025,402.5,2025_S1,52,2024,353.73,415,288
353740,PEREIRA BARRETO,SP,402.42,2025,404.67,2025_S2,58,2025,372.5,444,336
510263,CAMPO NOVO DO PARECIS,MT,402.14,2026,437.0,2026_S2,54,2026,340.06,437,278
352640,LARANJAL PAULISTA,SP,401.92,2024,414.67,2024_S2,78,2024,382.19,452,336
313700,LADAINHA,MG,401.86,2026,409.0,2026_S2,54,2023,346.73,409,263
353710,PEDREIRA,SP,401.83,2025,416.0,2026_S2,65,2023,354.73,416,246
211170,SÃO VICENTE FERRER,MA,401.33,2025,404.5,2025_S2,48,2024,362.81,409,304
412140,REALEZA,PR,401.17,2025,415.67,2025_S2,199,2025,355.17,578,287
270120,CACIMBINHAS,AL,401.14,2026,424.0,2026_S2,83,2024,317.58,424,200
140020,CARACARAÍ,RR,401.14,2026,435.0,2026_S2,55,2026,361.31,435,293
290910,CORIBE,BA,400.58,2025,420.17,2025_S2,191,2025,355.17,560,299
353340,NOVA ODESSA,SP,400.5,2025,401.0,2025_S2,62,2023,347.02,407,244
411430,MANDIRITUBA,PR,400.17,2025,403.33,2025_S2,48,2023,359.31,415,284
130320,NOVO AIRÃO,AM,399.75,2025,407.17,2025_S2,50,2024,355.88,418,295
261080,PEDRA,PE,399.71,2026,406.0,2026_S2,57,2024,345.98,407,279
411210,JANDAIA DO SUL,PR,399.25,2025,404.17,2025_S1,34,2026,379.4,408,343
110032,SÃO MIGUEL DO GUAPORÉ,RO,399.14,2026,413.0,2026_S2,52,2025,329.0,413,239
210675,MIRANDA DO NORTE,MA,399.0,2025,405.67,2025_S2,63,2024,347.96,412,282
150616,RIO MARIA,PA,398.58,2025,404.17,2025_S2,32,2024,371.79,409,321
250080,ARAÇAGI,PB,398.29,2026,403.0,2026_S2,28,2024,365.15,403,328
210650,MATINHA,MA,397.33,2025,397.83,2025_S2,29,2024,371.79,404,334
354020,PONTAL,SP,396.92,2025,400.33,2025_S2,41,2025,371.5,412,327
210095,ARAME,MA,396.33,2025,397.83,2025_S1,40,2024,369.71,400,326
432190,TRÊS PASSOS,RS,395.92,2025,399.17,2025_S1,47,2024,367.5,406,307
291000,DÁRIO MEIRA,BA,395.86,2026,400.0,2026_S2,34,2023,355.71,403,285
290340,BELMONTE,BA,395.57,2026,406.0,2026_S2,29,2026,371.19,406,325
520920,GUAPÓ,GO,395.43,2026,402.0,2026_S2,62,2024,325.12,402,217
291240,IBIPEBA,BA,395.25,2025,396.5,2025_S2,22,2026,383.77,402,366
352010,IGARAPAVA,SP,394.86,2026,414.0,2026_S2,49,2024,352.33,414,280
130050,BARREIRINHA,AM,394.71,2026,406.0,2026_S2,76,2024,348.27,406,288
520470,CAMPINORTE,GO,394.71,2026,400.0,2026_S2,50,2024,341.88,400,275
353890,PIRAJUÍ,SP,394.58,2024,400.83,2025_S1,88,2025,373.19,402,314
280230,FREI PAULO,SE,394.57,2026,405.0,2026_S2,59,2025,326.08,405,270
350870,CACONDE,SP,394.33,2025,397.17,2025_S1,64,2024,360.98,401,305
211176,SENADOR LA ROCQUE,MA,394.33,2025,396.33,2025_S1,34,2024,364.38,400,329
352330,ITARIRI,SP,394.29,2026,409.0,2026_S2,61,2024,344.6,409,280
292920,SÃO FRANCISCO DO CONDE,BA,393.67,2025,395.33,2025_S2,58,2024,344.29,399,241
290810,COCOS,BA,393.57,2026,402.5,2025_S1,170,2025,372.12,410,240
260060,ALAGOINHA,PE,392.17,2025,395.17,2025_S2,40,2024,364.25,403,341
314340,MONTE SIÃO,MG,392.08,2025,395.5,2025_S2,49,2024,358.65,398,288
330515,SÃO JOSÉ DO VALE DO RIO PRETO,RJ,391.17,2025,400.0,2026_S2,41,2024,361.29,405,306
150803,TRACUATEUA,PA,391.0,2025,408.0,2025_S2,134,2022,349.23,414,268
330290,MIGUEL PEREIRA,RJ,390.86,2026,393.33,2025_S2,47,2023,346.29,398,263
522060,SILVÂNIA,GO,390.17,2024,403.0,2024_S2,39,2025,376.1,407,340
291160,GOVERNADOR MANGABEIRA,BA,389.71,2026,389.83,2026_S1,39,2024,356.67,392,310
290260,BAIXA GRANDE,BA,389.57,2026,399.0,2026_S2,39,2024,328.06,399,271
315240,POTÉ,MG,388.86,2026,403.0,2026_S2,65,2023,325.35,405,241
432220,TUPANCIRETÃ,RS,388.5,2025,390.33,2025_S1,29,2024,367.77,395,327
412660,SIQUEIRA CAMPOS,PR,388.5,2025,390.67,2025_S2,31,2024,355.85,395,305
353620,PARIQUERA-AÇU,SP,388.33,2025,393.17,2025_S2,56,2025,369.48,424,343
330310,NATIVIDADE,RJ,388.14,2026,399.0,2026_S2,45,2023,346.88,399,277
270440,MAJOR ISIDORO,AL,387.58,2025,389.17,2025_S2,25,2026,376.48,394,364
410190,ASSAÍ,PR,386.83,2025,388.67,2025_S2,32,2023,363.62,392,311
352040,ILHABELA,SP,385.86,2026,393.0,2026_S2,48,2023,343.29,396,251
410930,GUARANIAÇU,PR,385.08,2024,386.5,2024_S2,35,2026,363.42,394,331
260160,BELÉM DO SÃO FRANCISCO,PE,384.14,2026,391.0,2026_S2,47,2024,339.44,391,279
110040,ALTO PARAÍSO,RO,383.86,2026,389.0,2026_S2,49,2023,346.9,389,275
411790,PALOTINA,PR,383.25,2025,390.67,2025_S1,30,2025,365.31,395,338
410570,CLEVELÂNDIA,PR,382.67,2025,388.33,2025_S2,36,2024,345.92,391,289
291100,FLORESTA AZUL,BA,382.29,2026,392.0,2026_S2,34,2026,355.85,395,336
500690,PORTO MURTINHO,MS,381.86,2026,383.0,2026_S1,64,2024,292.71,388,225
150295,ELDORADO DO CARAJÁS,PA,381.58,2025,389.0,2025_S1,53,2024,347.1,399,278
210890,POÇÃO DE PEDRAS,MA,381.43,2026,381.83,2026_S1,55,2024,329.31,388,271
130410,TAPAUÁ,AM,381.0,2026,386.67,2025_S2,62,2023,318.52,392,225
292210,MUNDO NOVO,BA,381.0,2026,390.0,2026_S2,55,2025,318.88,390,262
310490,BAEPENDI,MG,380.86,2026,393.0,2026_S2,52,2023,342.6,393,261
292480,PIRITIBA,BA,380.29,2026,386.0,2026_S2,37,2025,324.44,386,275
211140,SÃO LUÍS GONZAGA DO MARANHÃO,MA,379.92,2025,381.83,2025_S2,40,2024,351.21,384,305
250770,JUAZEIRINHO,PB,379.86,2026,382.0,2026_S2,61,2025,306.0,385,239
211210,TIMBIRAS,MA,379.75,2025,382.17,2025_S2,64,2024,342.04,387,299
210220,BURITI,MA,379.17,2025,383.5,2025_S2,40,2024,342.19,386,298
250480,COREMAS,PB,379.14,2026,380.17,2026_S1,49,2025,324.25,387,258
355640,VARGEM GRANDE DO SUL,SP,379.0,2025,387.17,2024_S2,38,2024,358.38,393,310
315720,SANTA BÁRBARA,MG,378.17,2025,379.67,2025_S2,41,2023,357.15,383,310
291250,IBIPITANGA,BA,378.08,2025,381.0,2025_S1,27,2024,356.1,386,334
210780,PARNARAMA,MA,378.08,2025,383.67,2025_S2,46,2024,347.46,386,306
431780,SANTO AUGUSTO,RS,377.92,2024,378.83,2024_S2,25,2025,363.0,382,339
510330,COMODORO,MT,377.86,2026,378.0,2026_S1,64,2025,314.92,392,241
231375,UMIRIM,CE,376.14,2026,385.0,2026_S2,67,2024,292.17,385,225
431840,SÃO JERÔNIMO,RS,376.08,2024,379.0,2024_S2,35,2025,354.19,388,305
270330,INHAPI,AL,376.0,2025,381.17,2025_S2,40,2024,333.19,385,268
355670,VINHEDO,SP,374.83,2025,378.67,2025_S1,49,2024,341.17,385,277
280400,MARUIM,SE,374.43,2026,375.17,2026_S1,49,2024,328.52,382,271
432200,TRIUNFO,RS,372.71,2026,386.0,2026_S2,45,2023,329.75,386,256
230900,MUCAMBO,CE,372.71,2026,379.0,2026_S2,54,2024,311.6,381,232
410360,CAMBARÁ,PR,372.25,2025,376.5,2025_S2,44,2023,335.67,379,276
220440,GILBUÉS,PI,371.57,2026,381.0,2026_S2,65,2024,311.69,381,231
251150,PILAR,PB,371.43,2026,378.0,2026_S2,35,2024,334.96,385,282
292560,PRESIDENTE DUTRA,BA,371.0,2025,374.17,2025_S2,38,2024,342.62,380,305
314690,PAPAGAIOS,MG,370.75,2025,376.0,2026_S2,50,2024,341.12,377,300
210260,CÂNDIDO MENDES,MA,370.25,2025,412.17,2025_S2,434,2025,323.62,756,263
270920,TRAIPU,AL,370.0,2025,374.5,2025_S2,38,2026,347.94,377,324
521970,SANTA TEREZINHA DE GOIÁS,GO,369.86,2026,382.0,2026_S2,69,2024,318.48,382,262
292980,SAÚDE,BA,369.83,2025,376.83,2025_S1,86,2024,308.62,379,241
230490,GROAÍRAS,CE,369.57,2026,370.0,2026_S2,40,2024,324.31,375,267
210870,PIO XII,MA,369.5,2025,373.0,2025_S2,34,2024,341.94,378,312
311260,CAPINÓPOLIS,MG,369.33,2025,371.0,2025_S1,31,2024,358.35,385,335
521400,MOZARLÂNDIA,GO,368.86,2026,382.0,2026_S2,134,2025,332.92,484,262
130230,JUTAÍ,AM,368.71,2026,371.0,2026_S2,83,2024,298.65,379,241
310100,ÁGUAS VERMELHAS,MG,368.71,2026,377.0,2026_S2,44,2024,316.92,377,250
290790,CIPÓ,BA,368.67,2025,371.33,2025_S2,38,2023,330.35,374,265
150495,NOVA ESPERANÇA DO PIRIÁ,PA,368.58,2025,376.5,2025_S2,46,2024,328.88,384,253
520990,IACIARA,GO,367.08,2024,378.5,2024_S2,64,2024,343.56,402,310
330205,ITALVA,RJ,367.0,2026,379.0,2026_S2,38,2024,332.35,379,269
231335,TEJUÇUOCA,CE,366.86,2026,381.0,2026_S2,64,2025,294.79,381,226
353790,PILAR DO SUL,SP,365.86,2026,373.0,2026_S2,43,2025,340.98,373,293
412350,SANTA HELENA,PR,365.58,2025,368.83,2025_S2,31,2023,345.69,373,299
510125,ARAPUTANGA,MT,365.57,2026,377.0,2026_S2,196,2025,293.48,377,171
260930,MIRANDIBA,PE,365.17,2025,374.83,2025_S1,35,2023,341.17,378,296
353260,NHANDEARA,SP,365.08,2025,369.17,2025_S1,62,2024,339.65,386,302
150475,MOJUÍ DOS CAMPOS,PA,364.71,2026,368.0,2025_S2,82,2024,283.83,373,188
310190,ALPINÓPOLIS,MG,364.58,2024,366.0,2024_S2,21,2026,351.42,370,321
410460,CAPITÃO LEÔNIDAS MARQUES,PR,364.58,2024,372.67,2025_S1,197,2025,343.25,377,180
313470,JACINTO,MG,364.29,2026,371.0,2026_S2,39,2024,305.21,371,243
352460,JACUPIRANGA,SP,363.75,2024,367.33,2024_S2,76,2025,349.98,373,291
280330,JAPARATUBA,SE,363.57,2026,366.0,2026_S2,52,2024,297.15,366,232
355430,TEODORO SAMPAIO,SP,362.92,2025,377.33,2025_S2,120,2025,326.27,464,255
110006,COLORADO DO OESTE,RO,362.58,2024,370.17,2024_S1,32,2023,352.06,374,322
210020,ALCÂNTARA,MA,362.43,2026,363.0,2026_S2,44,2025,292.33,368,216
171670,COLMÉIA,TO,362.29,2026,366.17,2025_S1,234,2025,331.73,375,141
292000,MAIQUINIQUE,BA,361.5,2025,364.17,2025_S1,30,2025,338.46,373,304
290130,ANDARAÍ,BA,361.17,2025,362.5,2024_S2,36,2023,336.65,367,282
510590,NOBRES,MT,360.92,2024,364.67,2024_S1,18,2024,355.98,367,343
410110,ANDIRÁ,PR,360.86,2026,373.0,2026_S2,52,2024,290.9,373,209
260515,DORMENTES,PE,360.17,2025,366.17,2025_S2,75,2024,301.25,369,212
251270,REMÍGIO,PB,360.14,2026,366.0,2025_S2,51,2024,314.25,370,240
293150,TEOFILÂNDIA,BA,360.08,2025,372.33,2025_S2,39,2025,324.75,379,272
412500,SÃO JOÃO DO IVAÍ,PR,360.08,2025,362.5,2025_S1,39,2026,341.33,364,313
353010,MIRANDÓPOLIS,SP,359.67,2025,360.5,2025_S1,29,2025,343.65,372,314
261230,SALOÁ,PE,359.0,2025,367.33,2025_S2,37,2024,325.29,372,273
230820,MERUOCA,CE,358.86,2026,371.33,2025_S2,45,2024,316.27,377,254
355480,TREMEMBÉ,SP,358.71,2026,374.0,2026_S2,44,2024,320.67,374,249
130160,FONTE BOA,AM,358.5,2025,366.0,2026_S2,63,2024,329.73,369,268
210150,BARÃO DE GRAJAÚ,MA,358.43,2026,386.0,2026_S2,48,2026,299.46,386,229
316900,TOCANTINS,MG,358.43,2026,366.0,2026_S2,37,2023,341.85,366,290
510300,CHAPADA DOS GUIMARÃES,MT,357.67,2025,362.0,2025_S2,33,2024,326.44,365,268
293040,SERRA PRETA,BA,357.33,2025,361.5,2025_S2,26,2024,335.25,366,305
240430,GOVERNADOR DIX-SEPT ROSADO,RN,357.29,2026,358.33,2026_S1,51,2024,301.15,366,238
291490,ITACARÉ,BA,357.14,2026,358.0,2026_S1,34,2023,328.96,365,264
314470,NOVA ERA,MG,356.86,2026,373.0,2026_S2,81,2025,273.42,373,209
240560,JARDIM DE PIRANHAS,RN,356.29,2026,357.83,2025_S2,33,2024,323.52,364,279
311440,CARMO DO RIO CLARO,MG,356.17,2025,356.33,2025_S2,20,2023,340.58,360,305
315140,PITANGUI,MG,356.0,2026,362.0,2026_S2,25,2024,337.04,363,299
510770,ROSÁRIO OESTE,MT,355.92,2024,363.33,2024_S1,33,2024,346.33,369,330
352170,ITABERÁ,SP,355.67,2024,371.33,2025_S1,167,2025,332.54,376,209
420900,JOAÇABA,SC,355.42,2025,357.17,2025_S1,37,2025,343.67,381,308
290300,BARRA DO MENDES,BA,355.25,2025,356.67,2025_S1,20,2026,344.25,359,326
150635,SANTA BÁRBARA DO PARÁ,PA,355.17,2025,363.83,2025_S2,61,2023,302.31,369,217
510622,NOVA MUTUM,MT,355.17,2025,356.17,2025_S2,63,2024,317.35,360,268
351540,FARTURA,SP,354.92,2025,360.67,2024_S2,27,2024,340.62,364,315
150157,BOM JESUS DO TOCANTINS,PA,354.43,2026,363.0,2026_S2,43,2024,314.06,363,267
261600,VENTUROSA,PE,354.43,2026,366.0,2026_S2,38,2025,298.52,366,244
353540,PANORAMA,SP,354.0,2026,359.0,2026_S2,58,2024,304.19,359,243
293160,TEOLÂNDIA,BA,353.33,2025,354.17,2025_S2,40,2024,318.52,359,264
292670,RIO DE CONTAS,BA,351.58,2025,355.5,2025_S2,38,2026,328.46,358,301
411410,MANDAGUAÇU,PR,351.58,2025,352.33,2025_S2,56,2024,314.08,357,240
315080,PIRANGA,MG,351.33,2025,356.0,2025_S2,21,2023,338.38,358,309
110014,NOVA BRASILÂNDIA DOESTE,RO,350.58,2025,353.83,2025_S2,28,2026,332.12,360,314
210409,FORMOSA DA SERRA NEGRA,MA,350.17,2025,352.33,2025_S1,28,2023,328.5,355,287
290430,BREJÕES,BA,350.17,2024,357.33,2024_S2,31,2025,337.62,363,308
330280,MENDES,RJ,350.0,2025,358.67,2024_S2,36,2024,330.04,364,281
410590,COLORADO,PR,349.92,2025,352.0,2026_S2,40,2024,323.31,355,277
291220,IBICOARA,BA,349.71,2026,355.0,2026_S2,48,2024,301.92,357,235
260550,FERREIROS,PE,349.57,2026,385.0,2026_S2,60,2026,293.02,385,224
251200,POCINHOS,PB,349.43,2026,351.67,2025_S2,47,2025,299.15,359,220
411995,PONTAL DO PARANÁ,PR,348.86,2026,360.0,2026_S2,69,2024,281.23,360,177
160053,PORTO GRANDE,AP,348.71,2026,384.0,2026_S2,62,2026,253.85,384,180
520970,HIDROLÂNDIA,GO,347.92,2025,351.5,2025_S2,53,2023,306.25,355,236
210255,CAMPESTRE DO MARANHÃO,MA,347.75,2025,353.0,2025_S1,35,2025,320.25,362,283
270300,IBATEGUARA,AL,347.29,2026,351.17,2025_S2,31,2023,319.0,355,275
291075,FÁTIMA,BA,346.83,2025,347.33,2025_S1,68,2024,286.29,355,199
210130,BACURI,MA,346.58,2025,346.83,2025_S1,42,2024,316.04,353,265
210600,LIMA CAMPOS,MA,346.14,2026,347.0,2025_S2,55,2024,305.1,355,257
312400,ERVÁLIA,MG,345.86,2026,349.83,2025_S2,45,2024,327.79,358,285
130300,NHAMUNDÁ,AM,345.67,2025,351.67,2025_S1,104,2025,320.65,435,291
430163,BALNEÁRIO PINHAL,RS,345.57,2026,372.0,2026_S2,62,2024,281.65,372,192
351770,GUARÁ,SP,345.57,2026,358.0,2026_S2,80,2024,293.29,358,230
510130,ARENÁPOLIS,MT,345.5,2024,345.67,2024_S2,21,2024,335.44,355,320
313180,ITABIRINHA,MG,345.29,2026,351.0,2026_S2,53,2024,289.79,354,200
150812,ULIANÓPOLIS,PA,345.08,2024,355.83,2024_S2,39,2023,326.25,362,276
290080,ALCOBAÇA,BA,345.0,2026,355.0,2026_S2,59,2024,279.31,355,197
432070,SOBRADINHO,RS,345.0,2024,345.33,2024_S1,31,2023,332.58,352,303
210030,ALDEIAS ALTAS,MA,344.71,2026,369.0,2026_S2,47,2024,274.48,369,210
351410,DOIS CÓRREGOS,SP,344.33,2025,347.0,2025_S2,77,2025,321.67,357,280
292570,PRESIDENTE JÂNIO QUADROS,BA,344.0,2026,344.0,2025_S1,275,2025,310.17,361,86
312570,FELIXLÂNDIA,MG,343.75,2024,362.67,2024_S1,96,2024,308.12,380,276
210230,BURITI BRAVO,MA,343.67,2025,351.17,2025_S2,38,2024,308.46,355,249
315960,SANTA RITA DO SAPUCAÍ,MG,343.42,2025,344.5,2025_S1,26,2023,319.65,346,276
280410,MOITA BONITA,SE,343.14,2026,349.17,2025_S2,41,2024,300.15,351,247
510630,PARANATINGA,MT,342.71,2026,360.0,2026_S2,38,2024,291.62,360,224
421500,RIO NEGRINHO,SC,342.67,2025,345.5,2025_S1,27,2023,318.38,352,277
313320,ITANHOMI,MG,342.43,2026,353.0,2026_S2,33,2023,326.33,353,281
430535,CHARQUEADAS,RS,342.29,2026,353.0,2026_S2,24,2024,327.77,353,295
231195,SALITRE,CE,342.29,2026,343.33,2026_S1,61,2024,271.96,354,194
431390,PANAMBI,RS,342.25,2025,342.33,2025_S2,35,2023,317.88,352,259
316760,SIMONÉSIA,MG,342.25,2025,347.17,2025_S2,33,2023,311.04,353,260
313880,LUZ,MG,342.0,2026,350.0,2026_S2,42,2024,293.19,350,240
431940,SÃO PEDRO DO SUL,RS,341.92,2024,344.33,2024_S1,23,2024,331.54,348,309
350530,BARRA BONITA,SP,341.29,2026,351.0,2026_S2,67,2023,299.73,351,215
312370,ENGENHEIRO CALDAS,MG,340.75,2025,357.17,2025_S1,257,2025,285.08,376,119
314460,NEPOMUCENO,MG,340.75,2025,341.17,2025_S2,44,2025,333.52,353,309
310280,ANDRELÂNDIA,MG,340.57,2026,351.0,2026_S2,21,2023,316.81,351,275
500635,PARANHOS,MS,339.86,2026,350.0,2026_S2,20,2023,325.58,350,303
352280,ITAPORANGA,SP,339.5,2024,347.33,2025_S2,135,2025,330.19,355,220
431950,SÃO SEBASTIÃO DO CAÍ,RS,338.92,2025,342.67,2025_S1,25,2024,330.02,345,311
261430,MOREILÂNDIA,PE,338.83,2025,346.17,2025_S2,40,2026,317.94,350,285
251690,UIRAÚNA,PB,338.42,2025,341.17,2025_S2,41,2024,305.48,344,258
313400,ITINGA,MG,338.33,2025,342.83,2025_S2,29,2023,317.83,351,283
260700,INAJÁ,PE,337.14,2026,345.0,2026_S2,60,2024,282.94,345,211
120034,MANOEL URBANO,AC,337.0,2026,362.0,2026_S2,84,2024,226.33,362,133
411450,MANOEL RIBAS,PR,337.0,2024,337.67,2025_S1,29,2026,330.35,343,296
313490,JACUTINGA,MG,336.5,2025,337.67,2025_S2,43,2023,307.65,342,250
240570,JARDIM DO SERIDÓ,RN,336.33,2025,341.5,2025_S2,22,2024,309.96,345,271
291850,JUSSARA,BA,335.86,2026,337.0,2026_S2,76,2024,309.88,339,263
293105,TANQUE NOVO,BA,335.57,2026,339.0,2026_S2,191,2025,302.56,347,156
310780,BOM JESUS DO GALHO,MG,335.42,2025,336.5,2025_S1,20,2023,319.44,343,291
410160,ARAPOTI,PR,335.33,2025,337.17,2025_S2,25,2024,317.04,341,281
292905,SÃO FÉLIX DO CORIBE,BA,335.29,2026,359.0,2026_S2,45,2025,289.25,359,246
521860,RIALMA,GO,334.71,2026,352.0,2026_S2,47,2024,273.29,352,208
316292,SÃO JOAQUIM DE BICAS,MG,334.58,2024,334.67,2024_S2,49,2023,303.27,343,243
292900,SÃO FÉLIX,BA,334.43,2026,347.0,2026_S2,39,2024,296.0,347,240
313750,LAGOA FORMOSA,MG,334.42,2025,336.0,2025_S1,33,2023,316.23,341,288
290682,CANUDOS,BA,334.08,2025,335.5,2025_S2,39,2023,304.12,342,246
330115,CARDOSO MOREIRA,RJ,333.58,2025,334.83,2025_S2,36,2023,307.12,337,265
352400,ITUPEVA,SP,333.5,2025,335.17,2025_S2,33,2023,294.46,343,242
211030,SANTO ANTÔNIO DOS LOPES,MA,333.25,2025,338.83,2025_S2,43,2024,297.92,344,256
420845,ITAPOÁ,SC,333.0,2026,343.0,2026_S2,54,2023,267.02,343,182
314730,PARAISÓPOLIS,MG,333.0,2025,336.33,2025_S1,29,2023,316.25,339,279
421250,PENHA,SC,332.08,2025,338.5,2025_S2,45,2024,288.75,343,221
410540,CHOPINZINHO,PR,331.67,2025,332.83,2025_S1,32,2023,310.17,338,246
292010,MAIRI,BA,331.33,2025,331.67,2025_S1,45,2024,295.9,338,228
412190,RIBEIRÃO DO PINHAL,PR,331.14,2026,342.0,2026_S2,28,2024,290.83,342,260
270910,TAQUARANA,AL,331.0,2026,336.0,2025_S2,35,2024,299.25,339,249
316410,SÃO PEDRO DO SUAÇUÍ,MG,330.75,2025,354.83,2025_S2,261,2025,287.52,565,212
354630,SANTA CRUZ DAS PALMEIRAS,SP,330.14,2026,346.0,2026_S2,144,2025,295.21,346,194
270650,PASSO DE CAMARAGIBE,AL,329.86,2026,330.17,2026_S1,49,2024,268.62,335,212
150570,PONTA DE PEDRAS,PA,329.42,2025,332.17,2025_S2,33,2023,313.5,338,270
355160,SERRA NEGRA,SP,329.42,2025,331.0,2025_S1,45,2023,300.56,340,240
330440,RIO CLARO,RJ,329.29,2026,343.0,2026_S2,55,2023,277.0,343,176
350170,AMÉRICO BRASILIENSE,SP,327.58,2025,333.83,2025_S1,42,2024,296.06,343,244
292760,SANTA BRÍGIDA,BA,327.43,2026,338.5,2025_S1,266,2025,313.5,348,82
270680,PIAÇABUÇU,AL,327.33,2025,332.5,2025_S2,28,2023,298.94,334,255
315895,SANTANA DO PARAÍSO,MG,327.17,2025,330.5,2025_S2,107,2026,295.92,337,212
261485,TAMANDARÉ,PE,327.08,2025,328.17,2025_S1,45,2024,292.17,332,232
311580,CENTRALINA,MG,326.83,2024,332.33,2024_S2,33,2023,311.44,341,268
230445,FORTIM,CE,326.43,2026,336.0,2026_S2,42,2024,278.38,336,225
353140,MONTE APRAZÍVEL,SP,326.33,2025,329.17,2025_S1,31,2024,308.04,334,264
290820,CONCEIÇÃO DA FEIRA,BA,326.25,2025,331.83,2025_S2,50,2024,289.56,335,242
350520,BARIRI,SP,325.58,2025,335.0,2026_S2,41,2023,296.27,337,241
317160,VIRGEM DA LAPA,MG,325.57,2026,331.67,2025_S2,32,2025,298.58,334,263
210440,GONÇALVES DIAS,MA,325.08,2025,334.17,2025_S2,35,2024,291.96,338,253
411770,PALMEIRA,PR,324.83,2025,328.83,2025_S2,19,2024,303.65,331,271
315340,PRESIDENTE OLEGÁRIO,MG,324.83,2025,326.17,2025_S2,22,2023,307.27,338,283
352470,JAGUARIÚNA,SP,324.42,2025,331.17,2025_S1,47,2023,304.02,338,246
231120,POTENGI,CE,324.29,2026,328.0,2026_S2,40,2024,273.5,329,219
310540,BARÃO DE COCAIS,MG,324.25,2025,327.67,2024_S2,30,2024,308.21,337,273
330110,CANTAGALO,RJ,324.08,2025,329.67,2025_S2,58,2026,280.06,336,211
290920,CORONEL JOÃO SÁ,BA,324.0,2026,328.0,2026_S2,58,2024,255.48,328,176
250050,ALAGOINHA,PB,323.86,2026,331.0,2026_S2,35,2024,285.6,331,230
315600,RIO VERMELHO,MG,323.83,2024,327.17,2024_S2,79,2025,291.92,336,242
317000,UBAÍ,MG,323.58,2025,325.0,2026_S2,23,2024,301.42,328,264
171330,MIRANORTE,TO,323.0,2025,332.67,2025_S2,42,2024,283.02,336,218
312360,ELÓI MENDES,MG,322.92,2025,323.0,2025_S2,117,2024,295.21,329,201
317180,VIRGINÓPOLIS,MG,322.83,2025,324.17,2025_S1,26,2023,313.33,328,288
211040,SÃO BENEDITO DO RIO PRETO,MA,322.42,2025,324.5,2025_S1,44,2024,285.96,331,233
230070,ALTO SANTO,CE,322.29,2026,325.0,2026_S2,22,2023,302.35,331,256
355450,TIETÊ,SP,322.0,2025,323.17,2025_S1,33,2023,288.69,335,230
520840,GOIANÁPOLIS,GO,321.67,2025,322.5,2025_S1,27,2023,296.19,331,250
250490,CRUZ DO ESPÍRITO SANTO,PB,321.58,2025,328.17,2025_S2,78,2024,266.06,335,196
120033,MÂNCIO LIMA,AC,320.86,2026,372.0,2026_S2,85,2026,243.6,372,193
352600,JUNQUEIRÓPOLIS,SP,320.75,2025,324.67,2025_S2,64,2025,296.17,375,256
430545,CIDREIRA,RS,320.57,2026,337.0,2026_S2,46,2023,274.44,337,196
411250,JARDIM ALEGRE,PR,320.42,2024,325.17,2024_S1,35,2025,297.67,333,233
355630,VALPARAÍSO,SP,320.25,2025,321.83,2025_S1,16,2026,314.75,323,302
410650,CORONEL VIVIDA,PR,319.86,2026,321.67,2025_S2,42,2024,283.92,337,233
430110,ARROIO DOS RATOS,RS,319.43,2026,326.0,2026_S2,27,2024,295.5,329,265
290360,BIRITINGA,BA,319.33,2025,326.33,2025_S2,31,2024,288.96,330,253
312320,DORES DO INDAIÁ,MG,319.29,2026,323.0,2026_S2,27,2024,298.02,324,254
251610,SOLEDADE,PB,319.29,2026,319.67,2026_S1,42,2024,256.88,325,183
313230,ITAIPÉ,MG,319.14,2026,332.0,2026_S2,35,2023,278.69,332,205
320503,VARGEM ALTA,ES,318.92,2025,321.67,2025_S2,41,2023,287.31,326,222
500375,ELDORADO,MS,318.92,2025,322.0,2026_S2,50,2024,288.21,325,245
251650,TAPEROÁ,PB,318.43,2026,331.0,2026_S2,47,2025,267.56,331,214
231080,PEREIRO,CE,318.29,2026,318.67,2026_S1,30,2025,276.94,323,239
510020,ÁGUA BOA,MT,318.14,2026,323.0,2026_S2,27,2024,299.31,325,250
230526,IBARETAMA,CE,317.86,2026,325.0,2026_S2,43,2024,263.67,325,215
521280,MARA ROSA,GO,317.57,2026,320.0,2026_S2,22,2024,292.9,320,261
261650,XEXÉU,PE,317.17,2025,321.0,2025_S1,26,2024,304.83,325,287
520640,CRIXÁS,GO,316.71,2026,329.0,2026_S2,45,2024,277.52,329,223
320330,MANTENÓPOLIS,ES,316.71,2026,322.0,2026_S2,42,2023,272.58,322,202
261245,SANTA CRUZ,PE,316.67,2025,320.0,2025_S2,47,2023,277.15,324,213
291620,ITAPÉ,BA,316.25,2025,317.67,2025_S2,24,2023,295.67,321,266
353920,PIRAPOZINHO,SP,316.17,2025,324.0,2025_S1,89,2025,287.48,395,240
130014,APUÍ,AM,315.75,2025,323.0,2025_S2,52,2024,273.67,328,207
330570,SUMIDOURO,RJ,315.5,2025,321.67,2025_S1,45,2023,284.06,328,220
291530,ITAGIMIRIM,BA,315.33,2025,319.67,2025_S1,33,2026,300.02,325,271
431770,SANTO ANTÔNIO DAS MISSÕES,RS,314.71,2026,316.0,2026_S2,25,2024,300.4,317,280
231190,SABOEIRO,CE,314.43,2026,321.0,2025_S2,66,2024,258.56,325,178
210207,BOM LUGAR,MA,314.25,2025,314.5,2025_S2,45,2026,293.71,318,267
412390,SANTA MARIANA,PR,314.17,2025,320.0,2026_S2,38,2024,286.46,321,244
520350,BOM JESUS DE GOIÁS,GO,314.0,2026,316.0,2026_S2,28,2024,288.17,319,247
230090,APUIARÉS,CE,313.86,2026,327.0,2026_S2,74,2024,222.12,327,124
290690,CARAVELAS,BA,312.92,2025,315.17,2025_S1,29,2024,290.88,320,257
311770,CONCEIÇÃO DO RIO VERDE,MG,312.86,2026,324.0,2026_S2,48,2024,253.94,324,182
316040,SANTO ANTÔNIO DO MONTE,MG,312.57,2026,320.0,2026_S2,45,2024,276.96,320,228
510420,GUIRATINGA,MT,312.14,2026,332.0,2026_S2,49,2026,289.52,332,269
410440,CÂNDIDO DE ABREU,PR,312.0,2025,312.67,2025_S2,30,2023,287.21,316,248
231260,SÃO LUÍS DO CURU,CE,311.71,2026,322.0,2026_S2,48,2024,244.35,322,172
320380,MUQUI,ES,311.58,2025,315.17,2025_S2,46,2023,286.29,321,222
291740,JACARACI,BA,311.33,2025,315.33,2025_S2,28,2024,289.62,320,259
220510,ITAUEIRA,PI,311.33,2025,311.83,2025_S1,17,2023,299.21,316,282
355330,TAMBAÚ,SP,311.0,2026,324.0,2026_S2,126,2025,262.88,418,190
292130,MILAGRES,BA,310.83,2025,314.0,2025_S1,28,2023,296.1,319,266
412630,SENGÉS,PR,310.83,2025,311.0,2025_S1,26,2024,288.27,318,257
110034,ALVORADA DOESTE,RO,310.29,2026,313.83,2025_S2,80,2024,278.08,323,232
290140,ANGICAL,BA,310.25,2025,313.67,2024_S2,18,2023,296.4,318,264
170100,ANANÁS,TO,310.14,2026,316.0,2025_S2,23,2024,287.35,319,253
353860,PIRACAIA,SP,309.75,2025,313.33,2025_S2,43,2025,285.1,323,242
292260,NILO PEÇANHA,BA,309.58,2025,312.83,2025_S1,28,2024,287.15,317,245
320040,ANCHIETA,ES,309.43,2026,318.0,2026_S2,19,2023,282.9,318,251
520430,CAÇU,GO,309.25,2025,310.67,2025_S2,28,2023,291.38,313,251
320400,PANCAS,ES,309.14,2026,311.5,2025_S2,39,2024,277.52,314,224
431180,MARAU,RS,309.0,2025,310.83,2025_S1,35,2026,283.35,318,248
330120,CARMO,RJ,308.83,2025,325.0,2026_S2,56,2024,274.35,325,213
430760,ESTÂNCIA VELHA,RS,308.5,2025,315.67,2025_S2,38,2025,280.31,325,217
240070,ALTO DO RODRIGUES,RN,308.43,2026,313.0,2026_S2,30,2024,267.96,316,200
210043,ALTO ALEGRE DO MARANHÃO,MA,308.17,2025,315.17,2025_S2,49,2024,269.56,318,218
431010,IGREJINHA,RS,307.43,2026,312.0,2026_S2,37,2023,269.96,315,214
411400,MAMBORÊ,PR,307.0,2026,307.33,2026_S1,30,2025,268.4,311,230
290420,BOTUPORÃ,BA,306.75,2025,309.0,2025_S2,39,2024,273.56,313,222
260870,LAGOA DOS GATOS,PE,306.43,2026,311.17,2025_S2,29,2024,294.75,319,270
351150,CERQUILHO,SP,306.25,2025,310.0,2026_S2,23,2023,289.92,317,257
354300,RIBEIRÃO BRANCO,SP,306.08,2025,314.67,2025_S2,40,2024,275.62,320,235
220880,REGENERAÇÃO,PI,305.75,2024,315.33,2024_S1,49,2024,284.6,326,261
140030,MUCAJAÍ,RR,305.71,2026,324.0,2026_S2,100,2024,282.19,328,228
230835,MILHÃ,CE,305.58,2025,310.5,2025_S2,32,2024,277.85,313,235
351070,CARDOSO,SP,305.57,2026,312.0,2026_S2,24,2024,291.25,314,256
312080,CRUZÍLIA,MG,305.33,2025,322.0,2026_S2,36,2026,286.6,322,249
310920,BUENÓPOLIS,MG,305.17,2025,305.83,2025_S2,28,2024,282.88,307,246
315660,RUBIM,MG,305.14,2026,314.0,2026_S2,49,2024,257.04,314,202
312245,DIVISÓPOLIS,MG,305.14,2026,319.0,2026_S2,47,2024,228.75,319,156
230360,CATARINA,CE,305.0,2026,314.0,2026_S2,36,2025,263.27,314,226
293260,URANDI,BA,304.92,2025,309.83,2025_S2,21,2023,287.81,312,251
292020,MALHADA,BA,304.86,2026,312.17,2025_S2,39,2024,272.02,317,220
431450,PINHEIRO MACHADO,RS,304.83,2025,306.83,2024_S2,22,2024,296.33,314,278
420455,CORREIA PINTO,SC,304.57,2026,309.0,2026_S2,88,2024,227.79,309,134
292540,POTIRAGUÁ,BA,304.42,2024,307.17,2024_S2,167,2025,291.19,313,146
354400,RIO DAS PEDRAS,SP,304.25,2025,305.33,2025_S2,58,2023,259.42,312,180
231135,QUIXELÔ,CE,304.0,2026,305.5,2025_S2,53,2024,255.88,312,193
130255,MANAQUIRI,AM,303.73,2025,312.5,2025_S2,42,2025,266.49,321,214
120001,ACRELÂNDIA,AC,303.43,2026,328.0,2026_S2,56,2024,230.56,328,152
230140,ARATUBA,CE,303.29,2026,309.5,2025_S2,64,2024,248.31,314,177
150520,OEIRAS DO PARÁ,PA,303.0,2025,307.5,2025_S2,35,2023,274.73,318,220
411890,PÉROLA,PR,302.75,2025,305.67,2025_S1,32,2024,276.56,309,224
421280,BALNEÁRIO PIÇARRAS,SC,302.67,2025,307.0,2025_S2,52,2023,265.71,312,188
150835,VITÓRIA DO XINGU,PA,302.57,2026,315.0,2026_S2,53,2025,224.44,315,148
293345,WANDERLEY,BA,302.0,2026,310.33,2025_S2,37,2025,265.92,318,218
411780,PALMITAL,PR,301.83,2025,305.83,2025_S2,28,2024,278.94,310,242
270130,CAJUEIRO,AL,301.71,2026,321.0,2026_S2,60,2024,283.71,323,248
431270,NONOAI,RS,301.57,2026,303.0,2026_S2,20,2024,285.21,304,258
310840,BOTELHOS,MG,301.5,2025,304.17,2025_S2,35,2023,274.5,310,217
351370,DESCALVADO,SP,301.25,2025,305.17,2025_S1,36,2024,269.12,310,211
351480,ELDORADO,SP,300.83,2024,306.0,2024_S2,20,2024,293.9,309,282
240130,CAMPO GRANDE,RN,300.83,2025,303.33,2025_S2,25,2024,279.54,306,253
290020,ABARÉ,BA,300.71,2026,317.0,2026_S2,46,2025,227.92,317,162
510325,COLNIZA,MT,300.71,2026,310.0,2026_S2,48,2025,241.65,314,192
261400,SERRITA,PE,300.58,2025,300.67,2025_S2,28,2024,278.77,305,244
432145,TEUTÔNIA,RS,300.57,2026,307.0,2026_S2,37,2023,266.58,307,197
430830,FONTOURA XAVIER,RS,299.92,2025,300.0,2025_S1,27,2024,278.81,307,240
355180,SETE BARRAS,SP,299.58,2025,304.17,2025_S2,15,2025,294.06,306,280
171650,PEDRO AFONSO,TO,299.14,2026,308.0,2026_S2,29,2023,272.21,308,231
220820,PIO IX,PI,299.0,2025,305.67,2025_S2,31,2024,268.23,310,224
320100,BOA ESPERANÇA,ES,298.86,2026,305.0,2026_S2,29,2023,256.02,305,200
313350,ITAPECERICA,MG,298.83,2025,301.83,2025_S2,28,2024,290.71,306,271
431420,PEDRO OSÓRIO,RS,298.5,2025,303.67,2025_S1,29,2024,277.67,311,234
291500,ITAETÉ,BA,298.43,2026,299.5,2026_S1,31,2024,258.6,303,216
411540,MARMELEIRO,PR,298.25,2025,300.83,2025_S1,25,2023,282.92,305,252
431337,NOVA SANTA RITA,RS,298.08,2025,302.0,2026_S2,44,2024,266.42,303,197
354770,SANTO ANASTÁCIO,SP,297.86,2026,313.0,2026_S2,30,2026,268.67,314,227
353020,MIRANTE DO PARANAPANEMA,SP,296.71,2026,297.17,2026_S1,117,2025,263.25,302,185
510730,SÃO JOSÉ DO RIO CLARO,MT,296.17,2025,296.83,2025_S1,34,2024,272.83,302,244
354800,SANTO ANTÔNIO DE POSSE,SP,296.0,2025,302.67,2025_S1,31,2024,273.5,306,231
351830,GUARAREMA,SP,295.83,2025,306.0,2026_S2,34,2024,265.56,308,201
210670,MIRADOR,MA,295.57,2026,300.0,2026_S2,29,2024,266.65,301,222
313340,ITAPAGIPE,MG,294.83,2025,298.0,2025_S2,27,2024,275.94,301,246
291820,JIQUIRIÇÁ,BA,294.43,2026,301.0,2026_S2,38,2024,258.6,301,208
430780,ESTRELA,RS,294.42,2025,295.5,2025_S1,37,2023,262.79,304,216
310200,ALTEROSA,MG,293.75,2025,296.83,2025_S2,18,2024,285.29,301,275
410630,CORBÉLIA,PR,293.67,2024,295.17,2024_S2,23,2026,279.23,299,253
220470,INHUMA,PI,293.5,2025,298.0,2025_S2,43,2024,256.15,301,202
260800,JATAÚBA,PE,293.5,2025,294.0,2025_S2,23,2024,273.96,299,251
290660,CANDIBA,BA,293.0,2026,298.67,2025_S2,29,2024,263.96,303,209
231090,PIQUET CARNEIRO,CE,292.75,2025,300.0,2026_S2,30,2023,264.85,300,216
150797,TERRA SANTA,PA,292.71,2026,312.33,2025_S2,136,2025,252.27,316,180
260390,CARNAÍBA,PE,292.42,2024,295.67,2024_S2,49,2024,266.52,314,249
270050,BARRA DE SANTO ANTÔNIO,AL,291.83,2025,298.83,2025_S2,55,2024,243.54,302,174
240820,NÍSIA FLORESTA,RN,291.57,2026,298.0,2026_S2,48,2023,231.33,298,153
353700,PEDREGULHO,SP,291.25,2025,298.0,2025_S2,81,2024,255.46,323,198
130430,URUCARÁ,AM,291.0,2026,292.0,2025_S2,37,2022,275.44,295,227
150145,BELTERRA,PA,290.86,2026,295.0,2026_S2,65,2024,219.38,298,141
410390,CAMPINA DA LAGOA,PR,290.83,2025,293.0,2025_S2,48,2024,280.75,300,248
290190,APORÁ,BA,290.6,2022,290.6,2022_S2,63,2023,252.6,292,225
316030,SANTO ANTÔNIO DO JACINTO,MG,290.57,2026,297.0,2026_S2,40,2025,251.94,297,217
420500,DIONÍSIO CERQUEIRA,SC,290.5,2025,290.83,2025_S2,37,2024,264.88,296,231
500260,CAMAPUÃ,MS,290.29,2026,298.0,2026_S2,18,2024,274.5,298,244
500345,DEODÁPOLIS,MS,290.14,2026,290.33,2026_S1,118,2025,256.58,297,179
291940,LICÍNIO DE ALMEIDA,BA,289.75,2024,292.5,2024_S1,45,2024,271.96,308,225
520551,COCALZINHO DE GOIÁS,GO,289.71,2026,296.0,2026_S2,42,2025,226.98,296,167
221040,SÃO MIGUEL DO TAPUIO,PI,289.42,2025,299.0,2026_S2,33,2024,260.46,299,221
350780,BRODOWSKI,SP,289.25,2024,299.17,2024_S2,34,2024,271.46,303,231
410700,CURIÚVA,PR,289.08,2025,293.33,2025_S2,25,2023,267.25,301,238
412680,TAPEJARA,PR,289.08,2025,290.67,2024_S2,29,2024,275.52,298,240
230015,ACARAPE,CE,288.71,2026,306.0,2026_S2,59,2024,210.98,306,132
130195,ITAMARATI,AM,288.5,2025,289.0,2025_S2,45,2024,264.52,298,224
353530,PALMITAL,SP,288.5,2024,295.83,2024_S2,52,2025,272.48,299,239
110094,CUJUBIM,RO,288.14,2026,301.0,2026_S2,56,2024,219.38,301,136
510560,MATUPÁ,MT,288.08,2025,295.0,2025_S2,26,2024,264.75,297,217
412250,RONCADOR,PR,287.92,2025,289.17,2024_S2,21,2025,275.15,296,245
310060,ÁGUA BOA,MG,287.86,2026,293.5,2025_S2,41,2023,249.9,297,181
150655,SANTA LUZIA DO PARÁ,PA,287.86,2026,293.0,2026_S2,44,2024,252.79,295,199
291085,FILADÉLFIA,BA,287.67,2025,288.33,2025_S2,32,2024,262.71,293,224
292420,PEDRO ALEXANDRE,BA,287.36,2025,289.8,2025_S2,24,2024,263.43,293,236
210735,NOVA OLINDA DO MARANHÃO,MA,287.0,2026,296.5,2025_S2,39,2025,248.79,301,205
520740,EDÉIA,GO,286.83,2025,290.17,2025_S2,30,2026,263.94,300,228
221050,SÃO PEDRO DO PIAUÍ,PI,286.71,2026,291.0,2026_S2,36,2024,240.67,291,190
130090,CANUTAMA,AM,286.57,2026,293.67,2025_S2,53,2023,249.23,298,179
420970,LEBON RÉGIS,SC,286.17,2025,289.17,2025_S2,27,2023,263.46,292,223
293280,UTINGA,BA,286.17,2025,290.5,2025_S2,29,2024,254.25,294,201
310590,BARROSO,MG,285.92,2024,290.33,2024_S2,36,2023,269.48,293,232
316850,TEIXEIRAS,MG,285.92,2025,289.0,2025_S2,39,2024,257.1,294,210
330411,PORTO REAL,RJ,285.67,2025,286.33,2025_S1,38,2023,258.79,289,192
231000,PALHANO,CE,285.57,2026,287.67,2025_S2,33,2025,245.17,296,191
354425,ROSANA,SP,285.57,2026,292.0,2026_S2,39,2024,240.17,292,183
251660,TAVARES,PB,284.43,2026,288.0,2026_S2,33,2024,232.98,288,176
150747,SÃO JOÃO DE PIRABAS,PA,284.17,2025,293.17,2025_S2,47,2024,242.94,300,181
350290,ARAÇOIABA DA SERRA,SP,284.0,2025,284.17,2025_S2,33,2023,254.06,291,200
312810,GUAPÉ,MG,283.92,2025,284.5,2025_S1,24,2023,267.29,286,241
310030,ABRE CAMPO,MG,283.57,2026,293.0,2026_S2,20,2026,269.79,293,251
410445,CANTAGALO,PR,283.57,2026,290.0,2026_S2,18,2025,266.4,290,244
311615,CHAPADA GAÚCHA,MG,283.57,2026,290.33,2025_S2,55,2025,216.46,295,123
230080,ANTONINA DO NORTE,CE,283.43,2026,293.0,2026_S2,34,2024,240.31,293,182
421690,SÃO LOURENÇO DO OESTE,SC,283.25,2025,284.67,2025_S1,28,2024,264.52,289,235
260915,MANARI,PE,283.0,2025,287.17,2025_S2,36,2024,251.1,290,210
312490,EUGENÓPOLIS,MG,282.92,2025,284.67,2025_S2,32,2024,257.85,292,216
315130,PIRAÚBA,MG,282.5,2024,287.83,2024_S1,35,2024,263.92,292,236
220110,AVELINO LOPES,PI,282.25,2025,285.67,2025_S2,28,2023,260.08,291,219
290040,ÁGUA FRIA,BA,282.14,2026,282.17,2026_S1,32,2024,232.5,291,171
320480,SÃO JOSÉ DO CALÇADO,ES,282.14,2026,286.0,2026_S2,63,2024,223.21,286,140
150770,SÃO SEBASTIÃO DA BOA VISTA,PA,282.14,2026,292.0,2026_S2,72,2024,256.0,292,210
260650,IATI,PE,281.92,2025,287.17,2025_S2,24,2026,263.21,290,231
230040,AIUABA,CE,281.29,2026,289.0,2026_S2,38,2023,238.21,289,180
411880,PEABIRU,PR,281.17,2025,281.83,2025_S2,16,2023,272.19,285,245
260470,CORRENTES,PE,281.08,2025,283.33,2025_S2,44,2024,247.35,287,204
170200,ARAGUAÇU,TO,281.0,2026,286.0,2026_S2,22,2023,261.12,288,232
411125,ITAPERUÇU,PR,280.71,2026,295.0,2026_S2,46,2023,231.69,295,156
353580,PARANAPANEMA,SP,280.67,2025,285.83,2024_S2,30,2023,261.48,289,222
421820,TIMBÓ,SC,280.5,2025,283.0,2025_S1,47,2023,245.33,286,187
260830,JUPI,PE,280.42,2025,291.0,2025_S2,44,2024,237.56,295,191
290530,CAFARNAUM,BA,280.17,2025,281.5,2025_S2,19,2024,266.23,285,246
314055,MATA VERDE,MG,279.29,2026,292.0,2026_S2,37,2024,240.6,292,189
210760,PALMEIRÂNDIA,MA,279.0,2025,283.5,2025_S2,51,2024,241.77,286,196
170070,ALVORADA,TO,278.83,2025,282.67,2025_S2,44,2024,246.33,290,205
320460,SANTA TERESA,ES,278.57,2026,281.0,2026_S2,42,2023,245.29,283,179
292970,SÁTIRO DIAS,BA,278.14,2026,281.0,2026_S2,43,2024,231.71,284,170
240650,LAGOA NOVA,RN,278.0,2026,283.0,2025_S2,36,2024,242.21,287,191
230533,IBICUITINGA,CE,277.57,2026,281.33,2025_S2,31,2024,245.42,288,199
330090,CAMBUCI,RJ,277.17,2025,279.83,2025_S1,75,2026,251.52,282,193
315445,RIACHINHO,MG,277.14,2026,281.33,2025_S2,33,2024,239.71,285,189
420850,ITUPORANGA,SC,276.5,2025,279.5,2025_S2,32,2023,251.19,284,204
241230,SÃO JOSÉ DO CAMPESTRE,RN,276.29,2026,279.5,2025_S2,28,2023,247.98,281,199
412750,TIBAGI,PR,276.25,2025,276.5,2025_S1,34,2024,253.44,279,225
292470,PIRIPÁ,BA,276.17,2025,277.17,2025_S1,28,2024,249.12,278,215
241450,UMARIZAL,RN,275.86,2026,286.0,2026_S2,23,2025,248.46,286,220
260130,BARRA DE GUABIRABA,PE,275.71,2026,277.0,2026_S2,44,2024,217.75,279,144
353560,PARAIBUNA,SP,275.58,2025,283.83,2025_S2,30,2024,256.71,286,224
230680,JAGUARIBARA,CE,275.57,2026,284.0,2026_S2,31,2025,231.23,284,188
210515,IGARAPÉ DO MEIO,MA,275.42,2025,277.33,2025_S2,28,2024,248.06,283,216
314220,MIRAÍ,MG,275.33,2025,277.83,2025_S2,26,2024,254.1,281,212
231390,URUOCA,CE,275.14,2026,285.0,2026_S2,42,2023,211.65,285,153
314720,PARAGUAÇU,MG,275.08,2025,278.5,2025_S1,35,2023,257.81,281,223
270020,ANADIA,AL,274.83,2025,277.33,2025_S2,100,2024,240.42,283,168
314990,PERDÕES,MG,274.83,2025,277.67,2025_S1,16,2025,262.9,280,245
352740,LUCÉLIA,SP,274.0,2025,275.67,2025_S1,46,2024,265.48,278,229
410250,BARBOSA FERRAZ,PR,273.92,2024,274.83,2024_S2,17,2025,266.35,276,245
510860,VILA RICA,MT,273.42,2025,275.17,2025_S1,42,2024,249.38,279,199
261340,SÃO JOSÉ DA COROA GRANDE,PE,273.33,2025,276.17,2025_S2,40,2024,235.56,283,184
352350,ITATINGA,SP,273.0,2025,277.0,2025_S1,32,2023,246.15,281,201
352270,ITÁPOLIS,SP,273.0,2025,274.0,2025_S1,45,2024,252.38,288,218
292090,MASCOTE,BA,272.67,2025,274.33,2025_S2,33,2024,245.12,279,196
412650,SERTANÓPOLIS,PR,272.43,2026,275.0,2026_S2,27,2024,245.44,277,204
355090,SÃO SIMÃO,SP,272.42,2025,277.0,2026_S2,56,2024,242.98,280,193
292805,SANTA LUZIA,BA,272.29,2026,278.0,2026_S2,43,2024,207.58,279,142
150540,OURÉM,PA,272.0,2026,286.0,2026_S2,47,2024,227.17,286,160
290160,ANTAS,BA,271.71,2026,276.0,2026_S2,50,2024,232.92,276,185
310120,AIURUOCA,MG,271.58,2024,272.33,2024_S2,39,2023,258.69,275,219
411190,JAGUAPITÃ,PR,271.58,2025,273.0,2025_S2,30,2023,246.29,277,186
354995,SÃO LOURENÇO DA SERRA,SP,271.42,2025,271.83,2025_S1,39,2024,248.19,277,203
353300,NOVA GRANADA,SP,270.08,2025,272.67,2025_S2,77,2025,249.73,307,225
292335,OUROLÂNDIA,BA,270.0,2026,280.67,2024_S1,47,2024,262.06,285,238
240470,IPANGUAÇU,RN,269.42,2025,271.17,2025_S2,37,2024,241.85,272,195
293240,UIBAÍ,BA,268.57,2026,275.0,2026_S2,28,2024,240.88,275,212
316450,SÃO SEBASTIÃO DO MARANHÃO,MG,268.43,2026,268.83,2026_S1,30,2024,226.98,272,176
412000,PORECATU,PR,268.42,2025,269.17,2025_S2,26,2023,254.0,275,215
352730,LOUVEIRA,SP,268.0,2025,268.33,2025_S1,36,2024,241.35,273,197
311150,CAMPOS ALTOS,MG,267.92,2025,273.17,2025_S2,25,2024,242.31,276,215
421550,SANTA CECÍLIA,SC,267.42,2025,273.0,2025_S2,26,2024,244.6,276,206
260820,JOAQUIM NABUCO,PE,267.17,2025,271.5,2025_S2,29,2024,244.21,274,199
250240,BONITO DE SANTA FÉ,PB,266.86,2026,271.0,2026_S2,31,2024,224.54,271,186
290760,CENTRAL,BA,266.83,2025,269.5,2025_S2,23,2024,248.81,272,227
150280,CURRALINHO,PA,266.58,2025,269.17,2025_S1,61,2023,239.12,270,177
420010,ABELARDO LUZ,SC,266.33,2025,266.5,2024_S2,23,2025,257.12,280,238
310820,BONFINÓPOLIS DE MINAS,MG,266.33,2025,269.5,2025_S1,15,2024,257.92,272,239
250160,BARRA DE SANTA ROSA,PB,266.29,2026,268.67,2025_S2,27,2025,229.56,270,182
311270,CAPITÃO ENÉAS,MG,266.14,2026,277.0,2026_S2,29,2024,230.98,277,195
430520,CERRO LARGO,RS,265.67,2024,269.5,2024_S2,30,2025,251.38,274,224
230393,CHORÓ,CE,265.57,2026,267.0,2026_S2,45,2023,237.71,275,188
351100,CASTILHO,SP,265.5,2025,268.33,2025_S2,20,2025,249.21,276,223
510623,NOVA OLÍMPIA,MT,265.43,2026,281.0,2026_S2,29,2026,224.92,281,189
311180,CANÁPOLIS,MG,265.29,2026,270.0,2026_S2,29,2024,245.98,270,214
290405,BONITO,BA,265.18,2025,268.5,2025_S2,31,2024,240.77,272,206
314980,PERDIZES,MG,265.17,2025,267.17,2025_S1,38,2023,240.08,272,193
150710,SÃO CAETANO DE ODIVELAS,PA,265.0,2026,276.0,2026_S2,44,2023,226.38,276,169
314850,PAVÃO,MG,264.71,2026,270.0,2026_S2,22,2025,241.23,270,203
311090,CAMPANHA,MG,264.71,2026,273.0,2026_S2,119,2025,221.79,273,154
330540,SAPUCAIA,RJ,264.42,2025,274.0,2026_S2,41,2024,238.5,274,178
251310,SALGADO DE SÃO FÉLIX,PB,264.42,2025,270.83,2025_S2,21,2025,247.35,274,221
320506,VENDA NOVA DO IMIGRANTE,ES,264.25,2025,265.5,2025_S2,33,2024,235.79,267,185
110130,MIRANTE DA SERRA,RO,264.08,2025,267.0,2025_S2,31,2024,241.9,270,213
421630,SÃO JOÃO BATISTA,SC,263.92,2025,264.67,2025_S1,27,2026,246.25,269,215
314160,MERCÊS,MG,263.75,2025,267.0,2026_S2,16,2024,253.88,268,233
312930,IAPU,MG,263.58,2025,264.67,2025_S2,22,2023,249.52,269,222
280680,SÃO DOMINGOS,SE,263.33,2025,263.67,2025_S1,31,2023,240.65,268,204
280590,RIACHUELO,SE,263.14,2026,272.0,2026_S2,55,2025,196.69,272,143
315790,SANTA MARGARIDA,MG,263.0,2025,271.83,2025_S2,31,2023,232.5,277,188
240980,PEDRO VELHO,RN,262.71,2026,268.0,2026_S2,43,2024,216.21,271,161
352100,IPERÓ,SP,262.43,2026,267.0,2026_S2,43,2025,212.65,270,148
510637,PEDRA PRETA,MT,262.14,2026,270.0,2025_S2,30,2025,238.77,275,209
150310,GURUPÁ,PA,262.08,2025,267.33,2025_S2,37,2023,235.19,270,181
312970,IBIRACI,MG,262.08,2024,263.67,2024_S2,15,2023,251.85,266,233
172210,XAMBIOÁ,TO,262.0,2026,282.0,2026_S2,35,2025,212.9,282,179
412760,TIJUCAS DO SUL,PR,261.92,2025,262.0,2025_S2,43,2024,232.77,268,180
314300,MONTE BELO,MG,261.75,2025,262.17,2023_S2,12,2026,259.77,265,248
354750,SANTA RITA DO PASSA QUATRO,SP,261.17,2024,261.5,2024_S2,27,2025,241.46,266,211
230050,ALCÂNTARAS,CE,261.0,2026,263.0,2026_S2,34,2024,218.02,266,170
210460,GOVERNADOR EUGÊNIO BARROS,MA,260.92,2025,261.17,2025_S1,23,2024,241.54,265,212
110140,MONTE NEGRO,RO,260.58,2025,269.5,2025_S2,36,2024,229.38,271,176
291733,IUIU,BA,260.5,2025,265.0,2025_S1,22,2023,240.33,268,206
521080,ITAJÁ,GO,260.33,2024,263.33,2024_S2,20,2026,255.08,269,230
293120,TAPEROÁ,BA,260.17,2025,263.5,2025_S1,28,2024,240.48,267,210
521483,NOVA CRIXÁS,GO,260.14,2026,267.0,2026_S2,30,2025,238.88,267,208
500800,TERENOS,MS,260.14,2026,264.0,2026_S2,26,2024,226.96,265,189
410990,ICARAÍMA,PR,260.0,2026,262.0,2026_S2,26,2024,227.35,264,198
270890,SATUBA,AL,260.0,2025,267.5,2025_S2,42,2024,231.29,271,197
240740,MARTINS,RN,260.0,2026,263.0,2025_S2,31,2024,231.81,264,192
430230,BOM JESUS,RS,259.75,2025,266.17,2025_S1,29,2023,243.83,268,210
311030,CALDAS,MG,259.67,2025,263.67,2025_S1,24,2024,246.71,267,223
313375,ITAÚ DE MINAS,MG,259.57,2026,264.17,2025_S2,32,2023,239.04,267,189
210610,LORETO,MA,259.5,2024,260.17,2024_S2,31,2023,247.38,265,225
500600,NOVA ALVORADA DO SUL,MS,259.25,2025,260.0,2026_S2,51,2024,232.71,266,184
310830,BORDA DA MATA,MG,258.86,2026,260.0,2026_S2,19,2025,238.33,261,213
410620,CONTENDA,PR,258.86,2026,270.0,2026_S2,44,2024,214.15,270,174
150070,ANAJÁS,PA,258.8,2022,258.8,2022_S2,100,2023,220.81,278,178
290380,BOA VISTA DO TUPIM,BA,258.58,2025,262.33,2025_S2,17,2025,242.15,267,212
310230,ALVINÓPOLIS,MG,258.25,2025,262.17,2025_S2,24,2024,237.23,268,198
290485,CABACEIRAS DO PARAGUAÇU,BA,258.17,2025,264.0,2025_S2,22,2025,240.75,267,213
270150,CAMPO GRANDE,AL,258.14,2026,263.83,2025_S2,35,2024,225.4,268,188
150780,SENADOR JOSÉ PORFÍRIO,PA,258.0,2026,260.0,2026_S2,52,2024,189.02,263,122
311660,CLÁUDIO,MG,257.75,2025,258.67,2025_S1,31,2024,236.85,260,200
410280,BELA VISTA DO PARAÍSO,PR,257.42,2025,260.0,2026_S2,32,2024,230.33,273,192
312840,GUARANI,MG,256.71,2026,261.33,2025_S2,53,2024,195.58,267,131
240450,GUAMARÉ,RN,256.67,2025,260.67,2025_S2,42,2024,213.94,266,156
350130,ÁLVARES MACHADO,SP,256.5,2025,257.83,2025_S2,34,2023,227.73,264,180
316295,SÃO JOSÉ DA LAPA,MG,256.33,2025,263.83,2025_S1,44,2024,231.27,267,180
421650,SÃO JOAQUIM,SC,255.92,2025,261.67,2025_S2,32,2024,231.9,264,182
320455,SANTA MARIA DE JETIBÁ,ES,255.67,2025,259.67,2025_S2,32,2023,225.31,262,180
310800,BOM SUCESSO,MG,255.58,2024,257.83,2024_S1,21,2024,243.77,265,225
500770,SETE QUEDAS,MS,255.57,2026,264.0,2026_S2,31,2023,248.77,265,223
310210,ALTO RIO DOCE,MG,255.17,2025,255.83,2025_S2,17,2025,240.83,264,225
412120,QUITANDINHA,PR,254.86,2026,257.0,2025_S2,31,2025,227.69,262,190
521900,SANCLERLÂNDIA,GO,254.0,2025,255.0,2025_S1,20,2024,240.56,256,216
430290,CACEQUI,RS,253.86,2026,266.0,2026_S2,27,2026,244.27,266,224
110149,SÃO FRANCISCO DO GUAPORÉ,RO,253.57,2026,262.0,2026_S2,31,2023,237.0,262,208
230565,IPAPORANGA,CE,253.43,2026,258.67,2025_S2,36,2025,213.79,261,165
432143,TERRA DE AREIA,RS,253.43,2026,267.0,2026_S2,43,2024,193.69,267,134
500710,RIBAS DO RIO PARDO,MS,253.29,2026,256.33,2025_S2,25,2024,234.29,260,206
410120,ANTONINA,PR,253.29,2026,255.17,2025_S2,16,2023,241.67,261,212
351200,COLINA,SP,253.08,2024,255.33,2024_S2,24,2025,241.83,259,224
260840,JUREMA,PE,252.67,2025,256.33,2025_S2,25,2023,231.15,259,194
432140,TENENTE PORTELA,RS,252.29,2026,261.0,2026_S2,21,2025,228.31,261,195
510040,ALTO GARÇAS,MT,252.14,2026,258.0,2026_S2,36,2024,224.42,258,195
291380,IPECAETÁ,BA,252.08,2025,253.0,2025_S1,27,2026,231.35,257,203
510500,JAURU,MT,252.0,2026,262.0,2026_S2,33,2025,208.33,262,171
311200,CANDEIAS,MG,251.92,2024,252.33,2024_S2,12,2023,245.0,254,234
411510,MARILUZ,PR,251.86,2026,265.0,2026_S2,33,2024,216.62,265,175
411710,NOVA LONDRINA,PR,251.86,2026,258.0,2026_S2,31,2024,220.31,258,194
421050,MARAVILHA,SC,251.83,2025,253.5,2025_S2,23,2026,242.15,256,223
270720,POÇO DAS TRINCHEIRAS,AL,251.33,2025,257.17,2025_S2,31,2024,222.29,260,181
420280,BRAÇO DO NORTE,SC,251.25,2025,254.83,2025_S2,20,2026,237.94,261,211
421680,SÃO JOSÉ DO CERRITO,SC,251.25,2025,256.83,2025_S2,42,2024,217.48,262,169
241460,UPANEMA,RN,250.92,2025,254.67,2025_S2,39,2024,211.4,257,148
420810,ITAIÓPOLIS,SC,250.75,2025,252.67,2025_S2,21,2023,237.81,254,216
211223,TRIZIDELA DO VALE,MA,250.57,2026,255.0,2026_S2,54,2024,180.48,259,110
420545,FORQUILHINHA,SC,250.43,2026,256.0,2026_S2,35,2025,203.08,256,145
230910,MULUNGU,CE,250.33,2025,252.5,2025_S2,30,2024,218.83,255,174
412740,TERRA ROXA,PR,250.08,2025,257.67,2025_S2,27,2025,225.96,261,201
261470,TACAIMBÓ,PE,249.75,2025,251.17,2025_S2,40,2024,223.65,256,183
150740,SÃO FRANCISCO DO PARÁ,PA,249.67,2025,254.67,2025_S2,36,2024,217.02,259,157
500410,GUIA LOPES DA LAGUNA,MS,249.57,2026,256.0,2026_S2,32,2024,229.31,256,206
310270,CACHOEIRA DE PAJEÚ,MG,249.43,2026,259.0,2026_S2,34,2023,219.38,259,180
251700,UMBUZEIRO,PB,248.5,2024,248.83,2024_S1,16,2026,241.6,253,222
410070,ALTO PIQUIRI,PR,248.5,2025,251.33,2025_S2,42,2023,238.81,257,208
231100,PORANGA,CE,248.43,2026,256.0,2026_S2,35,2025,204.38,256,143
350580,BASTOS,SP,247.92,2025,249.0,2026_S2,33,2024,221.73,255,180
520500,CARMO DO RIO VERDE,GO,247.58,2024,253.67,2024_S2,80,2023,211.33,263,147
520780,FIRMINÓPOLIS,GO,247.58,2025,253.0,2026_S2,18,2024,230.77,253,203
351690,GENERAL SALGADO,SP,247.43,2026,250.0,2026_S2,30,2025,226.54,251,194
410442,CANDÓI,PR,247.33,2025,248.67,2025_S1,12,2024,238.5,251,222
290195,APUAREMA,BA,247.25,2025,248.17,2025_S1,21,2024,229.71,255,194
260490,CUMARU,PE,247.25,2025,255.67,2025_S2,35,2024,217.33,262,179
261030,PARANATAMA,PE,247.17,2025,252.17,2025_S2,24,2023,222.48,255,186
521100,ITAPIRAPUÃ,GO,246.71,2026,254.0,2026_S2,33,2023,222.71,254,186
412470,SÃO JERÔNIMO DA SERRA,PR,246.57,2026,253.0,2026_S2,26,2023,218.83,253,172
410450,CAPANEMA,PR,246.43,2026,248.0,2026_S2,27,2023,223.15,249,180
330615,VARRE-SAI,RJ,246.25,2025,247.5,2025_S1,31,2023,220.6,249,182
411575,MAUÁ DA SERRA,PR,246.25,2025,248.83,2025_S1,31,2023,229.27,252,189
510140,ARIPUANÃ,MT,246.0,2026,255.0,2026_S2,35,2025,197.67,255,145
315540,RIO NOVO,MG,245.57,2026,253.0,2026_S2,23,2024,218.62,253,189
270610,OURO BRANCO,AL,245.33,2025,247.5,2025_S2,23,2024,225.08,252,195
421570,SANTO AMARO DA IMPERATRIZ,SC,245.25,2025,245.67,2025_S1,38,2024,215.08,255,158
313150,IPUIÚNA,MG,245.25,2024,246.67,2023_S2,21,2026,239.6,252,214
311350,CARBONITA,MG,245.25,2025,246.0,2025_S1,21,2024,225.56,252,204
421220,PAPANDUVA,SC,245.14,2026,262.0,2026_S2,30,2026,221.92,262,193
521130,ITARUMÃ,GO,244.92,2024,248.0,2024_S2,29,2026,235.29,250,198
260270,BUENOS AIRES,PE,244.67,2025,247.67,2025_S2,50,2024,219.85,251,184
290135,ANDORINHA,BA,244.33,2025,245.5,2025_S1,18,2024,234.21,248,220
313890,MACHACALIS,MG,244.29,2026,249.0,2026_S2,25,2025,214.46,249,185
251180,PIRPIRITUBA,PB,244.0,2026,253.0,2026_S2,26,2025,207.75,253,166
150500,NOVA TIMBOTEUA,PA,243.86,2026,253.0,2026_S2,29,2023,206.0,253,157
431820,SÃO FRANCISCO DE PAULA,RS,243.86,2026,252.0,2026_S2,17,2023,227.31,252,193
293060,SERROLÂNDIA,BA,243.71,2026,246.0,2026_S2,27,2024,213.25,246,190
260105,ARAÇOIABA,PE,243.57,2026,243.83,2026_S1,38,2024,204.02,250,155
421970,XAXIM,SC,243.5,2025,246.17,2025_S1,28,2024,225.42,250,204
230980,PACOTI,CE,243.29,2026,255.0,2026_S2,27,2025,211.94,255,164
522200,VIANÓPOLIS,GO,243.29,2026,246.0,2026_S2,49,2025,220.62,273,182
313550,JEQUERI,MG,243.25,2025,247.0,2026_S2,31,2024,218.04,249,187
130423,TONANTINS,AM,243.08,2025,243.33,2025_S1,84,2024,192.12,248,142
320016,ÁGUA DOCE DO NORTE,ES,243.0,2026,246.0,2026_S2,34,2024,201.15,247,155
315410,RECREIO,MG,242.92,2025,244.5,2025_S2,27,2024,217.79,247,183
290250,BAIANÓPOLIS,BA,242.58,2025,245.17,2025_S2,13,2026,234.58,248,223
230125,ARARENDÁ,CE,242.57,2026,248.0,2026_S2,38,2025,194.19,248,133
241410,TENENTE ANANIAS,RN,242.14,2026,248.83,2025_S2,35,2023,210.92,255,162
420650,GUARAMIRIM,SC,242.08,2025,244.83,2025_S2,35,2024,211.42,249,150
210203,BOM JESUS DAS SELVAS,MA,242.08,2025,246.67,2025_S2,44,2024,209.48,253,154
510677,PORTO ALEGRE DO NORTE,MT,242.0,2025,243.17,2025_S2,29,2023,220.52,245,180
311050,CAMANDUCAIA,MG,242.0,2025,246.33,2025_S1,27,2024,226.1,250,194
510629,PARANAÍTA,MT,241.71,2026,246.0,2026_S2,31,2023,217.4,246,167
260910,MACHADOS,PE,241.67,2025,242.33,2025_S2,21,2024,226.21,245,201
316100,SÃO DOMINGOS DO PRATA,MG,241.33,2024,249.33,2025_S1,69,2025,216.25,252,180
290200,ARACATU,BA,241.33,2025,242.0,2025_S2,19,2024,227.81,244,210
522000,SÃO JOÃO DALIANÇA,GO,241.29,2026,242.0,2026_S2,26,2024,222.31,246,191
351140,CERQUEIRA CÉSAR,SP,241.25,2025,244.0,2026_S2,27,2024,224.6,246,196
210840,PERI MIRIM,MA,241.14,2026,245.67,2025_S2,57,2025,190.83,255,145
291310,IBITITÁ,BA,240.43,2026,241.67,2025_S2,24,2024,222.52,244,199
292490,PLANALTINO,BA,240.25,2025,242.0,2026_S2,31,2023,220.31,244,177
410520,CERRO AZUL,PR,240.08,2025,242.83,2024_S2,30,2023,227.5,247,193
411610,MOREIRA SALES,PR,239.86,2026,255.0,2026_S2,33,2024,193.17,255,146
290400,BONINAL,BA,239.5,2025,240.17,2025_S1,14,2026,228.0,244,211
351030,CAPELA DO ALTO,SP,239.43,2026,240.17,2026_S1,18,2024,222.48,245,204
210125,BACABEIRA,MA,239.0,2026,244.0,2026_S2,54,2024,178.31,244,107
313220,ITAGUARA,MG,238.92,2025,239.67,2025_S1,24,2023,219.33,245,178
120080,PORTO ACRE,AC,238.71,2026,259.0,2026_S2,39,2025,180.08,259,123
410750,ENGENHEIRO BELTRÃO,PR,238.33,2025,240.0,2025_S2,24,2024,219.08,244,186
251280,RIACHO DOS CAVALOS,PB,238.14,2026,252.0,2026_S2,52,2024,165.31,252,100
293340,WAGNER,BA,238.08,2025,239.17,2024_S2,19,2024,224.54,241,203
316570,SENADOR FIRMINO,MG,238.0,2024,240.17,2024_S1,28,2023,226.23,247,188
210710,MORROS,MA,237.75,2025,242.0,2025_S2,45,2024,201.98,246,149
431365,PALMARES DO SUL,RS,237.71,2026,252.0,2026_S2,30,2026,197.98,252,156
313290,ITAMOGI,MG,237.67,2025,254.67,2025_S1,51,2025,214.5,259,171
270644,PARIPUEIRA,AL,237.29,2026,241.83,2025_S2,36,2024,203.85,248,167
250403,CAPIM,PB,237.08,2023,239.83,2024_S1,109,2024,183.29,245,108
500640,PEDRO GOMES,MS,236.92,2025,241.5,2025_S2,22,2025,218.79,246,196
292595,RAFAEL JAMBEIRO,BA,236.86,2026,240.0,2026_S2,24,2025,206.35,243,156
261255,SANTA FILOMENA,PE,236.67,2023,248.33,2024_S1,118,2024,196.58,259,141
210770,PARAIBANO,MA,236.57,2026,240.0,2026_S2,18,2025,220.69,243,199
315190,POCRANE,MG,236.43,2026,237.83,2025_S2,30,2025,207.08,241,181
320370,MUNIZ FREIRE,ES,236.33,2025,238.83,2025_S2,32,2023,212.83,241,172
261620,VERTENTES,PE,235.14,2026,240.0,2026_S2,47,2024,183.83,240,131
292265,NORDESTINA,BA,235.08,2025,235.83,2025_S2,22,2024,217.46,237,190
292680,RIO DO ANTÔNIO,BA,235.0,2026,242.0,2026_S2,19,2025,218.58,242,197
355510,TUPI PAULISTA,SP,234.5,2025,238.5,2025_S1,55,2025,217.08,243,188
230620,ITAIÇABA,CE,234.0,2026,241.0,2026_S2,34,2025,186.85,242,146
354420,RIOLÂNDIA,SP,233.71,2026,238.0,2026_S2,37,2024,217.02,238,191
354240,REGENTE FEIJÓ,SP,233.5,2024,236.67,2024_S2,27,2023,224.0,239,202
500793,SONORA,MS,233.0,2026,247.0,2026_S2,29,2026,193.27,247,153
240440,GROSSOS,RN,232.86,2026,243.0,2026_S2,57,2025,156.56,243,77
313990,MARIA DA FÉ,MG,232.83,2025,241.0,2026_S2,32,2024,207.92,241,162
350050,ÁGUAS DE LINDÓIA,SP,232.67,2025,233.5,2025_S2,26,2024,209.23,238,176
312690,FREI INOCÊNCIO,MG,232.0,2026,236.0,2026_S2,34,2025,184.58,236,129
315800,SANTA MARIA DE ITABIRA,MG,232.0,2024,238.17,2024_S1,28,2024,220.38,242,194
353240,NAZARÉ PAULISTA,SP,232.0,2025,235.0,2025_S2,26,2024,209.56,237,168
310460,ASTOLFO DUTRA,MG,232.0,2026,234.0,2025_S2,24,2023,209.9,238,171
432090,TAPEJARA,RS,231.58,2025,233.83,2025_S2,27,2024,208.58,238,178
351390,DIVINOLÂNDIA,SP,231.17,2024,231.83,2024_S2,25,2026,219.96,233,187
290770,CHORROCHÓ,BA,231.14,2026,232.0,2026_S2,25,2024,209.1,237,178
352130,IPUÃ,SP,231.14,2026,235.33,2025_S2,28,2023,203.79,237,161
410800,FLORESTÓPOLIS,PR,231.0,2026,236.0,2026_S2,19,2025,208.88,236,180
160070,TARTARUGALZINHO,AP,231.0,2026,248.0,2026_S2,42,2025,162.65,248,110
311610,CHAPADA DO NORTE,MG,230.5,2025,231.5,2025_S2,9,2026,226.12,234,217
313460,JABOTICATUBAS,MG,230.43,2026,246.0,2026_S2,31,2026,209.77,246,172
291340,IGAPORÃ,BA,230.14,2026,232.0,2026_S2,32,2024,189.06,234,132
350420,AURIFLAMA,SP,230.0,2026,240.0,2026_S2,30,2024,204.92,240,167
521486,NOVA GLÓRIA,GO,229.58,2024,245.33,2024_S1,148,2024,169.29,260,86
352000,IGARAÇU DO TIETÊ,SP,229.25,2025,231.0,2026_S2,38,2023,213.58,237,173
280390,MALHADOR,SE,229.0,2026,232.0,2026_S2,43,2025,186.17,236,150
260860,LAGOA DO OURO,PE,229.0,2025,233.33,2025_S2,24,2026,208.88,237,178
412100,QUERÊNCIA DO NORTE,PR,229.0,2023,232.83,2023_S2,65,2024,216.06,239,174
280040,ARAUÁ,SE,229.0,2026,249.17,2024_S1,94,2024,217.94,268,174
351230,CONCHAS,SP,229.0,2025,230.67,2025_S1,61,2024,219.56,235,174
353475,OUROESTE,SP,228.75,2025,232.33,2025_S2,25,2024,209.77,237,182
313115,IPABA,MG,228.71,2026,236.0,2026_S2,43,2023,192.19,236,125
350100,ALTINÓPOLIS,SP,228.42,2025,230.17,2025_S1,25,2024,213.06,233,176
220430,FRONTEIRAS,PI,228.29,2026,230.0,2026_S2,43,2024,177.88,231,120
430750,ESPUMOSO,RS,228.17,2024,234.0,2024_S2,23,2024,219.98,238,207
292405,PÉ DE SERRA,BA,228.14,2026,239.0,2026_S2,19,2024,208.19,239,183
431645,SALTO DO JACUÍ,RS,227.92,2025,230.17,2025_S1,19,2023,216.19,232,186
261120,POÇÃO,PE,227.75,2025,229.17,2025_S1,24,2026,211.27,233,196
240010,ACARI,RN,227.71,2026,233.17,2025_S2,23,2023,210.27,235,166
210050,ALTO PARNAÍBA,MA,227.5,2025,230.0,2025_S2,18,2026,209.56,232,193
510050,ALTO PARAGUAI,MT,227.33,2025,227.67,2025_S2,18,2025,216.92,234,196
260360,CAMUTANGA,PE,227.29,2026,236.0,2026_S2,29,2024,185.71,236,137
352044,ILHA SOLTEIRA,SP,227.25,2025,228.67,2025_S1,20,2024,218.04,230,208
291410,IPUPIARA,BA,227.25,2024,233.33,2024_S2,24,2023,210.15,241,180
314510,NOVA RESENDE,MG,227.08,2024,229.0,2024_S2,16,2022,221.12,232,199
351160,CESÁRIO LANGE,SP,226.67,2025,227.83,2025_S1,18,2023,211.35,230,180
270560,NOVO LINO,AL,226.57,2026,233.0,2026_S2,30,2024,188.42,233,152
431550,RESTINGA SÊCA,RS,226.57,2026,227.0,2026_S2,18,2023,210.21,232,185
311450,CARMÓPOLIS DE MINAS,MG,226.42,2025,226.83,2025_S1,31,2024,205.75,232,183
521980,SÃO DOMINGOS,GO,226.17,2025,227.5,2025_S2,45,2024,198.44,229,157
110008,COSTA MARQUES,RO,226.14,2026,237.0,2026_S2,37,2024,194.17,237,143
210927,PRESIDENTE SARNEY,MA,225.83,2023,245.67,2024_S1,184,2024,162.21,261,66
260480,CORTÊS,PE,225.71,2026,226.5,2026_S1,40,2024,198.81,229,158
411620,MORRETES,PR,225.71,2026,227.0,2026_S2,21,2023,212.27,229,186
292465,PINTADAS,BA,225.58,2025,226.33,2025_S2,25,2024,205.29,233,178
231010,PALMÁCIA,CE,225.57,2026,232.0,2026_S2,45,2024,179.92,232,125
353520,PALMEIRA DOESTE,SP,225.43,2026,225.67,2026_S1,58,2025,210.1,237,176
230837,MIRAÍMA,CE,225.29,2026,246.0,2026_S2,51,2024,177.9,246,146
410060,ALTO PARANÁ,PR,225.14,2026,226.0,2026_S2,44,2022,193.79,229,157
520340,BOM JARDIM DE GOIÁS,GO,225.14,2026,234.0,2026_S2,34,2024,199.46,234,173
412796,TURVO,PR,225.08,2025,226.0,2025_S1,28,2026,209.29,227,189
150565,PLACAS,PA,224.86,2026,229.0,2026_S2,39,2024,182.56,230,133
292180,MORTUGABA,BA,224.67,2025,237.5,2025_S2,40,2025,202.23,241,165
150630,SALVATERRA,PA,224.57,2026,237.0,2026_S2,45,2023,171.83,237,106
420580,GARUVA,SC,224.42,2025,227.17,2025_S2,42,2023,201.69,229,150
314830,PAULA CÂNDIDO,MG,224.33,2024,241.5,2025_S1,73,2025,204.23,245,165
411280,JOAQUIM TÁVORA,PR,224.25,2025,228.17,2025_S1,23,2023,209.23,231,170
250920,MASSARANDUBA,PB,224.14,2026,229.0,2026_S2,44,2024,167.4,229,106
270760,QUEBRANGULO,AL,224.08,2024,226.0,2024_S2,20,2026,217.56,228,193
261270,SANTA MARIA DO CAMBUCÁ,PE,223.71,2026,231.0,2026_S2,35,2024,185.46,231,147
314210,MIRADOURO,MG,223.58,2025,226.0,2025_S2,19,2024,206.33,228,191
210845,PERITORÓ,MA,223.25,2025,226.5,2025_S2,28,2024,203.35,229,172
210420,FORTUNA,MA,223.25,2025,225.0,2026_S2,33,2024,197.88,226,163
261247,SANTA CRUZ DA BAIXA VERDE,PE,223.0,2026,236.0,2026_S2,46,2024,182.77,236,130
292140,MIRANGABA,BA,223.0,2025,225.0,2025_S2,27,2024,203.46,228,172
410100,AMPÉRE,PR,222.92,2025,228.17,2025_S2,33,2024,199.81,231,166
290970,CRISTÓPOLIS,BA,222.92,2025,223.5,2025_S2,13,2026,216.15,226,203
313753,LAGOA GRANDE,MG,222.75,2025,224.17,2025_S2,21,2026,205.88,229,173
270410,LAGOA DA CANOA,AL,222.2,2022,222.2,2022_S2,281,2022,187.27,446,164
421290,PINHALZINHO,SC,222.17,2024,224.83,2024_S2,22,2025,211.04,228,184
110170,URUPÁ,RO,222.0,2025,227.0,2025_S2,22,2024,196.67,231,159
430650,DOM FELICIANO,RS,222.0,2025,223.67,2025_S1,20,2024,209.33,225,192
320517,VILA VALÉRIO,ES,221.58,2025,222.67,2025_S1,31,2023,203.31,224,156
520010,ABADIÂNIA,GO,220.86,2026,227.33,2025_S2,49,2026,186.04,243,129
130115,CAREIRO DA VÁRZEA,AM,220.71,2026,236.0,2026_S2,52,2024,149.17,236,74
420350,CAMPO ERÊ,SC,220.5,2025,221.33,2024_S2,20,2023,208.58,225,181
500450,ITAPORÃ,MS,220.42,2024,225.17,2024_S2,22,2023,211.81,230,189
221070,SIMÕES,PI,220.29,2026,228.0,2026_S2,31,2024,179.38,228,129
520995,INDIARA,GO,219.86,2026,231.0,2026_S2,52,2024,173.85,231,133
521640,PARAÚNA,GO,219.57,2026,219.67,2026_S1,20,2025,194.52,222,153
430890,GETÚLIO VARGAS,RS,219.5,2024,222.17,2024_S1,19,2024,213.23,229,202
315230,PORTO FIRME,MG,219.43,2026,228.0,2026_S2,30,2023,185.27,228,136
350710,BOM JESUS DOS PERDÕES,SP,219.33,2025,222.0,2025_S2,33,2024,194.42,227,153
293315,VÁRZEA NOVA,BA,219.29,2026,228.0,2026_S2,46,2024,178.42,228,126
412785,TRÊS BARRAS DO PARANÁ,PR,219.14,2026,225.0,2026_S2,31,2024,197.0,230,163
270642,PARICONHA,AL,218.92,2025,219.67,2025_S2,20,2023,200.15,225,174
314500,NOVA PONTE,MG,218.75,2025,221.0,2026_S2,14,2025,207.73,227,193
510785,SÃO FÉLIX DO ARAGUAIA,MT,218.33,2025,220.0,2026_S2,17,2023,207.02,224,187
150285,CURUÁ,PA,218.29,2026,231.0,2026_S2,48,2024,149.06,231,73
352800,MACATUBA,SP,217.67,2025,221.0,2025_S2,50,2025,208.04,224,174
150497,NOVA IPIXUNA,PA,217.58,2025,219.67,2024_S2,20,2023,207.58,222,183
310890,BRAZÓPOLIS,MG,217.58,2025,219.17,2025_S2,27,2024,199.62,223,166
280750,TOMAR DO GERU,SE,217.17,2025,219.17,2025_S2,14,2023,206.48,224,194
410260,BARRACÃO,PR,217.17,2025,217.83,2025_S1,20,2023,200.31,222,169
500460,ITAQUIRAÍ,MS,217.0,2026,224.5,2025_S2,32,2024,187.56,230,150
412300,SALTO DO LONTRA,PR,217.0,2026,222.0,2026_S2,23,2024,184.54,224,145
130200,ITAPIRANGA,AM,216.83,2025,217.17,2025_S2,66,2024,178.12,226,96
412730,TERRA RICA,PR,216.29,2026,223.0,2026_S2,50,2024,187.73,226,152
320190,DOMINGOS MARTINS,ES,216.17,2025,218.67,2025_S2,36,2024,188.56,222,146
312760,GOUVEIA,MG,216.08,2025,218.5,2025_S1,22,2024,201.9,222,186
315710,SALTO DA DIVISA,MG,216.0,2026,224.0,2026_S2,44,2024,168.98,224,121
150805,TRAIRÃO,PA,216.0,2026,222.0,2026_S2,43,2024,177.4,224,124
320435,RIO BANANAL,ES,216.0,2026,220.0,2025_S2,35,2024,179.02,226,115
251090,PAULISTA,PB,215.67,2025,217.33,2025_S2,21,2023,191.65,221,159
432270,VERA CRUZ,RS,215.67,2025,215.83,2025_S2,34,2023,197.44,221,159
130165,GUAJARÁ,AM,215.57,2026,238.0,2026_S2,98,2024,177.96,238,74
412600,SÃO SEBASTIÃO DA AMOREIRA,PR,215.42,2025,217.5,2025_S1,30,2024,190.19,223,134
150610,PRIMAVERA,PA,215.29,2026,221.33,2025_S2,42,2024,186.77,224,130
313560,JEQUITAÍ,MG,215.29,2026,217.0,2026_S2,19,2025,191.48,221,168
411490,MARILÂNDIA DO SUL,PR,215.25,2025,215.33,2025_S1,25,2026,199.4,219,172
291300,IBITIARA,BA,215.0,2025,216.0,2025_S2,13,2023,201.38,219,183
241400,TANGARÁ,RN,214.75,2024,227.33,2025_S1,58,2025,193.29,236,166
431250,MOSTARDAS,RS,214.71,2026,220.0,2026_S2,34,2025,181.92,220,137
250860,LUCENA,PB,214.5,2025,220.17,2025_S2,28,2024,188.1,225,156
150160,BONITO,PA,214.43,2026,228.0,2026_S2,47,2023,174.33,228,105
310430,AREADO,MG,214.42,2025,215.5,2025_S2,13,2023,203.04,219,184
353720,PEDRO DE TOLEDO,SP,213.86,2026,222.0,2026_S2,44,2024,185.4,222,147
290323,BARRO ALTO,BA,213.67,2025,216.17,2025_S1,20,2024,200.04,219,178
120005,ASSIS BRASIL,AC,213.33,2025,219.0,2025_S2,41,2024,177.56,221,126
140005,ALTO ALEGRE,RR,213.14,2026,222.0,2026_S2,38,2024,177.5,222,134
211180,SÍTIO NOVO,MA,212.92,2025,213.17,2025_S2,23,2024,195.08,219,172
270520,MESSIAS,AL,212.67,2025,217.83,2025_S2,19,2024,197.27,221,174
130068,BOA VISTA DO RAMOS,AM,212.33,2025,217.33,2025_S1,61,2024,178.69,220,147
420395,CAPIVARI DE BAIXO,SC,212.29,2026,225.0,2026_S2,36,2024,176.02,225,138
260980,OROCÓ,PE,212.25,2024,235.5,2024_S1,84,2024,181.21,239,127
500090,ANTÔNIO JOÃO,MS,212.25,2025,215.5,2025_S1,17,2025,202.38,219,179
510270,CANARANA,MT,212.14,2026,220.0,2026_S2,15,2024,201.96,220,182
292450,PINDAÍ,BA,211.83,2025,213.0,2025_S2,16,2024,198.0,216,175
312390,ENTRE RIOS DE MINAS,MG,211.83,2024,214.33,2025_S1,20,2025,203.12,216,185
291280,IBIRAPUÃ,BA,211.29,2026,214.17,2025_S2,26,2025,191.52,219,172
293305,VÁRZEA DA ROÇA,BA,211.29,2026,218.0,2026_S2,25,2025,179.58,218,148
171420,NATIVIDADE,TO,211.0,2026,218.0,2026_S2,25,2024,194.79,218,172
230060,ALTANEIRA,CE,210.86,2026,222.0,2026_S2,34,2024,177.15,222,138
510780,SANTO ANTÔNIO DO LEVERGER,MT,210.71,2026,217.33,2025_S2,35,2024,181.19,219,140
220450,GUADALUPE,PI,210.29,2026,222.0,2026_S2,23,2026,198.83,222,172
311570,CENTRAL DE MINAS,MG,210.17,2024,211.67,2024_S1,20,2023,204.94,216,192
293130,TAPIRAMUTÁ,BA,209.71,2026,211.0,2026_S2,21,2024,190.6,214,163
520580,CORUMBÁ DE GOIÁS,GO,209.58,2025,210.67,2025_S1,22,2023,197.38,214,168
240670,LAJES,RN,209.43,2026,209.67,2026_S1,19,2023,193.77,213,167
316670,SERRA DOS AIMORÉS,MG,209.29,2026,216.0,2026_S2,28,2024,173.25,216,147
410470,CARLÓPOLIS,PR,209.0,2026,217.0,2026_S2,28,2024,174.79,217,133
412840,URAÍ,PR,209.0,2026,218.0,2026_S2,29,2023,192.31,218,164
130220,JURUÁ,AM,208.92,2025,218.0,2026_S2,32,2024,188.08,218,148
120013,BUJARI,AC,208.86,2026,218.0,2026_S2,37,2025,155.73,220,109
412230,RIO NEGRO,PR,208.67,2025,211.0,2025_S2,19,2023,192.9,213,164
313300,ITAMONTE,MG,208.58,2025,208.67,2025_S1,90,2024,190.31,212,122
421825,TIMBÓ GRANDE,SC,208.57,2026,215.0,2026_S2,31,2024,171.67,215,123
520530,CAVALCANTE,GO,208.5,2025,213.5,2025_S2,23,2024,189.15,217,160
430010,AGUDO,RS,208.17,2025,211.17,2025_S1,17,2026,198.25,215,180
312620,FORMOSO,MG,208.0,2026,223.0,2026_S2,26,2026,185.31,223,166
430960,HORIZONTINA,RS,207.83,2025,213.0,2026_S2,22,2023,196.73,218,164
210250,CAJARI,MA,207.17,2025,208.67,2025_S1,24,2023,187.92,210,150
160010,AMAPÁ,AP,207.0,2026,217.0,2026_S2,34,2023,170.4,217,125
500580,NIOAQUE,MS,206.86,2026,207.0,2026_S1,25,2024,190.58,212,164
500520,LADÁRIO,MS,206.75,2025,213.0,2026_S2,35,2024,184.31,213,147
411810,PARANACITY,PR,206.58,2025,208.0,2025_S1,55,2024,180.1,215,135
270255,ESTRELA DE ALAGOAS,AL,206.33,2025,207.5,2025_S1,23,2023,194.27,211,175
315510,RIO DO PRADO,MG,206.0,2026,211.0,2026_S2,41,2024,153.27,211,101
354500,SALESÓPOLIS,SP,205.75,2024,212.67,2025_S2,67,2025,196.71,219,152
290035,ADUSTINA,BA,205.57,2026,206.0,2026_S2,50,2024,159.27,209,106
432020,SEBERI,RS,205.33,2025,206.17,2025_S1,21,2024,188.56,210,160
351850,GUAREÍ,SP,205.33,2025,210.33,2025_S2,17,2022,196.31,213,174
430400,CAMPO NOVO,RS,205.29,2026,208.0,2026_S2,21,2024,193.67,212,175
160015,PEDRA BRANCA DO AMAPARI,AP,205.29,2026,216.0,2026_S2,33,2026,153.46,223,121
317052,URUCUIA,MG,205.0,2026,209.67,2025_S2,30,2025,168.71,212,125
220330,DEMERVAL LOBÃO,PI,204.86,2026,210.0,2026_S2,23,2025,179.85,211,153
310825,BONITO DE MINAS,MG,204.83,2025,209.5,2025_S2,29,2026,189.4,214,176
260240,BREJÃO,PE,204.71,2026,210.0,2026_S2,20,2025,185.31,210,158
211102,SÃO JOÃO DO CARÚ,MA,204.58,2025,205.67,2025_S2,30,2024,186.02,208,160
130010,ANORI,AM,204.42,2025,212.17,2025_S2,59,2024,164.4,218,109
412667,TAMARANA,PR,204.42,2025,207.0,2026_S2,17,2024,190.15,211,168
280490,PACATUBA,SE,204.25,2025,209.33,2025_S2,31,2023,194.44,212,174
260770,ITAPETIM,PE,204.17,2025,208.5,2025_S1,26,2024,186.58,210,159
500200,BATAYPORÃ,MS,204.17,2025,204.5,2025_S2,23,2024,191.73,207,169
293170,TERRA NOVA,BA,204.0,2025,207.33,2025_S2,19,2025,185.92,211,154
310750,BOM JARDIM DE MINAS,MG,204.0,2025,206.67,2025_S2,23,2023,187.62,208,154
430600,CRISSIUMAL,RS,203.83,2025,207.5,2025_S2,27,2026,186.58,212,163
210790,PASSAGEM FRANCA,MA,203.5,2025,207.17,2025_S2,19,2023,186.67,210,159
317150,MATHIAS LOBATO,MG,203.33,2025,205.83,2025_S2,17,2023,193.19,208,167
171488,NOVA OLINDA,TO,203.25,2025,209.83,2025_S2,41,2024,168.67,213,114
311680,COLUNA,MG,203.0,2026,206.33,2025_S2,23,2023,192.69,208,167
355580,URÂNIA,SP,203.0,2026,206.0,2026_S2,24,2025,177.94,206,160
411020,INÁCIO MARTINS,PR,202.83,2024,204.67,2024_S2,16,2026,192.46,207,174
411007,IMBAÚ,PR,202.75,2025,207.17,2025_S1,28,2023,182.33,209,144
290940,COTEGIPE,BA,202.58,2025,206.67,2025_S2,27,2026,194.4,210,172
150304,FLORESTA DO ARAGUAIA,PA,202.58,2025,207.83,2025_S2,45,2023,171.23,212,114
520725,DOVERLÂNDIA,GO,202.57,2026,210.0,2026_S2,27,2024,171.29,210,143
260415,CASINHAS,PE,202.57,2026,206.0,2026_S2,30,2024,170.04,212,126
311070,CAMBUQUIRA,MG,202.43,2026,207.0,2026_S2,24,2023,183.0,207,147
410500,CATANDUVAS,PR,202.42,2024,206.0,2024_S2,28,2023,187.46,208,155
353150,MONTE AZUL PAULISTA,SP,202.33,2025,205.17,2025_S2,20,2023,187.15,210,162
291570,ITAMARI,BA,202.25,2025,203.0,2025_S2,43,2024,170.46,205,115
430940,GUAPORÉ,RS,202.08,2024,207.17,2024_S2,26,2025,190.73,211,169
241140,SANTANA DO MATOS,RN,201.67,2025,206.83,2025_S2,20,2026,188.23,211,169
354090,PRADÓPOLIS,SP,201.17,2025,203.83,2025_S2,19,2024,185.38,209,165
250360,CAIÇARA,PB,201.0,2026,201.0,2026_S1,24,2024,181.42,205,153
431510,PORTO XAVIER,RS,200.92,2025,202.33,2025_S1,17,2023,188.44,205,164
315770,SANTA JULIANA,MG,200.86,2026,208.0,2026_S2,23,2023,183.4,208,153
311455,CARNEIRINHO,MG,200.83,2025,202.17,2025_S2,11,2024,195.21,204,188
171575,PALMEIRÓPOLIS,TO,200.71,2026,201.0,2026_S1,18,2024,190.04,206,177
320260,ICONHA,ES,200.5,2025,203.5,2025_S1,26,2023,184.12,208,143
290115,AMÉRICA DOURADA,BA,200.5,2025,202.33,2025_S2,25,2024,185.08,206,165
430590,CORONEL BICACO,RS,200.29,2026,208.0,2026_S2,23,2023,176.52,208,139
431330,NOVA PRATA,RS,200.08,2025,202.33,2025_S2,25,2024,177.29,207,135
291660,ITAPITANGA,BA,200.0,2026,200.5,2026_S1,24,2024,175.94,205,149
430680,ENCANTADO,RS,200.0,2025,203.17,2025_S2,18,2023,186.88,206,165
240380,FLORÂNIA,RN,199.92,2025,202.17,2024_S1,21,2023,193.08,206,172
211105,SÃO JOÃO DO PARAÍSO,MA,199.71,2026,209.0,2026_S2,19,2026,180.33,209,155
317005,UBAPORANGA,MG,199.29,2026,201.67,2025_S2,23,2024,181.15,208,151
270810,SANTANA DO MUNDAÚ,AL,198.86,2026,199.33,2026_S1,22,2025,180.85,203,166
330180,ENGENHEIRO PAULO DE FRONTIN,RJ,198.83,2025,200.83,2025_S1,36,2024,178.31,207,139
260845,LAGOA DO CARRO,PE,198.67,2025,202.33,2025_S2,36,2023,167.46,206,120
150796,TERRA ALTA,PA,198.5,2025,202.0,2026_S2,16,2026,194.02,202,181
314670,PALMA,MG,198.42,2025,200.83,2025_S2,13,2023,190.71,203,175
420570,GAROPABA,SC,198.25,2025,199.33,2025_S2,38,2024,159.81,202,96
261200,SAIRÉ,PE,198.08,2025,201.0,2025_S2,15,2024,186.62,204,176
412080,QUATRO BARRAS,PR,197.92,2025,199.33,2024_S2,20,2025,188.85,205,160
420690,IBIRAMA,SC,197.92,2025,198.5,2025_S2,31,2026,174.81,201,147
510805,TERRA NOVA DO NORTE,MT,197.86,2026,207.0,2026_S2,21,2023,170.0,207,132
431600,ROLANTE,RS,197.71,2026,200.0,2026_S2,19,2024,176.12,201,146
500348,DOIS IRMÃOS DO BURITI,MS,197.57,2026,200.0,2026_S2,24,2023,179.75,202,148
412050,PRIMEIRO DE MAIO,PR,197.5,2025,198.0,2025_S2,27,2024,180.23,202,155
290327,BARROCAS,BA,197.29,2026,201.67,2025_S2,30,2024,166.81,207,128
521440,NAZÁRIO,GO,197.29,2026,203.0,2026_S2,18,2025,170.88,203,146
315170,POÇO FUNDO,MG,197.2,2022,197.5,2023_S1,29,2026,189.65,201,165
210390,DUQUE BACELAR,MA,197.17,2025,198.0,2025_S1,20,2024,181.08,200,161
311700,COMERCINHO,MG,197.08,2025,202.5,2025_S2,17,2025,175.94,204,143
412215,RIO BONITO DO IGUAÇU,PR,196.86,2026,200.0,2026_S2,39,2025,176.38,200,155
260920,MARAIAL,PE,196.83,2025,198.83,2025_S1,39,2024,167.75,202,115
291140,GLÓRIA,BA,196.71,2026,198.0,2026_S2,45,2023,158.54,200,98
314535,NOVO ORIENTE DE MINAS,MG,196.43,2026,196.83,2026_S1,41,2025,154.12,203,104
351170,CHARQUEADA,SP,196.25,2025,199.17,2025_S1,29,2023,174.75,205,130
315727,SANTA BÁRBARA DO MONTE VERDE,MG,196.14,2026,199.0,2026_S2,64,2024,127.35,205,42
291960,MACAJUBA,BA,196.08,2025,198.0,2025_S2,20,2024,175.48,202,145
421340,PONTE SERRADA,SC,195.92,2025,199.17,2025_S2,14,2023,183.25,202,157
310950,CABO VERDE,MG,195.75,2025,201.33,2025_S1,22,2025,185.58,203,171
240910,PASSA E FICA,RN,195.5,2025,196.17,2025_S1,24,2023,177.62,197,145
280280,INDIAROBA,SE,195.43,2026,203.0,2026_S2,23,2025,160.58,203,124
170900,GOIATINS,TO,195.42,2025,202.0,2025_S2,33,2024,165.83,207,128
410850,GENERAL CARNEIRO,PR,195.17,2025,202.67,2025_S2,39,2024,158.81,205,109
150200,CACHOEIRA DO ARARI,PA,195.14,2026,211.0,2026_S2,48,2023,147.88,211,90
312590,FERROS,MG,195.0,2025,196.83,2025_S1,15,2024,185.96,199,172
420670,HERVAL DOESTE,SC,194.92,2024,195.0,2024_S2,15,2026,186.42,199,171
353200,MORUNGABA,SP,194.83,2025,197.5,2025_S1,34,2023,172.65,200,128
350540,BARRA DO TURVO,SP,194.6,2022,194.6,2022_S2,29,2025,181.56,196,153
350990,CANANÉIA,SP,194.57,2026,199.0,2026_S2,92,2025,175.1,201,109
292390,PAU BRASIL,BA,194.42,2025,195.0,2025_S2,22,2024,177.98,199,156
320313,JOÃO NEIVA,ES,194.33,2025,198.17,2024_S1,26,2023,184.15,205,157
350460,BADY BASSITT,SP,194.17,2025,199.0,2026_S2,32,2023,177.77,199,135
291995,MAETINGA,BA,194.14,2026,196.0,2026_S2,26,2023,160.48,196,115
510610,NOSSA SENHORA DO LIVRAMENTO,MT,194.14,2026,194.83,2025_S2,50,2024,144.19,199,99
261280,SANTA TEREZINHA,PE,194.0,2026,194.67,2026_S1,28,2025,176.92,200,157
510558,MARCELÂNDIA,MT,194.0,2025,199.33,2024_S2,28,2024,181.08,202,159
230480,GRANJEIRO,CE,193.92,2025,199.0,2025_S2,32,2024,168.6,205,136
260430,CEDRO,PE,193.75,2025,196.17,2025_S2,20,2024,177.33,199,155
230990,PACUJÁ,CE,193.71,2026,201.0,2026_S2,31,2025,151.79,201,113
260440,CHÃ DE ALEGRIA,PE,193.42,2025,197.33,2025_S2,27,2024,169.27,203,135
260180,BETÂNIA,PE,193.42,2025,194.0,2025_S1,35,2026,171.46,199,137
354000,POMPÉIA,SP,193.25,2024,200.67,2025_S2,42,2025,189.27,203,161
316150,SÃO GERALDO,MG,193.17,2024,197.0,2024_S1,45,2024,174.29,210,149
310300,ANTÔNIO DIAS,MG,193.17,2025,193.67,2025_S1,27,2024,173.79,196,134
292650,RIBEIRA DO AMPARO,BA,193.14,2026,199.0,2026_S2,25,2024,171.9,200,138
314675,PALMÓPOLIS,MG,193.14,2026,197.0,2026_S2,24,2024,162.79,198,127
210690,MONÇÃO,MA,193.14,2026,195.0,2026_S2,51,2024,141.04,195,73
291185,HELIÓPOLIS,BA,193.14,2026,195.0,2026_S2,31,2024,151.73,197,101
313050,ILICÍNEA,MG,193.0,2024,196.0,2024_S2,32,2023,179.5,197,146
351750,GUAPIAÇU,SP,193.0,2025,194.17,2025_S2,22,2023,180.54,198,151
410290,BITURUNA,PR,192.92,2025,197.33,2025_S2,21,2024,176.94,203,149
290550,CALDEIRÃO GRANDE,BA,192.83,2025,197.33,2025_S2,21,2024,171.35,205,135
210560,JOSELÂNDIA,MA,192.71,2026,194.0,2026_S2,23,2024,168.08,195,137
521300,MAURILÂNDIA,GO,192.58,2025,200.17,2024_S2,41,2024,173.33,208,125
211245,TURILÂNDIA,MA,192.43,2026,212.0,2026_S2,42,2024,136.48,212,95
210177,BELA VISTA DO MARANHÃO,MA,192.33,2025,192.67,2025_S1,22,2024,179.88,195,169
350790,BROTAS,SP,192.17,2025,192.67,2025_S2,18,2024,176.38,195,154
432380,XANGRI-LÁ,RS,192.14,2026,194.0,2026_S2,39,2024,151.0,196,89
220060,ANGICAL DO PIAUÍ,PI,191.86,2026,197.0,2026_S2,13,2023,178.92,197,153
261590,TUPARETAMA,PE,191.67,2025,192.5,2025_S1,15,2025,177.02,198,156
353480,OURO VERDE,SP,191.55,2025,193.2,2025_S1,42,2023,177.47,196,145
316245,SÃO JOÃO DAS MISSÕES,MG,191.29,2026,206.0,2026_S2,22,2024,170.75,206,148
313005,ICARAÍ DE MINAS,MG,191.17,2025,195.0,2025_S2,27,2024,169.33,197,141
171620,PARANÃ,TO,191.14,2026,203.0,2026_S2,48,2025,146.0,203,97
312700,FRONTEIRA,MG,191.0,2026,200.0,2026_S2,21,2023,175.81,200,142
315725,SANTA BÁRBARA DO LESTE,MG,190.83,2024,194.67,2025_S1,19,2026,179.71,195,158
240170,BOM JESUS,RN,190.75,2025,192.33,2025_S2,44,2024,156.15,194,101
210680,MIRINZAL,MA,190.75,2025,193.0,2026_S2,20,2024,173.33,194,140
410510,CENTENÁRIO DO SUL,PR,190.5,2025,195.17,2025_S1,22,2024,174.52,197,142
430120,ARROIO DO TIGRE,RS,190.42,2024,191.67,2025_S2,36,2023,179.35,195,145
430910,GRAMADO,RS,190.42,2024,193.0,2024_S2,18,2023,179.85,196,155
261140,PRIMAVERA,PE,190.33,2025,191.33,2025_S2,29,2024,166.54,194,134
500020,ÁGUA CLARA,MS,190.33,2025,192.0,2025_S2,17,2023,177.69,195,149
320334,MARECHAL FLORIANO,ES,190.17,2025,190.67,2025_S2,17,2023,179.96,198,156
292730,SALINAS DA MARGARIDA,BA,190.14,2026,201.0,2026_S2,29,2024,146.4,204,97
431320,NOVA PETRÓPOLIS,RS,189.67,2024,195.5,2024_S2,78,2026,156.94,199,83
290610,CANÁPOLIS,BA,189.57,2026,192.5,2025_S2,19,2025,177.81,195,163
313160,IRAÍ DE MINAS,MG,189.43,2026,200.0,2026_S2,26,2024,167.79,200,140
210800,PASTOS BONS,MA,189.43,2026,199.0,2026_S2,20,2025,162.6,199,132
431395,PANTANO GRANDE,RS,189.43,2026,197.0,2026_S2,18,2024,166.08,197,141
411270,JATAIZINHO,PR,189.42,2025,190.33,2025_S2,36,2024,168.31,192,136
172208,WANDERLÂNDIA,TO,189.29,2026,194.0,2026_S2,24,2025,159.02,194,127
312560,FELISBURGO,MG,188.92,2024,193.33,2024_S1,46,2024,153.88,205,103
311920,COROACI,MG,188.58,2025,194.0,2025_S2,20,2025,174.23,196,150
320310,JERÔNIMO MONTEIRO,ES,188.57,2026,196.0,2026_S2,28,2024,160.96,196,116
432010,SARANDI,RS,188.33,2025,188.5,2025_S1,17,2024,179.94,195,168
500230,BRASILÂNDIA,MS,188.29,2026,193.0,2026_S2,17,2024,167.85,193,137
353630,PATROCÍNIO PAULISTA,SP,188.17,2025,193.33,2025_S2,58,2025,178.08,198,140
510787,SAPEZAL,MT,188.0,2026,193.0,2026_S2,32,2024,142.77,193,95
521680,PETROLINA DE GOIÁS,GO,187.86,2026,188.67,2026_S1,22,2025,173.21,195,152
317190,VIRGOLÂNDIA,MG,187.83,2023,191.0,2023_S1,25,2023,184.04,194,167
317057,VARGEM ALEGRE,MG,187.67,2025,189.0,2026_S2,25,2023,170.12,192,136
313980,MAR DE ESPANHA,MG,187.58,2025,188.33,2025_S1,30,2026,177.15,197,148
290180,ANTÔNIO GONÇALVES,BA,187.5,2025,188.17,2025_S2,24,2024,167.25,190,142
510279,CARLINDA,MT,187.29,2026,192.0,2026_S2,28,2023,177.33,203,153
317050,URUCÂNIA,MG,187.29,2026,194.0,2026_S2,19,2025,158.5,195,115
250800,JURU,PB,187.29,2026,189.0,2026_S2,25,2025,160.65,189,133
241480,VERA CRUZ,RN,187.0,2026,201.0,2026_S2,40,2024,152.02,201,98
521530,ORIZONA,GO,186.92,2025,188.0,2026_S2,25,2024,166.71,191,139
316420,SÃO ROMÃO,MG,186.86,2026,191.83,2025_S2,24,2025,170.33,195,149
351450,DUARTINA,SP,186.67,2025,188.33,2025_S2,18,2023,170.21,190,137
353600,PARAPUÃ,SP,186.5,2025,187.33,2025_S2,22,2024,179.33,189,164
412150,REBOUÇAS,PR,186.43,2026,187.0,2026_S2,12,2025,172.71,189,152
231123,POTIRETAMA,CE,186.43,2026,190.0,2026_S2,19,2025,161.42,192,144
421830,TRÊS BARRAS,SC,186.0,2026,189.0,2026_S2,42,2025,142.52,193,92
411670,NOVA AURORA,PR,186.0,2026,187.0,2026_S2,10,2024,173.83,188,161
210455,GOVERNADOR EDISON LOBÃO,MA,185.86,2026,195.0,2026_S2,23,2024,161.54,195,127
251010,NOVA FLORESTA,PB,185.58,2025,190.5,2025_S2,41,2024,145.08,193,93
315990,SANTO ANTÔNIO DO AMPARO,MG,185.5,2025,186.17,2025_S1,27,2024,170.85,190,146
230365,CATUNDA,CE,185.43,2026,190.0,2026_S2,29,2023,148.33,192,102
270600,OLIVENÇA,AL,185.29,2026,185.33,2026_S1,22,2025,162.25,190,131
510520,JUSCIMEIRA,MT,185.0,2026,187.5,2025_S2,19,2023,169.56,190,142
315850,SANTANA DE PIRAPAMA,MG,184.83,2023,185.33,2023_S2,60,2024,156.25,191,125
315217,PONTO DOS VOLANTES,MG,184.75,2023,197.67,2024_S1,110,2024,147.81,202,92
313650,JORDÂNIA,MG,184.75,2025,191.83,2025_S2,29,2024,159.56,194,118
412180,RIBEIRÃO CLARO,PR,184.5,2025,187.5,2025_S2,34,2024,157.56,189,117
290685,CAPELA DO ALTO ALEGRE,BA,184.33,2025,186.33,2025_S2,14,2024,173.29,188,155
310650,BERILO,MG,184.33,2025,185.33,2025_S2,18,2026,170.17,192,138
355000,SÃO LUIZ DO PARAITINGA,SP,184.25,2025,187.0,2025_S2,16,2024,172.27,189,155
310285,ANGELÂNDIA,MG,184.17,2025,184.83,2025_S1,15,2023,174.21,188,154
260825,JUCATI,PE,184.0,2025,189.0,2025_S2,18,2023,168.35,192,145
412402,SANTA TEREZA DO OESTE,PR,183.86,2026,185.0,2026_S2,27,2025,156.44,187,126
210080,ANAPURUS,MA,183.83,2025,186.83,2025_S2,28,2024,162.17,190,131
312730,GALILÉIA,MG,183.58,2024,188.33,2024_S1,18,2023,178.1,190,157
311420,CARMO DO CAJURU,MG,183.42,2025,187.5,2025_S2,14,2023,176.92,190,160
260780,ITAQUITINGA,PE,183.17,2025,185.67,2025_S2,21,2024,167.5,190,144
313865,LONTRA,MG,183.17,2025,186.0,2025_S2,29,2024,160.44,189,124
520060,ALTO PARAÍSO DE GOIÁS,GO,183.14,2026,195.0,2026_S2,27,2023,154.27,195,114
355600,URUPÊS,SP,183.14,2026,193.0,2026_S2,31,2025,156.79,193,135
510517,JURUENA,MT,183.0,2026,193.0,2026_S2,22,2025,147.27,193,121
270790,SANTA LUZIA DO NORTE,AL,183.0,2025,184.5,2025_S2,37,2024,158.4,187,124
211285,VILA NOVA DOS MARTÍRIOS,MA,182.57,2026,196.0,2026_S2,24,2026,162.35,196,138
315110,PIRAPETINGA,MG,182.5,2025,188.0,2026_S2,23,2024,168.6,188,138
411080,IRETAMA,PR,182.42,2025,183.83,2025_S2,10,2025,176.06,188,168
130280,MARAÃ,AM,182.14,2026,184.0,2026_S2,56,2025,123.65,189,78
231060,PENAFORTE,CE,182.08,2025,187.67,2025_S2,22,2025,160.54,189,135
260150,BELÉM DE MARIA,PE,182.08,2025,185.17,2025_S2,26,2024,159.44,188,127
290700,CARDEAL DA SILVA,BA,182.0,2026,186.0,2026_S2,20,2023,159.62,188,127
355360,TAPIRATIBA,SP,181.83,2025,182.0,2025_S2,30,2023,160.48,186,117
240270,CERRO CORÁ,RN,181.75,2025,184.33,2025_S1,25,2024,168.0,187,148
355720,CHAVANTES,SP,181.75,2024,186.17,2025_S1,25,2025,173.38,190,156
430105,ARROIO DO SAL,RS,181.71,2026,193.0,2026_S2,40,2023,146.02,193,89
410305,BOA VISTA DA APARECIDA,PR,181.71,2026,186.0,2026_S2,22,2023,157.04,186,125
220540,JOAQUIM PIRES,PI,181.57,2026,184.0,2025_S2,36,2024,138.38,189,80
430710,HERVAL,RS,181.5,2024,186.17,2024_S2,19,2025,175.79,190,162
270460,MARAVILHA,AL,181.5,2025,184.0,2025_S2,23,2024,163.35,186,140
250350,CACIMBA DE DENTRO,PB,181.43,2026,188.0,2026_S2,42,2025,156.12,188,128
354080,POTIRENDABA,SP,181.42,2025,182.33,2025_S2,25,2024,163.6,184,137
290515,CAETANOS,BA,181.33,2025,182.83,2025_S2,33,2024,154.94,186,107
171660,PEIXE,TO,181.29,2026,184.0,2026_S2,17,2024,168.5,184,149
352760,LUÍS ANTÔNIO,SP,181.17,2025,181.83,2025_S1,17,2023,171.71,190,140
316550,SARDOÁ,MG,181.08,2025,181.33,2025_S1,38,2023,150.21,186,93
316890,TIROS,MG,181.0,2025,181.33,2025_S1,17,2024,168.5,185,154
220750,PALMEIRAIS,PI,180.86,2026,185.0,2026_S2,28,2024,146.04,185,98
411560,MATELÂNDIA,PR,180.83,2025,181.17,2025_S2,17,2026,170.9,190,157
314760,PASSA QUATRO,MG,180.83,2025,184.0,2025_S2,17,2024,167.9,186,145
291630,ITAPEBI,BA,180.83,2025,181.83,2025_S2,21,2024,167.48,184,149
316400,SÃO PEDRO DOS FERROS,MG,180.57,2026,188.0,2026_S2,28,2023,156.21,188,112
240700,LUÍS GOMES,RN,180.5,2025,183.17,2025_S2,18,2023,168.1,185,141
412720,TERRA BOA,PR,180.5,2025,180.83,2025_S2,27,2024,159.1,188,130
210825,PEDRO DO ROSÁRIO,MA,180.43,2026,181.0,2026_S2,51,2024,136.46,186,85
315570,RIO PIRACICABA,MG,180.42,2025,183.5,2025_S2,16,2023,171.21,186,152
432170,TRÊS COROAS,RS,180.42,2025,182.0,2025_S2,29,2024,156.31,187,116
312820,GUARACIABA,MG,180.08,2025,181.17,2025_S2,19,2023,169.12,184,142
250640,GURINHÉM,PB,180.0,2026,191.0,2026_S2,31,2024,161.23,191,139
241290,SÃO TOMÉ,RN,179.86,2026,190.0,2026_S2,40,2024,145.12,190,104
350740,BORBOREMA,SP,179.83,2025,179.83,2025_S1,45,2024,161.56,186,134
240320,DOUTOR SEVERIANO,RN,179.75,2024,182.33,2024_S2,14,2026,173.23,183,159
291875,LAGOA REAL,BA,179.75,2025,184.0,2025_S2,17,2026,164.62,187,146
353660,PAULO DE FARIA,SP,179.58,2024,181.0,2024_S2,32,2024,171.35,203,147
293310,VÁRZEA DO POÇO,BA,179.5,2025,180.0,2026_S2,36,2024,157.44,183,131
510490,JANGADA,MT,179.5,2024,179.67,2024_S1,18,2024,166.5,186,151
355300,TAGUAÍ,SP,179.33,2025,180.5,2025_S2,63,2024,160.48,183,112
320440,RIO NOVO DO SUL,ES,179.29,2026,183.0,2026_S2,27,2023,155.56,183,113
310910,BUENO BRANDÃO,MG,178.92,2024,181.83,2024_S2,9,2024,173.96,184,162
412330,SANTA CRUZ DE MONTE CASTELO,PR,178.86,2026,186.0,2026_S2,22,2024,167.38,186,152
220240,CAPITÃO DE CAMPOS,PI,178.67,2025,179.5,2025_S2,14,2024,164.1,187,142
171190,LAGOA DA CONFUSÃO,TO,178.57,2026,184.0,2026_S2,27,2024,140.48,184,102
280445,NOSSA SENHORA APARECIDA,SE,178.57,2026,180.0,2026_S2,26,2025,144.9,185,111
317170,VIRGÍNIA,MG,178.17,2025,180.0,2025_S1,14,2023,170.46,181,158
291200,IBIASSUCÊ,BA,178.14,2026,179.0,2026_S2,17,2024,155.29,183,125
311130,CAMPO DO MEIO,MG,178.08,2025,178.33,2025_S1,13,2024,172.92,181,165
330460,SANTA MARIA MADALENA,RJ,178.0,2026,182.0,2026_S2,16,2024,153.77,182,121
500124,ARAL MOREIRA,MS,178.0,2026,180.0,2025_S2,17,2023,164.69,181,143
210235,BURITIRANA,MA,177.92,2025,180.33,2025_S2,27,2024,160.35,185,140
510720,RIO BRANCO,MT,177.75,2025,183.17,2025_S1,56,2025,152.23,193,129
220500,ITAINÓPOLIS,PI,177.43,2026,179.0,2026_S2,30,2024,140.46,181,97
421105,MONTE CARLO,SC,177.17,2024,179.83,2024_S2,17,2024,169.69,183,152
291130,GENTIO DO OURO,BA,177.08,2025,177.83,2025_S2,16,2023,167.92,180,154
353820,PINHALZINHO,SP,177.0,2025,177.33,2025_S1,37,2024,150.44,179,103
210317,CENTRO NOVO DO MARANHÃO,MA,176.75,2025,184.5,2025_S2,26,2024,148.69,186,106
291992,MADRE DE DEUS,BA,176.67,2025,185.0,2026_S2,32,2024,145.04,185,95
314050,MARTINHO CAMPOS,MG,176.5,2025,178.17,2025_S2,17,2026,172.12,180,159
260100,ANGELIM,PE,176.25,2025,176.67,2025_S2,15,2023,165.12,182,142
420400,CATANDUVAS,SC,176.17,2024,177.83,2024_S2,12,2026,172.65,181,156
355610,VALENTIM GENTIL,SP,176.0,2026,182.0,2026_S2,44,2025,165.9,182,136
421175,OTACÍLIO COSTA,SC,175.92,2025,177.67,2025_S2,22,2024,156.67,179,132
320425,PONTO BELO,ES,175.86,2026,178.0,2026_S2,23,2024,146.73,183,112
410465,CARAMBEÍ,PR,175.75,2025,177.5,2025_S1,24,2024,164.83,180,143
280610,ROSÁRIO DO CATETE,SE,175.71,2026,189.0,2026_S2,32,2025,122.06,189,81
230010,ABAIARA,CE,175.71,2026,179.0,2026_S2,22,2024,160.12,180,139
314910,PEDRALVA,MG,175.67,2025,175.83,2025_S2,9,2023,169.25,177,154
150611,QUATIPURU,PA,175.5,2025,183.83,2025_S2,31,2024,144.83,186,86
312385,ENTRE FOLHAS,MG,175.08,2025,177.0,2025_S1,22,2023,161.52,179,134
354860,SÃO BENTO DO SAPUCAÍ,SP,175.08,2025,176.67,2025_S1,13,2023,168.71,180,157
315550,RIO PARANAÍBA,MG,175.08,2025,177.83,2025_S2,10,2024,167.08,179,152
510260,CAMPINÁPOLIS,MT,175.0,2026,177.0,2026_S2,17,2024,148.56,177,121
140045,PACARAIMA,RR,175.0,2025,180.17,2025_S2,36,2023,150.33,184,105
420390,CAPINZAL,SC,174.92,2025,175.33,2025_S1,30,2025,168.98,181,151
220030,ALTO LONGÁ,PI,174.86,2026,175.0,2026_S1,34,2024,138.77,179,99
290090,ALMADINA,BA,174.5,2025,175.5,2025_S1,13,2025,164.71,181,152
431660,SANANDUVA,RS,174.5,2025,176.83,2025_S1,19,2026,168.54,181,146
411910,PIÊN,PR,174.43,2026,177.0,2026_S2,30,2025,158.04,183,139
241420,TIBAU DO SUL,RN,174.29,2026,177.0,2026_S2,34,2024,134.67,178,89
250570,DONA INÊS,PB,174.25,2025,175.83,2025_S2,27,2024,156.08,179,132
430517,CERRO GRANDE DO SUL,RS,174.08,2025,178.67,2025_S1,16,2024,165.67,183,145
250820,LAGOA DE DENTRO,PB,174.0,2026,176.17,2025_S2,20,2024,153.92,181,125
314085,MATIAS CARDOSO,MG,174.0,2025,176.0,2026_S2,24,2023,157.46,178,125
250940,MOGEIRO,PB,173.86,2026,183.0,2026_S2,32,2025,134.08,183,90
421780,TAIÓ,SC,173.75,2025,176.0,2025_S2,24,2026,159.17,178,142
315015,PIEDADE DE CARATINGA,MG,173.42,2025,175.5,2025_S1,25,2024,154.73,178,125
290265,BANZAÊ,BA,173.33,2023,178.5,2024_S1,21,2024,167.4,181,152
230720,JATI,CE,173.0,2026,181.0,2026_S2,21,2024,152.71,181,124
521140,ITAUÇU,GO,173.0,2026,174.0,2026_S2,34,2024,138.21,176,107
420100,ANITA GARIBALDI,SC,172.83,2025,174.0,2025_S2,17,2024,159.77,179,128
420780,IRANI,SC,172.25,2025,176.5,2025_S1,18,2025,164.08,179,153
220250,CARACOL,PI,172.25,2025,174.0,2026_S2,29,2024,149.77,177,114
350880,CAFELÂNDIA,SP,172.25,2024,173.0,2024_S2,18,2026,164.9,177,148
241340,SERRA NEGRA DO NORTE,RN,172.17,2025,179.67,2025_S2,23,2025,153.4,182,133
292690,RIO DO PIRES,BA,172.0,2025,173.83,2025_S2,19,2024,160.38,177,143
292105,MATINA,BA,171.92,2025,172.83,2025_S1,14,2026,165.52,175,154
270660,PAULO JACINTO,AL,171.4,2022,174.5,2023_S1,25,2023,160.62,177,150
320030,ALFREDO CHAVES,ES,171.33,2025,172.83,2025_S2,24,2023,151.73,175,114
292937,SÃO JOSÉ DO JACUÍPE,BA,170.92,2025,171.83,2025_S1,16,2024,159.52,175,145
240770,MONTANHAS,RN,170.86,2026,177.0,2026_S2,22,2024,145.58,177,114
292940,SÃO MIGUEL DAS MATAS,BA,170.83,2025,175.0,2026_S2,15,2024,163.83,176,148
351515,ENGENHEIRO COELHO,SP,170.75,2025,171.0,2025_S1,28,2024,149.35,178,120
412370,SANTA ISABEL DO IVAÍ,PR,170.71,2026,183.0,2026_S2,23,2024,142.75,183,117
411275,JESUÍTAS,PR,170.67,2025,172.5,2025_S2,9,2024,167.5,176,158
420880,JAGUARUNA,SC,170.57,2026,176.0,2026_S2,25,2024,151.21,176,120
290225,ARATACA,BA,170.43,2026,181.0,2026_S2,24,2026,141.21,181,112
250905,MARCAÇÃO,PB,170.43,2026,170.5,2026_S1,39,2025,125.75,175,92
520400,CABECEIRAS,GO,170.42,2025,173.17,2025_S2,28,2024,152.67,178,120
350275,ARAÇARIGUAMA,SP,170.42,2024,174.5,2024_S2,37,2024,147.17,190,126
410680,CRUZ MACHADO,PR,170.42,2025,171.83,2025_S2,14,2024,162.85,176,151
130002,ALVARÃES,AM,170.33,2025,174.0,2025_S2,38,2024,143.83,177,115
140017,CANTÁ,RR,170.29,2026,180.0,2026_S2,46,2024,132.92,180,81
130020,ATALAIA DO NORTE,AM,170.29,2026,170.83,2026_S1,28,2024,135.75,183,78
292160,MORPARÁ,BA,170.08,2025,171.67,2025_S1,15,2024,155.77,174,133
251240,PUXINANÃ,PB,170.0,2026,179.0,2026_S2,44,2024,127.19,179,80
315420,RESENDE COSTA,MG,169.92,2025,171.0,2025_S2,14,2025,159.75,177,145
250930,MATARACA,PB,169.86,2026,170.0,2026_S1,34,2025,139.19,175,109
520215,ARAGUAPAZ,GO,169.75,2024,173.5,2024_S2,130,2025,153.46,177,44
231040,PARAMOTI,CE,169.25,2024,174.0,2026_S2,65,2024,152.44,191,120
311390,CARMO DA CACHOEIRA,MG,169.17,2025,170.0,2025_S1,16,2023,160.83,172,143
312220,DIVINOLÂNDIA DE MINAS,MG,169.14,2026,178.0,2026_S2,25,2023,137.44,178,101
250077,APARECIDA,PB,169.0,2026,171.5,2025_S2,14,2024,156.19,174,134
410350,CALIFÓRNIA,PR,169.0,2024,173.33,2024_S2,15,2025,160.27,175,143
350670,BOA ESPERANÇA DO SUL,SP,168.75,2025,169.0,2025_S1,39,2024,162.0,172,132
500400,GLÓRIA DE DOURADOS,MS,168.67,2025,172.0,2025_S2,19,2024,155.38,173,139
210745,OLINDA NOVA DO MARANHÃO,MA,168.67,2025,169.67,2025_S2,22,2023,147.94,174,118
410725,DOURADINA,PR,168.43,2026,170.0,2026_S2,14,2024,152.35,174,132
411050,IPIRANGA,PR,168.08,2025,170.17,2025_S2,13,2026,160.23,173,149
351790,GUARACI,SP,168.08,2025,171.5,2025_S1,42,2025,154.04,180,134
290395,BOM JESUS DA SERRA,BA,167.83,2025,168.67,2025_S1,19,2026,155.29,171,134
410775,FIGUEIRA,PR,167.75,2024,169.0,2024_S2,15,2023,158.5,172,131
250330,CACHOEIRA DOS ÍNDIOS,PB,167.5,2025,174.33,2025_S2,35,2024,138.0,176,98
351990,IEPÊ,SP,167.33,2025,167.83,2025_S1,9,2026,163.58,170,155
290450,BROTAS DE MACAÚBAS,BA,167.17,2025,169.0,2025_S2,18,2024,156.17,172,142
430512,CERRITO,RS,167.0,2026,170.0,2026_S2,23,2024,147.33,171,112
241335,SERRA DO MEL,RN,166.71,2026,174.0,2026_S2,28,2024,129.83,174,81
410345,CAFELÂNDIA,PR,166.33,2025,167.67,2025_S2,23,2024,148.83,171,117
220650,MONSENHOR HIPÓLITO,PI,166.29,2026,172.0,2026_S2,20,2024,137.0,172,108
312650,FRANCISCO BADARÓ,MG,166.08,2025,169.67,2025_S2,16,2024,151.06,173,131
430190,BARRA DO RIBEIRO,RS,166.0,2026,179.0,2026_S2,27,2026,140.81,179,115
521910,SANTA BÁRBARA DE GOIÁS,GO,165.71,2026,166.0,2026_S1,19,2024,147.35,170,122
431700,SANTANA DA BOA VISTA,RS,165.33,2025,166.0,2025_S2,11,2023,157.02,169,138
291990,MACURURÉ,BA,165.0,2025,167.0,2025_S2,22,2023,153.85,168,131
411800,PARAÍSO DO NORTE,PR,165.0,2026,165.83,2026_S1,22,2025,137.65,172,114
280420,MONTE ALEGRE DE SERGIPE,SE,164.86,2026,173.0,2026_S2,19,2023,146.98,173,120
510190,BRASNORTE,MT,164.71,2026,165.0,2026_S1,28,2023,129.6,169,81
510550,VILA BELA DA SANTÍSSIMA TRINDADE,MT,164.71,2026,173.0,2026_S2,19,2025,136.5,173,113
150400,LIMOEIRO DO AJURU,PA,164.57,2026,170.0,2026_S2,21,2023,132.12,171,91
250090,ARARA,PB,164.43,2026,167.17,2025_S2,14,2025,152.65,169,142
421370,POUSO REDONDO,SC,164.25,2025,164.5,2025_S2,23,2026,157.98,168,141
411140,IVAÍ,PR,164.17,2025,165.5,2025_S2,16,2026,151.92,171,139
420340,CAMPO BELO DO SUL,SC,163.92,2025,164.5,2025_S1,26,2024,149.52,168,128
312595,FERVEDOURO,MG,163.83,2025,166.67,2025_S2,16,2022,147.75,170,116
270200,COITÉ DO NÓIA,AL,163.71,2026,163.83,2026_S1,22,2024,132.88,165,102
210173,BELÁGUA,MA,163.58,2025,164.83,2025_S2,22,2024,143.12,168,115
520320,BARRO ALTO,GO,163.43,2026,163.83,2026_S1,22,2023,140.08,169,107
355190,SEVERÍNIA,SP,163.25,2025,164.5,2025_S1,14,2025,158.67,170,151
290240,AURELINO LEAL,BA,163.17,2024,164.33,2024_S2,30,2023,151.75,168,126
316260,SÃO JOÃO DO ORIENTE,MG,163.17,2025,165.67,2025_S1,13,2023,153.94,167,135
355270,TABATINGA,SP,163.14,2026,164.0,2026_S2,40,2024,135.67,166,98
292350,PALMEIRAS,BA,163.08,2024,166.17,2025_S1,13,2025,156.27,167,142
311670,COIMBRA,MG,163.0,2026,165.0,2026_S2,25,2024,138.73,167,99
420207,BALNEÁRIO GAIVOTA,SC,162.86,2026,175.0,2026_S2,25,2024,124.75,175,77
312380,ENGENHEIRO NAVARRO,MG,162.86,2026,168.0,2026_S2,22,2024,127.02,169,95
421120,MORRO DA FUMAÇA,SC,162.58,2025,163.33,2025_S1,15,2024,151.65,166,129
330590,TRAJANO DE MORAES,RJ,162.5,2025,168.0,2026_S2,17,2024,154.15,168,137
412510,SÃO JOÃO DO TRIUNFO,PR,162.42,2025,163.17,2025_S1,18,2026,151.1,167,137
210355,CONCEIÇÃO DO LAGO-AÇU,MA,162.42,2025,164.0,2025_S2,17,2023,147.25,166,123
410425,CAMPO MAGRO,PR,162.29,2026,168.0,2026_S2,32,2023,128.0,168,83
351900,HERCULÂNDIA,SP,162.25,2025,164.83,2025_S1,22,2024,147.71,167,128
311780,CONCEIÇÃO DOS OUROS,MG,161.92,2025,162.0,2025_S1,33,2023,142.98,164,97
430140,ARVOREZINHA,RS,161.67,2025,166.33,2025_S2,16,2024,146.4,168,122
330412,QUATIS,RJ,161.67,2025,162.33,2025_S2,28,2023,141.19,165,102
280240,GARARU,SE,161.67,2025,162.83,2025_S2,18,2024,147.69,164,117
315290,PRATÁPOLIS,MG,161.43,2026,170.0,2026_S2,19,2024,141.67,170,116
330022,AREAL,RJ,161.25,2024,161.5,2024_S2,18,2023,153.19,166,129
150340,INHANGAPI,PA,161.0,2026,161.67,2026_S1,15,2024,147.44,166,125
292273,NOVA FÁTIMA,BA,161.0,2026,163.67,2025_S2,15,2025,146.1,165,127
150450,MELGAÇO,PA,161.0,2026,162.0,2026_S1,112,2023,119.19,168,34
431150,LAVRAS DO SUL,RS,160.92,2024,163.33,2024_S2,10,2023,155.79,165,144
316330,SÃO JOSÉ DO DIVINO,MG,160.83,2025,163.33,2025_S2,17,2023,147.02,166,122
520170,ARAGARÇAS,GO,160.71,2026,167.0,2026_S2,19,2025,136.31,167,122
291010,DOM BASÍLIO,BA,160.67,2025,165.83,2025_S2,21,2025,135.98,167,103
316600,SENHORA DE OLIVEIRA,MG,160.58,2025,161.83,2025_S1,13,2025,154.98,167,145
421880,TURVO,SC,160.5,2024,164.5,2024_S2,18,2023,151.27,168,129
412490,SÃO JOÃO DO CAIUÁ,PR,160.33,2024,166.67,2024_S1,50,2024,143.27,175,122
240210,CAMPO REDONDO,RN,160.33,2025,164.33,2025_S2,15,2025,144.9,166,124
312830,GUARANÉSIA,MG,160.29,2026,161.17,2026_S1,24,2024,133.46,164,104
250610,FAGUNDES,PB,160.25,2025,165.67,2025_S2,23,2024,143.83,168,124
500795,TACURU,MS,160.25,2025,166.5,2024_S2,29,2024,145.9,171,124
430860,GARIBALDI,RS,160.25,2025,162.0,2025_S2,20,2023,140.73,166,107
314150,MENDES PIMENTEL,MG,160.25,2025,162.67,2025_S2,15,2023,145.35,165,121
293140,TEODORO SAMPAIO,BA,160.17,2025,162.17,2025_S2,24,2024,142.65,164,117
430543,CHUÍ,RS,160.08,2024,162.83,2024_S2,13,2022,154.6,164,131
312890,GUIMARÂNIA,MG,160.0,2026,161.0,2026_S2,11,2024,142.42,163,122
250760,JUAREZ TÁVORA,PB,159.71,2026,163.0,2026_S2,26,2025,122.48,163,93
521630,PARANAIGUARA,GO,159.58,2025,161.67,2025_S2,23,2024,142.42,164,115
250520,CUITEGI,PB,159.43,2026,162.83,2025_S2,23,2024,139.04,166,113
250990,NATUBA,PB,159.14,2026,164.0,2026_S2,18,2025,144.96,164,129
432166,TRÊS CACHOEIRAS,RS,159.0,2026,161.0,2026_S2,29,2024,122.92,161,84
260690,IGUARACY,PE,159.0,2026,170.0,2026_S2,21,2023,134.15,170,96
316350,SÃO JOSÉ DO JACURI,MG,158.75,2025,160.17,2025_S2,15,2023,149.77,162,134
170770,FILADÉLFIA,TO,158.75,2025,160.33,2025_S2,22,2024,144.73,162,125
291535,ITAGUAÇU DA BAHIA,BA,158.67,2025,162.67,2025_S2,23,2024,137.6,167,105
316680,SERRA DO SALITRE,MG,158.67,2025,161.0,2025_S2,18,2023,149.54,162,124
170030,AGUIARNÓPOLIS,TO,158.58,2025,160.0,2025_S2,14,2023,149.75,163,136
315050,PIMENTA,MG,158.5,2025,158.83,2025_S1,19,2026,146.33,161,129
291430,IRAMAIA,BA,158.43,2026,161.33,2025_S2,27,2024,138.27,167,106
314080,MATIAS BARBOSA,MG,158.33,2025,159.17,2025_S2,21,2024,146.88,162,134
110150,SERINGUEIRAS,RO,158.29,2026,164.67,2025_S2,24,2025,136.79,167,107
292610,RETIROLÂNDIA,BA,158.29,2026,167.0,2026_S2,26,2024,118.69,167,91
354075,POTIM,SP,158.14,2026,172.0,2026_S2,31,2026,122.1,172,84
210083,APICUM-AÇU,MA,158.08,2023,179.17,2024_S1,148,2024,93.94,189,8
292467,PIRAÍ DO NORTE,BA,158.0,2025,160.17,2025_S1,19,2024,140.56,164,108
310520,BANDEIRA,MG,157.86,2026,161.0,2026_S2,23,2024,132.69,162,103
500215,BODOQUENA,MS,157.86,2026,166.0,2026_S2,24,2024,138.29,166,114
250290,BREJO DOS SANTOS,PB,157.71,2026,160.83,2025_S2,26,2024,130.62,162,89
290310,BARRA DO ROCHA,BA,157.67,2025,159.67,2025_S2,15,2026,148.44,161,133
312235,DIVISA ALEGRE,MG,157.57,2026,163.0,2026_S2,24,2024,137.35,163,105
251190,PITIMBU,PB,157.43,2026,158.0,2026_S2,49,2023,129.15,160,84
315750,SANTA EFIGÊNIA DE MINAS,MG,157.33,2025,161.67,2025_S2,15,2025,140.54,163,117
412380,SANTA IZABEL DO OESTE,PR,157.29,2026,161.17,2025_S2,16,2024,148.29,163,138
220420,FRANCISCO SANTOS,PI,157.29,2026,166.0,2026_S2,19,2023,131.04,166,103
260392,CARNAUBEIRA DA PENHA,PE,157.29,2026,158.0,2026_S2,27,2024,130.73,160,100
315350,ALTO JEQUITIBÁ,MG,157.14,2026,162.0,2025_S2,25,2025,133.04,165,103
500150,BANDEIRANTES,MS,157.14,2026,160.33,2025_S2,13,2024,146.17,163,132
270220,COQUEIRO SECO,AL,157.08,2025,160.83,2024_S2,25,2024,150.12,168,139
241090,RIACHUELO,RN,156.86,2026,170.0,2026_S2,46,2025,93.42,170,38
320335,MARILÂNDIA,ES,156.86,2026,160.0,2025_S2,27,2024,132.6,163,95
150034,ÁGUA AZUL DO NORTE,PA,156.83,2025,158.67,2025_S2,12,2024,144.21,161,122
411680,NOVA CANTU,PR,156.67,2025,158.17,2025_S2,16,2024,143.88,160,125
410560,CIDADE GAÚCHA,PR,156.43,2026,157.0,2025_S2,29,2024,141.58,159,113
350630,BERNARDINO DE CAMPOS,SP,156.42,2025,158.67,2025_S1,15,2023,145.9,160,131
150110,BAGRE,PA,156.29,2026,161.33,2025_S2,23,2023,146.77,169,125
353500,PALESTINA,SP,156.29,2026,165.0,2026_S2,54,2025,140.06,174,118
355110,SARAPUÍ,SP,156.17,2025,157.5,2025_S2,14,2025,150.0,162,141
352450,JACI,SP,156.0,2022,156.0,2022_S2,9,2024,144.21,157,118
170040,ALMAS,TO,155.92,2025,156.5,2025_S2,14,2026,146.58,158,130
250720,ITATUBA,PB,155.86,2026,162.0,2026_S2,25,2024,124.25,162,87
310945,CABECEIRA GRANDE,MG,155.86,2026,164.0,2026_S2,25,2023,125.96,166,86
292030,MALHADA DE PEDRAS,BA,155.67,2025,158.0,2025_S2,16,2024,140.25,159,118
320270,ITAGUAÇU,ES,155.5,2025,157.17,2025_S2,20,2024,139.83,159,122
430730,ERVAL SECO,RS,155.5,2025,158.5,2025_S2,14,2023,144.9,161,125
280630,SANTA LUZIA DO ITANHY,SE,155.42,2025,156.0,2025_S2,16,2024,142.88,159,122
431000,IBIRUBÁ,RS,155.42,2025,162.0,2026_S2,18,2026,153.29,162,144
316950,TUMIRITINGA,MG,155.33,2025,159.5,2025_S2,30,2023,131.77,163,89
314240,MOEMA,MG,155.14,2026,156.0,2024_S2,13,2023,146.62,160,125
140050,SÃO JOÃO DA BALIZA,RR,155.14,2026,160.0,2026_S2,31,2024,125.04,160,92
353490,PACAEMBU,SP,155.0,2026,157.0,2026_S2,40,2025,144.88,159,119
421170,ORLEANS,SC,155.0,2024,158.0,2024_S1,21,2024,144.21,161,126
130426,UARINI,AM,154.92,2025,155.17,2025_S1,36,2024,132.92,163,102
430064,AMETISTA DO SUL,RS,154.83,2025,156.5,2025_S1,17,2024,145.92,160,130
412070,QUATIGUÁ,PR,154.75,2025,160.0,2025_S2,26,2024,131.35,163,100
421750,SEARA,SC,154.58,2025,155.33,2025_S1,15,2024,146.9,158,137
291150,GONGOGI,BA,154.42,2025,155.17,2025_S2,13,2026,143.69,160,131
210945,RAPOSA,MA,154.17,2025,154.83,2025_S2,20,2024,138.75,157,118
313535,JAPONVAR,MG,154.14,2026,154.17,2026_S1,33,2024,113.44,158,70
130395,SÃO SEBASTIÃO DO UATUMÃ,AM,153.86,2026,154.5,2026_S1,80,2024,110.83,161,54
410310,BOCAIÚVA DO SUL,PR,153.83,2025,154.83,2025_S2,26,2024,133.21,157,108
420205,BALNEÁRIO BARRA DO SUL,SC,153.83,2025,158.0,2026_S2,35,2024,120.25,159,67
260795,JAQUEIRA,PE,153.71,2026,154.17,2025_S2,24,2024,132.15,160,103
430500,CATUÍPE,RS,153.67,2025,154.17,2025_S1,14,2023,145.5,159,129
150260,COLARES,PA,153.57,2026,155.0,2026_S2,26,2024,122.06,156,83
210547,JENIPAPO DOS VIEIRAS,MA,153.5,2025,156.17,2025_S2,29,2024,133.12,159,110
510718,RIBEIRÃO CASCALHEIRA,MT,153.43,2026,165.0,2026_S2,90,2025,132.21,165,67
314435,NAQUE,MG,153.29,2026,161.0,2026_S2,24,2025,122.04,161,87
290510,CAÉM,BA,153.2,2022,153.2,2022_S2,17,2025,147.44,157,135
510895,NOVA MONTE VERDE,MT,152.83,2025,156.0,2025_S2,26,2024,132.85,158,102
520390,BURITI ALEGRE,GO,152.71,2026,153.0,2026_S2,24,2025,125.29,157,105
292895,SÃO DOMINGOS,BA,152.71,2026,152.83,2026_S1,28,2024,128.58,157,99
170215,ARAGUANÃ,TO,152.67,2025,154.17,2025_S2,53,2026,128.27,160,90
420245,BOMBINHAS,SC,152.58,2025,156.33,2025_S2,43,2025,137.02,160,101
240730,MARCELINO VIEIRA,RN,152.33,2025,155.0,2025_S2,14,2024,139.77,157,123
351240,CORDEIRÓPOLIS,SP,151.92,2025,153.67,2025_S1,22,2023,142.56,158,118
421890,URUBICI,SC,151.86,2026,155.0,2026_S2,14,2024,137.9,155,110
292205,MULUNGU DO MORRO,BA,151.83,2025,153.17,2025_S2,25,2023,132.58,156,97
431050,IRAÍ,RS,151.75,2025,153.83,2025_S1,17,2023,143.56,155,122
315450,RIACHO DOS MACHADOS,MG,151.75,2025,154.67,2025_S2,10,2024,141.42,157,130
211200,TASSO FRAGOSO,MA,151.67,2025,155.5,2025_S2,14,2024,138.96,160,122
280720,SIRIRI,SE,151.57,2026,151.67,2026_S1,24,2024,125.19,153,85
150013,ABEL FIGUEIREDO,PA,151.57,2026,154.0,2025_S2,18,2024,137.56,157,113
292935,SÃO JOSÉ DA VITÓRIA,BA,151.57,2026,155.0,2026_S2,13,2024,135.56,156,120
310050,AÇUCENA,MG,151.43,2026,163.0,2026_S2,18,2024,127.17,163,99
520180,ARAGOIÂNIA,GO,151.29,2026,153.0,2026_S2,29,2024,124.58,155,90
411130,ITAÚNA DO SUL,PR,151.25,2025,152.67,2025_S1,43,2023,138.67,157,98
313110,INIMUTABA,MG,151.0,2026,155.0,2026_S2,29,2024,120.0,155,86
354370,RINCÃO,SP,150.92,2025,154.0,2025_S1,18,2024,136.52,160,117
420630,GUABIRUBA,SC,150.86,2026,153.33,2025_S2,17,2023,131.44,156,97
210490,GUIMARÃES,MA,150.83,2025,152.67,2025_S2,13,2024,139.98,154,128
292593,QUIXABEIRA,BA,150.75,2025,154.83,2025_S2,16,2024,136.08,156,114
351290,COSMORAMA,SP,150.71,2026,156.0,2026_S2,30,2024,139.67,156,109
292305,NOVO TRIUNFO,BA,150.43,2026,156.0,2026_S2,26,2024,118.04,156,85
352550,JOANÓPOLIS,SP,150.33,2025,153.17,2025_S2,12,2023,140.42,156,123
410080,ALVORADA DO SUL,PR,150.29,2026,157.0,2026_S2,19,2025,132.5,157,111
250915,MARIZÓPOLIS,PB,150.14,2026,154.0,2026_S2,25,2024,111.0,158,76
410030,AGUDOS DO SUL,PR,150.08,2025,158.67,2025_S1,44,2025,128.08,163,95
410380,CAMBIRA,PR,150.0,2025,151.83,2024_S2,25,2024,134.12,156,109
521375,MONTIVIDIU,GO,150.0,2026,158.0,2026_S2,22,2025,121.38,158,94
312750,GONZAGA,MG,150.0,2026,151.0,2026_S2,33,2023,117.1,154,69
354600,SANTA BRANCA,SP,149.92,2025,151.0,2025_S1,15,2023,145.46,153,133
432280,VERANÓPOLIS,RS,149.92,2024,153.83,2025_S1,27,2025,142.23,171,121
320250,IBIRAÇU,ES,149.83,2025,153.33,2025_S2,18,2024,136.85,156,107
431915,SÃO MIGUEL DAS MISSÕES,RS,149.58,2025,152.33,2025_S2,17,2024,137.44,155,111
292275,NOVA IBIÁ,BA,149.57,2026,151.83,2025_S2,25,2024,123.25,157,89
280640,SANTANA DO SÃO FRANCISCO,SE,149.42,2024,151.0,2024_S2,8,2026,146.88,153,140
320220,FUNDÃO,ES,149.29,2026,153.0,2026_S2,23,2025,126.77,153,104
355080,SÃO SEBASTIÃO DA GRAMA,SP,149.17,2025,150.5,2025_S2,15,2024,137.88,153,120
510360,DOM AQUINO,MT,149.14,2026,149.83,2025_S2,10,2024,144.96,154,138
520005,ABADIA DE GOIÁS,GO,148.86,2026,153.0,2026_S2,43,2024,104.29,153,60
351490,ELIAS FAUSTO,SP,148.83,2024,153.17,2024_S2,18,2024,139.67,155,114
430200,BARROS CASSAL,RS,148.67,2025,149.33,2025_S2,11,2023,141.58,152,130
320110,BOM JESUS DO NORTE,ES,148.57,2026,153.0,2026_S2,29,2024,118.79,153,76
353810,PINDORAMA,SP,148.5,2025,148.83,2025_S2,18,2024,135.1,153,117
241020,PORTALEGRE,RN,148.5,2025,151.17,2025_S2,25,2024,128.81,153,98
130440,URUCURITUBA,AM,148.43,2026,151.0,2026_S2,44,2024,108.29,154,69
412385,SANTA MARIA DO OESTE,PR,148.33,2025,151.83,2025_S2,17,2024,134.65,155,110
251580,SERRA REDONDA,PB,148.0,2026,157.0,2026_S2,19,2024,124.02,157,101
250740,JERICÓ,PB,148.0,2026,156.0,2026_S2,33,2024,102.42,156,61
231095,PIRES FERREIRA,CE,147.86,2026,151.67,2025_S2,19,2025,139.19,154,125
240120,ARÊS,RN,147.75,2025,149.17,2025_S1,20,2024,135.29,152,111
421350,PORTO BELO,SC,147.67,2025,147.83,2025_S2,17,2023,132.77,154,106
412855,VERA CRUZ DO OESTE,PR,147.67,2025,148.0,2025_S2,11,2023,131.75,150,106
170384,CAMPOS LINDOS,TO,147.58,2025,150.5,2025_S2,23,2026,131.73,155,109
310180,ALPERCATA,MG,147.43,2026,149.0,2025_S2,25,2025,119.96,153,77
421640,SÃO JOÃO DO SUL,SC,147.29,2026,149.0,2026_S2,28,2024,113.98,152,79
313310,ITANHANDU,MG,147.25,2025,148.67,2025_S2,15,2023,133.75,152,106
310290,ANTÔNIO CARLOS,MG,147.17,2025,151.17,2025_S2,12,2024,138.31,152,126
316255,SÃO JOÃO DO MANHUAÇU,MG,147.08,2025,148.83,2025_S2,28,2024,130.17,151,105
313030,IGUATAMA,MG,147.0,2023,151.83,2024_S1,33,2024,133.02,158,112
411120,ITAPEJARA DOESTE,PR,147.0,2026,149.33,2025_S2,13,2024,142.35,151,131
291910,LAMARÃO,BA,147.0,2026,149.5,2025_S2,13,2025,137.21,153,121
292145,MIRANTE,BA,146.86,2026,150.0,2026_S2,24,2023,126.88,152,87
314915,PEDRAS DE MARIA DA CRUZ,MG,146.75,2025,149.83,2025_S2,14,2024,136.29,152,122
210275,CAPINZAL DO NORTE,MA,146.5,2025,147.0,2025_S2,39,2024,118.4,150,71
230880,MORAÚJO,CE,146.43,2026,148.17,2025_S2,61,2024,105.69,155,64
421380,PRAIA GRANDE,SC,146.33,2025,147.83,2025_S2,14,2024,132.29,151,111
312450,ESTIVA,MG,146.25,2024,153.0,2024_S1,24,2024,136.69,155,126
355680,VIRADOURO,SP,146.14,2026,148.0,2026_S2,16,2023,132.75,149,115
411725,NOVA PRATA DO IGUAÇU,PR,146.08,2025,148.83,2025_S2,14,2023,134.4,150,115
420870,JACINTO MACHADO,SC,146.0,2026,153.0,2026_S2,27,2024,120.06,153,88
290010,ABAÍRA,BA,145.92,2025,147.17,2025_S1,11,2026,142.15,149,129
353850,PIQUETE,SP,145.86,2026,154.0,2026_S2,24,2024,118.94,156,89
312880,GUIDOVAL,MG,145.86,2026,153.0,2026_S2,21,2025,118.56,153,83
431110,JAGUARI,RS,145.83,2025,146.5,2023_S2,10,2023,143.19,152,131
330230,LAJE DO MURIAÉ,RJ,145.75,2024,149.5,2024_S2,16,2025,136.52,152,115
291855,JUSSARI,BA,145.75,2025,145.83,2025_S2,19,2024,129.42,148,112
500080,ANAURILÂNDIA,MS,145.71,2026,148.33,2025_S2,18,2023,133.79,150,107
316530,SÃO VICENTE DE MINAS,MG,145.67,2025,146.5,2025_S2,17,2024,133.1,149,106
315650,RUBELITA,MG,145.42,2025,146.17,2025_S1,16,2024,136.33,148,123
430605,CRISTAL,RS,145.29,2026,147.0,2026_S2,24,2024,130.27,149,100
411095,ITAIPULÂNDIA,PR,145.29,2026,147.33,2025_S2,19,2025,131.02,150,114
313970,MARAVILHAS,MG,145.25,2025,147.33,2025_S2,37,2023,133.21,151,105
240860,PARANÁ,RN,145.14,2026,146.5,2025_S2,17,2024,128.06,148,103
260670,IBIRAJUBA,PE,145.14,2026,147.33,2025_S2,35,2024,115.06,151,75
521170,JANDAIA,GO,145.0,2026,153.0,2026_S2,20,2025,131.62,153,120
130008,ANAMÃ,AM,145.0,2026,152.0,2026_S2,21,2024,109.83,153,74
230460,GENERAL SAMPAIO,CE,145.0,2026,149.0,2026_S2,30,2024,109.75,152,75
431980,SÃO VICENTE DO SUL,RS,144.5,2025,146.0,2025_S2,20,2023,135.29,149,115
170290,AXIXÁ DO TOCANTINS,TO,144.43,2026,147.67,2025_S2,25,2024,119.27,149,83
310370,ARAPONGA,MG,144.42,2024,146.67,2024_S1,41,2024,127.73,160,106
292303,NOVO HORIZONTE,BA,144.33,2025,147.67,2025_S2,19,2023,124.6,152,88
280660,SANTO AMARO DAS BROTAS,SE,144.29,2026,146.0,2026_S2,24,2024,120.31,147,92
412340,SANTA FÉ,PR,144.17,2025,147.67,2024_S2,18,2024,135.25,150,113
510600,NORTELÂNDIA,MT,144.14,2026,146.0,2026_S2,16,2025,130.69,151,116
315765,SANTA HELENA DE MINAS,MG,144.0,2026,145.0,2026_S2,26,2024,113.48,147,78
316380,SÃO MIGUEL DO ANTA,MG,144.0,2025,144.33,2025_S2,25,2024,122.27,149,88
130360,SANTA ISABEL DO RIO NEGRO,AM,143.92,2025,162.0,2026_S2,51,2024,114.67,162,83
170610,CRISTALÂNDIA,TO,143.83,2025,150.67,2025_S2,20,2023,127.65,152,99
291330,ICHU,BA,143.75,2025,145.0,2025_S2,19,2024,132.0,148,116
320255,IBITIRAMA,ES,143.5,2025,143.83,2025_S2,26,2024,122.9,146,90
320265,IRUPI,ES,143.43,2026,147.17,2025_S2,17,2025,131.04,150,114
290900,CORDEIROS,BA,143.25,2025,146.83,2025_S2,21,2026,132.77,149,123
330015,APERIBÉ,RJ,143.17,2025,144.5,2025_S1,23,2024,122.92,147,88
210630,MAGALHÃES DE ALMEIDA,MA,142.92,2025,147.33,2025_S2,34,2024,113.12,150,73
170230,ARAPOEMA,TO,142.83,2025,142.83,2025_S1,24,2024,125.25,147,95
411980,PLANALTO,PR,142.58,2025,146.83,2025_S2,13,2025,132.38,148,114
251540,SÃO VICENTE DO SERIDÓ,PB,142.57,2026,147.0,2026_S2,33,2024,109.5,147,74
240300,CRUZETA,RN,142.43,2026,142.83,2026_S1,17,2024,117.44,146,91
316920,TOMBOS,MG,142.33,2025,143.83,2025_S2,29,2026,133.04,148,109
292045,MANSIDÃO,BA,142.33,2025,142.5,2025_S1,23,2024,129.75,147,105
315630,RODEIRO,MG,142.25,2025,143.0,2025_S1,27,2024,125.9,146,95
432310,VICENTE DUTRA,RS,142.25,2025,143.17,2025_S2,17,2026,127.67,147,108
354170,QUATÁ,SP,142.17,2024,142.83,2024_S2,30,2025,133.85,162,120
210375,DAVINÓPOLIS,MA,142.0,2026,147.0,2026_S2,27,2024,120.08,147,93
411373,LUIZIANA,PR,141.67,2025,142.0,2025_S1,8,2024,133.71,146,122
431900,SÃO MARCOS,RS,141.5,2024,142.83,2024_S2,18,2026,134.56,145,116
316555,SETUBINHA,MG,141.43,2026,144.0,2026_S2,37,2024,100.9,144,52
210720,NINA RODRIGUES,MA,141.33,2025,144.0,2025_S2,15,2024,128.88,147,115
411720,NOVA OLÍMPIA,PR,141.33,2025,143.67,2025_S2,28,2024,120.98,147,98
291845,JUCURUÇU,BA,141.29,2026,141.33,2026_S1,20,2024,121.54,147,94
320115,BREJETUBA,ES,141.14,2026,143.0,2026_S2,21,2024,122.62,144,92
292280,NOVA ITARANA,BA,141.0,2026,142.0,2026_S2,15,2024,123.69,143,103
351600,FLÓRIDA PAULISTA,SP,141.0,2025,144.17,2025_S1,12,2025,136.75,146,128
313740,LAGOA DOURADA,MG,140.92,2025,144.33,2025_S2,15,2026,129.9,146,113
250500,CUBATI,PB,140.92,2025,143.5,2025_S2,32,2024,111.62,150,75
210465,GOVERNADOR NEWTON BELLO,MA,140.86,2026,152.0,2026_S2,20,2024,121.19,152,101
311265,CAPITÃO ANDRADE,MG,140.71,2026,147.0,2026_S2,23,2025,113.83,147,87
240660,LAGOA SALGADA,RN,140.67,2025,141.83,2025_S2,27,2024,121.79,143,95
313480,JACUÍ,MG,140.67,2025,140.83,2025_S2,12,2023,133.88,144,122
431306,NOVA HARTZ,RS,140.57,2026,142.5,2025_S2,18,2026,133.94,153,122
140060,SÃO LUIZ,RR,140.57,2026,150.0,2026_S2,26,2025,97.54,150,52
312300,DORES DE CAMPOS,MG,140.5,2023,146.83,2024_S1,44,2024,128.19,150,106
313060,INCONFIDENTES,MG,140.43,2026,144.0,2026_S2,24,2024,124.54,145,97
110110,ITAPUÃ DO OESTE,RO,140.29,2026,140.33,2026_S1,28,2024,102.04,144,68
230426,DEPUTADO IRAPUAN PINHEIRO,CE,140.14,2026,143.33,2025_S2,17,2024,122.1,145,89
431590,RODEIO BONITO,RS,140.14,2026,145.0,2026_S2,12,2023,132.81,145,121
412265,ROSÁRIO DO IVAÍ,PR,140.08,2025,140.33,2025_S1,20,2026,131.88,145,112
171050,ITACAJÁ,TO,140.0,2025,140.17,2025_S1,16,2023,129.94,144,109
150375,JACAREACANGA,PA,139.86,2026,144.67,2025_S2,28,2024,112.06,148,81
250120,AREIAL,PB,139.86,2026,140.0,2026_S1,24,2024,110.06,142,85
220025,ALAGOINHA DO PIAUÍ,PI,139.86,2026,140.0,2026_S2,15,2023,122.56,145,98
311710,CONCEIÇÃO DA APARECIDA,MG,139.75,2025,142.0,2025_S2,8,2023,133.56,143,123
290480,CAATIBA,BA,139.58,2025,142.5,2025_S2,21,2024,126.44,145,110
291930,LENÇÓIS,BA,139.58,2025,141.33,2025_S2,21,2024,124.81,144,101
355560,UCHOA,SP,139.33,2024,141.33,2024_S2,29,2024,132.73,160,115
312020,CRISTAIS,MG,139.08,2025,143.0,2025_S2,19,2024,121.46,145,94
520250,ARUANÃ,GO,139.0,2026,147.0,2026_S2,23,2024,110.08,147,75
330093,CARAPEBUS,RJ,139.0,2026,145.0,2026_S2,23,2024,122.42,145,97
230150,ARNEIROZ,CE,138.83,2025,139.83,2025_S2,13,2024,129.81,142,117
210596,LAGOA GRANDE DO MARANHÃO,MA,138.83,2025,140.5,2025_S2,21,2024,121.96,142,102
352290,ITAPUÍ,SP,138.83,2025,142.0,2025_S2,27,2024,123.08,145,93
315160,PLANURA,MG,138.71,2026,144.0,2026_S2,14,2024,123.69,144,100
431920,SÃO NICOLAU,RS,138.71,2026,140.17,2025_S2,12,2024,125.94,142,106
210594,LAGO DOS RODRIGUES,MA,138.57,2026,141.17,2025_S2,21,2024,120.35,142,94
261550,TRACUNHAÉM,PE,138.5,2023,164.67,2024_S1,113,2024,95.23,171,26
351700,GETULINA,SP,138.33,2024,142.0,2024_S2,23,2025,131.56,145,107
520410,CACHOEIRA ALTA,GO,138.33,2025,139.83,2025_S1,26,2023,124.58,142,96
240500,JAÇANÃ,RN,138.29,2026,141.67,2025_S2,27,2024,113.98,145,75
312050,CRISTINA,MG,138.25,2025,139.0,2026_S2,12,2023,130.54,140,110
231370,UMARI,CE,138.14,2026,138.5,2026_S1,28,2024,110.48,142,82
261520,TERRA NOVA,PE,138.0,2025,142.0,2026_S2,27,2024,117.75,142,80
317103,VERDELÂNDIA,MG,137.92,2025,138.83,2025_S1,18,2024,125.06,143,100
410170,ARARUNA,PR,137.83,2025,141.33,2025_S2,16,2025,130.52,144,121
316510,SÃO TOMÁS DE AQUINO,MG,137.75,2025,140.0,2025_S2,16,2024,125.81,141,110
320360,MUCURICI,ES,137.71,2026,139.0,2026_S2,25,2024,109.81,140,80
316620,SENHORA DOS REMÉDIOS,MG,137.71,2026,143.0,2026_S2,22,2023,124.92,143,97
312940,IBERTIOGA,MG,137.71,2026,144.0,2026_S2,13,2026,120.02,144,99
280160,CEDRO DE SÃO JOÃO,SE,137.5,2025,137.5,2025_S1,14,2023,126.67,144,110
510080,APIACÁS,MT,137.5,2025,138.17,2025_S2,13,2024,123.46,142,102
171380,PALMEIRAS DO TOCANTINS,TO,137.5,2025,139.17,2025_S2,23,2026,127.48,145,114
355140,SERRA AZUL,SP,137.43,2026,146.0,2026_S2,18,2026,129.6,146,117
320465,SÃO DOMINGOS DO NORTE,ES,137.43,2026,140.0,2026_S2,22,2025,110.6,141,79
311290,CAPUTIRA,MG,137.43,2026,143.0,2026_S2,19,2024,114.98,143,86
150095,AURORA DO PARÁ,PA,137.43,2026,137.5,2026_S1,38,2024,99.1,142,39
510820,TORIXORÉU,MT,137.42,2023,139.17,2023_S2,11,2022,132.85,141,121
352190,ITAJOBI,SP,137.42,2025,139.5,2025_S2,19,2024,122.02,142,103
310810,BONFIM,MG,137.25,2025,140.67,2024_S2,13,2024,129.81,142,114
280370,MACAMBIRA,SE,137.14,2026,137.33,2026_S1,26,2024,106.21,140,78
430880,GENERAL CÂMARA,RS,137.0,2024,138.0,2026_S2,12,2023,131.52,140,118
412580,SÃO PEDRO DO IVAÍ,PR,137.0,2025,139.17,2025_S1,14,2025,129.81,141,116
290640,CANDEAL,BA,136.92,2025,140.67,2025_S2,12,2024,123.6,143,101
315935,SANTA RITA DE MINAS,MG,136.92,2025,137.0,2025_S1,15,2023,122.62,142,100
510682,PORTO ESPERIDIÃO,MT,136.86,2026,145.0,2026_S2,16,2024,113.06,145,92
510615,NOVA BANDEIRANTES,MT,136.75,2025,137.67,2025_S1,15,2024,123.96,143,105
320035,ALTO RIO NOVO,ES,136.71,2026,142.0,2026_S2,17,2025,113.1,142,94
430950,GUARANI DAS MISSÕES,RS,136.67,2024,137.5,2024_S2,14,2026,129.9,139,113
220160,BENEDITINOS,PI,136.43,2026,142.0,2026_S2,18,2024,117.17,142,89
210700,MONTES ALTOS,MA,136.42,2025,136.83,2025_S1,15,2024,124.44,141,116
352042,ILHA COMPRIDA,SP,136.42,2025,138.0,2026_S2,28,2024,115.62,140,80
500085,ANGÉLICA,MS,136.33,2024,139.0,2026_S2,24,2023,127.04,147,98
412480,SÃO JOÃO,PR,136.25,2025,136.33,2025_S2,18,2026,128.1,141,108
251680,TRIUNFO,PB,136.14,2026,139.0,2026_S2,26,2024,114.69,139,91
110092,CHUPINGUAIA,RO,136.14,2026,138.0,2026_S2,31,2024,94.65,139,57
172080,SÍTIO NOVO DO TOCANTINS,TO,136.14,2026,138.0,2025_S2,27,2024,109.06,140,73
290150,ANGUERA,BA,136.0,2025,139.0,2025_S2,23,2024,119.4,142,93
316170,SÃO GONÇALO DO ABAETÉ,MG,136.0,2025,137.0,2024_S2,9,2023,130.85,139,121
421610,SÃO DOMINGOS,SC,136.0,2025,138.17,2025_S2,11,2025,129.75,141,125
320013,ÁGUIA BRANCA,ES,135.75,2025,140.33,2025_S2,17,2023,117.46,142,83
313862,LIMEIRA DO OESTE,MG,135.75,2025,139.17,2025_S2,10,2025,132.19,140,123
354950,SÃO JOSÉ DA BELA VISTA,SP,135.58,2025,136.5,2025_S2,7,2023,132.06,137,126
352090,IPAUSSU,SP,135.5,2024,140.17,2024_S2,15,2025,129.08,142,113
311545,CATUJI,MG,135.17,2023,145.0,2026_S2,68,2024,126.25,149,81
410600,CONGONHINHAS,PR,135.0,2025,144.0,2026_S2,28,2024,116.79,144,82
220850,PORTO,PI,135.0,2026,152.0,2026_S2,29,2025,94.85,152,64
410330,BORRAZÓPOLIS,PR,135.0,2025,135.83,2025_S2,14,2024,126.52,137,111
421210,PALMITOS,SC,134.92,2024,135.67,2024_S1,12,2026,130.08,138,115
410870,GRANDES RIOS,PR,134.83,2025,135.67,2024_S2,12,2023,128.08,138,115
313800,LARANJAL,MG,134.83,2024,147.0,2025_S1,43,2025,121.79,152,101
311650,CLARO DOS POÇÕES,MG,134.75,2025,138.5,2025_S2,26,2024,114.77,141,90
421600,SÃO CARLOS,SC,134.75,2023,138.83,2024_S1,16,2026,127.58,141,102
311790,CONGONHAL,MG,134.58,2025,135.67,2025_S2,19,2026,126.67,138,113
355260,TABAPUÃ,SP,134.33,2025,134.67,2025_S1,30,2024,124.69,136,106
354540,SALTO GRANDE,SP,134.25,2024,136.17,2024_S2,12,2023,129.77,139,117
312140,DESTERRO DE ENTRE RIOS,MG,134.17,2025,134.67,2025_S2,12,2026,126.35,135,108
261610,VERDEJANTE,PE,134.14,2026,142.0,2026_S2,28,2023,110.69,142,73
421330,PONTE ALTA,SC,134.14,2026,137.0,2026_S2,22,2024,108.46,137,81
430468,CAPELA DE SANTANA,RS,134.14,2026,144.0,2026_S2,21,2023,113.23,144,79
250540,DESTERRO,PB,134.0,2026,139.0,2026_S2,10,2024,124.88,139,113
430435,CANDIOTA,RS,133.92,2025,137.0,2026_S2,18,2024,124.67,137,111
311950,CORONEL MURTA,MG,133.86,2026,134.67,2025_S2,34,2025,118.62,142,97
241030,SERRA CAIADA,RN,133.75,2025,138.33,2025_S2,19,2024,113.98,140,84
292850,SANTA TEREZINHA,BA,133.58,2025,137.5,2025_S2,17,2024,116.73,140,94
290205,ARAÇÁS,BA,133.58,2025,136.0,2026_S2,16,2024,118.1,137,92
520085,AMERICANO DO BRASIL,GO,133.58,2025,135.5,2025_S2,28,2023,112.94,138,77
420195,BALNEÁRIO ARROIO DO SILVA,SC,133.43,2026,139.0,2026_S2,26,2023,98.1,139,58
292830,SANTANÓPOLIS,BA,133.25,2025,134.67,2025_S2,13,2024,121.31,136,102
312910,GURINHATÃ,MG,133.0,2025,133.5,2025_S2,17,2023,120.92,135,100
312900,GUIRICEMA,MG,132.86,2026,137.0,2026_S2,8,2026,128.58,137,122
411295,JURANDA,PR,132.86,2026,135.0,2026_S2,16,2024,112.56,135,94
270895,SENADOR RUI PALMEIRA,AL,132.83,2025,140.0,2026_S2,44,2024,104.96,140,62
315920,SANTA RITA DE CALDAS,MG,132.71,2026,135.67,2025_S2,12,2024,121.25,136,104
421790,TANGARÁ,SC,132.5,2024,134.83,2023_S2,28,2026,124.71,136,88
170035,ALIANÇA DO TOCANTINS,TO,132.43,2026,144.0,2026_S2,19,2026,116.54,144,97
220810,PIMENTEIRAS,PI,132.42,2025,137.5,2025_S2,35,2024,102.85,141,61
313850,LIBERDADE,MG,132.42,2025,135.0,2026_S2,19,2023,122.04,136,91
210325,CIDELÂNDIA,MA,132.29,2026,132.33,2026_S1,18,2024,111.5,135,89
314450,NAZARENO,MG,132.25,2025,133.67,2025_S1,11,2023,127.42,137,117
292190,MUCUGÊ,BA,132.08,2025,133.83,2025_S2,21,2024,118.83,135,97
316740,SILVIANÓPOLIS,MG,132.0,2025,132.33,2025_S2,16,2024,119.77,135,94
431115,JÓIA,RS,131.83,2025,134.5,2025_S2,14,2024,121.38,137,107
330530,SÃO SEBASTIÃO DO ALTO,RJ,131.67,2025,135.83,2024_S2,17,2024,122.98,138,106
320050,APIACÁ,ES,131.33,2025,132.0,2026_S2,22,2023,114.77,136,80
350490,BANANAL,SP,131.25,2024,134.67,2024_S2,24,2025,125.73,137,113
430480,CARLOS BARBOSA,RS,131.17,2025,133.5,2025_S1,21,2023,116.9,137,90
355660,VERA CRUZ,SP,131.17,2024,131.33,2025_S2,12,2024,126.04,138,115
160080,VITÓRIA DO JARI,AP,131.14,2026,137.0,2026_S2,20,2025,102.62,137,70
315057,PINTÓPOLIS,MG,131.08,2025,131.33,2025_S1,18,2023,117.65,134,95
421565,SANTA ROSA DO SUL,SC,130.86,2026,137.0,2026_S2,20,2024,106.35,138,82
510460,ITIQUIRA,MT,130.86,2026,137.0,2026_S2,25,2023,111.52,137,82
292330,OURIÇANGAS,BA,130.83,2025,132.5,2025_S2,15,2023,123.56,135,107
420260,BOM RETIRO,SC,130.83,2025,133.33,2025_S2,15,2024,117.62,135,98
240090,ANTÔNIO MARTINS,RN,130.71,2026,135.17,2025_S2,16,2023,114.35,137,90
314260,MONSENHOR PAULO,MG,130.58,2025,130.67,2025_S1,13,2023,121.98,133,103
412200,RIO AZUL,PR,130.58,2025,133.5,2025_S2,11,2025,122.92,135,113
500440,INOCÊNCIA,MS,130.43,2026,134.33,2025_S2,12,2023,126.96,135,118
171360,MONTE DO CARMO,TO,130.29,2026,133.0,2026_S2,25,2025,100.94,134,72
412700,TEIXEIRA SOARES,PR,130.25,2025,130.83,2025_S2,9,2024,125.25,132,119
130400,SILVES,AM,130.14,2026,134.0,2026_S2,32,2024,104.98,137,76
280310,ITABI,SE,130.14,2026,135.0,2026_S2,14,2023,115.17,135,93
290220,ARAMARI,BA,130.14,2026,136.0,2026_S2,19,2025,114.29,136,101
420790,IRINEÓPOLIS,SC,130.08,2025,132.0,2025_S1,14,2024,122.12,134,111
352980,MINEIROS DO TIETÊ,SP,130.0,2026,139.0,2026_S2,16,2026,111.96,139,92
521370,MONTES CLAROS DE GOIÁS,GO,130.0,2026,136.0,2026_S2,15,2024,119.48,136,109
240180,BREJINHO,RN,129.92,2025,130.5,2025_S1,20,2024,113.98,133,85
350440,AVANHANDAVA,SP,129.92,2025,131.33,2025_S1,18,2024,116.6,133,100
354190,QUELUZ,SP,129.83,2025,133.0,2026_S2,31,2023,114.04,135,81
110029,SANTA LUZIA DOESTE,RO,129.71,2026,134.0,2026_S2,15,2025,121.6,134,110
261440,SOLIDÃO,PE,129.58,2025,131.0,2025_S2,17,2024,115.21,134,96
280070,BREJO GRANDE,SE,129.58,2025,131.17,2025_S1,15,2023,119.83,133,102
291780,JAGUARIPE,BA,129.43,2026,135.0,2026_S2,28,2023,101.21,137,58
292080,MARCIONÍLIO SOUZA,BA,129.25,2023,141.5,2024_S1,61,2024,119.42,146,85
220610,MATIAS OLÍMPIO,PI,129.14,2026,134.0,2026_S2,23,2024,105.48,134,76
314010,MARILAC,MG,129.14,2026,133.0,2026_S2,27,2023,99.65,133,55
311630,CIPOTÂNEA,MG,128.92,2025,130.0,2025_S2,21,2023,116.0,132,87
240340,EQUADOR,RN,128.92,2025,130.5,2025_S2,27,2023,109.79,132,65
500515,JUTI,MS,128.86,2026,129.0,2026_S2,19,2025,103.27,132,76
251000,NAZAREZINHO,PB,128.86,2026,139.0,2026_S2,26,2025,95.65,139,67
520505,CASTELÂNDIA,GO,128.5,2025,128.5,2025_S1,11,2024,120.35,133,110
251597,SOBRADO,PB,128.43,2026,134.0,2026_S2,19,2025,112.69,134,85
312100,DATAS,MG,128.29,2026,130.0,2026_S2,11,2024,116.1,132,104
210580,LAGO DO JUNCO,MA,128.14,2026,129.0,2026_S2,10,2025,119.9,131,108
220870,REDENÇÃO DO GURGUÉIA,PI,128.14,2026,129.0,2026_S2,16,2023,105.42,131,77
311820,CONQUISTA,MG,128.08,2025,132.0,2026_S2,16,2023,117.38,134,93
313690,JURUAIA,MG,128.08,2025,128.5,2025_S1,16,2023,116.6,130,96
351940,IBIRÁ,SP,128.0,2026,133.0,2026_S2,14,2024,116.58,133,99
351520,ESTRELA DOESTE,SP,127.92,2025,132.83,2025_S2,63,2025,121.31,136,73
430640,DOIS IRMÃOS,RS,127.92,2025,132.0,2026_S2,18,2024,117.31,132,93
316257,SÃO JOÃO DO MANTENINHA,MG,127.86,2026,129.0,2026_S2,22,2025,108.08,132,92
130083,CAAPIRANGA,AM,127.86,2026,140.0,2026_S2,27,2024,93.08,140,53
270135,CAMPESTRE,AL,127.86,2026,131.0,2026_S2,18,2025,103.92,131,84
280270,ILHA DAS FLORES,SE,127.83,2025,129.83,2025_S1,11,2023,119.54,131,108
430800,FAXINAL DO SOTURNO,RS,127.58,2025,130.33,2025_S1,10,2024,125.12,131,119
351535,EUCLIDES DA CUNHA PAULISTA,SP,127.57,2026,129.0,2026_S2,22,2025,102.21,131,79
150560,PEIXE-BOI,PA,127.57,2026,137.0,2026_S2,50,2024,87.06,137,28
354350,RIVERSUL,SP,127.29,2026,128.0,2026_S2,47,2024,114.04,129,82
311140,CAMPO FLORIDO,MG,127.29,2026,133.0,2026_S2,15,2026,109.33,135,91
270280,FLEXEIRAS,AL,127.17,2023,135.0,2024_S1,64,2024,114.1,137,73
352140,IRACEMÁPOLIS,SP,127.17,2024,128.67,2024_S2,27,2023,115.54,131,82
210315,CENTRO DO GUILHERME,MA,127.17,2025,132.0,2025_S1,18,2025,118.65,135,97
250523,CUITÉ DE MAMANGUAPE,PB,127.0,2025,128.17,2025_S2,10,2023,116.81,130,99
354120,PRESIDENTE BERNARDES,SP,127.0,2025,130.17,2025_S2,31,2025,114.75,137,94
316500,SÃO TIAGO,MG,127.0,2024,127.0,2024_S1,16,2023,119.25,129,103
316340,SÃO JOSÉ DO GOIABAL,MG,127.0,2026,128.83,2025_S2,14,2023,112.27,131,91
430030,ALECRIM,RS,126.75,2025,126.83,2025_S1,15,2024,115.04,129,96
421110,MONTE CASTELO,SC,126.71,2026,130.0,2026_S2,19,2025,105.25,130,85
430100,ARROIO DO MEIO,RS,126.67,2025,127.0,2025_S2,16,2023,116.65,130,98
211090,SÃO FRANCISCO DO MARANHÃO,MA,126.57,2026,130.0,2026_S2,21,2023,102.17,130,63
314465,NINHEIRA,MG,126.43,2026,132.0,2025_S2,21,2025,106.38,134,77
350480,BÁLSAMO,SP,126.29,2026,127.0,2026_S2,15,2023,118.35,129,100
315270,PRADOS,MG,126.25,2025,128.0,2024_S2,16,2023,119.42,130,99
312965,IBIRACATU,MG,126.25,2025,128.33,2025_S2,19,2024,111.81,132,91
420600,GOVERNADOR CELSO RAMOS,SC,126.17,2025,127.83,2025_S2,19,2024,106.33,132,77
313545,JENIPAPO DE MINAS,MG,126.08,2024,127.83,2024_S1,32,2024,116.67,136,99
220070,ANÍSIO DE ABREU,PI,125.75,2025,126.83,2025_S1,19,2024,112.31,131,94
350680,BOCAINA,SP,125.75,2025,129.0,2026_S2,73,2025,106.85,176,82
150195,CACHOEIRA DO PIRIÁ,PA,125.75,2025,127.5,2025_S2,29,2024,104.5,130,66
520425,CACHOEIRA DOURADA,GO,125.58,2023,126.67,2023_S1,92,2025,121.08,129,37
240600,JOSÉ DA PENHA,RN,125.57,2026,128.83,2025_S2,17,2025,112.29,134,92
231325,TARRAFAS,CE,125.43,2026,128.0,2026_S2,18,2025,108.04,128,88
412795,TUPÃSSI,PR,125.42,2025,126.5,2025_S1,15,2023,115.23,128,99
316190,SÃO GONÇALO DO RIO ABAIXO,MG,125.25,2025,126.17,2025_S1,9,2024,117.02,127,107
411700,NOVA FÁTIMA,PR,125.25,2025,127.67,2025_S2,24,2026,117.62,130,105
313660,NOVA UNIÃO,MG,125.25,2025,126.67,2025_S2,19,2023,115.6,129,85
430820,FLORES DA CUNHA,RS,125.17,2025,125.83,2025_S1,19,2023,115.25,129,97
330160,DUAS BARRAS,RJ,125.14,2026,131.0,2026_S2,20,2023,119.06,131,108
210535,ITAIPAVA DO GRAJAÚ,MA,125.0,2025,126.33,2025_S2,22,2024,111.35,128,91
432100,TAPERA,RS,125.0,2025,125.33,2025_S1,25,2026,117.98,127,102
430250,BOSSOROCA,RS,124.75,2025,126.33,2024_S2,14,2024,119.35,129,108
510621,NOVA CANAÃ DO NORTE,MT,124.67,2025,125.0,2025_S1,6,2022,121.71,127,111
521270,MAMBAÍ,GO,124.57,2026,125.0,2026_S2,14,2024,110.1,128,95
350945,CAMPINA DO MONTE ALEGRE,SP,124.33,2025,126.33,2025_S2,32,2026,103.31,131,81
430995,IBIRAPUITÃ,RS,124.17,2025,124.5,2025_S2,12,2023,115.1,127,101
210110,AXIXÁ,MA,124.0,2026,129.0,2026_S2,32,2024,103.48,129,79
521405,MUNDO NOVO,GO,123.92,2025,124.83,2025_S2,21,2023,114.17,128,91
291860,JUSSIAPE,BA,123.83,2025,125.83,2025_S2,13,2024,114.06,128,102
431540,REDENTORA,RS,123.75,2025,123.83,2025_S1,11,2023,118.96,127,109
522068,SIMOLÂNDIA,GO,123.25,2025,123.83,2025_S2,26,2024,106.42,127,80
353282,NOVA CAMPINA,SP,123.25,2025,125.67,2025_S1,18,2024,108.23,130,86
130006,AMATURÁ,AM,123.0,2026,123.17,2026_S1,13,2025,95.42,130,68
220335,DIRCEU ARCOVERDE,PI,122.92,2025,124.33,2025_S2,10,2026,118.83,128,110
250010,ÁGUA BRANCA,PB,122.86,2026,123.0,2026_S1,18,2023,106.52,126,84
240350,ESPÍRITO SANTO,RN,122.86,2026,123.33,2025_S2,18,2025,101.69,127,74
312330,DORES DO TURVO,MG,122.86,2026,130.0,2026_S2,22,2023,108.44,130,80
293090,TABOCAS DO BREJO VELHO,BA,122.8,2022,123.83,2023_S1,55,2023,101.38,127,72
211153,SÃO PEDRO DA ÁGUA BRANCA,MA,122.58,2025,124.33,2025_S2,12,2023,112.85,127,97
354320,RIBEIRÃO DO SUL,SP,122.42,2024,123.83,2024_S1,11,2023,118.06,126,109
314350,MORADA NOVA DE MINAS,MG,122.33,2025,123.5,2024_S2,9,2024,119.15,128,112
291090,FIRMINO ALVES,BA,122.14,2026,122.33,2026_S1,8,2025,111.92,126,102
320170,CONCEIÇÃO DO CASTELO,ES,122.14,2026,125.5,2025_S2,16,2025,109.0,128,86
420070,ALFREDO WAGNER,SC,122.08,2025,125.17,2025_S2,21,2023,110.67,127,86
311890,CORDISBURGO,MG,122.08,2025,126.0,2026_S2,15,2023,111.35,126,91
210598,LAJEADO NOVO,MA,121.92,2025,122.5,2025_S1,10,2025,113.94,125,106
410230,BALSA NOVA,PR,121.92,2025,123.83,2025_S1,21,2024,108.42,126,84
314620,OURO VERDE DE MINAS,MG,121.83,2023,132.17,2024_S1,51,2024,115.4,137,86
352360,ITIRAPINA,SP,121.83,2025,122.83,2025_S1,13,2024,111.0,126,96
350115,ALUMÍNIO,SP,121.75,2025,123.17,2025_S1,17,2023,109.83,127,88
150750,SÃO JOÃO DO ARAGUAIA,PA,121.57,2026,128.0,2026_S2,37,2024,95.83,129,71
314995,PERIQUITO,MG,121.29,2026,125.0,2026_S2,24,2024,96.6,125,64
314970,PERDIGÃO,MG,121.29,2026,123.0,2026_S2,17,2024,101.48,125,82
510800,TAPURAH,MT,121.29,2026,122.0,2025_S2,17,2025,114.08,128,107
170310,BARROLÂNDIA,TO,121.29,2026,122.5,2025_S2,21,2023,103.79,124,73
315590,RIO PRETO,MG,121.0,2026,121.33,2026_S1,11,2024,109.9,124,98
431175,MANOEL VIANA,RS,121.0,2025,122.5,2024_S2,10,2024,116.79,126,105
312860,GUARDA-MOR,MG,120.83,2024,123.5,2025_S1,18,2023,112.77,127,94
291790,JANDAÍRA,BA,120.83,2025,125.33,2025_S2,19,2023,106.27,127,82
354380,RINÓPOLIS,SP,120.5,2025,121.83,2025_S2,10,2023,113.44,124,100
220640,MONSENHOR GIL,PI,120.43,2026,124.83,2025_S2,16,2025,108.15,129,88
250900,MANAÍRA,PB,120.43,2026,122.0,2026_S2,22,2023,90.48,122,53
140015,BONFIM,RR,120.33,2025,120.83,2025_S1,33,2024,101.79,126,69
261010,PALMEIRINA,PE,120.0,2025,121.67,2025_S2,11,2023,112.6,123,98
310660,BERTÓPOLIS,MG,120.0,2026,122.0,2026_S2,19,2024,99.08,122,76
310640,BELO VALE,MG,119.92,2025,121.33,2025_S1,13,2023,114.65,123,97
520150,APORÉ,GO,119.83,2025,119.83,2025_S1,10,2024,113.71,121,108
522150,TURVÂNIA,GO,119.83,2025,125.0,2026_S2,29,2024,101.73,125,69
412260,RONDON,PR,119.75,2025,123.67,2025_S2,18,2023,105.6,126,79
312960,IBIAÍ,MG,119.58,2025,119.67,2025_S2,10,2024,113.48,121,105
290060,AIQUARA,BA,119.57,2026,121.0,2025_S2,14,2024,114.21,123,107
311280,CAPITÓLIO,MG,119.43,2026,122.0,2026_S2,15,2025,102.29,122,87
410320,BOM SUCESSO,PR,119.42,2025,120.5,2025_S1,11,2023,111.1,124,94
350690,BOFETE,SP,119.42,2025,124.0,2024_S2,57,2024,108.44,167,91
292665,RIBEIRÃO DO LARGO,BA,119.25,2025,119.5,2025_S1,14,2024,108.4,123,96
355395,TARUMÃ,SP,119.25,2025,121.33,2025_S2,10,2025,113.15,125,101
240030,AFONSO BEZERRA,RN,119.17,2025,122.0,2025_S2,14,2024,108.69,123,93
240460,IELMO MARINHO,RN,119.17,2025,122.0,2025_S2,26,2024,100.9,124,63
260340,CALUMBI,PE,119.14,2026,122.67,2025_S2,25,2024,94.06,125,63
510345,DENISE,MT,119.14,2026,120.33,2025_S2,11,2024,106.58,122,91
170555,COMBINADO,TO,119.14,2026,119.5,2025_S2,18,2025,101.06,122,78
353910,PIRAPORA DO BOM JESUS,SP,119.08,2025,119.83,2025_S2,17,2023,104.58,123,77
291540,ITAJU DO COLÔNIA,BA,119.08,2023,122.83,2024_S1,79,2024,91.21,132,51
421670,SÃO JOSÉ DO CEDRO,SC,119.08,2024,119.83,2024_S1,6,2026,115.75,122,106
172020,SÃO MIGUEL DO TOCANTINS,TO,119.0,2026,119.0,2026_S1,21,2025,92.81,121,76
290170,ANTÔNIO CARDOSO,BA,118.86,2026,120.0,2026_S2,17,2024,100.23,120,75
510706,QUERÊNCIA,MT,118.71,2026,132.0,2026_S2,98,2025,99.4,195,80
310990,CAETANÓPOLIS,MG,118.71,2026,119.0,2026_S1,15,2024,103.23,125,82
313370,ITATIAIUÇU,MG,118.5,2025,119.5,2025_S1,22,2024,104.04,121,86
351260,CORONEL MACEDO,SP,118.17,2025,123.0,2026_S2,16,2023,112.23,123,100
251500,SÃO MIGUEL DE TAIPU,PB,118.14,2026,122.0,2026_S2,13,2025,103.23,122,88
320495,SÃO ROQUE DO CANAÃ,ES,118.14,2026,119.33,2025_S2,20,2024,99.9,123,69
420710,ILHOTA,SC,118.0,2026,122.0,2026_S2,19,2024,99.73,122,75
311600,CHALÉ,MG,118.0,2026,121.0,2026_S2,21,2025,93.81,121,76
310790,BOM REPOUSO,MG,118.0,2025,118.83,2025_S2,21,2023,110.1,122,90
352810,MACAUBAL,SP,117.92,2025,118.83,2025_S2,14,2024,111.1,123,100
410020,ADRIANÓPOLIS,PR,117.92,2025,118.83,2025_S2,21,2024,102.75,123,85
313140,IPIAÇU,MG,117.86,2026,123.0,2026_S2,25,2024,98.04,123,75
431790,SANTO CRISTO,RS,117.83,2024,120.33,2024_S2,12,2025,115.79,122,109
240990,PENDÊNCIAS,RN,117.83,2025,118.83,2025_S2,12,2024,107.17,124,88
352880,MARACAÍ,SP,117.71,2026,121.0,2026_S2,22,2024,111.79,124,90
313360,ITAPEVA,MG,117.67,2025,123.83,2025_S1,20,2024,107.88,125,89
291670,ITAQUARA,BA,117.43,2026,118.33,2025_S2,12,2023,109.1,121,96
510523,LAMBARI DOESTE,MT,117.42,2024,125.17,2025_S1,66,2025,100.4,131,53
432055,SERTÃO SANTANA,RS,117.42,2025,118.33,2025_S2,13,2023,107.54,121,90
315890,SANTANA DO MANHUAÇU,MG,117.14,2026,123.0,2026_S2,22,2024,97.46,124,74
410820,FORMOSA DO OESTE,PR,117.08,2025,117.17,2025_S1,13,2024,110.17,121,101
311410,CARMO DE MINAS,MG,117.0,2026,123.0,2026_S2,18,2023,88.73,123,59
431225,MINAS DO LEÃO,RS,116.92,2024,119.17,2024_S2,13,2025,111.15,120,102
431040,INDEPENDÊNCIA,RS,116.92,2025,118.33,2025_S1,11,2024,110.83,121,93
410010,ABATIÁ,PR,116.86,2026,117.0,2026_S1,18,2024,101.29,121,85
251420,SÃO JOSÉ DA LAGOA TAPADA,PB,116.71,2026,123.0,2026_S2,13,2026,99.81,123,79
316770,SOBRÁLIA,MG,116.67,2024,120.0,2024_S1,64,2024,99.21,138,70
421900,URUSSANGA,SC,116.67,2025,121.33,2025_S1,16,2024,107.6,122,95
355050,SÃO PEDRO DO TURVO,SP,116.67,2025,117.5,2025_S2,10,2024,108.52,119,94
354290,RIBEIRÃO BONITO,SP,116.58,2025,118.17,2025_S1,23,2025,111.27,121,98
250140,BAÍA DA TRAIÇÃO,PB,116.58,2025,120.83,2025_S2,19,2025,98.52,127,73
430905,GLORINHA,RS,116.57,2026,118.33,2025_S2,25,2023,94.33,122,58
411220,JANIÓPOLIS,PR,116.17,2023,116.17,2023_S1,7,2024,114.58,118,109
330245,MACUCO,RJ,116.0,2026,121.0,2026_S2,23,2023,104.25,121,77
250157,BARRA DE SANTANA,PB,116.0,2026,121.0,2026_S2,32,2024,71.35,121,25
412620,SAPOPEMA,PR,115.75,2025,119.5,2025_S1,19,2025,110.69,126,103
510775,SALTO DO CÉU,MT,115.58,2024,122.0,2025_S1,69,2025,100.58,131,59
231280,SENADOR SÁ,CE,115.57,2026,118.0,2026_S2,26,2024,91.48,120,59
353250,NEVES PAULISTA,SP,115.57,2026,119.0,2026_S2,11,2023,106.69,119,92
220660,MONTE ALEGRE DO PIAUÍ,PI,115.29,2026,118.0,2026_S2,22,2024,89.73,119,51
210040,ALTAMIRA DO MARANHÃO,MA,115.25,2025,117.0,2025_S2,12,2024,106.19,119,98
431470,PLANALTO,RS,115.14,2026,119.0,2026_S2,11,2024,110.96,119,102
354230,REDENÇÃO DA SERRA,SP,115.0,2026,118.0,2026_S2,15,2026,94.25,121,74
320225,GOVERNADOR LINDENBERG,ES,115.0,2026,118.0,2026_S2,17,2023,94.08,118,64
316180,SÃO GONÇALO DO PARÁ,MG,114.83,2025,116.83,2025_S1,21,2024,101.75,118,85
431670,SANTA BÁRBARA DO SUL,RS,114.75,2025,116.83,2025_S1,12,2023,109.5,118,96
316430,SÃO ROQUE DE MINAS,MG,114.75,2025,115.5,2025_S2,9,2023,106.23,118,87
311170,CANAÃ,MG,114.75,2025,115.83,2025_S1,26,2024,98.02,119,77
353640,PAULICÉIA,SP,114.58,2025,114.67,2025_S2,43,2024,98.75,119,68
430693,ENTRE-IJUÍS,RS,114.57,2026,115.0,2026_S2,15,2024,104.1,118,85
352160,IRAPURU,SP,114.5,2025,115.33,2025_S2,14,2024,105.71,117,88
411390,MALLET,PR,114.42,2025,115.5,2025_S2,16,2023,103.02,118,80
220345,DOM INOCÊNCIO,PI,114.33,2025,115.83,2025_S1,24,2024,99.31,118,70
291905,LAJEDO DO TABOCAL,BA,114.29,2026,115.0,2026_S2,10,2023,102.29,116,88
210930,PRESIDENTE VARGAS,MA,114.17,2025,115.83,2025_S2,28,2023,95.19,119,60
310240,ALVORADA DE MINAS,MG,114.17,2024,114.5,2024_S1,17,2025,106.69,117,95
210310,CEDRAL,MA,114.14,2026,119.0,2026_S2,17,2024,97.62,119,78
354670,SANTA GERTRUDES,SP,113.92,2025,116.5,2025_S1,19,2024,103.25,121,87
220720,PADRE MARCOS,PI,113.86,2026,117.0,2026_S2,7,2026,104.1,117,92
510628,NOVO SÃO JOAQUIM,MT,113.75,2025,115.0,2026_S2,10,2023,110.88,116,99
522205,VICENTINÓPOLIS,GO,113.71,2026,114.0,2026_S2,9,2024,103.29,116,95
430580,CONSTANTINA,RS,113.57,2026,115.17,2025_S2,10,2025,108.1,119,97
211080,SÃO FÉLIX DE BALSAS,MA,113.5,2025,116.33,2025_S2,17,2026,100.04,118,80
240620,LAGOA DANTA,RN,113.5,2025,114.17,2025_S2,21,2024,100.17,116,81
510850,VERA,MT,113.29,2026,118.0,2026_S2,17,2025,95.15,118,82
280430,MURIBECA,SE,113.25,2025,117.0,2025_S2,14,2025,99.92,119,76
210010,AFONSO CUNHA,MA,113.25,2025,114.33,2025_S2,13,2025,105.75,120,95
314650,PAINS,MG,113.17,2025,113.83,2025_S1,11,2024,104.19,117,88
170720,DOIS IRMÃOS DO TOCANTINS,TO,112.92,2025,114.0,2025_S2,12,2023,102.33,116,83
251160,PILÕES,PB,112.67,2025,115.0,2025_S2,18,2024,96.75,117,78
521940,SANTA RITA DO ARAGUAIA,GO,112.42,2023,113.83,2023_S2,79,2024,73.38,116,33
292710,RODELAS,BA,112.17,2025,115.17,2025_S2,12,2025,104.62,117,98
320070,ATÍLIO VIVACQUA,ES,112.08,2025,114.0,2025_S2,22,2023,93.9,116,63
310880,BRAÚNAS,MG,112.0,2026,113.0,2026_S2,17,2024,95.17,115,71
521230,LEOPOLDO DE BULHÕES,GO,112.0,2025,117.5,2025_S2,25,2026,92.46,121,64
353940,PIRATININGA,SP,111.83,2024,112.0,2024_S1,7,2026,107.73,114,99
293000,SEBASTIÃO LARANJEIRAS,BA,111.67,2025,113.33,2025_S2,19,2024,97.98,115,80
291420,IRAJUBA,BA,111.58,2025,113.83,2025_S2,20,2025,104.19,125,91
241415,TENENTE LAURENTINO CRUZ,RN,111.57,2026,116.0,2026_S2,12,2024,100.06,116,81
170300,BABAÇULÂNDIA,TO,111.57,2026,115.0,2026_S2,15,2024,95.29,115,72
171790,PONTE ALTA DO TOCANTINS,TO,111.57,2026,117.0,2026_S2,16,2025,94.15,117,71
315320,PRESIDENTE JUSCELINO,MG,111.5,2025,111.5,2025_S1,16,2024,101.52,112,90
412690,TAPIRA,PR,111.33,2025,113.5,2025_S1,16,2024,99.25,115,80
293245,UMBURANAS,BA,110.92,2025,114.0,2025_S2,37,2024,108.12,115,78
314060,MATERLÂNDIA,MG,110.92,2023,118.5,2024_S1,21,2024,106.25,121,94
172065,SILVANÓPOLIS,TO,110.86,2026,111.17,2026_S1,21,2025,89.98,113,70
230510,GUARAMIRANGA,CE,110.71,2026,115.0,2026_S2,28,2024,78.69,115,44
211107,SÃO JOÃO DO SOTER,MA,110.57,2026,111.0,2025_S2,18,2024,95.48,113,81
250210,BOA VENTURA,PB,110.57,2026,117.0,2026_S2,18,2024,90.4,117,74
410405,CAMPO BONITO,PR,110.43,2026,111.33,2026_S1,26,2024,86.08,114,56
510305,CLÁUDIA,MT,110.29,2026,120.0,2026_S2,17,2026,99.42,120,86
410645,CORONEL DOMINGOS SOARES,PR,110.25,2025,112.33,2025_S2,12,2023,99.52,115,85
350640,BILAC,SP,110.25,2025,111.5,2025_S2,13,2024,99.92,113,86
310970,CACHOEIRA DE MINAS,MG,110.17,2024,112.0,2024_S1,12,2024,107.56,116,102
521500,NOVA VENEZA,GO,110.14,2026,111.83,2025_S2,22,2023,91.71,115,60
110037,ALTO ALEGRE DOS PARECIS,RO,110.08,2025,111.0,2025_S1,21,2024,96.12,113,77
316880,TIRADENTES,MG,110.0,2025,114.0,2026_S2,14,2024,97.65,114,80
240370,FELIPE GUERRA,RN,109.92,2025,115.0,2025_S2,44,2024,82.77,119,50
150563,PIÇARRA,PA,109.92,2025,111.0,2025_S1,25,2023,94.35,115,64
280110,CANHOBA,SE,109.86,2026,113.0,2026_S2,13,2023,96.44,113,75
522220,VILA BOA,GO,109.83,2023,110.17,2023_S2,16,2026,107.02,112,91
280510,PEDRINHAS,SE,109.8,2022,119.83,2024_S1,39,2024,107.29,129,90
351250,COROADOS,SP,109.71,2026,117.0,2026_S2,17,2025,83.54,117,55
315000,PESCADOR,MG,109.71,2026,111.0,2026_S2,15,2023,93.58,112,73
510060,ALTO TAQUARI,MT,109.57,2026,116.0,2026_S2,22,2024,83.06,116,58
240540,JAPI,RN,109.57,2026,110.67,2025_S2,10,2023,100.98,113,82
313910,MADRE DE DEUS DE MINAS,MG,109.5,2025,109.83,2025_S1,11,2024,104.25,112,96
410710,DIAMANTE DO NORTE,PR,109.43,2026,112.0,2026_S2,12,2024,105.75,113,96
241280,SÃO RAFAEL,RN,109.42,2025,111.67,2025_S2,13,2024,98.75,113,84
310250,AMPARO DO SERRA,MG,109.29,2026,110.0,2026_S2,11,2024,92.33,112,77
270820,SÃO BRÁS,AL,109.29,2026,112.0,2026_S2,16,2024,94.21,113,81
280220,FEIRA NOVA,SE,109.14,2026,110.0,2026_S2,27,2024,79.42,110,44
290540,CAIRU,BA,108.71,2026,116.0,2026_S2,22,2024,89.17,116,58
231250,SÃO JOÃO DO JAGUARIBE,CE,108.67,2025,112.0,2026_S2,13,2024,100.42,113,89
313507,JAMPRUCA,MG,108.57,2026,110.0,2026_S2,18,2023,95.23,112,67
220997,SÃO JOÃO DO ARRAIAL,PI,108.57,2026,108.83,2026_S1,18,2024,84.96,115,54
313020,IGARATINGA,MG,108.5,2024,109.83,2024_S2,26,2025,100.52,112,80
411970,PLANALTINA DO PARANÁ,PR,108.43,2026,108.83,2026_S1,19,2024,89.35,110,73
520590,CORUMBAÍBA,GO,108.25,2025,111.5,2025_S2,13,2025,99.04,116,80
171886,SANTA FÉ DO ARAGUAIA,TO,108.14,2026,109.5,2025_S2,19,2023,86.08,112,60
520260,AURILÂNDIA,GO,108.0,2026,109.0,2026_S2,23,2023,93.38,109,70
431177,MAQUINÉ,RS,108.0,2026,113.0,2026_S2,15,2023,92.12,113,68
350360,AREIÓPOLIS,SP,108.0,2026,110.83,2025_S2,17,2024,91.21,113,67
311400,CARMO DA MATA,MG,108.0,2026,109.0,2026_S2,16,2025,94.02,111,83
412870,VITORINO,PR,107.86,2026,112.0,2026_S2,20,2023,94.94,112,69
316010,SANTO ANTÔNIO DO GRAMA,MG,107.83,2025,108.5,2025_S2,16,2023,97.5,110,75
520810,FORMOSO,GO,107.8,2022,109.17,2023_S2,15,2024,102.96,112,93
354560,SANTA ADÉLIA,SP,107.75,2025,107.83,2025_S1,11,2023,100.77,111,86
314820,PATROCÍNIO DO MURIAÉ,MG,107.75,2025,109.67,2025_S2,17,2023,91.42,111,67
210312,CENTRAL DO MARANHÃO,MA,107.58,2025,109.0,2025_S2,12,2024,98.48,111,84
521210,JOVIÂNIA,GO,107.42,2025,110.17,2025_S2,16,2023,96.92,112,76
240485,ITAJÁ,RN,107.33,2025,107.5,2025_S1,19,2024,91.79,112,64
410890,GUAIRAÇÁ,PR,107.33,2025,110.33,2025_S1,28,2024,89.73,112,65
353120,MONTE ALEGRE DO SUL,SP,107.25,2024,112.33,2024_S2,20,2024,97.04,115,77
420840,ITAPIRANGA,SC,107.25,2025,107.67,2025_S2,16,2026,98.46,109,89
312120,DELFINÓPOLIS,MG,107.14,2026,113.0,2026_S2,12,2024,97.62,113,92
251020,NOVA OLINDA,PB,107.0,2026,110.0,2026_S2,13,2024,93.0,110,68
354570,SANTA ALBERTINA,SP,107.0,2024,111.0,2024_S2,37,2024,99.83,138,79
412780,TOMAZINA,PR,107.0,2026,107.0,2026_S1,9,2025,102.92,109,97
412790,TUNEIRAS DO OESTE,PR,107.0,2026,108.67,2025_S2,8,2025,105.6,111,101
270190,CHÃ PRETA,AL,106.92,2024,109.67,2024_S1,20,2024,101.98,115,95
315030,PIEDADE DO RIO GRANDE,MG,106.92,2025,107.0,2025_S1,11,2024,97.77,109,80
220672,NAZÁRIA,PI,106.86,2026,113.0,2026_S2,23,2024,81.04,113,55
312125,DELTA,MG,106.57,2026,109.0,2026_S2,23,2024,80.19,111,55
431630,ROQUE GONZALES,RS,106.33,2025,109.67,2025_S2,11,2025,103.19,112,97
411470,MARIA HELENA,PR,106.29,2026,106.5,2026_S1,24,2024,92.21,110,72
510370,FELIZ NATAL,MT,106.29,2026,113.0,2026_S2,16,2024,89.06,113,73
430840,FORMIGUEIRO,RS,106.0,2024,107.67,2024_S2,17,2023,101.65,112,85
312290,DONA EUSÉBIA,MG,106.0,2024,108.33,2024_S1,15,2025,103.12,115,92
420330,CAMPO ALEGRE,SC,106.0,2025,109.33,2025_S2,13,2024,94.0,111,75
260630,GRANITO,PE,106.0,2026,108.0,2025_S2,24,2024,89.92,112,72
421320,POMERODE,SC,105.75,2024,106.5,2024_S1,27,2025,99.58,109,78
290330,BARRO PRETO,BA,105.71,2026,114.0,2026_S2,19,2025,78.15,114,55
521870,RIANÁPOLIS,GO,105.71,2026,112.0,2026_S2,30,2023,87.92,112,50
354430,ROSEIRA,SP,105.67,2025,106.33,2025_S1,16,2023,96.9,109,80
355490,TRÊS FRONTEIRAS,SP,105.67,2025,107.67,2025_S2,16,2023,95.0,110,76
320450,SANTA LEOPOLDINA,ES,105.67,2025,107.67,2025_S2,17,2024,92.08,110,73
312480,ESTRELA DO SUL,MG,105.58,2023,106.33,2023_S1,7,2026,104.46,108,99
353360,NUPORANGA,SP,105.57,2026,112.0,2026_S2,15,2026,93.42,112,82
352370,ITIRAPUÃ,SP,105.57,2026,108.0,2026_S2,13,2023,92.67,109,73
313695,JUVENÍLIA,MG,105.43,2026,109.0,2026_S2,22,2025,83.96,109,66
290689,CARAÍBAS,BA,105.43,2026,105.5,2026_S1,41,2024,89.15,110,65
220192,BONFIM DO PIAUÍ,PI,105.42,2025,105.83,2025_S1,8,2024,97.0,107,83
270375,JEQUIÁ DA PRAIA,AL,105.29,2026,110.0,2026_S2,28,2024,77.02,110,51
313655,JOSÉ RAYDAN,MG,105.29,2026,105.83,2026_S1,25,2025,81.81,108,56
220553,JUREMA,PI,105.29,2026,105.5,2026_S1,24,2024,82.79,108,48
316520,SÃO THOMÉ DAS LETRAS,MG,105.2,2022,106.17,2024_S1,34,2024,91.83,111,71
311360,CAREAÇU,MG,105.2,2022,106.33,2025_S1,7,2022,103.71,110,100
352860,MANDURI,SP,105.0,2026,110.0,2026_S2,14,2024,90.71,110,72
240250,CARNAUBAIS,RN,104.92,2025,105.33,2025_S2,15,2023,99.08,110,85
510285,CASTANHEIRA,MT,104.86,2026,109.0,2026_S2,13,2023,90.81,109,72
312660,FRANCISCO DUMONT,MG,104.86,2026,114.0,2026_S2,16,2026,92.65,114,79
210970,SAMBAÍBA,MA,104.83,2025,105.67,2025_S2,12,2026,96.79,107,87
520495,CAMPOS VERDES,GO,104.75,2023,115.0,2024_S1,37,2024,88.6,120,55
350180,AMÉRICO DE CAMPOS,SP,104.75,2024,111.17,2024_S2,53,2025,99.27,137,56
170650,DARCINÓPOLIS,TO,104.67,2025,105.83,2025_S2,14,2023,89.62,111,65
311783,CÔNEGO MARINHO,MG,104.58,2025,105.17,2025_S2,12,2023,96.83,107,81
312250,DOM CAVATI,MG,104.58,2024,106.67,2025_S2,9,2024,100.77,110,91
310570,BARRA LONGA,MG,104.57,2026,107.0,2026_S2,19,2023,90.4,107,63
250950,MONTADAS,PB,104.57,2026,106.17,2025_S2,24,2024,84.04,109,58
210240,CAJAPIÓ,MA,104.43,2026,104.67,2026_S1,20,2024,86.73,107,65
250470,CONGO,PB,104.42,2025,108.0,2025_S2,19,2024,88.69,111,70
351320,CRISTAIS PAULISTA,SP,104.33,2025,105.5,2025_S2,36,2024,87.35,109,64
520760,FAZENDA NOVA,GO,104.29,2026,112.0,2026_S2,14,2026,88.65,112,64
293317,VARZEDO,BA,104.29,2026,106.0,2026_S2,13,2023,89.25,106,68
350980,CAMPOS NOVOS PAULISTA,SP,104.29,2026,111.0,2026_S2,20,2024,85.92,111,64
520790,FLORES DE GOIÁS,GO,104.17,2025,104.5,2025_S2,14,2024,97.96,107,88
261290,SÃO BENEDITO DO SUL,PE,104.17,2025,104.33,2024_S2,19,2023,93.46,108,73
240330,ENCANTO,RN,104.17,2025,104.5,2025_S2,15,2024,92.96,106,73
251510,SÃO SEBASTIÃO DE LAGOA DE ROÇA,PB,104.0,2026,109.0,2026_S2,24,2024,83.21,109,50
250580,DUAS ESTRADAS,PB,104.0,2026,105.0,2026_S2,27,2024,90.08,107,74
355730,ESTIVA GERBI,SP,104.0,2026,107.0,2026_S2,26,2024,83.62,108,61
431380,PALMITINHO,RS,104.0,2025,105.67,2025_S1,8,2023,97.71,108,86
500750,ROCHEDO,MS,104.0,2026,106.0,2026_S2,22,2023,93.98,109,66
421760,SIDERÓPOLIS,SC,103.67,2025,106.33,2025_S2,18,2023,90.58,108,66
210215,BREJO DE AREIA,MA,103.67,2025,104.17,2025_S1,23,2024,88.65,107,67
430020,AJURICABA,RS,103.58,2024,104.33,2024_S1,8,2023,100.04,106,95
510777,SANTA TEREZINHA,MT,103.58,2025,103.83,2025_S2,11,2024,93.02,109,82
312210,DIVINO DAS LARANJEIRAS,MG,103.5,2025,103.83,2025_S2,18,2023,88.92,105,64
250527,CURRAL DE CIMA,PB,103.5,2025,106.5,2025_S2,10,2025,97.17,108,87
520830,DIVINÓPOLIS DE GOIÁS,GO,103.43,2026,103.67,2026_S1,6,2024,97.85,106,92
261618,VERTENTE DO LÉRIO,PE,103.43,2026,106.0,2026_S2,22,2025,80.9,108,57
312270,DOM SILVÉRIO,MG,103.33,2025,105.67,2025_S2,12,2024,93.29,107,78
220213,CAMPO GRANDE DO PIAUÍ,PI,103.29,2026,117.0,2026_S2,27,2026,60.71,117,27
521060,ITAGUARU,GO,103.29,2026,110.0,2026_S2,12,2026,91.85,110,78
355470,TORRINHA,SP,103.17,2025,103.67,2024_S2,17,2023,93.62,107,75
312130,DESCOBERTO,MG,103.17,2024,104.5,2024_S2,14,2024,96.31,110,87
311640,CLARAVAL,MG,103.14,2026,105.0,2026_S2,22,2023,87.17,107,62
411110,ITAMBÉ,PR,103.0,2025,108.67,2025_S1,46,2025,95.98,111,65
355350,TAPIRAÍ,SP,103.0,2024,108.5,2024_S2,29,2024,82.71,117,65
317210,VOLTA GRANDE,MG,102.92,2024,103.5,2024_S2,11,2025,98.48,106,86
270250,DOIS RIACHOS,AL,102.86,2026,103.5,2026_S1,8,2024,97.04,107,90
150555,PAU DARCO,PA,102.83,2025,107.67,2025_S2,14,2024,92.54,110,77
110160,THEOBROMA,RO,102.71,2026,111.0,2026_S2,26,2024,77.67,111,48
220940,SANTO ANTÔNIO DE LISBOA,PI,102.71,2026,107.0,2026_S2,25,2024,77.96,107,50
420960,LAURO MÜLLER,SC,102.67,2025,103.17,2025_S2,9,2024,98.52,106,88
431125,LAGOÃO,RS,102.58,2025,104.33,2025_S2,9,2023,94.9,106,82
430240,BOM RETIRO DO SUL,RS,102.57,2026,105.0,2026_S2,9,2024,90.69,106,76
330513,SÃO JOSÉ DE UBÁ,RJ,102.57,2026,104.0,2026_S2,24,2024,76.96,107,52
421400,PRESIDENTE GETÚLIO,SC,102.5,2025,103.67,2025_S2,11,2026,99.6,105,92
220140,BARRO DURO,PI,102.43,2026,103.33,2025_S2,14,2024,88.62,105,70
170730,DUERÉ,TO,102.42,2025,102.5,2025_S2,19,2024,86.6,104,57
240400,FRUTUOSO GOMES,RN,102.29,2026,104.0,2026_S2,11,2024,90.27,104,76
314380,MUNHOZ,MG,102.29,2026,103.33,2025_S2,16,2024,91.25,106,71
316690,SERRANIA,MG,102.08,2025,102.83,2025_S1,16,2026,97.04,107,82
251330,SANTA HELENA,PB,102.0,2026,102.17,2026_S1,10,2023,88.42,105,72
500730,RIO NEGRO,MS,102.0,2025,103.17,2025_S2,9,2024,95.6,105,87
220340,DOM EXPEDITO LOPES,PI,101.86,2026,109.0,2026_S2,24,2024,68.9,109,34
312707,FRUTA DE LEITE,MG,101.83,2025,104.67,2025_S2,10,2025,97.88,106,92
260250,BREJINHO,PE,101.75,2025,102.5,2025_S1,12,2024,91.67,108,76
315830,SANTANA DA VARGEM,MG,101.75,2025,102.0,2025_S2,14,2023,93.96,104,79
250670,IMACULADA,PB,101.71,2026,108.0,2026_S2,22,2024,82.31,108,59
510794,TABAPORÃ,MT,101.71,2026,107.33,2025_S2,24,2025,83.42,112,62
350930,CAJOBI,SP,101.58,2025,102.0,2025_S2,16,2024,89.44,104,68
140023,CAROEBE,RR,101.57,2026,103.67,2025_S2,25,2024,76.0,106,34
251640,TACIMA,PB,101.5,2025,101.67,2025_S1,18,2024,90.35,102,75
290950,CRAVOLÂNDIA,BA,101.17,2024,102.5,2024_S2,8,2023,96.5,105,88
291890,LAJEDÃO,BA,101.0,2026,104.0,2026_S2,20,2024,91.92,104,78
354820,SANTO ANTÔNIO DO PINHAL,SP,100.92,2024,101.17,2024_S1,9,2023,96.6,105,87
510620,NOVA BRASILÂNDIA,MT,100.86,2026,101.5,2026_S1,8,2026,93.88,105,87
314053,MARTINS SOARES,MG,100.86,2026,103.17,2025_S2,14,2024,82.42,104,59
241390,TAIPU,RN,100.86,2026,101.0,2026_S2,15,2024,86.81,104,65
352380,ITOBI,SP,100.83,2025,101.33,2025_S1,14,2023,94.73,103,81
420530,FAXINAL DOS GUEDES,SC,100.75,2025,102.33,2025_S2,15,2026,94.25,106,85
210940,PRIMEIRA CRUZ,MA,100.58,2025,102.0,2026_S2,23,2024,82.92,105,58
290050,ÉRICO CARDOSO,BA,100.57,2026,101.17,2026_S1,16,2025,88.44,104,70
352420,JABORANDI,SP,100.33,2025,105.83,2025_S1,22,2023,86.83,109,64
240970,PEDRO AVELINO,RN,100.17,2025,103.67,2024_S2,15,2023,93.06,106,75
412853,VENTANIA,PR,100.14,2026,100.17,2026_S1,11,2025,88.15,103,78
221030,SÃO JULIÃO,PI,100.14,2026,109.0,2026_S2,30,2024,63.21,109,34
170710,DIVINÓPOLIS DO TOCANTINS,TO,100.08,2025,100.5,2025_S2,14,2024,92.54,102,82
320515,VILA PAVÃO,ES,100.0,2026,103.0,2026_S2,17,2024,86.31,103,63
292285,NOVA REDENÇÃO,BA,100.0,2025,100.0,2025_S1,13,2024,90.75,101,70
510010,ACORIZAL,MT,99.86,2026,108.0,2026_S2,62,2024,89.9,111,49
510626,NOVO MUNDO,MT,99.71,2026,100.83,2025_S2,15,2023,85.42,103,65
170380,BURITI DO TOCANTINS,TO,99.67,2025,100.67,2025_S1,21,2024,84.25,103,60
351950,IBIRAREMA,SP,99.58,2025,101.83,2025_S1,17,2024,90.81,103,76
520380,BRITÂNIA,GO,99.43,2026,100.17,2025_S2,11,2025,89.85,103,77
250200,BELÉM DO BREJO DO CRUZ,PB,99.43,2026,100.0,2026_S2,20,2025,79.67,103,53
411375,LUNARDELLI,PR,99.29,2026,102.0,2026_S2,12,2023,83.85,102,65
312087,CURRAL DE DENTRO,MG,99.29,2026,100.5,2025_S2,15,2025,87.58,103,75
420370,CANELINHA,SC,99.25,2025,100.0,2025_S1,17,2024,91.0,103,71
320316,LARANJA DA TERRA,ES,99.17,2025,100.5,2025_S2,9,2024,91.21,103,80
310010,ABADIA DOS DOURADOS,MG,99.14,2026,104.0,2026_S2,9,2025,87.94,104,76
313100,INHAÚMA,MG,99.0,2025,100.0,2025_S1,8,2023,92.29,101,77
210637,MARANHÃOZINHO,MA,99.0,2025,101.33,2024_S2,14,2024,92.65,103,80
311080,CAMPANÁRIO,MG,98.86,2026,104.0,2026_S2,12,2025,83.98,104,63
420720,IMARUÍ,SC,98.83,2025,102.33,2025_S2,12,2025,89.27,104,73
311240,CAPETINGA,MG,98.71,2026,100.0,2026_S2,80,2022,80.52,133,53
210450,GOVERNADOR ARCHER,MA,98.67,2023,100.0,2024_S1,13,2025,92.15,102,78
410950,GUARAQUEÇABA,PR,98.57,2026,98.83,2026_S1,11,2024,86.33,102,72
411721,NOVA SANTA BÁRBARA,PR,98.57,2026,100.0,2025_S2,15,2025,83.42,102,69
353170,MONTEIRO LOBATO,SP,98.33,2025,100.83,2025_S1,18,2024,87.44,102,72
210805,PAULINO NEVES,MA,98.17,2025,99.83,2025_S2,27,2024,81.04,101,53
411500,MARILENA,PR,98.14,2026,105.0,2026_S2,13,2026,93.31,105,82
293110,TANQUINHO,BA,98.14,2026,102.0,2026_S2,10,2025,88.58,102,79
410832,FRANCISCO ALVES,PR,98.14,2026,99.0,2026_S2,32,2024,79.56,100,51
160020,CALÇOENE,AP,98.0,2025,99.33,2025_S2,14,2025,87.58,106,72
260330,CALÇADO,PE,98.0,2026,98.0,2026_S1,19,2023,86.52,101,64
293325,VEREDA,BA,98.0,2024,103.0,2024_S1,34,2024,88.81,108,73
351470,ECHAPORÃ,SP,98.0,2026,100.0,2026_S2,11,2025,83.71,102,75
314795,PATIS,MG,98.0,2025,98.67,2025_S2,16,2024,82.56,101,57
241270,SÃO PEDRO,RN,98.0,2026,102.17,2025_S2,21,2024,77.75,104,47
430965,HULHA NEGRA,RS,98.0,2025,101.83,2025_S2,12,2024,84.81,103,63
351730,GUAIMBÊ,SP,97.92,2025,98.17,2025_S1,14,2023,92.19,100,74
240725,MAJOR SALES,RN,97.86,2026,99.0,2026_S2,14,2024,81.94,100,65
250310,CABACEIRAS,PB,97.71,2026,101.0,2026_S2,16,2023,73.58,101,43
211027,SANTO AMARO DO MARANHÃO,MA,97.67,2025,100.67,2025_S2,22,2024,81.54,104,59
150300,FARO,PA,97.57,2026,109.0,2026_S2,28,2023,75.48,111,44
120042,RODRIGUES ALVES,AC,97.43,2026,124.0,2026_S2,47,2026,61.54,124,42
351780,GUARAÇAÍ,SP,96.92,2024,99.0,2024_S1,13,2026,90.46,100,72
220196,BRASILEIRA,PI,96.86,2026,103.0,2026_S2,17,2024,78.71,103,64
421030,MAJOR VIEIRA,SC,96.8,2022,98.0,2023_S1,8,2026,95.73,99,90
280260,GRACHO CARDOSO,SE,96.75,2025,97.5,2025_S1,19,2024,85.27,99,69
411885,PEROBAL,PR,96.71,2026,97.0,2026_S2,13,2024,83.19,99,67
431170,MACHADINHO,RS,96.71,2026,96.83,2026_S1,8,2024,90.44,99,80
421100,MONDAÍ,SC,96.67,2025,96.83,2025_S2,14,2026,91.85,100,79
410530,CÉU AZUL,PR,96.58,2024,97.33,2024_S1,9,2023,90.56,99,80
312705,FRONTEIRA DOS VALES,MG,96.58,2025,97.67,2025_S2,16,2024,81.71,101,65
354310,RIBEIRÃO CORRENTE,SP,96.57,2026,100.0,2026_S2,16,2025,79.58,100,64
312352,DURANDÉ,MG,96.43,2026,97.0,2026_S1,18,2025,79.85,98,67
351910,IACANGA,SP,96.43,2026,102.0,2026_S2,13,2024,83.83,102,63
315070,PIRAJUBA,MG,96.33,2024,97.67,2024_S2,23,2023,85.33,99,63
353680,PEDRA BELA,SP,96.25,2023,96.67,2023_S2,29,2024,79.42,99,58
520545,CEZARINA,GO,96.08,2023,110.83,2024_S1,48,2024,83.6,114,63
312030,CRISTÁLIA,MG,96.0,2026,99.0,2026_S2,18,2025,75.92,100,52
411920,PINHALÃO,PR,96.0,2025,98.0,2025_S2,10,2026,90.33,101,81
310410,ARCEBURGO,MG,95.83,2025,98.67,2025_S1,14,2023,85.67,102,68
421605,SÃO CRISTÓVÃO DO SUL,SC,95.71,2026,101.0,2026_S2,14,2023,84.15,101,69
350775,BREJO ALEGRE,SP,95.71,2026,100.0,2026_S2,21,2024,72.44,102,38
240520,JANDUÍS,RN,95.71,2026,99.33,2024_S1,16,2024,94.5,102,86
250550,VISTA SERRANA,PB,95.71,2026,97.0,2026_S2,13,2024,85.73,98,68
251360,SANTANA DOS GARROTES,PB,95.58,2025,96.67,2025_S2,13,2026,87.33,98,74
432345,VILA NOVA DO SUL,RS,95.58,2025,97.5,2025_S1,14,2025,90.44,100,77
241010,POÇO BRANCO,RN,95.33,2025,96.17,2025_S2,10,2023,84.98,100,68
316650,SERRA AZUL DE MINAS,MG,95.33,2023,104.67,2024_S1,66,2024,70.83,108,42
261153,QUIXABA,PE,95.29,2026,96.0,2026_S2,17,2024,84.81,97,68
354050,PORANGABA,SP,95.25,2025,97.0,2025_S1,49,2025,90.71,104,55
350120,ÁLVARES FLORENCE,SP,95.14,2026,98.0,2026_S2,12,2023,83.71,98,68
120035,MARECHAL THAUMATURGO,AC,95.0,2026,107.0,2026_S2,20,2025,65.79,107,39
220557,LAGOA DE SÃO FRANCISCO,PI,95.0,2025,98.0,2026_S2,21,2024,77.02,99,51
221065,SIGEFREDO PACHECO,PI,94.86,2026,100.0,2026_S2,16,2024,78.1,100,57
110120,MINISTRO ANDREAZZA,RO,94.86,2026,100.0,2026_S2,20,2025,77.62,100,56
431265,NÃO-ME-TOQUE,RS,94.83,2025,99.17,2025_S1,27,2025,90.58,115,80
310205,ALTO CAPARAÓ,MG,94.83,2025,96.17,2025_S2,21,2024,77.44,99,49
500780,SELVÍRIA,MS,94.75,2023,95.0,2023_S2,10,2024,87.17,96,75
210408,FERNANDO FALCÃO,MA,94.57,2026,103.0,2026_S2,25,2024,65.56,103,38
310445,ARICANDUVA,MG,94.57,2026,97.0,2026_S2,14,2024,85.69,97,67
314505,NOVA PORTEIRINHA,MG,94.5,2025,96.0,2025_S2,10,2025,86.73,99,75
293076,SÍTIO DO QUINTO,BA,94.43,2026,94.67,2025_S1,19,2023,83.1,96,58
220930,SANTA LUZ,PI,94.43,2026,100.0,2026_S2,18,2025,72.19,100,48
316294,SÃO JOSÉ DA BARRA,MG,94.29,2026,99.0,2026_S2,11,2024,81.23,99,67
412320,SANTA CECÍLIA DO PAVÃO,PR,94.25,2025,97.5,2025_S2,14,2024,82.58,99,67
220490,ISAÍAS COELHO,PI,94.25,2025,96.0,2026_S2,11,2023,86.04,97,72
500840,VICENTINA,MS,94.17,2025,94.33,2025_S1,12,2024,88.29,95,79
521295,MATRINCHÃ,GO,94.14,2026,98.0,2026_S2,10,2026,81.77,98,68
411155,IVATÉ,PR,94.08,2025,95.83,2025_S1,10,2023,89.15,97,78
290230,ARATUÍPE,BA,93.92,2025,96.5,2025_S2,21,2023,78.33,99,54
291735,JABORANDI,BA,93.92,2025,94.5,2025_S2,11,2023,82.12,96,63
220595,MARCOLÂNDIA,PI,93.86,2026,94.0,2026_S1,14,2025,74.0,97,56
432230,TUPARENDI,RS,93.67,2024,94.67,2025_S1,9,2026,88.44,96,81
351660,GÁLIA,SP,93.67,2024,95.33,2024_S1,9,2024,87.54,97,74
290880,CONTENDAS DO SINCORÁ,BA,93.5,2025,95.0,2026_S2,15,2023,81.83,95,65
313710,LAGAMAR,MG,93.5,2024,94.33,2024_S2,9,2025,91.65,97,80
411100,ITAMBARACÁ,PR,93.33,2024,94.83,2025_S2,12,2026,91.56,98,84
316630,SERICITA,MG,93.29,2026,99.0,2026_S2,17,2025,68.5,99,37
312110,DELFIM MOREIRA,MG,93.25,2025,94.33,2025_S2,8,2022,86.44,95,72
130210,JAPURÁ,AM,93.14,2026,98.17,2025_S2,29,2025,63.96,102,43
314437,NATALÂNDIA,MG,93.14,2026,103.0,2026_S2,18,2025,64.48,103,36
291030,ELÍSIO MEDRADO,BA,93.08,2025,94.0,2026_S2,10,2023,87.73,95,71
410975,IBEMA,PR,93.0,2025,97.0,2026_S2,12,2023,86.69,98,75
220760,PARNAGUÁ,PI,93.0,2026,93.0,2026_S1,14,2024,77.67,96,61
500755,SANTA RITA DO PARDO,MS,93.0,2025,94.83,2025_S2,10,2023,89.79,96,83
431610,RONDA ALTA,RS,92.92,2025,95.33,2025_S2,12,2025,91.58,101,85
210920,PRESIDENTE JUSCELINO,MA,92.92,2025,93.83,2025_S1,24,2024,80.83,97,62
353590,PARANAPUÃ,SP,92.92,2025,93.5,2025_S2,26,2025,83.42,98,64
314587,ORIZÂNIA,MG,92.86,2026,103.0,2026_S2,16,2026,79.0,103,66
211172,SATUBINHA,MA,92.86,2026,98.0,2026_S2,13,2024,82.21,98,72
210667,MILAGRES DO MARANHÃO,MA,92.71,2026,96.0,2026_S2,16,2023,65.73,98,39
354490,SALES OLIVEIRA,SP,92.67,2025,93.33,2025_S1,16,2024,83.56,94,71
315260,POUSO ALTO,MG,92.67,2025,92.83,2025_S2,7,2024,87.94,94,75
521550,OUVIDOR,GO,92.5,2025,92.67,2025_S1,23,2023,79.75,96,50
250230,BOM SUCESSO,PB,92.43,2026,94.0,2026_S2,13,2025,80.65,97,69
351210,COLÔMBIA,SP,92.43,2026,92.67,2026_S1,12,2024,80.15,95,62
411900,PÉROLA DOESTE,PR,92.33,2025,92.33,2025_S1,10,2026,87.98,95,78
411705,NOVA LARANJEIRAS,PR,92.29,2026,96.0,2026_S2,11,2023,81.35,96,65
250450,CONDADO,PB,92.25,2025,94.5,2025_S2,15,2024,80.9,96,62
510627,NOVO HORIZONTE DO NORTE,MT,92.14,2026,93.83,2025_S2,16,2025,78.71,96,63
316130,SÃO FRANCISCO DE SALES,MG,92.08,2023,92.5,2023_S1,46,2024,69.06,93,43
316540,SAPUCAÍ-MIRIM,MG,92.08,2024,94.5,2024_S1,13,2023,87.42,97,78
241100,RODOLFO FERNANDES,RN,92.0,2026,92.17,2025_S2,26,2024,76.48,93,61
315310,PRESIDENTE BERNARDES,MG,91.83,2024,95.5,2025_S1,24,2025,84.35,97,71
230180,BAIXIO,CE,91.83,2025,93.33,2025_S2,12,2023,78.65,94,61
310480,AUGUSTO DE LIMA,MG,91.75,2025,93.0,2026_S2,13,2024,80.25,95,62
316095,SÃO DOMINGOS DAS DORES,MG,91.75,2025,93.33,2025_S1,12,2024,84.29,95,71
350510,BARBOSA,SP,91.75,2025,94.0,2025_S1,8,2025,90.12,95,86
250960,MONTE HOREBE,PB,91.71,2026,93.0,2026_S2,18,2024,70.48,95,49
430180,BARRACÃO,RS,91.67,2024,93.17,2024_S2,8,2025,88.5,95,84
314170,MESQUITA,MG,91.67,2025,91.67,2025_S1,18,2024,80.33,94,62
120017,CAPIXABA,AC,91.58,2023,110.17,2024_S1,85,2024,63.46,120,27
230427,ERERÊ,CE,91.57,2026,93.0,2026_S2,16,2025,75.29,96,66
314015,MÁRIO CAMPOS,MG,91.57,2026,100.0,2026_S2,22,2023,60.04,100,23
316220,SÃO JOÃO BATISTA DO GLÓRIA,MG,91.5,2024,92.0,2024_S2,10,2023,88.23,93,76
353610,PARDINHO,SP,91.42,2024,94.67,2024_S1,46,2024,83.25,98,52
250880,MALTA,PB,91.33,2025,93.33,2025_S2,11,2023,83.6,95,69
250850,LIVRAMENTO,PB,91.29,2026,92.33,2025_S2,16,2024,76.71,95,53
160023,FERREIRA GOMES,AP,91.29,2026,95.0,2026_S2,15,2023,68.56,97,40
291345,IGRAPIÚNA,BA,91.25,2024,91.5,2024_S2,9,2026,88.35,93,77
316020,SANTO ANTÔNIO DO ITAMBÉ,MG,91.0,2022,91.5,2023_S2,10,2025,86.4,94,74
240060,ALMINO AFONSO,RN,90.83,2025,92.5,2025_S2,8,2022,85.1,93,69
250215,BOA VISTA,PB,90.67,2025,92.67,2025_S2,19,2023,79.27,95,56
220890,RIBEIRO GONÇALVES,PI,90.58,2025,91.17,2025_S2,8,2024,83.12,92,73
220740,PALMEIRA DO PIAUÍ,PI,90.57,2026,93.0,2026_S2,17,2025,71.0,93,44
410770,FÊNIX,PR,90.5,2025,91.83,2025_S1,9,2023,86.92,94,82
432210,TUCUNDUVA,RS,90.43,2026,92.0,2026_S2,10,2023,79.19,93,68
521390,MOSSÂMEDES,GO,90.33,2025,91.33,2025_S2,12,2023,87.85,93,81
430471,CARAÁ,RS,90.29,2026,94.0,2026_S2,15,2024,72.4,94,49
170765,FIGUEIRÓPOLIS,TO,90.25,2025,92.67,2025_S2,11,2026,85.85,95,74
280470,NOSSA SENHORA DE LOURDES,SE,90.2,2022,92.83,2023_S1,22,2023,83.71,97,75
353900,PIRANGI,SP,90.0,2025,90.5,2025_S1,13,2024,82.25,92,71
431080,IVOTI,RS,89.86,2026,94.0,2026_S2,9,2023,83.33,94,71
430467,CAPIVARI DO SUL,RS,89.75,2025,93.0,2026_S2,8,2026,83.04,93,71
430170,BARÃO DE COTEGIPE,RS,89.67,2025,92.17,2025_S2,14,2024,79.98,95,66
411727,NOVA TEBAS,PR,89.67,2024,93.5,2024_S1,15,2024,84.06,94,73
354325,RIBEIRÃO GRANDE,SP,89.5,2025,89.83,2025_S2,13,2024,80.17,92,67
310600,BELA VISTA DE MINAS,MG,89.5,2025,90.0,2025_S1,9,2023,79.52,91,66
280650,SANTA ROSA DE LIMA,SE,89.43,2026,99.0,2026_S2,19,2024,67.98,99,50
432035,SENTINELA DO SUL,RS,89.33,2025,90.17,2025_S2,21,2023,73.96,92,46
260710,INGAZEIRA,PE,89.29,2026,95.0,2026_S2,22,2024,67.17,95,41
312540,FELÍCIO DOS SANTOS,MG,89.25,2025,89.83,2025_S2,11,2024,82.29,91,75
312920,HELIODORA,MG,89.14,2026,93.0,2026_S2,10,2022,76.4,93,59
280530,PIRAMBU,SE,89.14,2026,92.0,2026_S2,18,2025,65.98,92,47
410855,GODOY MOREIRA,PR,89.08,2025,89.17,2025_S1,8,2023,81.46,91,70
510455,ITAÚBA,MT,89.0,2026,91.0,2026_S2,9,2024,80.06,91,69
420990,LONTRAS,SC,88.83,2025,90.5,2025_S2,13,2026,79.4,92,64
210880,PIRAPEMAS,MA,88.67,2025,90.5,2025_S2,28,2024,79.54,93,61
421060,MASSARANDUBA,SC,88.42,2025,89.5,2025_S1,23,2024,75.56,93,59
430720,ERVAL GRANDE,RS,88.33,2025,90.17,2025_S2,7,2025,85.4,92,80
520235,ARENÓPOLIS,GO,88.29,2026,93.0,2026_S2,17,2024,79.06,93,62
412640,SERTANEJA,PR,88.25,2025,90.5,2025_S2,9,2024,83.85,93,76
421040,MARACAJÁ,SC,88.14,2026,88.67,2025_S2,23,2024,70.35,92,44
210430,GODOFREDO VIANA,MA,88.0,2026,97.0,2026_S2,19,2024,63.04,97,41
290755,CATURAMA,BA,88.0,2025,88.17,2025_S1,14,2024,80.4,90,65
220910,SANTA CRUZ DO PIAUÍ,PI,88.0,2026,97.0,2026_S2,24,2024,60.17,97,37
270870,SÃO MIGUEL DOS MILAGRES,AL,87.92,2024,93.0,2024_S1,45,2024,79.96,100,55
315415,REDUTO,MG,87.86,2026,97.0,2026_S2,20,2024,63.25,97,44
350535,BARRA DO CHAPÉU,SP,87.75,2025,90.17,2025_S1,17,2024,76.94,93,62
432040,SERAFINA CORRÊA,RS,87.67,2025,91.83,2025_S2,19,2024,75.75,95,59
350260,APARECIDA DOESTE,SP,87.58,2024,90.67,2024_S2,35,2025,83.85,95,59
150100,AVEIRO,PA,87.57,2026,102.0,2026_S2,23,2026,65.75,102,44
241110,RUY BARBOSA,RN,87.43,2026,87.5,2026_S1,20,2024,64.04,91,40
410790,FLORESTA,PR,87.43,2026,96.0,2026_S2,20,2023,61.12,96,33
241050,RAFAEL FERNANDES,RN,87.33,2025,88.0,2026_S1,11,2023,80.98,90,68
172110,TOCANTÍNIA,TO,87.29,2026,90.0,2026_S2,22,2024,73.75,92,52
312680,FREI GASPAR,MG,87.29,2026,87.5,2026_S1,25,2025,64.85,92,45
312247,DOM BOSCO,MG,87.14,2026,88.0,2026_S2,10,2024,74.35,89,61
221005,SÃO JOSÉ DO DIVINO,PI,87.14,2026,101.0,2026_S2,20,2026,63.48,101,38
411380,LUPIONÓPOLIS,PR,87.14,2026,87.17,2026_S1,13,2025,68.19,89,52
410715,DIAMANTE DOESTE,PR,87.08,2025,89.33,2025_S1,10,2023,83.35,91,75
411530,MARIÓPOLIS,PR,87.0,2026,88.17,2025_S2,6,2023,84.1,90,79
240240,CARNAÚBA DOS DANTAS,RN,86.83,2025,87.83,2025_S2,15,2024,72.81,89,53
353750,PEREIRAS,SP,86.71,2026,90.0,2026_S2,18,2023,67.81,91,45
260805,JATOBÁ,PE,86.71,2026,92.0,2026_S2,88,2022,63.06,115,25
110100,GOVERNADOR JORGE TEIXEIRA,RO,86.57,2026,93.0,2026_S2,19,2025,61.12,93,34
431230,MIRAGUAÍ,RS,86.43,2026,88.83,2025_S2,17,2025,84.67,92,75
110050,NOVO HORIZONTE DO OESTE,RO,86.33,2024,86.83,2025_S1,7,2025,83.56,88,77
171875,RIO SONO,TO,86.25,2025,86.83,2025_S1,14,2023,77.02,88,61
241360,SEVERIANO MELO,RN,86.25,2025,90.0,2026_S2,27,2024,73.58,90,50
330450,RIO DAS FLORES,RJ,86.14,2026,90.0,2026_S2,19,2023,76.33,90,54
412210,RIO BOM,PR,86.08,2025,86.5,2025_S2,15,2026,79.44,88,67
412520,SÃO JORGE DOESTE,PR,85.86,2026,87.0,2026_S2,11,2025,73.23,89,58
421420,QUILOMBO,SC,85.8,2022,86.67,2025_S1,8,2025,84.85,89,80
430990,IBIRAIARAS,RS,85.75,2025,88.17,2024_S2,14,2026,80.88,90,67
291870,LAFAIETE COUTINHO,BA,85.71,2026,92.0,2026_S2,20,2024,62.65,92,34
250355,CACIMBAS,PB,85.71,2026,91.0,2026_S2,18,2025,55.27,91,26
352020,IGARATÁ,SP,85.67,2025,86.5,2025_S1,13,2024,78.69,88,66
420020,AGROLÂNDIA,SC,85.58,2024,87.17,2024_S2,11,2026,80.27,89,70
520850,GOIANDIRA,GO,85.57,2026,86.17,2026_S1,13,2024,74.1,89,60
250560,DIAMANTE,PB,85.57,2026,87.0,2026_S2,43,2024,60.77,88,33
522050,SERRANÓPOLIS,GO,85.57,2026,89.0,2026_S2,12,2025,74.44,89,64
500025,ALCINÓPOLIS,MS,85.5,2025,87.0,2025_S2,9,2023,79.06,89,68
310390,ARAÚJOS,MG,85.43,2026,93.0,2026_S2,16,2026,74.02,93,64
355385,TAQUARIVAÍ,SP,85.42,2025,86.83,2025_S1,12,2024,75.77,89,60
170130,ARAGOMINAS,TO,85.29,2026,94.0,2026_S2,18,2024,59.54,94,38
430045,ALEGRIA,RS,85.29,2026,87.0,2026_S2,15,2023,77.75,87,61
431515,PROGRESSO,RS,85.17,2025,85.83,2025_S2,11,2023,79.52,87,70
320200,DORES DO RIO PRETO,ES,85.14,2026,86.0,2026_S2,16,2024,69.17,87,50
250980,MULUNGU,PB,85.14,2026,89.0,2026_S2,13,2024,76.77,92,63
220987,SÃO JOÃO DA FRONTEIRA,PI,85.14,2026,99.0,2026_S2,23,2026,55.04,99,28
240895,RIO DO FOGO,RN,85.08,2025,86.0,2026_S2,19,2023,71.5,87,47
352150,IRAPUÃ,SP,85.08,2025,86.0,2026_S2,10,2024,79.56,89,67
351810,GUARANTÃ,SP,85.0,2024,85.83,2024_S2,7,2023,82.15,87,76
292410,PEDRÃO,BA,85.0,2025,87.5,2025_S2,8,2023,78.75,89,67
171665,PEQUIZEIRO,TO,84.92,2025,87.5,2025_S2,12,2024,71.42,91,55
521350,MONTE ALEGRE DE GOIÁS,GO,84.8,2022,84.8,2022_S2,15,2023,77.38,86,68
251275,RIACHÃO DO BACAMARTE,PB,84.71,2026,92.0,2026_S2,27,2025,47.04,92,19
240140,BAÍA FORMOSA,RN,84.71,2026,88.0,2026_S2,11,2024,73.23,88,56
211190,SUCUPIRA DO NORTE,MA,84.67,2025,86.83,2025_S2,10,2024,74.77,89,64
520396,BURITINÓPOLIS,GO,84.67,2025,86.0,2025_S2,23,2024,70.79,89,54
420490,DESCANSO,SC,84.58,2025,85.0,2025_S1,8,2024,78.88,87,73
250170,BARRA DE SÃO MIGUEL,PB,84.57,2026,87.33,2025_S2,11,2025,73.04,88,55
220555,LAGOA ALEGRE,PI,84.43,2026,85.67,2025_S2,24,2024,63.15,87,35
352070,INDIAPORÃ,SP,84.43,2026,88.0,2026_S2,16,2025,77.96,88,67
351920,IACRI,SP,84.33,2025,85.0,2025_S2,14,2024,75.92,88,58
312015,CRISÓLITA,MG,84.25,2025,86.33,2025_S2,16,2024,72.81,90,59
411240,JAPURÁ,PR,84.17,2025,84.67,2025_S2,11,2024,76.67,88,69
430330,CAIBATÉ,RS,84.08,2024,84.17,2024_S2,12,2023,77.96,86,72
110003,CABIXI,RO,84.0,2026,86.0,2026_S2,15,2024,72.96,86,60
315300,PRATINHA,MG,84.0,2026,86.33,2023_S2,17,2024,80.79,88,71
240280,CORONEL EZEQUIEL,RN,84.0,2026,88.0,2026_S2,19,2024,71.29,88,53
220253,CARAÚBAS DO PIAUÍ,PI,83.92,2025,86.0,2026_S2,22,2024,66.04,87,43
310850,BOTUMIRIM,MG,83.92,2025,85.0,2025_S2,12,2023,75.27,87,61
520753,FAINA,GO,83.86,2026,87.0,2026_S2,11,2025,69.62,87,56
510624,NOVA UBIRATÃ,MT,83.86,2026,87.0,2026_S2,14,2023,64.52,90,44
220455,GUARIBAS,PI,83.75,2025,83.83,2025_S2,22,2024,68.9,87,49
170830,GOIANORTE,TO,83.67,2024,84.5,2024_S2,10,2023,78.02,87,69
353160,MONTE CASTELO,SP,83.6,2022,85.67,2024_S1,21,2024,75.58,89,60
313410,ITUETA,MG,83.57,2026,87.0,2026_S2,23,2023,75.83,88,59
520915,GOUVELÂNDIA,GO,83.57,2026,90.0,2026_S2,11,2025,71.65,90,62
315360,PRUDENTE DE MORAIS,MG,83.57,2026,84.0,2026_S1,14,2024,68.44,87,46
251110,PEDRA LAVRADA,PB,83.43,2026,83.67,2026_S1,21,2024,63.6,86,42
355390,TARABAI,SP,83.33,2025,83.33,2024_S2,19,2024,73.04,88,53
220920,SANTA FILOMENA,PI,83.33,2025,83.83,2025_S2,33,2024,64.02,86,40
412575,SÃO PEDRO DO IGUAÇU,PR,83.33,2025,85.33,2025_S2,9,2025,76.06,88,66
221020,SÃO JOSÉ DO PIAUÍ,PI,83.29,2026,86.0,2026_S2,23,2024,60.75,86,34
351980,ICÉM,SP,83.14,2026,86.0,2026_S2,36,2025,76.12,87,51
510343,CURVELÂNDIA,MT,83.14,2026,85.0,2026_S2,20,2024,64.04,85,44
220245,CAPITÃO GERVÁSIO OLIVEIRA,PI,83.08,2025,87.83,2025_S1,21,2023,68.35,95,33
280200,DIVINA PASTORA,SE,83.0,2026,84.0,2026_S2,16,2024,61.35,86,33
421225,PASSO DE TORRES,SC,83.0,2026,90.0,2026_S2,15,2025,67.85,90,46
251320,SANTA CRUZ,PB,83.0,2026,85.0,2026_S2,12,2025,70.27,85,59
312260,DOM JOAQUIM,MG,82.92,2025,83.17,2025_S1,8,2025,77.31,86,67
312180,DIONÍSIO,MG,82.86,2026,86.0,2026_S2,9,2025,71.35,86,62
353770,PIACATU,SP,82.86,2026,84.17,2025_S2,11,2024,72.46,87,61
251040,OLHO DÁGUA,PB,82.86,2026,83.0,2026_S2,16,2023,68.15,85,41
220010,AGRICOLÂNDIA,PI,82.75,2025,83.5,2025_S2,13,2023,75.98,86,63
352630,LAGOINHA,SP,82.71,2026,83.0,2024_S2,8,2024,78.94,86,70
250390,CAMALAÚ,PB,82.71,2026,84.0,2026_S2,18,2025,59.98,86,36
240850,OURO BRANCO,RN,82.67,2024,84.5,2024_S2,7,2024,79.31,86,70
412862,ALTO PARAÍSO,PR,82.67,2025,83.5,2025_S2,18,2024,68.77,85,50
311870,COQUEIRAL,MG,82.58,2025,84.67,2025_S2,10,2023,76.29,86,62
220191,BOM PRINCÍPIO DO PIAUÍ,PI,82.57,2026,87.0,2026_S2,28,2024,55.54,88,30
430050,ALPESTRE,RS,82.42,2025,84.67,2025_S1,8,2025,78.62,86,71
430620,CRUZEIRO DO SUL,RS,82.33,2025,84.0,2024_S2,10,2024,77.48,86,67
317115,VERMELHO NOVO,MG,82.29,2026,82.33,2026_S1,21,2023,62.29,85,39
170190,ARAGUACEMA,TO,82.25,2025,83.67,2025_S2,13,2024,72.06,85,58
430380,CAMPINAS DO SUL,RS,82.17,2024,82.67,2024_S2,11,2026,78.98,85,69
171430,NAZARÉ,TO,82.17,2025,82.33,2025_S2,16,2023,72.02,87,57
220300,CRISTALÂNDIA DO PIAUÍ,PI,82.14,2026,85.0,2026_S2,26,2024,61.19,86,38
430175,BARÃO DO TRIUNFO,RS,82.14,2026,82.17,2026_S1,10,2023,75.88,84,61
316060,SANTO HIPÓLITO,MG,82.08,2024,83.33,2024_S2,14,2025,76.98,84,67
170110,APARECIDA DO RIO NEGRO,TO,82.08,2025,82.83,2025_S2,10,2024,76.29,86,68
316300,SÃO JOSÉ DA SAFIRA,MG,82.0,2026,83.0,2026_S2,23,2024,50.98,83,9
210955,RIBAMAR FIQUENE,MA,82.0,2026,88.0,2026_S2,18,2023,72.35,88,54
251207,POÇO DE JOSÉ DE MOURA,PB,81.92,2025,82.83,2025_S2,7,2026,77.21,84,70
171780,PONTE ALTA DO BOM JESUS,TO,81.92,2025,83.67,2025_S2,10,2024,72.08,85,58
316390,SÃO PEDRO DA UNIÃO,MG,81.83,2024,83.67,2024_S2,7,2024,79.44,85,73
432067,SINIMBU,RS,81.83,2024,83.83,2024_S2,11,2024,78.94,86,74
220205,CABECEIRAS DO PIAUÍ,PI,81.83,2025,83.67,2025_S2,14,2024,71.46,85,54
430003,ACEGUÁ,RS,81.71,2026,85.0,2026_S2,13,2025,69.56,85,52
171750,PIUM,TO,81.71,2026,85.0,2026_S2,13,2023,68.23,87,47
260740,ITACURUBA,PE,81.67,2025,82.0,2025_S1,15,2024,73.21,85,62
172049,SÃO VALÉRIO,TO,81.57,2026,85.0,2026_S2,15,2024,69.73,86,51
353230,NATIVIDADE DA SERRA,SP,81.43,2026,86.0,2026_S2,11,2023,77.56,86,66
431580,ROCA SALES,RS,81.42,2025,82.0,2025_S2,17,2024,71.19,85,55
171070,ITAGUATINS,TO,81.42,2025,81.5,2025_S2,19,2024,68.23,84,48
241255,SÃO MIGUEL DO GOSTOSO,RN,81.33,2025,81.67,2026_S1,17,2023,71.5,85,51
210407,FEIRA NOVA DO MARANHÃO,MA,81.25,2025,82.0,2025_S2,12,2024,71.44,85,57
270390,JUNDIÁ,AL,81.2,2022,81.2,2022_S2,10,2025,76.25,83,64
421150,NOVA TRENTO,SC,81.17,2025,81.33,2025_S2,11,2024,73.58,86,63
170740,ESPERANTINA,TO,81.17,2025,82.33,2025_S2,14,2024,73.12,85,57
310440,ARGIRITA,MG,81.14,2026,81.17,2025_S2,14,2024,67.9,82,46
220680,NOSSA SENHORA DOS REMÉDIOS,PI,81.14,2026,85.0,2026_S2,14,2023,67.94,85,49
140040,NORMANDIA,RR,81.08,2025,81.83,2025_S2,16,2024,68.67,85,46
412290,SALTO DO ITARARÉ,PR,81.0,2026,82.33,2025_S2,12,2024,68.81,85,54
310163,ALFREDO VASCONCELOS,MG,81.0,2026,83.0,2026_S2,11,2024,70.23,83,55
351460,DUMONT,SP,81.0,2026,86.0,2026_S2,14,2026,68.52,87,59
241210,SÃO JOÃO DO SABUGI,RN,81.0,2026,81.5,2025_S2,11,2025,70.69,84,60
314625,PADRE CARVALHO,MG,80.92,2025,83.0,2026_S2,6,2026,79.17,83,75
315840,SANTANA DE CATAGUASES,MG,80.92,2025,83.0,2026_S2,13,2024,71.06,84,53
210592,LAGOA DO MATO,MA,80.86,2026,86.0,2026_S2,20,2024,59.75,86,41
421810,TIMBÉ DO SUL,SC,80.75,2025,82.0,2025_S1,17,2024,69.58,84,54
500350,DOURADINA,MS,80.71,2026,85.0,2026_S2,18,2024,61.19,86,48
310500,BALDIM,MG,80.57,2026,82.0,2026_S2,13,2023,70.48,82,53
270780,ROTEIRO,AL,80.57,2026,80.83,2025_S2,22,2025,59.35,83,39
250270,BORBOREMA,PB,80.57,2026,83.0,2026_S2,14,2024,69.71,83,55
314840,PAULISTAS,MG,80.57,2026,83.0,2026_S2,10,2023,67.35,83,48
522190,VARJÃO,GO,80.43,2026,87.0,2026_S2,18,2024,62.48,87,40
315880,SANTANA DO JACARÉ,MG,80.29,2026,83.0,2026_S2,8,2024,73.0,83,63
500280,CARACOL,MS,80.29,2026,81.17,2025_S2,10,2023,77.65,83,68
410865,GOIOXIM,PR,80.14,2026,83.0,2026_S2,9,2024,73.9,83,65
110007,CORUMBIARA,RO,80.08,2025,81.33,2025_S2,12,2024,71.12,84,61
421200,PALMA SOLA,SC,80.0,2026,82.0,2026_S2,8,2023,74.08,83,65
432195,TRINDADE DO SUL,RS,79.92,2024,81.0,2025_S2,11,2025,77.94,83,72
220265,CAXINGÓ,PI,79.86,2026,83.0,2026_S2,33,2024,43.08,87,6
290440,BREJOLÂNDIA,BA,79.86,2026,80.0,2026_S2,29,2023,72.42,82,49
412880,XAMBRÊ,PR,79.86,2026,82.0,2026_S2,10,2025,72.04,82,65
315440,RESSAQUINHA,MG,79.71,2026,80.17,2025_S2,13,2023,73.12,82,62
293075,SÍTIO DO MATO,BA,79.71,2026,83.0,2026_S2,8,2024,75.29,83,67
315040,PIEDADE DOS GERAIS,MG,79.71,2026,82.0,2026_S2,13,2024,65.88,82,49
280690,SÃO FRANCISCO,SE,79.58,2025,79.83,2025_S2,8,2023,74.02,83,66
240530,BOA SAÚDE,RN,79.58,2025,81.67,2025_S2,13,2024,67.42,83,50
220670,NAZARÉ DO PIAUÍ,PI,79.43,2026,83.0,2026_S2,28,2024,69.67,88,54
520980,HIDROLINA,GO,79.17,2025,79.33,2025_S1,9,2023,72.23,80,63
315940,SANTA RITA DE IBITIPOCA,MG,79.17,2024,81.5,2025_S1,10,2025,76.02,82,67
251170,PILÕEZINHOS,PB,79.17,2025,79.33,2025_S1,10,2024,75.21,83,70
351190,CLEMENTINA,SP,79.08,2024,80.67,2024_S2,13,2023,72.08,82,56
110070,CAMPO NOVO DE RONDÔNIA,RO,79.0,2023,93.0,2024_S1,61,2024,59.19,103,27
431860,SÃO JOSÉ DO OURO,RS,78.92,2025,79.5,2024_S1,7,2026,77.52,80,71
355320,TAIÚVA,SP,78.92,2025,80.5,2025_S2,14,2024,68.65,83,49
317030,UMBURATIBA,MG,78.86,2026,79.0,2026_S2,13,2025,60.23,82,42
354105,PRATÂNIA,SP,78.86,2026,81.0,2026_S2,34,2025,63.73,81,47
510618,NOVA LACERDA,MT,78.83,2024,81.5,2024_S2,60,2025,63.33,84,14
170560,CONCEIÇÃO DO TOCANTINS,TO,78.75,2025,82.83,2025_S2,13,2025,76.5,85,70
311115,CAMPO AZUL,MG,78.67,2025,81.67,2025_S2,11,2025,69.81,84,56
220180,BOCAINA,PI,78.58,2025,79.33,2025_S2,7,2023,71.35,81,61
431210,MATA,RS,78.57,2026,78.67,2026_S1,8,2023,72.56,80,62
313810,LASSANCE,MG,78.43,2026,81.0,2026_S2,12,2023,65.35,81,50
320290,ITARANA,ES,78.42,2025,82.0,2025_S2,12,2025,66.38,83,50
314440,NATÉRCIA,MG,78.42,2025,78.67,2025_S2,11,2023,72.06,80,60
150410,MAGALHÃES BARATA,PA,78.33,2025,78.67,2025_S2,7,2023,73.27,81,64
350055,ÁGUAS DE SANTA BÁRBARA,SP,78.33,2025,79.33,2025_S1,13,2024,70.83,81,56
150775,SAPUCAIA,PA,78.29,2026,78.67,2025_S2,11,2023,67.62,80,51
412395,SANTA MÔNICA,PR,78.25,2025,79.0,2025_S2,17,2024,67.85,80,53
351420,DOLCINÓPOLIS,SP,78.25,2025,80.67,2025_S2,14,2024,68.54,82,51
240630,LAGOA DE PEDRAS,RN,78.14,2026,87.0,2026_S2,20,2025,54.65,87,31
313260,ITAMARATI DE MINAS,MG,78.0,2026,81.0,2026_S2,12,2023,64.85,81,43
430150,AUGUSTO PESTANA,RS,77.92,2025,78.67,2025_S2,7,2022,75.08,80,65
314467,NOVA BELÉM,MG,77.83,2025,78.0,2025_S1,9,2024,70.46,81,60
110180,VALE DO PARAÍSO,RO,77.83,2024,79.67,2025_S1,10,2023,73.31,80,64
351130,CEDRAL,SP,77.75,2025,78.83,2025_S2,8,2024,70.71,81,62
421450,RIO DO CAMPO,SC,77.75,2025,78.0,2025_S1,10,2024,70.23,80,62
430970,HUMAITÁ,RS,77.58,2025,78.83,2025_S2,8,2026,75.0,80,70
520017,ÁGUA FRIA DE GOIÁS,GO,77.57,2026,82.0,2026_S2,19,2024,67.44,82,52
310530,BANDEIRA DO SUL,MG,77.29,2026,84.0,2026_S2,10,2025,65.98,84,46
292225,MUQUÉM DO SÃO FRANCISCO,BA,77.29,2026,81.0,2026_S2,11,2023,63.83,81,40
251590,SERRARIA,PB,77.17,2024,78.83,2024_S2,11,2026,74.23,79,61
353370,OCAUÇU,SP,77.17,2025,77.67,2025_S2,10,2024,69.54,80,60
220255,CARIDADE DO PIAUÍ,PI,77.14,2026,81.0,2026_S2,13,2023,59.73,81,37
110060,CACAULÂNDIA,RO,77.14,2026,85.0,2026_S2,15,2023,56.67,85,37
411605,MISSAL,PR,77.14,2026,77.17,2026_S1,7,2026,71.12,81,67
270350,JACUÍPE,AL,76.86,2026,77.0,2026_S2,22,2025,57.21,79,45
250053,ALCANTIL,PB,76.86,2026,77.67,2025_S2,9,2024,65.46,79,47
315810,SANTA MARIA DO SALTO,MG,76.86,2026,84.0,2026_S2,17,2025,52.69,84,35
221093,SUSSUAPARA,PI,76.86,2026,84.0,2026_S2,17,2023,55.56,84,30
315090,PIRANGUÇU,MG,76.83,2025,79.17,2025_S1,13,2024,69.88,81,57
312240,DIVISA NOVA,MG,76.83,2025,80.0,2026_S2,12,2023,72.4,81,57
316080,SÃO BENTO ABADE,MG,76.71,2026,81.0,2026_S2,10,2026,70.71,81,61
430340,CAIÇARA,RS,76.58,2025,77.5,2025_S1,14,2024,68.27,79,52
353830,PIQUEROBI,SP,76.58,2025,76.83,2025_S2,12,2023,70.02,78,54
251445,SÃO JOSÉ DOS RAMOS,PB,76.43,2026,81.0,2026_S2,10,2024,67.71,81,57
420417,CERRO NEGRO,SC,76.29,2026,78.0,2026_S2,14,2024,64.1,78,43
411290,JUNDIAÍ DO SUL,PR,76.25,2025,78.0,2026_S2,17,2024,65.27,79,52
354040,POPULINA,SP,76.17,2023,76.83,2023_S2,35,2024,69.21,77,42
355310,TAIAÇU,SP,76.14,2026,81.0,2026_S2,10,2026,70.12,81,62
316160,SÃO GERALDO DA PIEDADE,MG,76.08,2025,80.0,2026_S2,14,2023,67.94,80,52
410335,BRAGANEY,PR,76.08,2025,76.67,2025_S2,9,2024,67.71,81,54
313868,LUISLÂNDIA,MG,76.0,2026,78.0,2026_S2,15,2024,53.81,79,31
412860,VERÊ,PR,76.0,2025,76.0,2025_S1,6,2023,71.6,79,63
521971,SANTO ANTÔNIO DA BARRA,GO,76.0,2026,78.0,2026_S2,7,2025,65.77,78,57
412545,SÃO JOSÉ DAS PALMEIRAS,PR,75.92,2025,76.33,2025_S2,12,2026,68.52,78,53
316590,SENADOR MODESTINO GONÇALVES,MG,75.92,2023,76.0,2023_S1,7,2026,72.02,77,61
352950,MENDONÇA,SP,75.92,2025,76.83,2026_S1,23,2026,69.92,78,53
431402,PARAÍSO DO SUL,RS,75.71,2026,78.0,2026_S2,10,2023,72.27,78,66
412035,PRANCHITA,PR,75.71,2026,81.0,2026_S2,21,2024,59.08,81,43
220667,MORRO DO CHAPÉU DO PIAUÍ,PI,75.71,2026,82.0,2026_S2,20,2025,44.65,82,17
310700,BIQUINHAS,MG,75.57,2026,75.67,2026_S1,33,2025,47.35,78,34
521565,PALESTINA DE GOIÁS,GO,75.57,2026,78.0,2026_S2,10,2025,62.88,78,48
313835,LEME DO PRADO,MG,75.5,2025,80.0,2026_S2,15,2026,67.19,80,53
313640,JOAQUIM FELÍCIO,MG,75.5,2025,77.17,2025_S1,7,2025,72.98,78,68
422000,BALNEÁRIO RINCÃO,SC,75.43,2026,84.0,2026_S2,29,2024,37.23,84,3
351680,GASTÃO VIDIGAL,SP,75.42,2024,78.33,2024_S2,15,2025,69.23,81,57
210923,PRESIDENTE MÉDICI,MA,75.29,2026,77.67,2025_S2,7,2025,70.21,78,62
312083,CUPARAQUE,MG,75.29,2026,76.0,2026_S2,18,2025,63.94,77,45
291020,DOM MACEDO COSTA,BA,75.25,2025,75.33,2025_S1,4,2023,72.96,76,68
150549,PALESTINA DO PARÁ,PA,75.17,2024,75.5,2024_S2,29,2024,64.71,86,53
420440,CORONEL FREITAS,SC,75.14,2026,76.0,2026_S2,10,2025,69.81,76,64
210975,SANTA FILOMENA DO MARANHÃO,MA,75.0,2022,75.0,2022_S2,5,2023,71.48,76,67
250260,IGARACY,PB,75.0,2026,79.0,2026_S2,14,2024,59.85,79,37
317110,VERÍSSIMO,MG,74.86,2026,76.0,2026_S2,15,2025,55.27,80,41
310550,BARÃO DE MONTE ALTO,MG,74.86,2026,78.83,2025_S2,14,2023,65.96,83,46
354700,SANTA MARIA DA SERRA,SP,74.86,2026,78.0,2026_S2,13,2024,65.19,78,54
510880,NOVA GUARITA,MT,74.86,2026,78.0,2026_S2,10,2025,65.19,78,51
420040,ÁGUA DOCE,SC,74.75,2023,75.5,2023_S2,6,2025,70.98,78,59
315760,SANTA FÉ DE MINAS,MG,74.71,2026,79.0,2026_S2,17,2024,53.77,79,33
220560,LANDRI SALES,PI,74.67,2025,79.0,2026_S2,12,2024,65.71,79,51
291260,IBIQUERA,BA,74.57,2026,75.0,2026_S2,7,2023,64.9,77,53
250810,LAGOA,PB,74.57,2026,77.0,2026_S2,7,2024,67.56,77,59
432253,VALE DO SOL,RS,74.57,2026,75.17,2025_S2,11,2024,66.23,77,53
270060,BARRA DE SÃO MIGUEL,AL,74.57,2026,81.0,2026_S2,18,2024,56.75,81,39
313070,INDIANÓPOLIS,MG,74.57,2026,78.0,2026_S2,8,2026,69.79,78,65
251272,PEDRO RÉGIS,PB,74.43,2026,76.33,2025_S2,14,2025,65.12,80,53
220730,PAES LANDIM,PI,74.43,2026,78.0,2026_S2,26,2024,53.27,78,20
270360,JAPARATINGA,AL,74.43,2026,76.0,2026_S2,17,2023,59.27,77,39
432147,TIRADENTES DO SUL,RS,74.42,2025,75.0,2026_S2,10,2024,68.75,77,55
430360,CAMBARÁ DO SUL,RS,74.42,2025,75.83,2025_S1,18,2023,65.33,77,46
220480,IPIRANGA DO PIAUÍ,PI,74.25,2025,75.83,2025_S1,12,2024,67.31,77,60
520552,COLINAS DO SUL,GO,74.14,2026,76.0,2026_S2,21,2023,54.65,76,28
313430,ITUMIRIM,MG,74.08,2025,76.33,2025_S2,10,2024,67.12,78,60
250780,JUNCO DO SERIDÓ,PB,74.0,2025,74.0,2025_S1,11,2023,64.92,76,47
310870,BRÁS PIRES,MG,74.0,2025,74.17,2024_S2,11,2024,65.83,77,48
410895,GUAMIRANGA,PR,74.0,2025,76.17,2025_S2,11,2025,67.85,80,58
522119,TEREZÓPOLIS DE GOIÁS,GO,73.92,2025,74.67,2025_S2,24,2024,57.48,76,33
351885,GUATAPARÁ,SP,73.83,2024,75.83,2024_S2,14,2026,66.38,79,52
432185,TRÊS PALMEIRAS,RS,73.83,2025,76.17,2025_S2,9,2026,70.04,77,64
261210,SALGADINHO,PE,73.71,2026,76.0,2026_S2,17,2024,54.81,76,33
412450,SANTO INÁCIO,PR,73.71,2026,75.83,2025_S2,10,2025,65.73,77,56
315100,PIRANGUINHO,MG,73.71,2026,74.0,2026_S2,14,2023,61.83,75,42
353960,PLANALTO,SP,73.71,2026,75.67,2025_S2,8,2025,69.23,77,61
500480,JAPORÃ,MS,73.58,2024,76.67,2024_S1,24,2024,68.65,86,56
430740,ESMERALDA,RS,73.57,2026,76.0,2026_S2,11,2023,63.52,76,48
251490,SÃO MAMEDE,PB,73.57,2026,75.0,2026_S2,9,2024,67.58,75,60
241300,SÃO VICENTE,RN,73.43,2026,74.0,2026_S2,8,2024,63.94,75,56
431930,SÃO PAULO DAS MISSÕES,RS,73.29,2026,78.0,2026_S2,12,2023,68.5,78,59
411310,KALORÉ,PR,73.17,2025,73.5,2025_S2,7,2026,70.52,75,65
317075,VARJÃO DE MINAS,MG,73.08,2025,73.17,2025_S2,12,2023,65.98,75,53
241370,SÍTIO NOVO,RN,73.08,2025,73.83,2025_S1,9,2023,65.02,75,50
353410,ORIENTE,SP,73.08,2025,73.33,2024_S1,10,2023,70.33,75,62
261510,TEREZINHA,PE,73.0,2026,78.0,2026_S2,16,2024,53.12,78,34
420620,GRAVATAL,SC,73.0,2024,74.0,2024_S2,14,2023,67.75,77,56
312630,FORTALEZA DE MINAS,MG,72.92,2025,74.0,2025_S2,9,2024,67.08,75,55
421740,SCHROEDER,SC,72.92,2025,75.17,2025_S2,13,2023,60.56,76,42
510337,COTRIGUAÇU,MT,72.86,2026,74.0,2026_S2,13,2024,56.06,75,41
250937,MATO GROSSO,PB,72.86,2026,76.0,2026_S2,33,2025,39.98,76,16
221135,VÁRZEA BRANCA,PI,72.71,2026,72.83,2026_S1,17,2024,49.02,75,29
354790,SANTO ANTÔNIO DA ALEGRIA,SP,72.58,2025,73.17,2025_S2,11,2024,62.67,75,50
241350,SERRINHA,RN,72.57,2026,75.0,2026_S2,9,2025,62.9,75,52
312070,CRUZEIRO DA FORTALEZA,MG,72.43,2026,75.0,2026_S2,10,2024,63.92,77,51
314545,OLHOS-DÁGUA,MG,72.43,2026,73.0,2026_S2,15,2024,59.92,74,42
431415,PAVERAMA,RS,72.43,2026,74.0,2026_S2,11,2023,65.88,75,49
510619,NOVA SANTA HELENA,MT,72.43,2026,73.0,2026_S2,9,2025,62.81,75,56
354200,QUINTANA,SP,72.42,2025,75.0,2026_S2,8,2024,66.44,75,56
520090,AMORINÓPOLIS,GO,72.33,2025,73.67,2025_S1,8,2023,67.38,75,59
250407,CARAÚBAS,PB,72.17,2025,74.0,2025_S2,8,2025,63.94,75,55
250840,LASTRO,PB,72.17,2025,73.33,2025_S2,11,2024,62.04,74,48
521990,SÃO FRANCISCO DE GOIÁS,GO,72.14,2026,73.67,2025_S2,16,2023,67.38,75,54
412400,SANTANA DO ITARARÉ,PR,72.0,2024,76.83,2024_S1,19,2024,67.81,79,60
410740,ENÉAS MARQUES,PR,72.0,2026,73.17,2025_S2,8,2022,66.29,76,58
310760,BOM JESUS DA PENHA,MG,72.0,2026,72.0,2026_S1,12,2023,64.5,74,51
220275,COLÔNIA DO GURGUÉIA,PI,72.0,2026,78.0,2026_S2,10,2025,64.75,78,53
313867,LUISBURGO,MG,71.86,2026,72.17,2026_S1,9,2024,62.77,74,47
315520,RIO ESPERA,MG,71.83,2025,72.0,2025_S2,6,2024,68.62,74,63
171510,NOVO ACORDO,TO,71.83,2025,72.0,2025_S1,11,2024,62.0,74,48
330095,COMENDADOR LEVY GASPARIAN,RJ,71.71,2026,79.0,2026_S2,22,2024,56.85,79,37
220465,ILHA GRANDE,PI,71.71,2026,75.0,2026_S2,17,2024,59.38,75,41
241080,RIACHO DE SANTANA,RN,71.71,2026,73.0,2026_S2,11,2024,64.02,74,53
521030,ISRAELÂNDIA,GO,71.67,2025,73.5,2024_S2,18,2023,64.62,75,41
510035,ALTO BOA VISTA,MT,71.58,2025,73.0,2025_S1,7,2025,70.02,74,65
352060,INDIANA,SP,71.57,2026,74.0,2026_S2,7,2026,66.67,74,60
314030,MARLIÉRIA,MG,71.57,2026,75.0,2026_S2,12,2024,53.44,76,37
520455,CALDAZINHA,GO,71.29,2026,76.0,2026_S2,16,2024,55.67,77,34
240490,ITAÚ,RN,71.29,2026,76.0,2026_S2,21,2024,65.69,77,54
411550,MARUMBI,PR,71.25,2024,74.0,2024_S2,8,2024,67.88,75,57
411342,LIDIANÓPOLIS,PR,71.25,2025,73.17,2025_S1,14,2024,61.17,75,44
412460,SÃO CARLOS DO IVAÍ,PR,71.17,2025,77.83,2025_S1,34,2025,60.88,80,33
412270,SABÁUDIA,PR,71.17,2025,74.67,2024_S2,29,2025,61.98,77,39
314537,NOVORIZONTE,MG,71.14,2026,72.0,2026_S2,14,2024,57.6,74,41
351720,GUAIÇARA,SP,71.08,2023,72.33,2023_S2,30,2024,59.1,77,42
315610,RITÁPOLIS,MG,71.0,2026,72.0,2026_S2,9,2024,59.06,73,46
410785,FLOR DA SERRA DO SUL,PR,71.0,2026,72.0,2026_S2,9,2025,59.23,73,43
421230,PAULO LOPES,SC,71.0,2026,76.0,2026_S2,15,2023,63.06,76,45
110175,VALE DO ANARI,RO,71.0,2025,76.0,2026_S2,12,2024,64.27,76,51
421895,URUPEMA,SC,71.0,2026,78.0,2026_S2,14,2024,55.4,78,38
211178,SERRANO DO MARANHÃO,MA,70.83,2024,76.83,2024_S1,43,2024,46.79,80,9
291590,ITANAGRA,BA,70.83,2025,74.5,2025_S2,15,2025,64.52,77,47
240840,OLHO DÁGUA DO BORGES,RN,70.75,2023,76.83,2024_S1,30,2024,63.67,78,48
411345,LINDOESTE,PR,70.71,2026,71.0,2026_S2,12,2024,59.35,72,46
314770,PASSA TEMPO,MG,70.58,2025,71.0,2024_S2,7,2026,68.75,73,61
420450,CORUPÁ,SC,70.58,2025,71.5,2025_S1,13,2023,61.27,76,42
310220,ALVARENGA,MG,70.57,2026,73.0,2026_S2,15,2025,53.27,73,38
292070,MARAÚ,BA,70.57,2026,77.0,2026_S2,18,2023,48.1,77,26
412280,SALGADO FILHO,PR,70.5,2025,71.33,2025_S1,6,2026,66.29,72,60
312580,FERNANDES TOURINHO,MG,70.5,2025,74.5,2025_S2,12,2025,62.21,76,50
270080,BELÉM,AL,70.43,2026,74.0,2026_S2,16,2023,57.83,74,36
354270,RESTINGA,SP,70.42,2023,84.17,2024_S1,87,2024,50.81,87,0
410090,AMAPORÃ,PR,70.29,2026,70.33,2026_S1,11,2024,58.42,75,45
210462,GOVERNADOR LUIZ ROCHA,MA,70.25,2024,70.33,2024_S2,31,2024,60.6,83,48
430370,CAMPINA DAS MISSÕES,RS,70.17,2025,71.17,2025_S1,11,2024,62.02,72,52
520480,CAMPO ALEGRE DE GOIÁS,GO,70.14,2026,72.0,2026_S2,10,2025,56.92,73,46
171855,RIACHINHO,TO,70.14,2026,72.17,2025_S2,9,2023,62.73,74,51
410655,CORUMBATAÍ DO SUL,PR,70.0,2025,70.33,2024_S2,4,2023,68.4,72,64
431198,MARIANA PIMENTEL,RS,69.92,2025,70.5,2024_S2,13,2023,62.94,72,48
311547,CATUTI,MG,69.92,2025,71.67,2025_S2,13,2024,57.9,73,38
432135,TAVARES,RS,69.92,2025,71.17,2025_S1,10,2024,66.75,73,61
510310,COCALINHO,MT,69.86,2026,72.0,2026_S2,9,2025,61.96,72,54
352770,LUIZIÂNIA,SP,69.86,2026,72.0,2026_S2,8,2025,64.44,74,56
220277,COLÔNIA DO PIAUÍ,PI,69.71,2026,73.0,2026_S2,25,2024,45.92,73,19
210197,BOA VISTA DO GURUPI,MA,69.71,2026,74.0,2026_S2,11,2024,58.21,74,48
240680,LAJES PINTADAS,RN,69.5,2025,73.17,2025_S2,15,2025,57.06,75,41
431447,PINHAL GRANDE,RS,69.5,2025,71.0,2026_S2,6,2023,68.17,72,59
150276,CUMARU DO NORTE,PA,69.43,2026,73.0,2026_S2,15,2024,57.35,73,38
250625,GADO BRAVO,PB,69.43,2026,71.0,2026_S2,11,2023,63.02,73,52
500625,NOVO HORIZONTE DO SUL,MS,69.33,2024,69.67,2024_S2,7,2025,66.23,71,55
354480,SALES,SP,69.33,2024,70.5,2025_S1,28,2025,62.96,74,46
316447,SÃO SEBASTIÃO DO ANTA,MG,69.29,2026,73.0,2026_S2,13,2023,54.04,73,35
420425,COCAL DO SUL,SC,69.25,2025,69.5,2025_S1,14,2026,60.31,71,50
420125,APIÚNA,SC,69.25,2024,72.0,2024_S2,9,2024,66.0,73,60
420640,GUARACIABA,SC,69.17,2024,70.0,2025_S2,8,2023,66.83,71,58
220985,SÃO JOÃO DA CANABRAVA,PI,69.14,2026,71.0,2026_S2,9,2025,55.85,71,44
410965,HONÓRIO SERPA,PR,69.14,2026,70.83,2025_S2,11,2023,58.33,72,40
314875,PEDRA BONITA,MG,69.08,2024,75.67,2024_S1,27,2024,64.69,82,55
210663,MATÕES DO NORTE,MA,69.08,2023,74.0,2023_S2,58,2024,43.31,80,16
210237,CACHOEIRA GRANDE,MA,69.0,2026,69.33,2026_S1,26,2024,48.19,71,20
520055,ALTO HORIZONTE,GO,69.0,2026,69.0,2026_S1,12,2023,63.17,72,49
411860,PAULA FREITAS,PR,69.0,2026,69.0,2026_S1,14,2025,53.25,71,35
251400,SÃO JOÃO DO CARIRI,PB,68.57,2026,71.0,2026_S2,11,2025,55.35,71,39
211023,SANTANA DO MARANHÃO,MA,68.43,2026,68.83,2025_S2,17,2024,52.04,72,35
432026,SEGREDO,RS,68.43,2026,72.0,2026_S2,9,2023,61.9,72,52
315733,SANTA CRUZ DE MINAS,MG,68.33,2025,70.83,2025_S2,12,2026,59.42,72,49
352265,ITAPIRAPUÃ PAULISTA,SP,68.29,2026,70.0,2026_S2,13,2024,55.0,70,37
350430,AVAÍ,SP,68.14,2026,69.0,2026_S2,8,2023,60.5,70,48
430673,DOUTOR MAURÍCIO CARDOSO,RS,67.92,2024,69.5,2024_S2,12,2022,63.62,71,49
350820,BURITIZAL,SP,67.58,2024,70.0,2024_S2,33,2025,61.85,71,37
292975,SAUBARA,BA,67.58,2024,68.5,2024_S1,21,2024,45.85,71,19
520520,CATURAÍ,GO,67.57,2026,68.67,2025_S2,13,2024,56.23,73,37
510380,FIGUEIRÓPOLIS DOESTE,MT,67.57,2026,68.0,2026_S1,7,2024,63.96,71,58
311460,CARRANCAS,MG,67.5,2024,67.67,2024_S2,6,2023,64.58,68,57
420243,BOCAINA DO SUL,SC,67.43,2026,71.0,2026_S2,12,2024,50.25,72,34
521410,MUTUNÓPOLIS,GO,67.33,2025,69.33,2025_S2,7,2025,64.33,70,59
521810,PORTELÂNDIA,GO,67.33,2025,68.33,2025_S2,12,2024,60.21,70,52
521960,SANTA TEREZA DE GOIÁS,GO,67.33,2025,68.5,2025_S2,7,2025,61.0,71,53
431171,MAÇAMBARÁ,RS,67.29,2026,69.0,2026_S2,21,2026,51.35,73,40
241040,PUREZA,RN,67.14,2026,72.0,2026_S2,12,2025,51.1,72,33
520547,CHAPADÃO DO CÉU,GO,67.14,2026,70.0,2026_S2,11,2025,54.69,70,33
410610,CONSELHEIRO MAIRINCK,PR,67.08,2025,67.67,2025_S1,11,2024,59.27,70,45
210725,NOVA COLINAS,MA,67.0,2025,67.5,2025_S2,13,2026,60.73,71,49
311480,CARVALHOS,MG,67.0,2026,71.0,2026_S2,17,2024,51.04,71,27
510390,GENERAL CARNEIRO,MT,67.0,2026,68.83,2025_S2,15,2024,57.29,71,45
312738,GOIANÁ,MG,66.92,2025,70.0,2025_S1,15,2023,59.31,72,43
421545,SANGÃO,SC,66.75,2025,67.67,2025_S2,11,2023,62.71,69,53
241310,SENADOR ELÓI DE SOUZA,RN,66.71,2026,70.0,2026_S2,15,2025,49.81,70,33
250415,CASSERENGUE,PB,66.71,2026,68.0,2026_S2,14,2024,46.71,68,26
270270,FELIZ DESERTO,AL,66.58,2025,67.83,2025_S2,9,2024,59.0,69,49
220027,ALEGRETE DO PIAUÍ,PI,66.57,2026,68.0,2026_S2,13,2024,58.44,68,42
270370,JARAMATAIA,AL,66.57,2026,72.0,2026_S2,32,2024,60.52,73,41
350340,AREALVA,SP,66.5,2025,67.33,2025_S1,12,2024,59.94,68,49
410754,ESPIGÃO ALTO DO IGUAÇU,PR,66.43,2026,68.33,2025_S2,16,2023,50.69,72,27
220170,BERTOLÍNIA,PI,66.43,2026,75.0,2026_S2,15,2024,51.75,75,32
410730,DOUTOR CAMARGO,PR,66.33,2025,66.33,2025_S1,12,2024,56.73,67,43
351925,IARAS,SP,66.29,2026,73.0,2026_S2,11,2026,61.48,73,55
316045,SANTO ANTÔNIO DO RETIRO,MG,66.29,2026,71.0,2026_S2,9,2023,57.96,71,45
220970,SÃO FRANCISCO DO PIAUÍ,PI,66.25,2025,66.67,2025_S1,6,2024,60.17,68,53
312310,DORES DE GUANHÃES,MG,66.25,2025,70.0,2026_S2,10,2026,62.56,71,51
421850,TREZE TÍLIAS,SC,66.17,2023,67.0,2024_S2,5,2024,64.85,68,62
354510,SALMOURÃO,SP,66.14,2026,70.0,2026_S2,6,2026,63.27,70,60
411870,PAULO FRONTIN,PR,66.14,2026,70.0,2026_S2,9,2024,56.38,70,43
316557,SENADOR AMARAL,MG,66.0,2026,72.0,2026_S2,23,2024,47.71,72,24
431500,PORTO LUCENA,RS,66.0,2026,68.0,2026_S2,8,2024,61.31,68,56
520355,BONFINÓPOLIS,GO,66.0,2023,69.0,2024_S1,32,2024,54.69,74,40
312825,GUARACIAMA,MG,66.0,2026,69.0,2026_S2,18,2024,48.67,69,29
170390,CASEARA,TO,65.92,2025,67.33,2025_S2,10,2024,58.1,69,42
430810,FELIZ,RS,65.75,2025,66.0,2025_S1,8,2024,60.04,69,51
510680,PORTO DOS GAÚCHOS,MT,65.71,2026,66.17,2026_S1,9,2023,60.5,68,54
311020,CAJURI,MG,65.71,2026,70.0,2026_S2,14,2023,45.0,70,24
171890,SANTA ROSA DO TOCANTINS,TO,65.58,2024,66.33,2024_S1,26,2024,47.77,70,31
411000,IGUARAÇU,PR,65.57,2026,68.0,2026_S2,12,2024,50.96,68,33
241445,TRIUNFO POTIGUAR,RN,65.57,2026,68.0,2026_S2,14,2024,55.15,69,36
420800,ITÁ,SC,65.5,2025,67.17,2025_S2,11,2026,57.0,69,45
291125,GAVIÃO,BA,65.43,2026,67.0,2026_S2,12,2025,49.25,67,34
510757,RONDOLÂNDIA,MT,65.43,2026,72.0,2026_S2,17,2024,42.71,72,21
120032,JORDÃO,AC,65.43,2026,70.0,2026_S2,13,2025,49.4,70,37
410300,BOA ESPERANÇA,PR,65.25,2024,66.5,2025_S1,10,2023,61.62,68,53
500490,JARAGUARI,MS,65.17,2025,65.33,2025_S2,15,2023,55.96,68,38
420740,IMBUIA,SC,65.17,2025,66.17,2025_S2,11,2026,60.35,68,52
354740,SANTA RITA DOESTE,SP,65.17,2025,65.83,2025_S2,8,2024,58.96,68,50
315060,PIRACEMA,MG,65.14,2026,65.33,2026_S1,7,2025,58.29,67,51
352120,IPORANGA,SP,65.08,2025,65.83,2025_S1,13,2024,56.81,68,47
430080,ANTÔNIO PRADO,RS,65.08,2025,66.67,2025_S1,9,2026,60.27,69,52
430540,CHIAPETTA,RS,65.0,2024,66.67,2024_S2,8,2025,61.12,69,53
313610,JOANÉSIA,MG,64.83,2025,68.0,2026_S2,13,2023,58.21,69,42
110143,NOVA UNIÃO,RO,64.83,2025,65.5,2025_S1,13,2024,55.62,67,42
352650,LAVÍNIA,SP,64.8,2022,65.67,2025_S2,4,2025,63.75,66,61
220285,CORONEL JOSÉ DIAS,PI,64.75,2025,64.83,2025_S2,11,2024,54.35,66,39
412217,RIO BRANCO DO IVAÍ,PR,64.75,2024,65.5,2024_S2,12,2023,59.46,68,48
430245,BOQUEIRÃO DO LEÃO,RS,64.71,2026,66.0,2026_S2,10,2023,60.56,67,53
270540,MONTEIRÓPOLIS,AL,64.58,2024,65.17,2024_S2,6,2024,62.77,67,59
220342,DOMINGOS MOURÃO,PI,64.57,2026,66.0,2026_S2,18,2024,55.12,66,43
520993,INACIOLÂNDIA,GO,64.57,2026,67.0,2026_S2,7,2025,63.1,68,59
420770,IPUMIRIM,SC,64.42,2023,66.17,2023_S2,14,2026,61.65,68,48
220194,BOQUEIRÃO DO PIAUÍ,PI,64.42,2025,64.83,2025_S1,10,2024,58.02,67,51
355440,TERRA ROXA,SP,64.42,2025,67.83,2025_S1,13,2025,59.15,69,51
316910,TOLEDO,MG,64.29,2026,64.5,2026_S1,14,2025,49.25,66,34
412627,SAUDADE DO IGUAÇU,PR,64.29,2026,64.5,2026_S1,10,2025,55.1,66,47
411090,ITAGUAJÉ,PR,64.2,2022,64.2,2022_S2,6,2026,58.81,66,53
350075,ALAMBARI,SP,64.17,2025,64.33,2025_S2,8,2024,58.06,68,49
220965,SÃO FRANCISCO DE ASSIS DO PIAUÍ,PI,64.17,2025,69.0,2026_S2,10,2023,57.56,69,42
312440,ESPÍRITO SANTO DO DOURADO,MG,64.14,2026,67.0,2026_S2,13,2023,54.15,67,34
354610,SANTA CLARA DOESTE,SP,64.14,2026,64.17,2026_S1,8,2025,58.33,66,52
241000,PILÕES,RN,64.14,2026,65.0,2026_S2,5,2025,58.88,65,55
251430,SÃO JOSÉ DE CAIANA,PB,64.08,2025,64.17,2025_S1,15,2024,54.21,65,38
316105,SÃO FÉLIX DE MINAS,MG,64.08,2025,64.33,2025_S1,18,2023,51.79,66,28
411745,OURO VERDE DO OESTE,PR,64.08,2025,66.0,2025_S1,10,2024,58.9,68,51
317043,UNIÃO DE MINAS,MG,64.0,2024,64.17,2024_S1,7,2025,60.79,67,54
291077,FEIRA DA MATA,BA,64.0,2026,64.33,2025_S1,13,2024,54.21,67,41
313652,JOSÉ GONÇALVES DE MINAS,MG,64.0,2026,66.0,2026_S2,16,2025,45.42,68,29
410670,CRUZEIRO DO SUL,PR,64.0,2022,64.0,2022_S2,6,2024,56.98,65,48
270110,BRANQUINHA,AL,63.86,2026,71.0,2026_S2,10,2026,55.4,71,49
310665,BERIZAL,MG,63.83,2025,64.17,2025_S2,8,2023,57.25,66,46
412670,TAMBOARA,PR,63.83,2023,68.17,2024_S1,16,2024,59.81,70,51
313870,LUMINÁRIAS,MG,63.75,2025,65.0,2026_S2,13,2024,55.79,65,43
240185,CAIÇARA DO NORTE,RN,63.71,2026,66.0,2026_S2,10,2024,56.58,66,45
353290,NOVA EUROPA,SP,63.67,2025,64.17,2025_S2,13,2024,56.17,66,45
171700,PINDORAMA DO TOCANTINS,TO,63.67,2025,65.0,2025_S1,10,2024,58.65,66,53
352300,ITAPURA,SP,63.6,2022,64.17,2023_S1,6,2025,60.44,65,53
314190,MINDURI,MG,63.58,2025,65.17,2025_S2,6,2025,59.35,66,52
221062,SEBASTIÃO BARROS,PI,63.58,2025,65.33,2025_S2,21,2024,45.96,67,25
251276,RIACHÃO DO POÇO,PB,63.57,2026,69.0,2026_S2,16,2025,40.94,69,22
410410,CAMPO DO TENENTE,PR,63.57,2026,69.0,2026_S2,17,2024,35.62,69,16
421440,RIO DAS ANTAS,SC,63.57,2026,65.0,2026_S2,12,2024,56.96,66,47
314230,MOEDA,MG,63.5,2025,64.33,2025_S2,4,2022,60.04,65,53
170370,BREJINHO DE NAZARÉ,TO,63.43,2026,63.5,2026_S1,10,2024,55.04,66,40
291165,GUAJERU,BA,63.43,2026,67.0,2026_S2,9,2023,49.77,67,36
355635,VARGEM,SP,63.42,2025,63.5,2025_S2,8,2024,58.04,67,52
312190,DIVINÉSIA,MG,63.42,2025,64.33,2025_S1,11,2024,54.4,66,39
351905,HOLAMBRA,SP,63.33,2025,64.67,2025_S1,10,2023,57.62,69,45
220208,CAJUEIRO DA PRAIA,PI,63.17,2025,64.5,2025_S2,11,2024,55.52,66,44
521525,NOVO PLANALTO,GO,63.17,2025,66.0,2026_S2,12,2023,54.69,67,36
314345,MONTEZUMA,MG,63.17,2025,64.67,2025_S2,9,2025,54.31,65,41
220217,CAMPO LARGO DO PIAUÍ,PI,63.14,2026,68.0,2026_S2,14,2025,44.21,68,33
251315,SANTA CECÍLIA,PB,63.14,2026,66.0,2026_S2,16,2023,54.54,66,36
312737,GOIABEIRA,MG,63.0,2025,63.67,2024_S2,15,2023,57.81,66,41
250435,CATURITÉ,PB,63.0,2026,66.0,2026_S2,14,2024,42.85,66,25
421227,PASSOS MAIA,SC,62.92,2025,65.5,2025_S1,8,2026,59.23,66,51
171884,SANDOLÂNDIA,TO,62.86,2026,65.0,2026_S2,18,2024,46.15,65,29
430783,EUGÊNIO DE CASTRO,RS,62.75,2025,65.0,2026_S2,13,2024,55.46,66,45
421270,PETROLÂNDIA,SC,62.75,2025,63.83,2025_S2,10,2024,55.17,66,48
432252,VALE VERDE,RS,62.57,2026,62.67,2026_S1,9,2024,52.6,64,45
316560,SENADOR CORTES,MG,62.57,2026,69.0,2026_S2,10,2026,57.48,69,50
241105,TIBAU,RN,62.57,2026,69.0,2026_S2,20,2025,37.6,69,10
412160,RENASCENÇA,PR,62.57,2026,64.33,2025_S2,9,2025,55.98,65,47
316980,TURVOLÂNDIA,MG,62.43,2026,64.0,2026_S2,8,2024,53.58,64,42
270590,OLHO DÁGUA GRANDE,AL,62.42,2025,65.17,2025_S2,20,2026,53.12,67,43
355290,TACIBA,SP,62.33,2024,62.67,2024_S1,13,2023,57.71,63,50
171195,LAGOA DO TOCANTINS,TO,62.33,2025,62.67,2025_S1,9,2024,56.1,64,47
314920,PEDRINÓPOLIS,MG,62.29,2026,67.0,2026_S2,7,2026,58.02,67,53
353280,NOVA ALIANÇA,SP,62.25,2025,66.0,2026_S2,8,2026,58.71,66,50
171250,MARIANÓPOLIS DO TOCANTINS,TO,62.17,2025,64.33,2025_S2,11,2023,56.17,66,43
350230,ANHEMBI,SP,62.08,2025,62.67,2025_S2,10,2023,53.79,64,40
355535,UBARANA,SP,62.08,2025,65.0,2026_S2,12,2023,52.75,65,35
315053,PINGO DÁGUA,MG,62.08,2025,62.83,2025_S2,12,2022,56.29,66,35
510665,PONTAL DO ARAGUAIA,MT,62.0,2026,64.33,2025_S2,9,2025,54.71,66,40
241330,SERRA DE SÃO BENTO,RN,61.92,2025,63.5,2025_S2,7,2022,58.04,64,49
311810,CONGONHAS DO NORTE,MG,61.86,2026,71.0,2026_S2,14,2026,50.69,71,39
313730,LAGOA DOS PATOS,MG,61.86,2026,65.0,2026_S2,10,2025,51.29,65,40
316830,TAQUARAÇU DE MINAS,MG,61.75,2025,63.17,2024_S2,8,2024,56.6,66,45
221140,VÁRZEA GRANDE,PI,61.67,2025,63.33,2025_S2,9,2024,52.94,66,40
240870,PARAÚ,RN,61.67,2025,62.83,2025_S2,9,2024,55.15,65,46
353510,PALMARES PAULISTA,SP,61.58,2024,61.67,2024_S2,6,2026,57.81,63,52
241355,SERRINHA DOS PINTOS,RN,61.58,2025,63.33,2025_S2,9,2024,54.27,65,43
220115,BAIXA GRANDE DO RIBEIRO,PI,61.5,2025,62.17,2025_S2,13,2023,53.06,64,38
316120,SÃO FRANCISCO DE PAULA,MG,61.5,2025,63.33,2025_S2,7,2025,57.27,65,51
510160,BARÃO DE MELGAÇO,MT,61.42,2025,63.17,2025_S2,12,2024,54.0,66,40
313590,JESUÂNIA,MG,61.17,2024,65.17,2024_S1,20,2024,55.69,71,39
270340,JACARÉ DOS HOMENS,AL,61.08,2024,63.0,2024_S1,26,2024,56.94,67,41
353570,PARAÍSO,SP,60.86,2026,63.0,2026_S2,29,2025,52.04,63,34
412130,RANCHO ALEGRE,PR,60.86,2026,64.0,2026_S2,16,2023,43.6,64,29
150175,BREJO GRANDE DO ARAGUAIA,PA,60.83,2024,63.17,2024_S2,21,2024,55.06,72,48
353270,NIPOÃ,SP,60.83,2025,61.17,2025_S2,5,2023,58.85,62,54
314550,OLÍMPIO NORONHA,MG,60.83,2025,61.0,2025_S1,8,2023,52.21,62,38
312040,CRISTIANO OTONI,MG,60.75,2025,62.17,2025_S1,9,2025,58.0,63,51
313055,IMBÉ DE MINAS,MG,60.71,2026,61.0,2026_S2,20,2024,45.31,63,28
317107,VEREDINHA,MG,60.71,2026,60.83,2026_S1,12,2023,52.81,62,40
315645,ROSÁRIO DA LIMEIRA,MG,60.71,2026,61.0,2026_S2,10,2025,45.33,64,32
355495,TUIUTI,SP,60.67,2024,66.67,2024_S1,23,2023,52.9,69,35
251220,PRATA,PB,60.57,2026,63.0,2026_S2,9,2023,49.1,63,37
315730,SANTA BÁRBARA DO TUGÚRIO,MG,60.5,2025,62.33,2025_S1,8,2023,56.27,63,46
350150,ALVINLÂNDIA,SP,60.5,2025,61.33,2025_S2,7,2023,57.33,62,49
314655,PAI PEDRO,MG,60.5,2025,61.33,2025_S1,8,2025,53.85,63,46
411695,NOVA ESPERANÇA DO SUDOESTE,PR,60.43,2026,64.0,2026_S2,9,2025,51.04,64,43
220202,BURITI DOS MONTES,PI,60.43,2026,62.0,2026_S2,11,2024,44.6,63,30
430090,ARATIBA,RS,60.43,2026,62.0,2026_S2,5,2026,58.1,63,55
240290,CORONEL JOÃO PESSOA,RN,60.43,2026,61.0,2026_S2,10,2025,49.77,62,39
312740,GONÇALVES,MG,60.42,2025,60.83,2025_S2,9,2023,55.75,63,48
431070,ITATIBA DO SUL,RS,60.42,2024,63.17,2025_S1,11,2025,57.65,66,49
172030,SÃO SEBASTIÃO DO TOCANTINS,TO,60.29,2026,66.0,2026_S2,9,2024,48.08,66,31
430320,CACIQUE DOBLE,RS,60.29,2026,60.33,2026_S1,8,2023,54.62,62,45
353990,POLONI,SP,60.25,2024,62.0,2026_S2,11,2023,57.5,63,47
431970,SÃO VALENTIM,RS,60.0,2024,60.83,2024_S2,14,2026,57.67,62,46
310925,BUGRE,MG,60.0,2026,62.0,2026_S2,18,2023,49.25,62,28
220280,CONCEIÇÃO DO CANINDÉ,PI,59.86,2026,64.0,2026_S2,28,2024,37.67,64,11
520280,AVELINÓPOLIS,GO,59.86,2026,62.17,2025_S2,13,2025,47.62,64,33
412175,RESERVA DO IGUAÇU,PR,59.71,2026,62.0,2026_S2,16,2025,40.27,62,23
500525,LAGUNA CARAPÃ,MS,59.57,2026,61.5,2025_S2,9,2025,54.54,64,49
350310,ARANDU,SP,59.5,2025,60.0,2025_S1,9,2023,54.4,62,44
410900,GUAPIRAMA,PR,59.29,2026,62.0,2026_S2,12,2023,43.12,62,23
314640,PAINEIRAS,MG,59.25,2023,60.83,2024_S1,14,2024,54.77,62,44
315020,PIEDADE DE PONTE NOVA,MG,59.17,2024,65.5,2024_S1,19,2024,56.77,67,48
354025,PONTALINDA,SP,59.14,2026,62.0,2026_S2,13,2024,46.08,62,30
352540,JERIQUARA,SP,59.14,2026,61.17,2025_S2,7,2025,54.27,62,48
280380,MALHADA DOS BOIS,SE,59.14,2026,61.0,2026_S2,13,2024,48.77,63,38
170307,BARRA DO OURO,TO,59.14,2026,60.0,2026_S2,8,2024,48.4,61,41
352960,MERIDIANO,SP,59.08,2024,61.0,2024_S2,14,2023,51.79,63,38
430870,GAURAMA,RS,59.08,2023,59.17,2023_S1,5,2025,56.65,60,49
241240,SÃO JOSÉ DO SERIDÓ,RN,59.0,2026,60.17,2025_S2,10,2025,49.29,62,36
241475,VENHA-VER,RN,59.0,2025,60.0,2025_S2,8,2023,52.98,61,44
430490,CASCA,RS,59.0,2025,59.5,2025_S1,9,2026,56.48,63,46
313657,JOSENÓPOLIS,MG,58.92,2025,59.0,2025_S2,5,2023,54.42,60,45
270180,CARNEIROS,AL,58.92,2025,60.0,2025_S1,11,2024,53.85,63,43
411722,NOVA SANTA ROSA,PR,58.92,2025,61.5,2025_S2,9,2025,54.81,63,49
220980,SÃO GONÇALO DO PIAUÍ,PI,58.86,2026,64.0,2026_S2,15,2024,39.25,64,25
316790,TABULEIRO,MG,58.83,2024,66.0,2024_S1,29,2024,53.38,70,41
312010,COUTO DE MAGALHÃES DE MINAS,MG,58.75,2024,60.33,2024_S2,7,2025,56.02,61,47
251060,OURO VELHO,PB,58.75,2025,61.0,2026_S2,22,2024,48.35,61,38
211227,TUFILÂNDIA,MA,58.75,2025,59.33,2025_S2,8,2024,54.02,61,46
314360,MORRO DA GARÇA,MG,58.71,2026,59.0,2026_S2,18,2024,46.46,61,28
270900,TANQUE DARCA,AL,58.67,2025,61.33,2025_S1,8,2025,55.92,63,50
220155,BELA VISTA DO PIAUÍ,PI,58.57,2026,62.0,2026_S2,17,2024,40.08,62,16
421470,RIO DOS CEDROS,SC,58.57,2026,59.83,2025_S2,14,2024,51.38,61,38
521056,ITAGUARI,GO,58.57,2026,64.0,2026_S2,10,2024,47.33,64,36
211195,SUCUPIRA DO RIACHÃO,MA,58.5,2025,61.0,2026_S2,17,2024,45.69,61,22
410130,ANTÔNIO OLINTO,PR,58.43,2026,60.0,2026_S2,10,2025,47.6,60,36
292220,MUNIZ FERREIRA,BA,58.43,2026,60.17,2025_S2,16,2024,41.94,61,22
240150,BARCELONA,RN,58.43,2026,63.0,2026_S2,18,2024,36.81,63,19
171245,LUZINÓPOLIS,TO,58.42,2025,59.0,2025_S2,9,2024,53.6,60,46
355200,SILVEIRAS,SP,58.4,2022,60.17,2024_S1,18,2024,55.17,64,46
354810,SANTO ANTÔNIO DO JARDIM,SP,58.33,2025,58.67,2025_S1,4,2023,56.1,60,53
432050,SERTÃO,RS,58.25,2025,59.33,2025_S2,10,2026,53.56,61,48
410780,FLORAÍ,PR,58.25,2025,59.17,2025_S1,9,2024,53.65,61,45
352700,LINDÓIA,SP,58.25,2024,58.33,2024_S2,12,2024,51.12,64,42
170270,AURORA DO TOCANTINS,TO,58.17,2025,59.0,2025_S2,12,2024,47.21,62,30
420170,ASCURRA,SC,58.17,2025,61.0,2025_S2,10,2025,50.52,62,40
354010,PONGAÍ,SP,58.08,2025,58.17,2025_S1,6,2026,54.58,60,51
431220,MAXIMILIANO DE ALMEIDA,RS,58.0,2023,58.17,2023_S1,6,2025,55.52,59,49
354460,SABINO,SP,58.0,2022,58.17,2024_S2,8,2025,55.48,60,46
430570,CONDOR,RS,57.92,2025,58.0,2025_S1,8,2026,52.88,61,48
313065,INDAIABIRA,MG,57.86,2026,58.5,2025_S2,9,2024,51.85,60,41
210905,PORTO RICO DO MARANHÃO,MA,57.86,2026,58.0,2026_S2,11,2024,49.35,61,38
521200,JAUPACI,GO,57.75,2025,58.83,2025_S2,9,2023,51.69,60,39
412110,QUINTA DO SOL,PR,57.75,2025,58.17,2025_S2,8,2026,55.44,60,51
412540,SÃO JOSÉ DA BOA VISTA,PR,57.57,2026,62.0,2026_S2,12,2023,44.0,62,24
510810,TESOURO,MT,57.57,2026,77.0,2026_S2,44,2026,42.15,77,32
431449,PINHEIRINHO DO VALE,RS,57.5,2024,61.0,2026_S2,9,2023,54.77,61,44
350370,ARIRANHA,SP,57.5,2024,58.5,2024_S2,7,2023,54.15,59,47
520630,CRISTIANÓPOLIS,GO,57.43,2026,63.0,2026_S2,18,2025,38.1,63,24
220635,MILTON BRANDÃO,PI,57.43,2026,58.0,2026_S2,17,2025,40.83,59,28
351890,GUZOLÂNDIA,SP,57.42,2024,59.5,2024_S2,9,2024,54.83,63,47
430807,FAZENDA VILANOVA,RS,57.29,2026,60.0,2026_S2,11,2023,50.67,61,33
241500,VILA FLOR,RN,57.29,2026,61.0,2026_S2,17,2025,45.6,61,36
430845,FORTALEZA DOS VALOS,RS,57.29,2026,57.5,2026_S1,7,2024,52.98,58,47
420560,GALVÃO,SC,57.29,2026,58.5,2025_S2,8,2025,52.42,60,46
420470,CUNHA PORÃ,SC,57.2,2022,57.2,2022_S2,8,2026,53.75,59,46
211157,SÃO PEDRO DOS CRENTES,MA,57.17,2023,58.67,2024_S1,28,2024,41.23,63,13
421000,LUIZ ALVES,SC,57.14,2026,58.67,2025_S2,13,2024,44.35,62,29
220272,COCAL DOS ALVES,PI,57.0,2026,63.0,2026_S2,13,2023,37.9,63,14
220669,MURICI DOS PORTELAS,PI,57.0,2026,61.0,2026_S2,13,2023,46.44,61,28
430755,ESTAÇÃO,RS,57.0,2025,58.67,2025_S2,7,2026,51.83,59,45
410773,FERNANDES PINHEIRO,PR,57.0,2025,57.83,2025_S1,7,2024,51.38,60,43
311205,CANTAGALO,MG,57.0,2026,60.0,2026_S2,14,2023,41.02,60,24
420120,ANTÔNIO CARLOS,SC,56.92,2024,59.33,2024_S2,9,2024,51.48,60,42
500310,CORGUINHO,MS,56.83,2025,58.0,2025_S2,13,2024,49.06,59,38
314120,MATUTINA,MG,56.83,2025,57.67,2025_S2,6,2026,50.15,59,38
420915,JOSÉ BOITEUX,SC,56.75,2025,57.33,2025_S1,7,2026,54.9,59,50
314370,MORRO DO PILAR,MG,56.75,2024,56.83,2023_S2,9,2023,54.35,59,50
351430,DOURADO,SP,56.71,2026,61.0,2026_S2,56,2025,49.0,61,5
520485,CAMPO LIMPO DE GOIÁS,GO,56.71,2026,64.0,2026_S2,11,2026,51.54,64,41
150250,CHAVES,PA,56.67,2024,68.83,2024_S1,34,2024,50.83,72,31
350715,BOM SUCESSO DE ITARARÉ,SP,56.58,2025,58.5,2025_S2,7,2025,52.33,60,45
522230,VILA PROPÍCIO,GO,56.57,2026,63.0,2026_S2,19,2025,40.38,63,26
313680,JURAMENTO,MG,56.5,2025,56.5,2025_S1,11,2024,46.75,60,32
220435,GEMINIANO,PI,56.43,2026,67.0,2026_S2,17,2026,34.33,67,17
430220,BOA VISTA DO BURICÁ,RS,56.42,2025,57.0,2024_S2,8,2026,53.75,59,45
316610,SENHORA DO PORTO,MG,56.33,2025,56.33,2025_S1,6,2025,53.6,59,48
316165,SÃO GERALDO DO BAIXIO,MG,56.29,2026,62.0,2026_S2,13,2024,50.52,62,41
291900,LAJEDINHO,BA,56.29,2026,58.0,2026_S2,12,2024,47.71,58,32
170320,BERNARDO SAYÃO,TO,56.29,2026,57.0,2026_S2,15,2024,43.31,58,19
240690,LUCRÉCIA,RN,56.25,2025,56.83,2024_S2,7,2024,53.04,59,46
171240,LIZARDA,TO,56.25,2025,56.83,2025_S2,4,2022,53.02,58,46
355690,VISTA ALEGRE DO ALTO,SP,56.17,2025,56.33,2025_S2,7,2024,50.71,58,45
354690,SANTA LÚCIA,SP,56.17,2024,59.33,2024_S2,35,2025,52.0,61,24
317065,VARGEM GRANDE DO RIO PARDO,MG,56.14,2026,59.0,2026_S2,6,2023,47.79,59,38
241320,SENADOR GEORGINO AVELINO,RN,56.14,2026,62.0,2026_S2,20,2024,37.27,62,17
430530,CHAPADA,RS,56.08,2025,57.17,2025_S2,7,2023,50.62,58,41
171280,MAURILÂNDIA DO TOCANTINS,TO,56.0,2025,56.67,2025_S2,10,2023,48.0,57,36
412530,SÃO JORGE DO IVAÍ,PR,56.0,2024,58.67,2024_S1,10,2024,52.46,62,48
510395,GLÓRIA DOESTE,MT,56.0,2026,56.67,2025_S2,11,2024,49.0,58,39
431910,SÃO MARTINHO,RS,56.0,2026,59.0,2026_S2,7,2024,43.19,59,34
521925,SANTA FÉ DE GOIÁS,GO,56.0,2026,56.0,2026_S1,9,2024,42.62,57,29
240750,MAXARANGUAPE,RN,55.71,2026,56.0,2026_S2,9,2025,43.19,58,29
421917,VARGEM BONITA,SC,55.71,2026,55.83,2026_S1,8,2025,46.85,57,38
171090,ITAPIRATINS,TO,55.67,2025,57.67,2025_S2,7,2023,47.38,59,35
352830,MAGDA,SP,55.58,2025,56.33,2025_S1,64,2025,51.35,86,22
420410,CAXAMBU DO SUL,SC,55.58,2025,55.67,2025_S1,7,2023,49.73,57,39
510735,SÃO JOSÉ DO XINGU,MT,55.57,2026,57.0,2026_S2,12,2025,49.71,57,44
354805,SANTO ANTÔNIO DO ARACANGUÁ,SP,55.57,2026,57.83,2025_S2,9,2025,47.48,59,37
211174,SENADOR ALEXANDRE COSTA,MA,55.43,2026,62.0,2026_S2,18,2024,31.48,62,16
220690,NOVO ORIENTE DO PIAUÍ,PI,55.42,2025,56.0,2025_S2,9,2024,51.19,58,44
160021,CUTIAS,AP,55.29,2026,63.0,2026_S2,15,2026,42.9,63,30
316440,SÃO SEBASTIÃO DA BELA VISTA,MG,55.29,2026,58.0,2026_S2,7,2023,49.65,58,39
170305,BANDEIRANTES DO TOCANTINS,TO,55.29,2026,56.0,2026_S2,8,2025,47.92,57,39
351519,ESPÍRITO SANTO DO TURVO,SP,55.25,2025,56.17,2024_S2,7,2024,53.31,58,49
430513,CERRO BRANCO,RS,55.17,2025,56.17,2025_S2,8,2023,48.92,57,40
520940,GUARANI DE GOIÁS,GO,55.14,2026,58.0,2026_S2,6,2023,51.75,58,45
250870,MÃE DÁGUA,PB,55.14,2026,56.0,2026_S2,11,2023,42.75,57,26
510268,CAMPOS DE JÚLIO,MT,55.14,2026,59.0,2026_S2,10,2024,46.79,59,34
315330,PRESIDENTE KUBITSCHEK,MG,55.0,2025,55.17,2025_S1,9,2026,52.1,57,44
350040,ÁGUAS DA PRATA,SP,55.0,2026,56.0,2026_S2,5,2025,51.88,56,47
411300,JUSSARA,PR,54.92,2025,56.0,2025_S2,7,2023,48.4,57,39
411170,JABOTI,PR,54.92,2024,56.17,2025_S2,7,2025,52.48,59,46
430695,ENTRE RIOS DO SUL,RS,54.92,2024,55.0,2024_S1,6,2025,53.67,56,49
310360,ARANTINA,MG,54.83,2025,55.5,2025_S1,10,2024,48.02,57,38
353400,ONDA VERDE,SP,54.75,2025,55.83,2025_S2,11,2023,43.96,58,29
280500,PEDRA MOLE,SE,54.71,2026,57.0,2026_S2,9,2024,46.27,57,34
220130,BARREIRAS DO PIAUÍ,PI,54.71,2026,59.0,2026_S2,15,2024,39.58,59,23
110147,PRIMAVERA DE RONDÔNIA,RO,54.71,2026,55.0,2026_S1,14,2024,38.25,56,25
522130,TRÊS RANCHOS,GO,54.57,2026,55.0,2026_S2,11,2024,42.21,56,23
520460,CAMPESTRE DE GOIÁS,GO,54.43,2026,59.0,2026_S2,13,2025,39.65,59,28
210055,AMAPÁ DO MARANHÃO,MA,54.42,2024,63.0,2024_S1,59,2024,33.71,71,5
270530,MINADOR DO NEGRÃO,AL,54.33,2025,54.83,2025_S1,4,2023,52.73,56,47
431190,MARCELINO RAMOS,RS,54.33,2023,54.33,2023_S1,6,2026,51.62,56,43
171570,PALMEIRANTE,TO,54.29,2026,56.0,2026_S2,12,2025,39.17,56,27
350240,ANHUMAS,SP,54.29,2026,55.0,2026_S2,11,2024,45.69,55,36
120039,PORTO WALTER,AC,54.29,2026,66.0,2026_S2,18,2026,41.17,66,29
220605,MASSAPÊ DO PIAUÍ,PI,54.29,2026,59.0,2026_S2,10,2024,41.27,59,25
313830,LEANDRO FERREIRA,MG,54.14,2026,57.0,2026_S2,7,2025,43.31,57,35
521520,NOVO BRASIL,GO,54.0,2026,57.0,2026_S2,9,2023,45.04,57,32
412535,SÃO JORGE DO PATROCÍNIO,PR,54.0,2022,54.0,2022_S2,15,2024,45.31,56,34
412310,SANTA AMÉLIA,PR,54.0,2026,57.0,2026_S2,9,2025,48.92,57,42
312733,GAMELEIRAS,MG,54.0,2026,55.5,2025_S2,10,2025,46.88,59,37
354250,REGINÓPOLIS,SP,53.92,2025,54.0,2025_S2,7,2024,49.29,56,45
241170,SÃO BENTO DO TRAIRÍ,RN,53.92,2025,55.33,2025_S1,11,2026,49.79,57,40
421160,NOVA VENEZA,SC,53.86,2026,54.0,2026_S1,9,2023,47.12,56,36
171500,NOVA ROSALÂNDIA,TO,53.86,2026,56.0,2026_S2,9,2023,47.21,57,32
420213,BELA VISTA DO TOLDO,SC,53.83,2025,55.67,2025_S2,12,2024,45.88,58,37
354650,SANTA ERNESTINA,SP,53.75,2025,55.0,2026_S2,8,2024,48.12,55,38
410755,FAROL,PR,53.67,2025,55.5,2025_S1,8,2024,47.81,58,39
220515,JACOBINA DO PIAUÍ,PI,53.57,2026,59.0,2026_S2,9,2025,37.35,59,21
310680,BIAS FORTES,MG,53.5,2025,54.5,2025_S1,11,2024,47.33,56,39
430544,CHUVISCA,RS,53.33,2025,53.67,2024_S2,6,2024,50.94,55,45
430063,AMARAL FERRADOR,RS,53.33,2024,53.5,2024_S2,8,2023,50.54,55,41
313540,JECEABA,MG,53.25,2024,53.5,2024_S2,7,2026,50.71,54,45
421530,SALETE,SC,53.25,2025,54.17,2025_S2,12,2026,48.58,55,42
350830,CABRÁLIA PAULISTA,SP,53.17,2025,53.83,2025_S2,10,2024,47.58,55,39
431862,SÃO JOSÉ DOS AUSENTES,RS,53.08,2025,55.5,2025_S1,8,2025,50.27,57,46
410712,DIAMANTE DO SUL,PR,53.0,2026,56.0,2026_S2,14,2024,41.96,56,28
316695,SERRANÓPOLIS DE MINAS,MG,52.92,2025,53.17,2025_S1,5,2023,50.6,54,47
251720,VIEIRÓPOLIS,PB,52.86,2026,58.0,2026_S2,10,2025,38.83,58,21
421510,RODEIO,SC,52.83,2025,55.33,2025_S2,11,2024,47.0,57,41
420150,ARMAZÉM,SC,52.83,2025,53.67,2025_S2,13,2024,45.0,55,34
350060,ÁGUAS DE SÃO PEDRO,SP,52.75,2025,61.0,2026_S2,12,2026,45.77,61,33
430410,CAMPOS BORGES,RS,52.71,2026,52.83,2026_S1,6,2025,48.75,55,44
280520,PINHÃO,SE,52.71,2026,53.0,2026_S2,9,2024,45.19,54,36
355230,SUD MENNUCCI,SP,52.58,2023,55.0,2026_S2,7,2024,52.23,57,50
160005,SERRA DO NAVIO,AP,52.57,2026,54.0,2026_S2,8,2024,50.12,54,46
171850,RECURSOLÂNDIA,TO,52.42,2025,52.67,2025_S1,10,2023,46.38,56,36
421940,WITMARSUM,SC,52.42,2025,52.83,2025_S2,10,2026,48.6,55,41
420765,IPORÃ DO OESTE,SC,52.4,2022,52.4,2022_S2,6,2026,49.02,53,43
355550,UBIRAJARA,SP,52.33,2025,52.67,2025_S2,13,2024,45.19,54,37
420860,JABORÁ,SC,52.25,2024,52.83,2025_S1,8,2026,50.15,54,41
431245,MORRO REDONDO,RS,52.25,2025,55.0,2025_S1,12,2023,47.48,57,35
431053,ITAARA,RS,52.17,2024,54.83,2025_S1,11,2023,48.04,56,40
350350,AREIAS,SP,52.14,2026,53.0,2026_S2,6,2024,49.58,55,45
240760,MESSIAS TARGINO,RN,52.0,2024,57.5,2024_S1,19,2024,48.31,59,40
353220,NARANDIBA,SP,52.0,2026,53.0,2026_S2,29,2024,47.35,55,26
352780,LUPÉRCIO,SP,51.92,2025,52.0,2025_S1,8,2023,46.88,53,36
522155,TURVELÂNDIA,GO,51.92,2025,53.33,2025_S1,11,2023,47.29,54,36
354210,RAFARD,SP,51.83,2025,53.0,2025_S1,12,2024,44.65,54,30
355460,TIMBURI,SP,51.71,2026,51.83,2026_S1,6,2025,46.33,53,41
220955,SÃO BRAZ DO PIAUÍ,PI,51.71,2026,54.0,2026_S2,15,2024,36.02,54,13
520465,CAMPINAÇU,GO,51.71,2026,52.0,2026_S1,12,2023,43.06,55,29
354960,SÃO JOSÉ DO BARREIRO,SP,51.71,2026,52.5,2025_S2,5,2025,49.02,53,45
311960,CORONEL PACHECO,MG,51.58,2025,53.0,2026_S2,5,2023,50.19,53,46
316805,TAPARUBA,MG,51.57,2026,54.0,2026_S2,11,2024,33.58,55,22
411325,LARANJAL,PR,51.57,2026,55.0,2026_S2,8,2024,45.81,55,40
421700,SÃO LUDGERO,SC,51.5,2025,52.17,2025_S2,7,2024,46.29,53,39
315950,SANTA RITA DO ITUETO,MG,51.43,2026,52.0,2026_S2,14,2024,39.73,53,21
430187,BARRA DO QUARAÍ,RS,51.43,2026,55.0,2026_S2,12,2023,46.0,55,32
315900,SANTANA DO RIACHO,MG,51.33,2025,53.0,2025_S2,9,2024,46.46,54,38
250420,CATINGUEIRA,PB,51.33,2025,53.33,2025_S2,8,2023,44.25,54,34
315620,ROCHEDO DE MINAS,MG,51.29,2026,52.0,2026_S2,9,2023,40.65,55,27
510830,UNIÃO DO SUL,MT,51.29,2026,57.0,2026_S2,22,2024,45.52,57,31
350080,ALFREDO MARCONDES,SP,51.14,2026,51.33,2025_S2,12,2024,40.44,54,26
412125,RAMILÂNDIA,PR,51.14,2026,53.0,2026_S2,5,2025,43.9,53,39
310375,ARAPORÃ,MG,51.14,2026,52.0,2026_S2,8,2025,44.68,52,41
351400,DOBRADA,SP,51.08,2025,51.5,2025_S2,7,2024,46.54,52,38
313390,ITAVERAVA,MG,51.08,2025,51.5,2025_S1,6,2025,49.15,53,42
412010,PORTO AMAZONAS,PR,51.0,2026,52.17,2025_S2,9,2023,43.67,53,31
510685,PORTO ESTRELA,MT,51.0,2025,54.17,2025_S1,14,2025,45.9,55,40
430975,IBARAMA,RS,51.0,2025,51.0,2025_S1,6,2025,49.04,54,42
411005,IGUATU,PR,50.92,2025,51.5,2025_S1,11,2024,41.35,54,28
315737,SANTA CRUZ DE SALINAS,MG,50.92,2025,51.17,2025_S1,8,2023,45.56,52,37
411729,NOVO ITACOLOMI,PR,50.92,2025,53.0,2026_S2,10,2023,47.88,53,37
353040,MIRASSOLÂNDIA,SP,50.83,2023,53.17,2023_S2,34,2024,36.54,54,19
210015,ÁGUA DOCE DO MARANHÃO,MA,50.71,2026,51.17,2025_S2,14,2024,40.46,53,30
410045,ALTAMIRA DO PARANÁ,PR,50.71,2026,54.0,2026_S2,25,2025,35.12,54,22
220273,COIVARAS,PI,50.71,2026,55.0,2026_S2,16,2025,30.44,55,13
411630,MUNHOZ DE MELO,PR,50.67,2025,52.33,2025_S1,13,2024,43.19,53,33
171150,JAÚ DO TOCANTINS,TO,50.58,2025,51.5,2025_S1,9,2023,40.9,54,26
150746,SÃO JOÃO DA PONTA,PA,50.57,2026,53.0,2026_S2,7,2023,42.88,53,34
354620,SANTA CRUZ DA CONCEIÇÃO,SP,50.57,2026,56.0,2026_S2,12,2023,37.4,56,19
520050,ALOÂNDIA,GO,50.5,2025,51.0,2025_S2,7,2026,48.5,52,43
430430,CÂNDIDO GODÓI,RS,50.33,2025,52.0,2025_S1,7,2024,48.33,53,46
411660,NOVA AMÉRICA DA COLINA,PR,50.29,2026,54.0,2026_S2,7,2023,43.77,54,30
316810,TAPIRA,MG,50.29,2026,50.33,2026_S1,9,2024,41.33,51,30
292780,SANTA CRUZ DA VITÓRIA,BA,50.29,2026,53.0,2026_S2,21,2023,36.56,55,13
315370,QUARTEL GERAL,MG,50.29,2026,52.0,2026_S2,8,2025,41.35,52,36
420768,IPUAÇU,SC,50.25,2025,50.5,2025_S1,7,2025,47.62,53,40
431360,PAIM FILHO,RS,50.14,2026,50.5,2026_S1,6,2024,45.65,54,39
110145,PARECIS,RO,50.08,2025,51.0,2025_S1,10,2024,42.44,52,30
522145,TROMBAS,GO,50.0,2026,50.0,2026_S1,6,2023,43.0,52,33
510726,SANTO AFONSO,MT,50.0,2026,55.0,2026_S2,11,2026,39.54,55,31
411065,IRACEMA DO OESTE,PR,50.0,2026,50.5,2026_S1,8,2024,43.98,52,29
420250,BOM JARDIM DA SERRA,SC,49.92,2025,50.0,2025_S2,5,2024,46.94,51,41
312500,EWBANK DA CÂMARA,MG,49.86,2026,52.5,2025_S2,14,2024,37.17,54,20
352580,JÚLIO MESQUITA,SP,49.86,2026,51.0,2026_S2,7,2024,45.52,51,41
240933,SANTA MARIA,RN,49.86,2026,56.0,2026_S2,24,2024,45.92,58,34
251350,SANTANA DE MANGUEIRA,PB,49.75,2025,50.83,2025_S2,11,2023,44.42,52,34
250380,CALDAS BRANDÃO,PB,49.75,2023,51.17,2023_S2,21,2024,47.48,55,34
211125,SÃO JOSÉ DOS BASÍLIOS,MA,49.71,2026,53.0,2026_S2,17,2024,31.9,53,13
351710,GLICÉRIO,SP,49.71,2026,50.0,2026_S2,6,2025,45.0,51,39
240640,LAGOA DE VELHOS,RN,49.71,2026,49.83,2026_S1,12,2023,38.85,52,24
171870,RIO DOS BOIS,TO,49.57,2026,51.0,2026_S2,9,2024,36.42,51,22
251050,OLIVEDOS,PB,49.43,2026,51.0,2026_S2,14,2024,37.52,51,21
250535,DAMIÃO,PB,49.43,2026,52.0,2026_S2,10,2025,34.77,52,23
411360,LOBATO,PR,49.43,2026,52.0,2026_S2,6,2024,43.25,52,39
354450,RUBINÉIA,SP,49.43,2026,50.0,2026_S2,6,2024,43.71,52,36
430670,DONA FRANCISCA,RS,49.42,2024,50.17,2025_S1,7,2025,47.94,52,44
411040,INDIANÓPOLIS,PR,49.33,2025,51.0,2026_S2,8,2026,46.98,52,38
150658,SANTA MARIA DAS BARREIRAS,PA,49.33,2025,50.67,2024_S2,9,2023,46.6,53,39
250939,MATURÉIA,PB,49.29,2026,52.0,2026_S2,10,2024,41.17,52,29
520357,BONÓPOLIS,GO,49.25,2025,51.5,2025_S2,11,2024,39.54,53,26
432290,VIADUTOS,RS,49.25,2023,49.5,2023_S2,7,2025,46.56,50,41
313570,JEQUITIBÁ,MG,49.25,2025,50.67,2025_S2,11,2024,39.73,52,27
171630,PAU DARCO,TO,49.25,2025,49.5,2025_S2,18,2024,39.69,50,28
352560,JOÃO RAMALHO,SP,49.17,2025,49.5,2025_S2,7,2023,44.6,51,38
314020,MARIPÁ DE MINAS,MG,49.14,2026,50.0,2026_S2,6,2023,43.58,50,37
150690,SANTARÉM NOVO,PA,49.14,2026,51.0,2026_S2,15,2024,36.79,51,17
411230,JAPIRA,PR,49.14,2026,53.0,2026_S2,11,2023,37.4,53,25
171395,MURICILÂNDIA,TO,49.14,2026,51.33,2025_S2,10,2025,37.75,52,25
220937,SANTA ROSA DO PIAUÍ,PI,49.14,2026,51.0,2026_S2,10,2024,40.52,51,29
220755,PAQUETÁ,PI,49.14,2026,51.0,2026_S2,15,2025,32.48,51,16
352215,ITAOCA,SP,49.08,2025,50.17,2025_S2,5,2024,44.94,51,40
250020,AGUIAR,PB,49.0,2025,49.17,2025_S2,14,2024,39.0,50,26
311010,CAIANA,MG,49.0,2026,49.0,2025_S2,8,2024,45.44,51,39
421910,VARGEÃO,SC,48.92,2024,50.17,2024_S1,8,2024,42.6,53,32
420985,LINDÓIA DO SUL,SC,48.92,2024,49.0,2024_S2,4,2026,46.46,50,44
410275,BELA VISTA DA CAROBA,PR,48.92,2025,50.67,2025_S2,6,2025,46.9,53,44
421840,TREZE DE MAIO,SC,48.92,2025,51.0,2025_S2,9,2023,43.67,52,33
220211,CAMPO ALEGRE DO FIDALGO,PI,48.86,2026,52.0,2026_S2,19,2025,42.42,59,29
241190,SÃO FRANCISCO DO OESTE,RN,48.83,2025,49.67,2024_S2,11,2024,44.29,51,35
412065,QUARTO CENTENÁRIO,PR,48.71,2026,52.0,2026_S2,8,2024,38.0,52,28
431310,NOVA PALMA,RS,48.58,2023,48.83,2023_S1,8,2026,45.92,50,36
310720,BOCAINA DE MINAS,MG,48.58,2025,48.83,2025_S2,3,2024,46.58,50,43
421505,RIO RUFINO,SC,48.43,2026,48.83,2025_S2,10,2023,41.75,50,24
110148,SÃO FELIPE DOESTE,RO,48.43,2026,51.0,2026_S2,12,2025,36.75,51,25
431912,SÃO MARTINHO DA SERRA,RS,48.33,2025,50.17,2025_S1,9,2023,43.44,52,31
351560,FERNANDO PRESTES,SP,48.33,2023,48.67,2023_S2,15,2024,40.27,50,30
521377,MONTIVIDIU DO NORTE,GO,48.33,2025,48.33,2025_S1,7,2023,42.81,50,34
220460,HUGO NAPOLEÃO,PI,48.29,2026,53.0,2026_S2,15,2024,31.98,53,17
220105,ASSUNÇÃO DO PIAUÍ,PI,48.25,2025,49.0,2025_S2,12,2024,39.5,50,26
240790,MONTE DAS GAMELEIRAS,RN,48.08,2025,48.33,2025_S1,6,2024,43.52,49,37
431260,MUÇUM,RS,48.0,2024,48.5,2024_S2,9,2025,45.27,49,40
352660,LAVRINHAS,SP,48.0,2025,49.0,2026_S2,7,2024,43.02,52,36
352820,MACEDÔNIA,SP,48.0,2025,48.67,2025_S2,8,2024,41.25,52,33
410337,BRASILÂNDIA DO SUL,PR,48.0,2025,48.67,2025_S2,7,2023,43.56,51,36
352080,INÚBIA PAULISTA,SP,48.0,2025,49.17,2025_S1,7,2023,45.06,50,39
170386,CARIRI DO TOCANTINS,TO,48.0,2026,49.33,2025_S2,11,2025,39.77,53,27
250660,IBIARA,PB,48.0,2023,53.5,2024_S1,25,2024,43.52,58,33
310330,ARACITABA,MG,48.0,2025,49.0,2025_S1,10,2023,42.44,51,28
520160,ARAÇU,GO,47.86,2026,48.17,2026_S1,9,2023,37.35,49,24
410165,ARAPUÃ,PR,47.83,2025,48.17,2025_S2,6,2024,42.92,50,31
311760,CONCEIÇÃO DO PARÁ,MG,47.83,2025,49.0,2025_S2,6,2024,42.31,49,36
311995,CÓRREGO FUNDO,MG,47.75,2025,48.33,2025_S2,11,2024,40.42,49,28
320180,DIVINO DE SÃO LOURENÇO,ES,47.71,2026,52.0,2026_S2,8,2026,40.38,52,33
240040,ÁGUA NOVA,RN,47.71,2026,50.0,2026_S2,9,2023,40.71,50,30
172000,SANTA TEREZINHA DO TOCANTINS,TO,47.71,2026,48.0,2026_S2,8,2024,39.25,51,29
420080,ANCHIETA,SC,47.67,2025,47.67,2025_S1,8,2024,42.44,49,34
520735,EDEALINA,GO,47.67,2025,51.0,2026_S2,8,2025,42.79,51,37
510885,NOVA MARILÂNDIA,MT,47.57,2026,49.0,2026_S2,8,2024,43.06,49,36
251392,SÃO BENTINHO,PB,47.57,2026,50.0,2026_S2,14,2023,38.71,50,22
241142,SANTANA DO SERIDÓ,RN,47.5,2025,48.0,2025_S1,7,2025,43.73,51,36
210620,LUÍS DOMINGUES,MA,47.5,2025,48.5,2025_S2,9,2024,39.69,50,28
420005,ABDON BATISTA,SC,47.5,2025,48.33,2025_S1,8,2026,43.06,50,35
421460,RIO DO OESTE,SC,47.33,2025,48.17,2024_S2,4,2023,45.4,49,42
500797,TAQUARUSSU,MS,47.25,2025,49.0,2026_S2,6,2023,41.46,49,33
210635,MARAJÁ DO SENA,MA,47.14,2026,47.17,2026_S1,10,2023,34.12,49,21
412382,SANTA LÚCIA,PR,47.08,2025,51.0,2026_S2,11,2024,40.71,51,32
316780,SOLEDADE DE MINAS,MG,47.0,2026,47.0,2026_S1,7,2023,43.12,49,38
353690,PEDRANÓPOLIS,SP,47.0,2025,48.0,2025_S2,10,2024,38.83,49,29
431242,MORMAÇO,RS,46.92,2025,47.0,2024_S2,5,2026,44.48,49,38
314585,ORATÓRIOS,MG,46.86,2026,53.0,2026_S2,11,2024,33.48,53,20
170330,BOM JESUS DO TOCANTINS,TO,46.86,2026,50.0,2026_S2,9,2023,34.58,50,23
241180,SÃO FERNANDO,RN,46.75,2025,48.5,2025_S2,7,2023,40.83,49,32
500390,FIGUEIRÃO,MS,46.71,2026,46.83,2026_S1,9,2025,39.48,50,31
430697,EREBANGO,RS,46.71,2026,48.0,2026_S2,7,2025,44.6,49,38
521839,PROFESSOR JAMIL,GO,46.71,2026,46.83,2026_S1,6,2024,44.08,48,41
354900,SÃO FRANCISCO,SP,46.6,2022,47.83,2024_S2,8,2025,46.21,51,41
510890,NOVA MARINGÁ,MT,46.57,2026,49.0,2026_S2,7,2023,43.58,49,37
520145,APARECIDA DO RIO DOCE,GO,46.57,2026,48.0,2026_S2,9,2023,40.71,50,31
314315,MONTE FORMOSO,MG,46.57,2026,52.0,2026_S2,23,2024,42.31,53,30
220960,SÃO FÉLIX DO PIAUÍ,PI,46.5,2025,46.67,2025_S2,10,2023,41.75,48,30
354360,RIFAINA,SP,46.5,2023,46.5,2023_S1,37,2024,28.74,48,9
352870,MARABÁ PAULISTA,SP,46.33,2025,49.0,2025_S2,10,2025,39.69,52,31
521805,PORTEIRÃO,GO,46.29,2026,50.0,2026_S2,15,2024,37.17,50,21
251203,POÇO DANTAS,PB,46.29,2026,46.5,2026_S1,11,2025,37.56,49,29
210565,JUNCO DO MARANHÃO,MA,46.29,2026,47.0,2026_S2,12,2023,32.9,47,14
170105,ANGICO,TO,46.29,2026,48.0,2025_S2,7,2025,40.79,49,33
251410,SÃO JOÃO DO TIGRE,PB,46.29,2026,47.17,2025_S2,6,2025,42.17,48,38
251380,SANTA TERESINHA,PB,46.25,2025,46.5,2025_S2,7,2024,41.96,49,35
353210,MURUTINGA DO SUL,SP,46.25,2023,47.33,2023_S2,27,2024,35.44,48,21
240160,BENTO FERNANDES,RN,46.17,2025,48.5,2025_S2,9,2025,38.98,51,30
220360,ELISEU MARTINS,PI,46.0,2026,50.0,2026_S2,7,2024,38.62,50,33
354280,RIBEIRA,SP,46.0,2026,49.0,2026_S2,9,2026,39.15,49,30
510452,IPIRANGA DO NORTE,MT,46.0,2026,49.0,2026_S2,7,2025,35.77,49,28
350090,ALTAIR,SP,46.0,2023,46.0,2023_S1,27,2024,41.48,47,20
314880,PEDRA DO ANTA,MG,45.92,2025,46.5,2025_S2,12,2023,39.42,48,29
510454,ITANHANGÁ,MT,45.86,2026,47.0,2026_S2,10,2025,32.56,48,25
421189,PAINEL,SC,45.86,2026,46.0,2026_S1,5,2025,37.83,48,31
510336,CONQUISTA DOESTE,MT,45.67,2024,48.5,2025_S1,31,2025,37.92,51,9
411585,MERCEDES,PR,45.67,2025,46.0,2025_S2,6,2024,41.0,47,35
520750,ESTRELA DO NORTE,GO,45.58,2025,48.5,2025_S2,12,2024,34.56,50,22
312695,FREI LAGONEGRO,MG,45.58,2025,46.83,2025_S2,13,2023,37.31,48,25
311210,CAPARAÓ,MG,45.57,2026,47.0,2026_S2,8,2023,40.81,48,30
220995,SÃO JOÃO DA VARJOTA,PI,45.57,2026,53.0,2026_S2,14,2024,26.88,53,9
351590,FLOREAL,SP,45.5,2025,46.0,2026_S2,4,2024,43.29,47,40
171830,PRAIA NORTE,TO,45.43,2026,46.0,2026_S2,7,2024,35.33,48,24
354840,SANTÓPOLIS DO AGUAPEÍ,SP,45.42,2024,49.33,2024_S2,30,2025,38.94,55,19
311535,CATAS ALTAS,MG,45.42,2024,47.33,2024_S1,9,2024,43.54,49,40
520650,CROMÍNIA,GO,45.33,2025,46.0,2025_S2,9,2024,40.06,48,32
420520,ERVAL VELHO,SC,45.33,2023,46.17,2023_S1,5,2024,42.85,47,40
250153,BARAÚNA,PB,45.0,2026,45.33,2026_S1,15,2024,29.94,47,11
171880,SAMPAIO,TO,45.0,2026,46.0,2026_S2,9,2025,36.52,47,27
350770,BRAÚNA,SP,45.0,2025,45.17,2025_S2,5,2023,41.08,47,35
521935,SANTA ISABEL,GO,45.0,2026,48.0,2026_S2,15,2023,36.94,48,21
430865,GARRUCHOS,RS,45.0,2024,46.0,2024_S1,6,2025,42.0,47,34
355420,TEJUPÁ,SP,45.0,2026,48.0,2026_S2,14,2024,38.15,48,30
421875,TUNÁPOLIS,SC,44.92,2025,45.17,2025_S1,5,2024,41.46,46,37
522015,SÃO LUIZ DO NORTE,GO,44.92,2024,49.0,2024_S1,30,2024,34.65,56,22
317047,URUANA DE MINAS,MG,44.86,2026,50.0,2026_S2,11,2026,34.92,50,21
110026,RIO CRESPO,RO,44.86,2026,45.0,2026_S1,10,2024,33.52,47,22
410315,BOM JESUS DO SUL,PR,44.86,2026,46.0,2026_S2,7,2024,38.9,46,30
411545,MARQUINHO,PR,44.83,2025,45.67,2025_S2,5,2024,41.62,47,37
421520,ROMELÂNDIA,SC,44.75,2025,46.83,2025_S2,8,2026,42.04,48,39
431455,PIRAPÓ,RS,44.71,2026,45.0,2026_S2,5,2024,40.06,46,36
410845,FOZ DO JORDÃO,PR,44.71,2026,49.0,2026_S2,10,2025,35.9,49,30
311740,CONCEIÇÃO DE IPANEMA,MG,44.57,2026,46.0,2026_S2,12,2024,31.48,47,18
431642,SAGRADA FAMÍLIA,RS,44.57,2026,45.0,2026_S2,10,2025,35.58,46,28
510724,SANTA CARMEM,MT,44.57,2026,49.0,2026_S2,9,2024,36.6,49,29
352890,MARIÁPOLIS,SP,44.5,2025,46.0,2025_S2,7,2024,40.73,48,33
251480,SÃO JOSÉ DOS CORDEIROS,PB,44.43,2026,45.0,2026_S2,16,2025,31.06,45,21
421920,VIDAL RAMOS,SC,44.43,2026,44.67,2026_S1,6,2024,38.58,46,29
520960,HEITORAÍ,GO,44.33,2025,45.33,2025_S2,10,2024,36.71,47,25
140002,AMAJARI,RR,44.29,2026,46.0,2026_S2,12,2024,30.77,46,9
172010,SÃO BENTO DO TOCANTINS,TO,44.29,2026,47.67,2024_S1,18,2024,41.92,49,31
431575,RIOZINHO,RS,44.25,2025,45.67,2025_S2,8,2024,40.0,47,29
313450,ITUTINGA,MG,44.08,2025,44.5,2025_S1,8,2024,37.81,46,30
431055,ITACURUBI,RS,44.08,2024,45.17,2024_S1,7,2025,42.35,46,37
316000,SANTO ANTÔNIO DO AVENTUREIRO,MG,44.0,2026,45.0,2026_S2,9,2024,37.54,45,30
315480,RIO ACIMA,MG,43.92,2025,44.5,2025_S2,11,2024,36.25,45,22
354710,SANTA MERCEDES,SP,43.92,2025,44.67,2025_S2,6,2024,38.96,46,33
410185,ARIRANHA DO IVAÍ,PR,43.86,2026,48.0,2026_S2,9,2026,35.69,48,28
251520,SÃO SEBASTIÃO DO UMBUZEIRO,PB,43.83,2025,44.33,2025_S2,5,2024,38.85,46,31
220210,CAMPINAS DO PIAUÍ,PI,43.57,2026,47.0,2026_S2,12,2023,34.19,47,16
220865,QUEIMADA NOVA,PI,43.57,2026,43.83,2026_S1,8,2025,33.65,49,25
420050,ÁGUAS DE CHAPECÓ,SC,43.5,2025,43.83,2025_S1,10,2024,39.19,46,33
352490,JAMBEIRO,SP,43.42,2025,44.0,2026_S2,12,2024,35.42,45,20
421725,SÃO PEDRO DE ALCÂNTARA,SC,43.29,2026,48.0,2026_S2,12,2025,24.33,48,8
412788,TUNAS DO PARANÁ,PR,43.17,2025,43.5,2025_S1,9,2024,37.44,45,29
411340,LEÓPOLIS,PR,43.14,2026,43.5,2026_S1,10,2024,30.73,45,22
353970,PLATINA,SP,43.14,2026,47.0,2026_S2,12,2025,32.6,47,23
420310,CAIBI,SC,43.08,2025,43.5,2025_S2,7,2026,37.52,47,30
314225,MIRAVÂNIA,MG,43.0,2025,45.33,2025_S2,10,2024,35.58,47,24
170382,CACHOEIRINHA,TO,43.0,2026,43.33,2025_S2,6,2023,37.9,45,31
420610,GRÃO PARÁ,SC,42.92,2025,44.0,2025_S2,8,2026,38.19,45,32
421540,SALTO VELOSO,SC,42.92,2024,43.17,2024_S1,4,2025,40.67,44,37
241025,PORTO DO MANGUE,RN,42.86,2026,48.0,2026_S2,13,2024,25.17,48,11
280190,CUMBE,SE,42.86,2026,46.0,2026_S2,8,2025,31.83,46,23
313200,ITACAMBIRA,MG,42.86,2026,43.33,2025_S2,7,2025,35.56,45,26
211065,SÃO DOMINGOS DO AZEITÃO,MA,42.86,2026,46.0,2026_S2,13,2024,30.58,46,18
420090,ANGELINA,SC,42.83,2025,43.67,2024_S2,10,2023,38.79,46,29
353330,NOVA LUZITÂNIA,SP,42.75,2024,45.0,2024_S1,27,2024,37.21,48,21
431085,JABOTICABA,RS,42.71,2026,46.0,2026_S2,6,2026,37.62,46,28
312600,FLORESTAL,MG,42.67,2025,43.33,2025_S2,6,2024,38.79,45,33
420950,LAURENTINO,SC,42.67,2025,43.0,2026_S2,5,2023,38.67,45,32
421145,NOVA ITABERABA,SC,42.5,2025,44.0,2026_S2,5,2024,39.83,44,35
220380,FLORES DO PIAUÍ,PI,42.43,2026,45.0,2026_S2,9,2024,30.69,45,18
410685,CRUZMALTINA,PR,42.43,2026,45.0,2026_S2,10,2023,34.92,45,24
315740,SANTA CRUZ DO ESCALVADO,MG,42.33,2025,45.0,2026_S2,9,2023,34.98,45,22
220950,SANTO INÁCIO DO PIAUÍ,PI,42.29,2026,45.0,2026_S2,7,2023,35.77,45,26
221090,SOCORRO DO PIAUÍ,PI,42.29,2026,43.0,2026_S2,13,2024,32.67,43,17
250410,CARRAPATEIRA,PB,42.29,2026,45.0,2026_S2,7,2025,33.81,45,26
313790,LAMIM,MG,42.17,2025,42.83,2025_S2,5,2024,38.75,45,34
314250,MONJOLOS,MG,42.14,2026,42.5,2026_S1,7,2024,38.31,45,34
220090,AROAZES,PI,42.14,2026,44.0,2026_S2,5,2024,35.67,44,29
431407,PASSO DO SOBRADO,RS,42.0,2025,43.17,2025_S1,6,2025,39.73,44,36
421335,PONTE ALTA DO NORTE,SC,42.0,2026,43.0,2026_S2,7,2026,37.0,45,30
421223,PARAÍSO,SC,42.0,2024,43.33,2024_S1,5,2024,39.0,44,34
220675,NOSSA SENHORA DE NAZARÉ,PI,42.0,2026,45.0,2026_S2,10,2024,30.27,45,21
241060,RAFAEL GODEIRO,RN,41.86,2026,43.33,2025_S2,11,2024,33.77,45,21
315970,SANTA ROSA DA SERRA,MG,41.86,2026,42.0,2026_S2,8,2023,36.27,44,25
312530,FARIA LEMOS,MG,41.86,2026,43.17,2025_S2,8,2024,34.25,44,26
522108,TERESINA DE GOIÁS,GO,41.83,2025,42.83,2025_S2,7,2024,37.77,44,32
521305,MIMOSO DE GOIÁS,GO,41.75,2025,42.17,2025_S2,6,2023,38.04,43,30
431244,MORRINHOS DO SUL,RS,41.67,2024,43.33,2024_S2,13,2025,35.81,45,21
240375,FERNANDO PEDROZA,RN,41.58,2025,42.0,2025_S2,7,2024,37.0,44,31
315640,ROMARIA,MG,41.58,2024,42.67,2024_S2,6,2025,38.92,43,32
354550,SANDOVALINA,SP,41.43,2026,43.0,2026_S2,8,2024,32.46,44,22
220271,COCAL DE TELHA,PI,41.43,2026,45.0,2026_S2,9,2023,36.06,45,28
311520,CONCEIÇÃO DA BARRA DE MINAS,MG,41.33,2025,42.33,2025_S2,5,2024,37.6,43,34
351015,CANITAR,SP,41.33,2025,41.83,2025_S1,11,2023,35.27,44,23
220173,BETÂNIA DO PIAUÍ,PI,41.29,2026,43.0,2026_S2,14,2024,28.56,43,8
430630,DAVID CANABARRO,RS,41.25,2023,41.5,2023_S1,6,2026,38.6,42,30
140028,IRACEMA,RR,41.14,2026,41.17,2026_S1,13,2024,27.35,46,13
220777,PATOS DO PIAUÍ,PI,41.14,2026,43.0,2026_S2,10,2023,30.75,43,19
220045,ALVORADA DO GURGUÉIA,PI,41.14,2026,44.0,2026_S2,12,2024,30.88,44,21
310770,BOM JESUS DO AMPARO,MG,41.08,2023,41.67,2023_S1,5,2025,40.12,43,36
412665,SULINA,PR,41.0,2024,41.33,2024_S2,5,2024,39.58,44,36
241380,TABOLEIRO GRANDE,RN,40.92,2025,43.0,2026_S2,6,2024,36.79,44,31
430915,GRAMADO XAVIER,RS,40.92,2024,41.33,2024_S2,3,2025,40.44,42,39
317060,VARGEM BONITA,MG,40.86,2026,42.0,2026_S2,10,2024,37.29,42,31
310040,ACAIACA,MG,40.83,2024,40.83,2024_S1,9,2023,37.67,42,30
220556,LAGOA DO BARRO DO PIAUÍ,PI,40.83,2025,41.0,2025_S2,10,2024,38.38,42,32
351010,CÂNDIDO RODRIGUES,SP,40.75,2025,43.0,2026_S2,9,2024,37.52,43,32
350300,ARAMINA,SP,40.71,2026,42.0,2026_S2,14,2025,35.38,44,24
250650,GURJÃO,PB,40.71,2026,44.0,2026_S2,7,2026,29.77,44,18
431477,PONTÃO,RS,40.71,2026,42.0,2026_S2,7,2025,31.98,42,22
510715,RESERVA DO CABAÇAL,MT,40.67,2024,42.5,2025_S1,30,2025,35.46,48,5
251030,NOVA PALMEIRA,PB,40.67,2025,40.83,2025_S2,4,2023,37.94,43,33
431160,LIBERATO SALZANO,RS,40.6,2022,40.6,2022_S2,4,2024,37.85,42,35
316443,SÃO SEBASTIÃO DA VARGEM ALEGRE,MG,40.6,2022,40.83,2023_S1,4,2025,37.73,42,33
171515,NOVO ALEGRE,TO,40.58,2025,41.83,2025_S2,7,2023,37.79,43,31
510269,CANABRAVA DO NORTE,MT,40.58,2025,42.17,2025_S1,6,2025,38.85,43,35
520015,ADELÂNDIA,GO,40.57,2026,44.0,2026_S2,8,2024,33.58,44,25
312470,ESTRELA DO INDAIÁ,MG,40.43,2026,43.0,2026_S2,5,2025,36.0,43,31
316700,SERRANOS,MG,40.43,2026,44.0,2026_S2,9,2024,30.88,44,16
313280,ITAMBÉ DO MATO DENTRO,MG,40.43,2026,44.0,2026_S2,6,2023,38.46,44,34
431090,JACUTINGA,RS,40.4,2022,40.4,2022_S2,6,2024,35.0,43,29
312150,DESTERRO DO MELO,MG,40.33,2025,40.83,2025_S2,6,2026,35.23,42,29
421080,MELEIRO,SC,40.33,2025,40.67,2024_S1,4,2023,39.02,42,34
313040,IJACI,MG,40.29,2026,42.0,2026_S2,5,2024,33.67,42,28
510185,BOM JESUS DO ARAGUAIA,MT,40.29,2026,42.0,2026_S2,9,2024,28.12,43,13
210470,GRAÇA ARANHA,MA,40.25,2024,41.0,2024_S2,4,2022,38.17,42,34
240165,BODÓ,RN,40.14,2026,41.0,2025_S2,6,2024,37.52,42,33
420220,BENEDITO NOVO,SC,40.08,2023,41.0,2023_S2,7,2026,38.38,43,33
353000,MIRA ESTRELA,SP,40.0,2025,41.33,2025_S2,6,2023,34.96,42,25
312720,FUNILÂNDIA,MG,40.0,2026,41.0,2026_S2,9,2024,31.29,41,21
351800,GUARANI DOESTE,SP,40.0,2026,41.0,2026_S2,7,2024,34.73,41,28
311900,CORDISLÂNDIA,MG,39.86,2026,44.0,2026_S2,8,2024,34.48,44,26
220695,NOVO SANTO ANTÔNIO,PI,39.86,2026,44.0,2026_S2,13,2024,27.25,44,15
251593,SERTÃOZINHO,PB,39.86,2026,41.0,2026_S2,9,2024,27.02,43,15
421860,TROMBUDO CENTRAL,SC,39.83,2025,40.67,2025_S2,11,2024,33.27,42,25
352110,IPEÚNA,SP,39.75,2025,40.33,2025_S2,9,2023,34.94,42,27
251615,SOSSÊGO,PB,39.75,2025,39.83,2025_S2,13,2024,30.62,42,14
280250,GENERAL MAYNARD,SE,39.71,2026,40.0,2026_S2,15,2025,21.94,41,10
220400,FRANCINÓPOLIS,PI,39.67,2024,41.0,2024_S2,8,2024,36.46,43,29
353310,NOVA GUATAPORANGA,SP,39.67,2025,40.67,2025_S2,6,2025,35.31,42,30
420160,ARROIO TRINTA,SC,39.58,2025,39.67,2025_S1,8,2024,34.79,41,28
432232,TURUÇU,RS,39.57,2026,40.0,2026_S2,7,2023,31.96,41,22
430635,DEZESSEIS DE NOVEMBRO,RS,39.57,2026,40.0,2026_S2,7,2024,34.54,41,28
510385,GAÚCHA DO NORTE,MT,39.57,2026,42.0,2026_S2,6,2025,34.48,42,30
251470,SÃO JOSÉ DO SABUGI,PB,39.5,2024,39.5,2024_S1,5,2023,38.46,41,35
221170,WALL FERRAZ,PI,39.43,2026,43.0,2026_S2,7,2023,29.54,43,18
420060,ÁGUAS MORNAS,SC,39.43,2026,42.0,2026_S2,14,2024,31.17,42,19
521540,OURO VERDE DE GOIÁS,GO,39.43,2026,40.0,2026_S2,8,2023,30.79,42,21
240590,JOÃO DIAS,RN,39.42,2025,40.0,2025_S2,4,2023,35.04,41,29
430980,IBIAÇÁ,RS,39.33,2025,39.5,2025_S2,6,2026,36.27,41,30
421635,SÃO JOÃO DO ITAPERIÚ,SC,39.29,2026,39.5,2026_S1,10,2023,26.31,41,9
310080,AGUANIL,MG,39.25,2025,39.5,2025_S2,3,2022,37.38,41,33
421568,SANTA TEREZINHA DO PROGRESSO,SC,39.2,2022,39.2,2022_S2,5,2026,35.75,40,30
280730,TELHA,SE,39.17,2025,41.17,2025_S1,8,2025,34.4,42,26
220209,CALDEIRÃO GRANDE DO PIAUÍ,PI,39.17,2025,41.0,2026_S2,6,2023,35.38,41,26
410920,GUARACI,PR,39.14,2026,41.0,2026_S2,6,2024,34.5,41,25
251440,SÃO JOSÉ DE ESPINHARAS,PB,39.08,2025,39.83,2025_S2,5,2024,34.12,42,26
431303,NOVA ESPERANÇA DO SUL,RS,39.0,2024,40.0,2024_S1,5,2024,36.83,41,30
211085,SÃO FRANCISCO DO BREJÃO,MA,39.0,2024,41.17,2024_S1,22,2024,30.58,46,16
430550,CIRÍACO,RS,38.92,2024,39.83,2024_S2,7,2025,37.21,42,33
310980,CACHOEIRA DOURADA,MG,38.92,2024,42.67,2024_S1,12,2024,36.46,44,31
410220,ATALAIA,PR,38.86,2026,40.0,2026_S2,9,2024,31.71,41,19
220327,CURRAL NOVO DO PIAUÍ,PI,38.86,2026,47.0,2026_S2,16,2026,23.48,47,13
220157,BELÉM DO PIAUÍ,PI,38.86,2026,44.0,2026_S2,10,2026,27.27,44,17
421310,PIRATUBA,SC,38.83,2025,40.0,2025_S2,6,2026,36.29,41,31
350730,BORACÉIA,SP,38.75,2024,40.5,2025_S1,24,2025,34.04,42,18
140070,UIRAMUTÃ,RR,38.67,2025,41.67,2025_S2,14,2025,31.5,46,20
421960,XAVANTINA,SC,38.67,2024,39.67,2025_S1,8,2026,36.19,41,28
220885,RIACHO FRIO,PI,38.67,2025,39.33,2025_S1,10,2024,32.71,42,25
351120,CATIGUÁ,SP,38.58,2025,40.5,2025_S2,10,2024,33.73,42,25
353625,PARISI,SP,38.58,2025,39.83,2025_S1,7,2025,35.75,41,30
430637,DILERMANDO DE AGUIAR,RS,38.58,2024,40.17,2025_S1,7,2025,35.62,42,29
171800,PORTO ALEGRE DO TOCANTINS,TO,38.43,2026,40.0,2026_S2,6,2024,31.56,40,24
317140,VIEIRAS,MG,38.43,2026,40.0,2026_S2,18,2024,24.75,40,9
420775,IRACEMINHA,SC,38.42,2025,38.83,2025_S2,7,2024,33.58,42,30
431430,PEJUÇARA,RS,38.33,2025,39.0,2025_S2,4,2024,35.1,40,32
420110,ANITÁPOLIS,SC,38.25,2025,41.0,2026_S2,9,2024,31.81,41,21
430265,BROCHIER,RS,38.25,2024,39.17,2024_S2,6,2025,36.04,41,31
312675,FRANCISCÓPOLIS,MG,38.17,2023,38.5,2023_S1,23,2024,26.96,40,16
250855,LOGRADOURO,PB,38.14,2026,40.0,2026_S2,10,2025,23.77,40,13
421935,VITOR MEIRELES,SC,38.08,2023,39.0,2023_S1,9,2026,37.02,41,30
241470,VÁRZEA,RN,38.08,2025,40.0,2026_S2,7,2025,32.38,41,26
220600,MARCOS PARENTE,PI,38.0,2026,38.33,2026_S1,14,2024,27.27,39,15
316320,SÃO JOSÉ DO ALEGRE,MG,37.92,2025,38.67,2025_S1,5,2024,35.77,40,32
171840,PRESIDENTE KENNEDY,TO,37.92,2024,38.5,2025_S2,5,2025,36.94,41,35
310960,CACHOEIRA DA PRATA,MG,37.92,2025,40.0,2026_S2,12,2024,32.69,40,25
431406,PASSA SETE,RS,37.86,2026,38.0,2026_S2,6,2025,33.58,40,27
311250,CAPIM BRANCO,MG,37.86,2026,39.83,2025_S2,9,2024,32.88,41,25
522100,TAQUARAL DE GOIÁS,GO,37.86,2026,43.0,2026_S2,10,2025,29.58,43,22
315390,RAPOSOS,MG,37.86,2026,40.0,2026_S2,5,2024,32.77,40,24
171370,MONTE SANTO DO TOCANTINS,TO,37.86,2026,40.0,2026_S2,8,2023,28.1,41,19
410115,ÂNGULO,PR,37.71,2026,41.0,2026_S2,7,2026,31.48,41,27
310380,ARAPUÁ,MG,37.67,2024,38.67,2025_S1,5,2025,35.98,39,31
240950,PEDRA GRANDE,RN,37.6,2022,37.6,2022_S2,8,2024,34.46,39,29
412865,VIRMOND,PR,37.58,2025,38.0,2025_S2,8,2026,35.75,40,31
430367,CAMPESTRE DA SERRA,RS,37.58,2023,37.83,2023_S2,5,2022,35.71,39,31
421315,PLANALTO ALEGRE,SC,37.57,2026,40.0,2026_S2,5,2025,27.19,40,18
220095,AROEIRAS DO ITAIM,PI,37.57,2026,41.0,2026_S2,15,2025,15.35,41,2
270490,MAR VERMELHO,AL,37.43,2026,41.0,2026_S2,18,2025,26.38,41,16
220559,LAGOA DO SÍTIO,PI,37.43,2026,40.0,2026_S2,14,2025,20.5,40,4
316460,SÃO SEBASTIÃO DO OESTE,MG,37.43,2026,40.0,2026_S2,10,2024,26.04,40,14
220795,NOVA SANTA RITA,PI,37.42,2024,41.0,2024_S2,11,2024,32.19,44,18
430260,BRAGA,RS,37.42,2024,38.17,2024_S2,8,2023,34.71,40,28
311720,CONCEIÇÃO DAS PEDRAS,MG,37.33,2025,37.67,2025_S2,7,2024,33.35,39,29
420287,BRUNÓPOLIS,SC,37.29,2026,38.0,2025_S2,5,2025,33.79,39,29
354930,SÃO JOÃO DO PAU DALHO,SP,37.29,2026,40.0,2026_S2,5,2023,32.65,40,27
220900,RIO GRANDE DO PIAUÍ,PI,37.29,2026,39.0,2026_S2,14,2024,26.52,40,12
241070,RIACHO DA CRUZ,RN,37.29,2026,40.0,2026_S2,8,2024,30.27,40,22
316140,SÃO FRANCISCO DO GLÓRIA,MG,37.29,2026,40.0,2026_S2,10,2025,27.31,40,21
421070,MATOS COSTA,SC,37.25,2025,37.5,2025_S2,5,2023,33.98,39,29
430087,ARARICÁ,RS,37.17,2025,38.0,2026_S2,11,2023,32.71,39,20
430705,ERNESTINA,RS,37.14,2026,37.17,2026_S1,6,2025,31.1,38,26
420270,BOTUVERÁ,SC,37.08,2025,37.33,2025_S1,6,2023,32.0,38,24
350140,ÁLVARO DE CARVALHO,SP,37.0,2026,37.0,2026_S1,6,2024,30.29,37,22
240880,PARAZINHO,RN,37.0,2025,38.33,2025_S1,7,2025,33.6,39,27
420555,FREI ROGÉRIO,SC,37.0,2026,40.0,2026_S2,9,2023,32.04,40,21
350020,ADOLFO,SP,36.86,2026,38.17,2025_S2,26,2025,27.6,39,13
430560,COLORADO,RS,36.83,2025,37.17,2025_S2,8,2024,33.1,38,29
431842,SÃO JOÃO DA URTIGA,RS,36.83,2025,37.33,2025_S2,5,2026,32.9,38,28
431349,NOVO BARREIRO,RS,36.75,2024,39.17,2024_S2,8,2024,32.33,40,25
353420,ORINDIÚVA,SP,36.75,2024,38.33,2024_S2,9,2023,33.44,39,25
431520,PUTINGA,RS,36.75,2025,37.33,2025_S2,4,2026,34.6,38,32
520360,BRAZABRANTES,GO,36.71,2026,44.0,2026_S2,14,2024,20.4,44,2
520670,DAMIANÓPOLIS,GO,36.6,2022,39.0,2026_S2,4,2022,34.85,39,31
313530,JAPARAÍBA,MG,36.57,2026,38.0,2026_S2,6,2023,29.65,38,21
315930,SANTA RITA DE JACUTINGA,MG,36.5,2025,36.83,2025_S1,9,2023,29.52,39,17
353090,MOMBUCA,SP,36.5,2023,37.17,2023_S1,23,2023,26.04,46,15
311980,CÓRREGO DANTA,MG,36.43,2026,37.0,2026_S2,7,2024,33.54,37,29
500627,PARAÍSO DAS ÁGUAS,MS,36.43,2026,39.0,2026_S2,9,2023,27.94,40,17
420665,GUATAMBÚ,SC,36.33,2024,38.0,2026_S2,7,2023,34.33,38,26
170388,CARMOLÂNDIA,TO,36.29,2026,38.0,2026_S2,7,2024,29.15,38,20
220177,BOA HORA,PI,36.14,2026,41.0,2026_S2,10,2025,25.5,41,15
432375,VITÓRIA DAS MISSÕES,RS,36.14,2026,36.33,2025_S2,6,2023,31.12,38,24
520710,DIORAMA,GO,36.08,2025,37.17,2025_S2,9,2024,32.67,38,27
431275,NOVA ALVORADA,RS,36.08,2023,36.17,2023_S2,5,2025,33.98,37,30
313925,MAMONAS,MG,36.08,2025,36.17,2025_S1,4,2024,32.77,38,29
420660,GUARUJÁ DO SUL,SC,36.0,2026,37.0,2025_S2,7,2025,32.52,39,29
520660,CUMARI,GO,36.0,2026,38.0,2026_S2,6,2024,28.29,38,21
250220,BOM JESUS,PB,36.0,2026,40.0,2026_S2,6,2024,26.06,40,20
315500,RIO DOCE,MG,36.0,2026,36.17,2025_S2,9,2025,25.94,38,14
430607,CRISTAL DO SUL,RS,36.0,2026,36.17,2025_S2,9,2024,30.15,38,22
410347,CAFEZAL DO SUL,PR,35.86,2026,47.0,2026_S2,17,2026,29.65,47,18
430235,BOM PRINCÍPIO,RS,35.83,2024,36.17,2024_S2,6,2025,34.06,37,28
431030,ILÓPOLIS,RS,35.83,2024,36.33,2024_S1,7,2023,33.75,38,29
314890,PEDRA DO INDAIÁ,MG,35.75,2025,37.0,2025_S1,8,2024,32.48,38,27
421567,SANTA TEREZINHA,SC,35.67,2025,37.67,2025_S2,6,2025,31.98,39,26
221039,SÃO MIGUEL DO FIDALGO,PI,35.67,2025,36.0,2025_S1,9,2023,31.08,36,22
410105,ANAHY,PR,35.57,2026,37.0,2026_S2,5,2024,30.02,38,25
170755,FÁTIMA,TO,35.57,2026,38.0,2026_S2,5,2023,31.21,38,26
430781,ESTRELA VELHA,RS,35.43,2026,37.0,2026_S2,7,2024,29.33,37,23
314130,MEDEIROS,MG,35.43,2026,36.0,2026_S2,9,2024,26.21,37,17
353100,MONÇÕES,SP,35.17,2023,38.0,2024_S1,28,2024,24.94,41,11
221063,SEBASTIÃO LEAL,PI,35.14,2026,36.0,2026_S2,11,2025,23.02,38,13
171525,NOVO JARDIM,TO,35.14,2026,38.0,2026_S2,7,2024,27.94,39,22
220375,FARTURA DO PIAUÍ,PI,35.14,2026,37.0,2026_S2,10,2025,25.71,37,17
521580,PALMELO,GO,35.14,2026,38.0,2026_S2,4,2024,32.42,38,27
315870,SANTANA DO GARAMBÉU,MG,35.0,2025,36.17,2025_S1,6,2025,32.96,37,29
355255,SUZANÁPOLIS,SP,35.0,2026,36.17,2025_S2,6,2026,32.25,39,30
251278,RIACHO DE SANTO ANTÔNIO,PB,35.0,2026,36.17,2025_S2,11,2024,24.33,37,11
350110,ALTO ALEGRE,SP,35.0,2026,37.0,2026_S2,4,2026,32.69,37,28
315910,SANTANA DOS MONTES,MG,35.0,2026,36.0,2026_S2,6,2026,31.98,38,27
312850,GUARARÁ,MG,34.92,2024,35.67,2025_S1,4,2022,33.38,36,28
150640,SANTA CRUZ DO ARARI,PA,34.86,2026,37.0,2026_S2,9,2024,30.1,37,21
500510,JATEÍ,MS,34.86,2026,35.0,2023_S2,5,2023,33.98,36,31
412015,PORTO BARREIRO,PR,34.75,2025,36.17,2025_S2,7,2026,31.35,38,26
353320,NOVA INDEPENDÊNCIA,SP,34.71,2026,36.0,2026_S2,9,2024,29.44,36,23
520310,BALIZA,GO,34.71,2026,41.0,2026_S2,16,2022,24.44,41,12
412033,PRADO FERREIRA,PR,34.67,2025,35.17,2025_S2,7,2024,30.56,37,22
352910,MARINÓPOLIS,SP,34.67,2025,35.5,2025_S1,5,2024,33.21,37,30
315010,PIAU,MG,34.58,2025,35.33,2025_S2,9,2023,29.5,36,19
510670,PONTE BRANCA,MT,34.58,2023,36.17,2024_S1,10,2024,32.6,39,27
354920,SÃO JOÃO DAS DUAS PONTES,SP,34.5,2024,35.5,2024_S1,5,2023,32.9,36,29
420190,AURORA,SC,34.43,2026,34.67,2026_S1,7,2023,30.31,36,22
220552,JÚLIO BORGES,PI,34.43,2026,40.0,2026_S2,10,2025,21.52,40,11
251570,SERRA GRANDE,PB,34.43,2026,38.0,2026_S2,9,2025,23.79,38,15
431532,QUEVEDOS,RS,34.43,2026,36.0,2026_S2,6,2024,30.29,36,27
510100,ARAGUAIANA,MT,34.25,2025,34.5,2025_S2,5,2024,30.73,37,25
430070,ANTA GORDA,RS,34.17,2025,34.5,2025_S1,6,2026,33.04,35,27
521590,PALMINÓPOLIS,GO,34.14,2026,37.0,2026_S2,15,2024,26.81,37,15
420680,IBICARÉ,SC,34.08,2025,35.67,2025_S2,5,2025,31.52,37,27
251300,SALGADINHO,PB,34.0,2026,36.0,2026_S2,10,2024,24.08,36,13
314940,PEDRO TEIXEIRA,MG,34.0,2024,35.5,2024_S2,13,2025,28.08,36,21
412030,PORTO VITÓRIA,PR,34.0,2022,34.0,2022_S2,7,2024,32.58,37,29
411030,INAJÁ,PR,34.0,2025,34.33,2026_S1,13,2024,25.44,35,12
352115,IPIGUÁ,SP,33.92,2025,35.5,2024_S2,8,2023,30.85,37,23
411640,NOSSA SENHORA DAS GRAÇAS,PR,33.83,2025,35.0,2026_S2,8,2024,28.19,35,20
210135,BACURITUBA,MA,33.75,2025,35.5,2025_S2,12,2025,28.15,40,20
353215,NANTES,SP,33.75,2025,35.17,2025_S1,6,2024,29.69,36,23
220990,SÃO JOÃO DA SERRA,PI,33.71,2026,41.0,2026_S2,13,2026,27.42,41,22
251560,SERRA DA RAIZ,PB,33.71,2026,37.0,2026_S2,8,2024,25.6,37,17
355130,SEBASTIANÓPOLIS DO SUL,SP,33.67,2023,36.17,2023_S2,8,2023,31.52,37,26
351580,FLORA RICA,SP,33.6,2022,33.67,2023_S2,5,2025,30.38,35,23
354830,SANTO EXPEDITO,SP,33.5,2025,34.17,2024_S1,12,2023,30.04,38,21
430085,ARAMBARÉ,RS,33.43,2026,38.0,2026_S2,9,2024,21.25,38,11
220005,ACAUÃ,PI,33.43,2026,37.0,2026_S2,10,2025,22.6,38,15
421090,MODELO,SC,33.42,2025,33.83,2025_S2,5,2024,31.17,34,29
355120,SARUTAIÁ,SP,33.42,2024,34.17,2024_S2,6,2025,31.33,35,27
420543,FORMOSA DO SUL,SC,33.42,2025,34.0,2025_S1,7,2026,31.15,34,25
315470,RIBEIRÃO VERMELHO,MG,33.42,2025,33.67,2025_S1,11,2024,27.71,34,20
160025,ITAUBAL,AP,33.29,2026,38.0,2026_S2,10,2024,23.79,38,12
350720,BORÁ,SP,33.29,2026,49.0,2026_S2,33,2026,13.57,50,3
314750,PASSABÉM,MG,33.25,2025,33.83,2025_S1,8,2024,27.31,34,16
420127,ARABUTÃ,SC,33.25,2024,33.83,2024_S1,8,2026,30.81,34,19
311560,CEDRO DO ABAETÉ,MG,33.14,2026,36.0,2026_S2,5,2024,28.96,36,26
251100,PEDRA BRANCA,PB,33.14,2026,35.0,2026_S2,7,2024,27.73,35,21
280700,SÃO MIGUEL DO ALEIXO,SE,33.14,2026,34.0,2026_S2,7,2024,27.27,35,19
220860,PRATA DO PIAUÍ,PI,33.14,2026,39.0,2026_S2,12,2024,22.23,39,11
411965,PITANGUEIRAS,PR,33.14,2026,33.5,2026_S1,8,2024,21.94,35,12
221035,SÃO LOURENÇO DO PIAUÍ,PI,33.14,2026,36.0,2026_S2,7,2024,25.56,36,20
170825,FORTALEZA DO TABOCÃO,TO,33.08,2024,35.5,2024_S1,23,2024,27.46,42,17
220117,BARRA DALCÂNTARA,PI,33.08,2025,33.67,2025_S2,6,2024,27.29,34,20
251398,SÃO FRANCISCO,PB,33.0,2026,37.0,2026_S2,6,2026,23.69,37,14
430957,HERVEIRAS,RS,33.0,2026,33.0,2026_S1,7,2025,26.31,34,19
410304,BOA VENTURA DE SÃO ROQUE,PR,33.0,2026,33.83,2025_S2,8,2024,31.15,34,26
354180,QUEIROZ,SP,33.0,2023,33.33,2023_S2,20,2024,24.23,35,14
353284,NOVA CANAÃ PAULISTA,SP,33.0,2025,34.0,2025_S2,6,2023,29.04,35,19
251460,SÃO JOSÉ DO BONFIM,PB,33.0,2026,36.0,2026_S2,9,2024,25.65,36,18
221010,SÃO JOSÉ DO PEIXE,PI,32.92,2025,33.83,2025_S2,7,2023,26.88,35,18
410340,CAFEARA,PR,32.83,2024,33.33,2024_S2,4,2023,31.52,35,29
431620,RONDINHA,RS,32.8,2022,32.8,2022_S2,5,2026,28.17,34,21
510719,RIBEIRÃOZINHO,MT,32.75,2025,34.0,2024_S2,9,2023,28.88,35,18
431043,IPÊ,RS,32.71,2026,34.0,2026_S2,7,2024,27.25,34,22
354030,PONTES GESTAL,SP,32.58,2025,33.67,2025_S2,5,2024,28.48,35,22
311190,CANA VERDE,MG,32.57,2026,38.0,2026_S2,8,2026,23.44,38,17
280010,AMPARO DE SÃO FRANCISCO,SE,32.5,2025,33.5,2025_S1,3,2023,30.35,34,27
311540,CATAS ALTAS DA NORUEGA,MG,32.43,2026,32.5,2026_S1,4,2026,30.79,35,28
220100,ARRAIAL,PI,32.42,2025,34.0,2026_S2,7,2023,26.56,35,17
430805,FAXINALZINHO,RS,32.4,2022,32.4,2022_S2,6,2025,29.06,33,22
432215,TUNAS,RS,32.33,2025,32.83,2025_S1,7,2026,30.35,34,25
220775,PASSAGEM FRANCA DO PIAUÍ,PI,32.29,2026,33.0,2026_S2,12,2024,19.94,33,8
312170,DIOGO DE VASCONCELOS,MG,32.29,2026,35.0,2026_S2,10,2026,19.46,36,8
241160,SÃO BENTO DO NORTE,RN,32.08,2025,32.17,2025_S2,7,2024,26.17,33,17
311220,CAPELA NOVA,MG,32.08,2025,32.67,2024_S2,5,2026,29.85,33,25
431290,NOVA BASSANO,RS,32.0,2026,32.33,2026_S1,5,2023,27.23,33,20
311990,CÓRREGO DO BOM JESUS,MG,32.0,2026,33.0,2026_S2,6,2025,29.04,33,26
314420,NACIP RAYDAN,MG,31.83,2024,37.0,2024_S1,42,2023,27.15,57,11
313000,IBITURUNA,MG,31.83,2023,32.5,2023_S2,15,2024,25.67,33,18
311040,CAMACHO,MG,31.8,2022,32.67,2024_S1,8,2024,28.94,34,25
421507,RIQUEZA,SC,31.75,2025,32.0,2025_S2,6,2026,28.21,32,24
316360,SÃO JOSÉ DO MANTIMENTO,MG,31.71,2026,33.0,2026_S2,7,2024,23.9,33,15
432060,SEVERIANO DE ALMEIDA,RS,31.71,2026,31.83,2026_S1,4,2024,27.44,33,24
220935,SANTANA DO PIAUÍ,PI,31.71,2026,34.0,2026_S2,7,2024,23.12,34,12
355465,TORRE DE PEDRA,SP,31.67,2025,31.67,2025_S1,4,2024,30.21,33,28
350315,ARAPEÍ,SP,31.6,2022,31.6,2022_S2,20,2023,21.1,32,11
220585,MADEIRO,PI,31.58,2025,33.67,2025_S2,30,2026,21.25,38,8
431445,PINHAL,RS,31.42,2024,32.5,2025_S1,5,2024,29.42,34,24
315530,RIO MANSO,MG,31.33,2024,32.33,2024_S2,3,2023,29.77,33,25
314900,PEDRA DOURADA,MG,31.33,2025,32.33,2025_S2,7,2024,24.98,33,19
171845,PUGMIL,TO,31.25,2025,31.5,2025_S2,5,2023,27.75,32,19
412590,SÃO PEDRO DO PARANÁ,PR,31.17,2025,31.5,2025_S1,6,2024,28.65,32,25
431339,NOVO CABRAIS,RS,31.14,2026,31.33,2026_S1,7,2024,23.46,32,15
170389,CARRASCO BONITO,TO,31.14,2026,33.0,2026_S2,9,2024,25.46,34,19
351090,CÁSSIA DOS COQUEIROS,SP,31.14,2026,32.5,2025_S2,8,2025,27.42,33,24
430185,BARRA DO GUARITA,RS,31.14,2026,32.17,2025_S2,7,2025,24.94,33,17
250340,CACIMBA DE AREIA,PB,31.08,2024,31.17,2024_S2,5,2026,29.6,33,26
421575,SÃO BERNARDINO,SC,31.0,2026,31.0,2026_S1,4,2024,27.25,32,24
350200,ANALÂNDIA,SP,31.0,2024,33.17,2024_S2,8,2025,27.79,34,20
172025,SÃO SALVADOR DO TOCANTINS,TO,31.0,2025,31.33,2025_S1,3,2024,29.02,32,26
120043,SANTA ROSA DO PURUS,AC,31.0,2026,35.0,2026_S2,11,2024,14.5,35,3
412635,SERRANÓPOLIS DO IGUAÇU,PR,31.0,2026,34.0,2026_S2,6,2026,28.42,34,22
431041,INHACORÁ,RS,30.92,2024,31.5,2024_S2,6,2025,29.25,33,23
221038,SÃO MIGUEL DA BAIXA GRANDE,PI,30.92,2025,31.0,2025_S1,8,2024,27.12,32,23
430005,ÁGUA SANTA,RS,30.92,2025,31.5,2025_S1,7,2024,26.96,33,23
430515,CERRO GRANDE,RS,30.86,2026,32.0,2026_S2,5,2024,25.79,33,21
411435,MANFRINÓPOLIS,PR,30.86,2026,31.17,2026_S1,5,2024,25.04,32,19
270580,OLHO DÁGUA DO CASADO,AL,30.86,2026,31.0,2026_S2,6,2025,21.42,33,13
170360,BRASILÂNDIA DO TOCANTINS,TO,30.86,2026,31.17,2025_S2,9,2023,26.67,32,18
220527,JATOBÁ DO PIAUÍ,PI,30.86,2026,32.0,2026_S2,7,2024,21.04,33,12
432030,SELBACH,RS,30.83,2025,31.0,2025_S1,7,2026,26.56,32,23
220530,JERUMENHA,PI,30.83,2025,31.83,2025_S2,5,2025,27.65,34,23
421915,VARGEM,SC,30.83,2025,31.5,2025_S2,6,2023,28.58,33,23
350995,CANAS,SP,30.71,2026,33.0,2026_S2,8,2026,24.4,34,18
510450,INDIAVAÍ,MT,30.67,2023,32.5,2023_S2,9,2025,29.02,34,24
431400,PARAÍ,RS,30.67,2025,31.0,2025_S2,7,2024,26.1,32,22
431344,NOVO TIRADENTES,RS,30.67,2025,30.83,2025_S1,9,2023,27.73,32,18
521690,PILAR DE GOIÁS,GO,30.58,2025,31.33,2025_S2,8,2024,22.35,33,12
220545,JOCA MARQUES,PI,30.57,2026,33.0,2026_S2,7,2024,23.46,33,15
410395,CAMPINA DO SIMÃO,PR,30.57,2026,34.0,2026_S2,9,2026,25.33,35,20
260545,FERNANDO DE NORONHA,PE,30.42,2024,33.83,2024_S2,12,2024,25.21,37,12
412135,RANCHO ALEGRE DOESTE,PR,30.29,2026,32.0,2026_S2,8,2024,23.79,32,17
354720,SANTANA DA PONTE PENSA,SP,30.25,2025,31.83,2024_S2,13,2024,25.58,33,17
430645,DOIS LAJEADOS,RS,30.25,2025,31.17,2025_S1,4,2025,28.5,33,26
353715,PEDRINHAS PAULISTA,SP,30.25,2025,31.67,2025_S2,7,2025,26.46,34,23
410322,BOM SUCESSO DO SUL,PR,30.14,2026,31.17,2025_S1,6,2025,27.88,33,22
431342,NOVO MACHADO,RS,30.08,2024,30.67,2024_S2,4,2024,27.4,32,22
351650,GABRIEL MONTEIRO,SP,30.0,2023,30.33,2023_S2,15,2024,26.35,33,18
311787,CONFINS,MG,30.0,2026,30.17,2024_S2,7,2024,25.96,31,17
220665,MORRO CABEÇA NO TEMPO,PI,30.0,2026,31.0,2026_S2,6,2023,20.48,31,8
314040,MARMELÓPOLIS,MG,29.92,2025,30.0,2025_S2,5,2023,27.58,31,24
221160,VILA NOVA DO PIAUÍ,PI,29.86,2026,30.0,2026_S2,7,2024,22.35,31,12
353325,NOVAIS,SP,29.86,2026,30.0,2026_S2,4,2025,25.88,30,23
240510,JANDAÍRA,RN,29.8,2022,29.8,2022_S2,6,2025,27.73,31,23
431845,SÃO JOSÉ DAS MISSÕES,RS,29.71,2026,32.0,2026_S2,4,2026,27.27,32,22
510729,SÃO JOSÉ DO POVO,MT,29.71,2026,43.0,2026_S2,33,2026,10.0,43,5
521260,MAIRIPOTABA,GO,29.58,2025,30.33,2025_S2,5,2023,24.81,31,16
421265,PESCARIA BRAVA,SC,29.57,2026,32.0,2026_S2,14,2024,20.67,32,5
411845,PATO BRAGADO,PR,29.43,2026,29.5,2026_S1,6,2024,26.29,31,21
412610,SÃO TOMÉ,PR,29.42,2025,29.5,2025_S2,7,2024,25.1,30,17
170625,CRIXÁS DO TOCANTINS,TO,29.29,2026,29.5,2026_S1,5,2023,24.65,31,18
420445,CORONEL MARTINS,SC,29.08,2023,29.5,2023_S2,6,2026,27.85,31,22
316265,SÃO JOÃO DO PACUÍ,MG,29.08,2023,35.0,2024_S1,15,2024,27.73,36,21
251070,PASSAGEM,PB,29.0,2026,29.0,2025_S2,6,2024,22.6,30,15
521480,NOVA AURORA,GO,29.0,2026,30.0,2026_S2,4,2023,27.73,30,25
421590,SÃO BONIFÁCIO,SC,29.0,2025,29.5,2025_S2,6,2024,24.42,31,17
431403,PARECI NOVO,RS,28.86,2026,29.0,2026_S2,5,2023,24.94,30,19
251335,SANTA INÊS,PB,28.86,2026,32.0,2026_S2,8,2026,22.33,32,13
411535,MARIPÁ,PR,28.86,2026,30.33,2025_S2,9,2025,21.52,31,14
430495,CASEIROS,RS,28.83,2025,30.17,2025_S2,5,2025,26.73,31,23
351610,FLORÍNEA,SP,28.83,2024,29.67,2024_S2,6,2025,26.31,31,23
420760,IPIRA,SC,28.8,2022,29.5,2025_S2,3,2025,28.15,30,26
521490,NOVA ROMA,GO,28.71,2026,32.0,2026_S2,7,2023,22.48,32,14
241490,VIÇOSA,RN,28.71,2026,28.83,2026_S1,8,2024,20.17,29,10
160055,PRACUÚBA,AP,28.67,2025,29.0,2025_S2,7,2023,25.1,31,15
220551,JUAZEIRO DO PIAUÍ,PI,28.57,2026,29.0,2026_S2,7,2024,18.31,29,8
170510,CHAPADA DA NATIVIDADE,TO,28.57,2026,29.0,2026_S2,4,2023,27.12,30,24
420030,AGRONÔMICA,SC,28.57,2026,28.83,2025_S2,5,2026,26.56,31,22
171888,SANTA MARIA DO TOCANTINS,TO,28.5,2025,29.0,2025_S2,4,2024,25.06,30,21
313080,INGAÍ,MG,28.42,2025,28.67,2025_S2,3,2024,26.48,30,22
311590,CHÁCARA,MG,28.33,2025,29.0,2025_S2,6,2024,26.15,30,23
312550,SÃO GONÇALO DO RIO PRETO,MG,28.33,2024,29.67,2025_S1,9,2025,26.6,31,20
270090,BELO MONTE,AL,28.29,2026,28.33,2026_S1,9,2024,22.25,31,16
410753,ENTRE RIOS DO OESTE,PR,28.29,2026,28.33,2026_S1,5,2023,23.6,30,20
432340,VILA MARIA,RS,28.25,2023,29.0,2023_S2,5,2024,25.96,29,20
170600,COUTO MAGALHÃES,TO,28.25,2025,28.67,2025_S2,8,2024,22.12,30,13
290740,CATOLÂNDIA,BA,28.17,2024,30.0,2026_S2,5,2023,27.06,30,22
430155,ÁUREA,RS,28.17,2025,29.0,2025_S2,5,2026,26.27,29,24
520420,CACHOEIRA DE GOIÁS,GO,28.17,2025,30.33,2025_S2,7,2025,22.27,31,13
170410,CENTENÁRIO,TO,28.17,2025,28.33,2025_S2,4,2024,25.02,30,21
171110,ITAPORÃ DO TOCANTINS,TO,28.08,2025,28.17,2025_S1,4,2023,23.67,29,17
430632,DERRUBADAS,RS,28.08,2024,29.0,2024_S2,5,2025,27.02,30,23
221150,VERA MENDES,PI,28.0,2026,29.0,2026_S2,12,2024,19.38,29,7
421140,NOVA ERECHIM,SC,27.86,2026,28.0,2026_S1,5,2025,25.58,29,22
431205,MARQUES DE SOUZA,RS,27.86,2026,28.0,2026_S2,5,2024,24.96,29,19
432065,SILVEIRA MARTINS,RS,27.75,2023,28.5,2023_S1,5,2023,24.0,30,18
311620,CHIADOR,MG,27.75,2025,28.33,2025_S2,4,2022,25.56,29,19
350500,BARÃO DE ANTONINA,SP,27.71,2026,28.33,2025_S2,6,2025,24.33,30,20
240190,CAIÇARA DO RIO DO VENTO,RN,27.71,2026,27.83,2026_S1,10,2024,20.27,29,12
354515,SALTINHO,SP,27.67,2025,29.17,2025_S2,9,2025,22.0,31,17
316225,SÃO JOÃO DA LAGOA,MG,27.67,2023,31.67,2024_S1,12,2024,25.54,33,21
431213,MATO CASTELHANO,RS,27.58,2024,27.83,2024_S2,3,2025,26.58,29,24
314950,PEQUERI,MG,27.57,2026,30.0,2026_S2,7,2026,21.17,30,18
251465,SÃO JOSÉ DO BREJO DO CRUZ,PB,27.57,2026,28.0,2026_S2,13,2024,16.94,30,5
316230,SÃO JOÃO DA MATA,MG,27.5,2023,28.67,2023_S1,10,2023,24.33,30,18
171200,LAJEADO,TO,27.43,2026,31.0,2026_S2,9,2024,19.81,31,12
521878,RIO QUENTE,GO,27.43,2026,27.5,2026_S1,10,2024,21.12,29,13
354110,PRESIDENTE ALVES,SP,27.42,2024,28.33,2024_S2,9,2026,24.44,30,14
421180,OURO,SC,27.4,2022,27.4,2022_S2,5,2023,23.46,28,20
510835,VALE DE SÃO DOMINGOS,MT,27.33,2025,29.17,2025_S1,22,2025,20.83,34,8
431065,ITATI,RS,27.29,2026,29.0,2026_S2,6,2023,16.92,30,7
352885,MARAPOAMA,SP,27.29,2026,28.0,2026_S2,6,2023,25.0,28,21
351270,CORUMBATAÍ,SP,27.25,2025,27.67,2025_S1,5,2023,24.71,28,19
350890,CAIABU,SP,27.25,2025,28.67,2025_S1,6,2024,25.4,29,22
521973,SANTO ANTÔNIO DE GOIÁS,GO,27.14,2026,27.17,2026_S1,8,2025,21.69,28,16
420315,CALMON,SC,27.14,2026,29.33,2025_S2,9,2025,23.54,31,19
410657,CRUZEIRO DO IGUAÇU,PR,27.14,2026,27.33,2026_S1,8,2023,20.71,28,13
251740,ZABELÊ,PB,27.14,2026,28.0,2026_S2,13,2025,16.71,29,9
311470,CARVALHÓPOLIS,MG,27.0,2026,28.0,2026_S2,7,2023,21.67,28,13
310130,ALAGOA,MG,27.0,2026,28.0,2026_S2,6,2023,23.71,28,16
420415,CELSO RAMOS,SC,26.92,2024,27.17,2024_S2,4,2023,25.19,29,22
431142,LAJEADO DO BUGRE,RS,26.86,2026,29.0,2026_S2,7,2024,20.44,29,14
432370,VISTA GAÚCHA,RS,26.86,2026,27.17,2026_S1,3,2026,26.1,28,25
171900,SANTA TEREZA DO TOCANTINS,TO,26.86,2026,28.0,2026_S2,8,2025,20.56,30,14
354440,RUBIÁCEA,SP,26.75,2024,28.83,2024_S2,9,2024,24.71,32,21
240390,FRANCISCO DANTAS,RN,26.71,2026,31.0,2026_S2,6,2026,20.31,31,13
421300,PINHEIRO PRETO,SC,26.71,2026,27.5,2025_S2,5,2025,22.69,29,19
431846,SÃO JOSÉ DO HERVAL,RS,26.67,2025,27.33,2026_S1,8,2026,25.52,29,21
220415,FRANCISCO MACEDO,PI,26.57,2026,27.0,2026_S2,6,2024,18.75,28,12
431675,SANTA CLARA DO SUL,RS,26.57,2026,28.0,2026_S2,3,2025,23.62,28,19
421490,RIO FORTUNA,SC,26.5,2025,26.5,2025_S1,5,2026,24.1,28,21
521205,JESÚPOLIS,GO,26.5,2025,26.67,2025_S2,8,2023,20.94,28,7
314960,PEQUI,MG,26.42,2025,27.17,2025_S1,6,2024,22.67,28,18
521340,MOIPORÁ,GO,26.42,2025,26.83,2025_S2,6,2023,22.42,28,15
520680,DAMOLÂNDIA,GO,26.42,2025,27.17,2025_S2,7,2024,20.67,28,14
521920,SANTA CRUZ DE GOIÁS,GO,26.33,2024,26.67,2024_S2,3,2023,24.6,28,22
171270,MATEIROS,TO,26.29,2026,34.0,2026_S2,21,2026,12.96,35,7
351330,CRUZÁLIA,SP,26.2,2022,27.0,2023_S2,20,2024,19.75,28,7
353450,OSCAR BRESSANE,SP,26.2,2022,26.2,2022_S2,6,2026,23.6,27,18
420180,ATALANTA,SC,26.17,2024,27.0,2024_S2,4,2023,24.44,28,20
510740,SÃO PEDRO DA CIPA,MT,26.17,2025,27.0,2026_S2,8,2024,21.17,28,12
172093,TAIPAS DO TOCANTINS,TO,26.14,2026,27.0,2026_S2,7,2023,20.6,29,14
251394,SÃO DOMINGOS DO CARIRI,PB,26.14,2026,27.0,2026_S2,8,2023,20.35,27,10
220735,PAJEÚ DO PIAUÍ,PI,26.14,2026,30.0,2026_S2,9,2025,15.35,30,2
172130,TUPIRATINS,TO,26.08,2025,26.83,2025_S2,4,2023,22.92,29,17
522180,URUTAÍ,GO,26.0,2026,28.0,2026_S2,7,2025,18.77,28,12
412420,SANTO ANTÔNIO DO CAIUÁ,PR,26.0,2026,26.0,2026_S1,12,2024,18.94,28,8
314660,PAIVA,MG,26.0,2026,28.0,2026_S2,8,2023,21.96,28,13
312640,FORTUNA DE MINAS,MG,26.0,2026,26.0,2026_S1,8,2024,19.58,28,10
421535,SALTINHO,SC,26.0,2026,26.17,2025_S2,4,2025,23.31,27,20
352725,LOURDES,SP,26.0,2024,26.67,2024_S2,3,2022,24.35,27,19
350745,BOREBI,SP,25.92,2025,26.0,2025_S2,7,2023,20.88,27,13
316820,TAPIRAÍ,MG,25.92,2025,27.83,2025_S2,6,2025,24.23,29,21
220207,CAJAZEIRAS DO PIAUÍ,PI,25.92,2025,26.67,2025_S2,7,2024,20.31,27,14
431112,JAQUIRANA,RS,25.92,2024,27.0,2026_S2,6,2025,24.17,28,21
316640,SERITINGA,MG,25.86,2026,27.0,2026_S2,9,2024,19.19,27,13
312340,DORESÓPOLIS,MG,25.86,2026,26.0,2026_S2,5,2025,19.62,27,16
270740,PORTO DE PEDRAS,AL,25.83,2024,28.17,2024_S1,18,2024,22.1,33,14
411925,PINHAL DE SÃO BENTO,PR,25.71,2026,26.0,2026_S2,8,2024,20.19,27,10
172097,TALISMÃ,TO,25.71,2026,30.0,2026_S2,8,2024,15.92,30,8
220793,PEDRO LAURENTINO,PI,25.71,2026,27.0,2026_S2,9,2024,15.56,27,5
430597,COXILHA,RS,25.67,2023,27.0,2026_S2,5,2024,24.62,28,21
411740,OURIZONA,PR,25.67,2025,25.83,2025_S2,11,2024,20.79,27,14
431057,ITAPUCA,RS,25.58,2025,26.5,2025_S2,6,2026,22.27,28,17
220590,MANOEL EMÍDIO,PI,25.57,2026,27.0,2026_S2,5,2023,20.44,27,12
313500,JAGUARAÇU,MG,25.43,2026,25.5,2026_S1,3,2023,21.6,27,16
241430,TIMBAÚBA DOS BATISTAS,RN,25.43,2026,25.5,2026_S1,5,2023,21.69,26,17
432085,TABAÍ,RS,25.43,2026,27.0,2026_S2,7,2025,21.08,27,13
352790,LUTÉCIA,SP,25.43,2026,30.0,2026_S2,8,2026,20.75,30,17
312990,IBITIÚRA DE MINAS,MG,25.43,2026,26.0,2026_S2,6,2025,21.58,26,17
210730,NOVA IORQUE,MA,25.42,2025,26.0,2025_S2,5,2024,20.25,27,13
412430,SANTO ANTÔNIO DO PARAÍSO,PR,25.08,2023,29.0,2026_S2,7,2024,24.27,29,20
522026,SÃO MIGUEL DO PASSA QUATRO,GO,25.08,2025,25.67,2025_S2,4,2025,21.52,27,16
421260,PERITIBA,SC,25.08,2025,26.0,2025_S2,4,2023,21.46,27,15
312000,CÓRREGO NOVO,MG,25.0,2025,26.0,2025_S2,4,2023,20.88,27,15
430955,HARMONIA,RS,24.92,2025,25.67,2025_S1,6,2023,21.35,26,14
411573,MATO RICO,PR,24.92,2025,25.83,2025_S2,6,2024,19.85,27,13
430165,BARÃO,RS,24.83,2025,25.67,2025_S1,6,2024,21.5,26,18
250205,BERNARDINO BATISTA,PB,24.75,2025,26.0,2025_S1,6,2025,22.54,27,17
353205,MOTUCA,SP,24.71,2026,24.83,2026_S1,5,2023,18.65,27,12
412863,DOUTOR ULYSSES,PR,24.71,2026,25.0,2026_S2,10,2025,13.17,26,5
251274,RIACHÃO,PB,24.71,2026,27.0,2026_S2,5,2023,19.58,27,15
220410,FRANCISCO AYRES,PI,24.67,2025,25.17,2025_S2,3,2025,23.04,26,20
351385,DIRCE REIS,SP,24.58,2025,24.67,2025_S2,4,2024,21.17,26,14
421003,LUZERNA,SC,24.58,2025,26.0,2025_S2,6,2025,23.06,28,20
421205,PALMEIRA,SC,24.57,2026,26.0,2026_S2,7,2026,19.02,28,13
211167,SÃO ROBERTO,MA,24.57,2026,31.0,2026_S2,10,2026,17.38,31,10
210193,BERNARDO DO MEARIM,MA,24.57,2026,26.0,2026_S2,9,2025,13.65,26,4
250135,ASSUNÇÃO,PB,24.5,2025,24.67,2025_S2,6,2024,20.44,25,13
410810,FLÓRIDA,PR,24.5,2025,25.17,2025_S2,7,2024,21.4,27,17
353657,PAULISTÂNIA,SP,24.43,2026,26.0,2026_S2,6,2023,22.44,26,18
420980,LEOBERTO LEAL,SC,24.43,2026,25.17,2025_S2,5,2025,23.56,26,21
510779,SANTO ANTÔNIO DO LESTE,MT,24.33,2024,24.67,2024_S2,5,2026,23.62,25,20
210180,BENEDITO LEITE,MA,24.08,2025,24.83,2025_S1,6,2023,21.6,25,16
250620,FREI MARTINHO,PB,24.08,2025,25.0,2024_S2,5,2024,22.17,26,17
432218,TUPANCI DO SUL,RS,24.08,2024,24.67,2024_S2,3,2024,21.98,25,19
251675,TENÓRIO,PB,24.0,2026,25.0,2026_S2,8,2025,16.33,25,8
314490,NOVA MÓDICA,MG,24.0,2026,29.0,2026_S2,11,2026,20.65,29,18
411160,IVATUBA,PR,24.0,2025,24.5,2025_S2,6,2024,19.48,26,13
210545,JATOBÁ,MA,24.0,2024,25.67,2024_S2,8,2024,20.23,29,13
220080,ANTÔNIO ALMEIDA,PI,24.0,2026,26.0,2026_S2,4,2024,16.33,26,11
522028,SÃO PATRÍCIO,GO,23.92,2024,24.33,2024_S1,6,2024,21.44,26,18
310070,ÁGUA COMPRIDA,MG,23.86,2026,24.0,2025_S2,9,2025,18.4,26,10
521645,PEROLÂNDIA,GO,23.83,2025,26.0,2025_S1,7,2025,22.08,27,19
421185,OURO VERDE,SC,23.75,2025,24.0,2025_S1,7,2023,20.04,25,12
420215,BELMONTE,SC,23.75,2024,24.0,2024_S1,2,2024,23.15,25,21
431643,SALDANHA MARINHO,RS,23.75,2025,26.0,2026_S2,4,2026,21.5,26,17
351492,ELISIÁRIO,SP,23.71,2026,24.0,2026_S2,2,2023,20.29,24,17
432350,VISTA ALEGRE,RS,23.58,2023,24.5,2023_S1,6,2026,20.02,25,14
251455,SÃO JOSÉ DE PRINCESA,PB,23.57,2026,24.0,2026_S2,9,2024,13.81,24,4
520945,GUARINOS,GO,23.57,2026,27.0,2026_S2,10,2024,16.85,27,8
431300,NOVA BRÉSCIA,RS,23.5,2025,24.33,2025_S1,5,2025,21.12,26,16
250590,EMAS,PB,23.43,2026,24.0,2026_S2,6,2023,19.35,24,13
521945,SANTA RITA DO NOVO DESTINO,GO,23.43,2026,25.0,2026_S2,7,2023,18.4,25,12
354925,SÃO JOÃO DE IRACEMA,SP,23.42,2025,25.0,2026_S2,6,2023,19.71,25,13
431505,PORTO MAUÁ,RS,23.42,2024,24.0,2024_S1,5,2023,21.21,25,17
310320,ARAÇAÍ,MG,23.29,2026,26.0,2026_S2,5,2024,15.81,26,11
310610,BELMIRO BRAGA,MG,23.29,2026,25.0,2026_S2,8,2024,18.54,26,14
421055,MAREMA,SC,23.29,2026,24.0,2026_S2,8,2025,16.21,25,11
150125,BANNACH,PA,23.29,2026,25.0,2026_S2,4,2023,22.04,25,18
431333,NOVA RAMADA,RS,23.25,2024,23.5,2024_S2,4,2025,21.85,24,19
431215,MATO LEITÃO,RS,23.17,2024,24.0,2023_S2,6,2025,21.5,25,17
431087,JACUIZINHO,RS,23.0,2026,23.0,2026_S1,4,2023,18.48,24,13
421710,SÃO MARTINHO,SC,22.92,2023,24.5,2023_S2,7,2024,20.75,26,17
221037,SÃO LUIS DO PIAUÍ,PI,22.86,2026,25.0,2026_S2,9,2024,16.6,25,10
355520,TURIÚBA,SP,22.75,2025,23.0,2024_S2,4,2024,20.79,24,18
431113,JARI,RS,22.67,2025,23.33,2025_S2,6,2024,21.0,24,17
171180,JUARINA,TO,22.58,2025,23.0,2025_S2,5,2023,17.96,23,10
412020,PORTO RICO,PR,22.57,2026,25.0,2026_S2,7,2024,19.58,25,16
521600,PANAMÁ,GO,22.57,2026,23.33,2025_S2,8,2025,15.52,24,10
431531,QUATRO IRMÃOS,RS,22.42,2023,23.0,2023_S2,5,2024,20.19,24,15
314540,OLARIA,MG,22.42,2025,23.67,2025_S1,7,2024,17.94,25,9
421240,PEDRAS GRANDES,SC,22.33,2025,22.67,2025_S1,6,2023,18.69,24,13
420515,DOUTOR PEDRINHO,SC,22.25,2025,22.67,2025_S2,6,2026,18.56,24,14
170025,ABREULÂNDIA,TO,22.14,2026,25.0,2026_S2,5,2026,17.25,25,14
250530,CURRAL VELHO,PB,22.14,2026,27.0,2026_S2,8,2026,13.54,27,4
353380,ÓLEO,SP,22.14,2026,22.33,2026_S1,5,2024,17.75,24,13
172015,SÃO FÉLIX DO TOCANTINS,TO,21.86,2026,22.0,2026_S2,5,2023,19.04,23,14
312735,GLAUCILÂNDIA,MG,21.86,2026,23.0,2026_S2,5,2026,19.1,25,16
431261,MUITOS CAPÕES,RS,21.75,2024,22.5,2024_S2,5,2024,19.4,24,13
171720,PIRAQUÊ,TO,21.71,2026,24.0,2026_S2,7,2025,14.44,24,9
251710,VÁRZEA,PB,21.71,2026,22.0,2026_S2,3,2024,18.58,23,13
110090,CASTANHEIRAS,RO,21.6,2022,21.6,2022_S2,5,2024,18.48,23,15
410270,BARRA DO JACARÉ,PR,21.58,2024,22.0,2024_S2,5,2025,20.21,23,17
431595,ROLADOR,RS,21.57,2026,22.0,2026_S2,5,2025,18.15,22,13
312280,DOM VIÇOSO,MG,21.57,2026,26.0,2026_S2,7,2026,17.54,26,15
220779,PAU DARCO DO PIAUÍ,PI,21.43,2026,23.0,2026_S2,9,2024,9.58,23,1
421985,ZORTÉA,SC,21.43,2026,22.0,2026_S2,5,2025,15.81,22,11
172085,SUCUPIRA,TO,21.33,2025,22.67,2025_S1,4,2023,19.06,24,15
420917,JUPIÁ,SC,21.29,2026,22.33,2025_S2,4,2023,19.54,23,16
240615,JUNDIÁ,RN,21.25,2025,24.0,2026_S2,7,2024,15.96,24,10
240960,PEDRA PRETA,RN,21.25,2023,21.5,2023_S2,4,2023,19.38,23,16
420510,DONA EMMA,SC,21.2,2022,21.2,2022_S2,4,2023,20.44,22,18
350335,ARCO-ÍRIS,SP,21.17,2025,23.0,2026_S2,6,2023,18.1,23,12
312460,ESTRELA DALVA,MG,21.14,2026,24.0,2026_S2,7,2026,19.06,24,15
510183,BOA ESPERANÇA DO NORTE,MT,21.14,2026,23.0,2026_S2,6,2026,20.89,24,18
430461,CANUDOS DO VALE,RS,21.14,2026,21.33,2026_S1,4,2024,18.25,23,15
412040,PRESIDENTE CASTELO BRANCO,PR,21.0,2024,24.33,2025_S1,11,2025,18.48,26,14
521950,SANTA ROSA DE GOIÁS,GO,21.0,2026,24.0,2026_S2,6,2026,15.54,24,12
431513,POUSO NOVO,RS,21.0,2026,22.0,2026_S2,3,2024,19.6,22,18
420253,BOM JESUS,SC,20.92,2025,22.0,2025_S2,5,2025,19.19,23,16
431535,QUINZE DE NOVEMBRO,RS,20.92,2024,21.0,2024_S2,4,2025,19.06,22,14
310310,ANTÔNIO PRADO DE MINAS,MG,20.83,2025,21.33,2025_S2,8,2023,17.25,23,9
355715,ZACARIAS,SP,20.58,2025,21.83,2025_S2,3,2024,16.5,22,12
314570,OLIVEIRA FORTES,MG,20.57,2026,23.0,2026_S2,4,2025,16.21,23,13
316730,SILVEIRÂNIA,MG,20.57,2026,21.0,2026_S2,5,2024,18.06,23,13
421755,SERRA ALTA,SC,20.57,2026,20.83,2025_S2,5,2025,18.58,22,15
421625,SÃO JOÃO DO OESTE,SC,20.5,2023,20.83,2023_S1,3,2026,19.77,21,16
430107,ARROIO DO PADRE,RS,20.5,2024,22.0,2025_S1,6,2023,18.4,23,13
220225,CANAVIEIRA,PI,20.43,2026,22.0,2026_S2,8,2023,13.0,22,2
430205,BENJAMIN CONSTANT DO SUL,RS,20.43,2026,22.0,2026_S2,3,2022,19.81,22,18
432237,UNISTALDA,RS,20.42,2024,20.67,2024_S2,5,2025,17.96,21,15
431650,SALVADOR DO SUL,RS,20.4,2022,20.4,2022_S2,5,2025,18.9,21,15
432183,TRÊS FORQUILHAS,RS,20.33,2025,21.0,2025_S2,8,2023,17.33,23,9
522157,UIRAPURU,GO,20.29,2026,20.33,2026_S1,5,2026,14.4,23,8
355695,VITÓRIA BRASIL,SP,20.25,2025,21.0,2026_S2,8,2024,16.83,22,12
351530,ESTRELA DO NORTE,SP,20.14,2026,20.67,2025_S2,5,2023,17.17,22,12
430355,CAMARGO,RS,20.08,2025,20.17,2025_S1,3,2024,18.58,21,16
432132,TAQUARUÇU DO SUL,RS,20.0,2022,20.0,2022_S2,5,2025,18.27,21,13
520929,GUARAÍTA,GO,20.0,2025,20.5,2025_S2,5,2024,17.48,21,11
251396,SÃO DOMINGOS,PB,20.0,2026,24.0,2026_S2,7,2026,11.81,24,7
351495,EMBAÚBA,SP,20.0,2024,20.5,2023_S2,4,2023,17.52,21,14
431775,SANTO ANTÔNIO DO PLANALTO,RS,20.0,2024,20.0,2024_S1,4,2026,18.98,21,15
421775,SUL BRASIL,SC,19.92,2025,20.0,2025_S1,2,2024,18.92,21,17
421415,PRINCESA,SC,19.92,2024,20.5,2024_S1,4,2026,18.83,22,16
420285,BRAÇO DO TROMBUDO,SC,19.92,2024,20.67,2024_S2,4,2026,18.85,21,14
352750,LUCIANÓPOLIS,SP,19.86,2026,23.0,2026_S2,4,2026,17.44,23,14
315213,PONTO CHIQUE,MG,19.86,2026,24.0,2026_S2,5,2026,17.88,24,15
220710,OLHO DÁGUA DO PIAUÍ,PI,19.86,2026,21.0,2026_S2,6,2025,12.48,21,5
412360,SANTA INÊS,PR,19.83,2024,20.17,2024_S1,2,2023,18.9,21,17
522070,SÍTIO DABADIA,GO,19.75,2025,21.0,2026_S2,4,2024,18.15,23,14
420517,ENTRE RIOS,SC,19.71,2026,22.0,2026_S2,7,2025,12.75,22,7
430223,BOA VISTA DO INCRA,RS,19.71,2026,20.0,2026_S2,6,2023,15.81,21,10
220558,LAGOA DO PIAUÍ,PI,19.71,2026,21.0,2026_S2,6,2025,11.48,22,5
521290,MARZAGÃO,GO,19.71,2026,20.0,2026_S1,5,2026,18.71,23,16
311850,CONSOLAÇÃO,MG,19.71,2026,21.0,2026_S2,4,2025,14.46,21,10
420785,IRATI,SC,19.67,2024,20.5,2024_S2,5,2025,17.73,21,14
431200,MARIANO MORO,RS,19.58,2025,20.0,2025_S2,3,2026,18.56,21,17
520393,BURITI DE GOIÁS,GO,19.57,2026,20.5,2025_S2,4,2023,17.23,21,12
311500,CASCALHO RICO,MG,19.5,2025,21.0,2026_S2,5,2025,18.19,22,14
351685,GAVIÃO PEIXOTO,SP,19.5,2025,21.0,2026_S2,6,2024,15.71,22,7
431280,NOVA ARAÇÁ,RS,19.5,2025,20.17,2025_S2,4,2024,17.44,21,15
430465,CAPÃO DO CIPÓ,RS,19.5,2025,20.17,2025_S1,3,2025,17.79,21,15
220535,JOÃO COSTA,PI,19.43,2026,23.0,2026_S2,12,2025,9.04,23,4
510776,SANTA RITA DO TRIVELATO,MT,19.43,2026,19.5,2025_S2,5,2025,15.83,21,11
431442,PICADA CAFÉ,RS,19.42,2025,20.33,2025_S2,5,2025,16.96,22,13
510120,ARAGUAINHA,MT,19.33,2023,19.83,2024_S1,14,2024,14.08,22,8
316050,SANTO ANTÔNIO DO RIO ABAIXO,MG,19.17,2024,19.5,2024_S1,4,2024,17.88,22,14
431937,SÃO PEDRO DO BUTIÁ,RS,19.17,2025,19.33,2025_S2,3,2022,17.58,20,14
250933,MATINHAS,PB,19.08,2025,20.0,2025_S2,6,2024,13.88,21,5
270700,PINDOBA,AL,19.0,2022,19.0,2022_S2,6,2024,15.23,19,9
431237,MONTE ALEGRE DOS CAMPOS,RS,19.0,2026,19.33,2025_S2,8,2023,16.31,20,9
421885,UNIÃO DO OESTE,SC,19.0,2026,19.17,2026_S1,3,2025,16.23,20,14
316750,SIMÃO PEREIRA,MG,18.86,2026,20.0,2026_S2,8,2024,14.98,20,10
410302,BOA ESPERANÇA DO IGUAÇU,PR,18.71,2026,20.0,2026_S2,4,2025,16.12,20,14
432320,VICTOR GRAEFF,RS,18.58,2024,18.67,2024_S2,4,2023,17.21,19,14
355365,TAQUARAL,SP,18.58,2025,19.0,2025_S2,5,2023,16.92,19,12
412085,QUATRO PONTES,PR,18.57,2026,19.0,2024_S2,3,2024,16.79,19,14
316090,SÃO BRÁS DO SUAÇUÍ,MG,18.5,2023,20.0,2023_S2,5,2025,18.06,21,15
421410,PRESIDENTE NEREU,SC,18.5,2025,19.33,2025_S1,4,2024,17.58,20,16
430655,DOM PEDRO DE ALCÂNTARA,RS,18.5,2025,19.67,2025_S2,9,2023,14.54,21,4
220385,FLORESTA DO PIAUÍ,PI,18.5,2025,18.83,2025_S2,4,2023,16.67,19,13
421020,MAJOR GERCINO,SC,18.43,2026,19.0,2026_S2,2,2025,17.52,19,16
411830,PARANAPOEMA,PR,18.43,2026,19.0,2026_S2,3,2024,15.58,20,13
312790,GRUPIARA,MG,18.42,2025,20.0,2025_S1,5,2025,16.58,21,14
350620,BENTO DE ABREU,SP,18.29,2026,19.0,2026_S2,4,2025,15.44,19,13
420208,BANDEIRANTE,SC,18.25,2025,18.5,2025_S2,3,2023,17.33,20,14
420055,ÁGUAS FRIAS,SC,18.17,2025,18.67,2025_S1,5,2026,16.6,19,12
270620,PALESTINA,AL,18.17,2024,19.83,2024_S1,8,2024,17.4,23,15
355530,TURMALINA,SP,18.14,2026,18.17,2026_S1,4,2024,15.77,19,10
350395,ASPÁSIA,SP,18.14,2026,21.0,2026_S2,6,2026,15.15,21,12
421430,RANCHO QUEIMADO,SC,18.08,2025,19.0,2026_S2,5,2024,15.73,19,13
411590,MIRADOR,PR,18.08,2025,18.33,2025_S1,6,2024,13.44,19,7
421730,SAUDADES,SC,18.0,2023,18.0,2023_S1,2,2023,16.83,19,14
220325,CURRALINHOS,PI,18.0,2026,21.0,2026_S2,6,2023,12.81,21,6
431973,SÃO VALÉRIO DO SUL,RS,18.0,2022,18.0,2022_S2,3,2024,16.35,19,14
240480,IPUEIRA,RN,17.92,2024,18.0,2024_S2,4,2023,16.1,19,13
431413,PAULO BENTO,RS,17.86,2026,19.0,2026_S2,2,2026,13.67,19,12
510530,LUCIARA,MT,17.83,2025,18.0,2024_S2,3,2024,16.75,19,15
432254,VALE REAL,RS,17.5,2025,18.0,2025_S2,3,2024,16.67,19,14
430583,COQUEIRO BAIXO,RS,17.5,2025,18.17,2025_S1,4,2024,15.17,19,13
420419,CHAPADÃO DO LAGEADO,SC,17.43,2026,19.0,2026_S2,4,2025,12.98,19,10
430469,CAPITÃO,RS,17.42,2025,19.0,2026_S2,3,2026,15.85,19,14
250375,CAJAZEIRINHAS,PB,17.33,2025,18.0,2026_S2,8,2024,13.98,19,10
316580,SENADOR JOSÉ BENTO,MG,17.33,2023,18.0,2025_S2,3,2023,16.85,19,14
311970,CORONEL XAVIER CHAVES,MG,17.33,2025,18.0,2025_S1,3,2025,15.85,18,12
316905,TOCOS DO MOJI,MG,17.29,2026,18.0,2026_S2,4,2023,14.29,18,10
431697,SANTA MARGARIDA DO SUL,RS,17.29,2026,20.0,2026_S2,6,2026,8.73,20,1
430745,ESPERANÇA DO SUL,RS,17.25,2023,17.83,2023_S2,4,2025,16.52,19,12
432023,SEDE NOVA,RS,17.25,2024,17.83,2024_S2,5,2023,15.62,19,12
430642,DOIS IRMÃOS DAS MISSÕES,RS,17.2,2022,17.2,2022_S2,4,2025,15.56,19,14
316310,SÃO JOSÉ DA VARGINHA,MG,17.17,2025,19.0,2026_S2,6,2024,15.4,19,13
430537,CHARRUA,RS,17.08,2025,17.83,2025_S2,4,2024,13.08,18,8
354085,PRACINHA,SP,17.0,2026,17.0,2023_S2,3,2023,16.12,18,13
420435,CORDILHEIRA ALTA,SC,17.0,2026,17.83,2025_S2,7,2025,13.21,20,10
421555,SANTA HELENA,SC,17.0,2024,17.33,2024_S1,5,2023,15.69,18,12
240920,PASSAGEM,RN,16.83,2025,18.0,2025_S1,7,2024,13.88,18,11
521160,IVOLÂNDIA,GO,16.71,2026,18.33,2025_S2,6,2025,13.25,19,9
311690,COMENDADOR GOMES,MG,16.71,2026,18.0,2026_S2,4,2022,14.71,18,10
110146,PIMENTEIRAS DO OESTE,RO,16.71,2026,16.83,2026_S1,5,2024,12.98,19,9
430055,ALTO ALEGRE,RS,16.67,2025,17.0,2025_S2,3,2024,14.62,17,12
432225,TUPANDI,RS,16.58,2025,17.83,2025_S2,4,2025,15.17,19,13
410752,ESPERANÇA NOVA,PR,16.58,2023,16.67,2023_S2,4,2024,15.4,18,14
210087,ARAGUANÃ,MA,16.57,2026,21.0,2026_S2,8,2026,10.17,21,5
430237,BOM PROGRESSO,RS,16.5,2025,17.17,2025_S2,4,2025,15.83,19,14
354165,QUADRA,SP,16.43,2026,18.0,2026_S2,5,2025,10.4,18,7
240410,GALINHOS,RN,16.42,2025,17.33,2025_S2,5,2025,12.65,19,8
317220,WENCESLAU BRAZ,MG,16.42,2025,17.17,2025_S2,3,2023,14.21,18,11
420757,IOMERÊ,SC,16.33,2023,17.0,2023_S2,3,2026,15.21,17,11
431805,SÃO DOMINGOS DO SUL,RS,16.25,2024,16.5,2024_S2,2,2024,15.17,17,12
110155,TEIXEIRÓPOLIS,RO,16.17,2024,17.0,2026_S2,5,2023,13.9,17,8
431267,NICOLAU VERGUEIRO,RS,16.17,2023,16.83,2023_S2,3,2023,15.04,18,12
420895,JARDINÓPOLIS,SC,16.17,2025,16.17,2025_S1,5,2024,12.79,17,6
421085,MIRIM DOCE,SC,16.14,2026,17.0,2026_S2,2,2023,15.27,17,13
316556,SEM-PEIXE,MG,16.14,2026,17.0,2026_S2,4,2024,14.38,17,9
355590,URU,SP,16.08,2025,16.17,2025_S1,3,2024,13.54,17,11
311310,CARANAÍBA,MG,16.0,2022,16.0,2022_S2,4,2024,14.25,17,12
520082,AMARALINA,GO,16.0,2025,17.5,2025_S2,4,2025,13.75,18,11
311380,CARMÉSIA,MG,16.0,2025,16.0,2025_S1,9,2024,11.44,17,6
521487,NOVA IGUAÇU DE GOIÁS,GO,15.86,2026,16.33,2025_S2,5,2023,13.96,17,11
220915,SANTA CRUZ DOS MILAGRES,PI,15.86,2026,16.33,2025_S2,5,2024,12.88,17,8
421165,NOVO HORIZONTE,SC,15.83,2025,16.33,2025_S2,3,2026,13.98,17,10
432146,TIO HUGO,RS,15.75,2024,16.33,2024_S1,2,2023,15.06,17,14
520120,ANHANGUERA,GO,15.71,2026,15.83,2026_S1,5,2024,11.54,18,4
521015,IPIRANGA DE GOIÁS,GO,15.71,2026,16.0,2026_S2,7,2023,12.54,17,7
520570,CÓRREGO DO OURO,GO,15.67,2025,15.83,2024_S2,4,2023,13.77,17,9
431647,SALVADOR DAS MISSÕES,RS,15.67,2025,15.67,2025_S1,4,2023,13.83,17,8
220975,SÃO GONÇALO DO GURGUÉIA,PI,15.58,2025,15.67,2025_S2,4,2023,13.38,17,9
250485,COXIXOLA,PB,15.57,2026,17.0,2026_S2,5,2025,9.73,17,5
431555,RIO DOS ÍNDIOS,RS,15.43,2026,16.0,2026_S2,3,2023,14.58,17,11
251365,JOCA CLAUDINO,PB,15.43,2026,17.0,2026_S2,4,2025,10.62,17,7
412830,UNIFLOR,PR,15.42,2024,16.0,2026_S2,3,2025,14.52,17,12
352965,MESÓPOLIS,SP,15.29,2026,16.0,2026_S2,4,2023,12.58,16,9
420675,IBIAM,SC,15.25,2024,15.83,2024_S1,3,2023,13.52,16,11
432163,TRÊS ARROIOS,RS,15.25,2025,16.0,2025_S2,3,2026,13.02,16,10
354625,SANTA CRUZ DA ESPERANÇA,SP,15.25,2024,16.0,2026_S2,6,2023,13.69,18,8
521225,LAGOA SANTA,GO,15.2,2022,15.2,2022_S2,4,2023,12.29,16,10
520690,DAVINÓPOLIS,GO,15.17,2024,17.0,2026_S2,6,2024,13.5,18,10
352200,ITAJU,SP,15.17,2024,15.33,2024_S1,3,2026,14.31,16,11
420920,LACERDÓPOLIS,SC,15.08,2023,15.33,2025_S2,2,2024,14.77,16,14
430595,COTIPORÃ,RS,15.0,2024,15.67,2024_S2,2,2022,14.5,16,13
421125,MORRO GRANDE,SC,15.0,2025,16.0,2024_S2,4,2024,12.77,16,9
315860,SANTANA DO DESERTO,MG,14.92,2025,15.5,2025_S2,3,2025,11.81,16,6
250073,AMPARO,PB,14.86,2026,19.0,2026_S2,6,2026,9.48,19,4
421390,PRESIDENTE CASTELLO BRANCO,SC,14.75,2025,15.17,2025_S2,5,2023,13.1,17,9
430215,BOA VISTA DAS MISSÕES,RS,14.67,2025,15.17,2024_S2,5,2026,12.62,16,9
420165,ARVOREDO,SC,14.58,2025,14.67,2023_S1,2,2022,13.96,15,12
430195,BARRA FUNDA,RS,14.58,2024,15.0,2023_S2,3,2023,13.81,16,11
421795,TIGRINHOS,SC,14.58,2025,14.83,2024_S2,2,2025,13.92,16,12
350910,CAIUÁ,SP,14.33,2023,16.33,2024_S1,13,2024,12.0,18,5
250115,AREIA DE BARAÚNAS,PB,14.29,2026,15.0,2026_S2,5,2025,8.62,15,4
220785,PAVUSSU,PI,14.29,2026,17.0,2026_S2,5,2026,7.19,17,1
431417,PEDRAS ALTAS,RS,14.25,2024,14.5,2024_S1,4,2023,12.81,17,11
420945,LAJEADO GRANDE,SC,14.14,2026,15.0,2026_S2,4,2025,9.83,15,7
171889,SANTA RITA DO TOCANTINS,TO,14.14,2026,15.0,2026_S2,5,2025,10.12,15,6
220554,LAGOINHA DO PIAUÍ,PI,14.0,2026,15.0,2026_S2,6,2024,8.06,15,3
430511,CENTENÁRIO,RS,14.0,2022,14.0,2022_S2,4,2026,12.83,14,8
431247,MORRO REUTER,RS,14.0,2024,14.67,2024_S2,4,2025,12.06,15,9
431936,SÃO PEDRO DAS MISSÕES,RS,13.86,2026,14.17,2025_S2,6,2025,7.62,15,2
171550,OLIVEIRA DE FÁTIMA,TO,13.86,2026,14.17,2025_S2,4,2025,11.88,16,9
430885,GENTIL,RS,13.86,2026,15.0,2026_S2,3,2026,10.54,15,9
350470,BALBINOS,SP,13.75,2025,14.17,2025_S1,3,2024,12.81,15,11
430585,COQUEIROS DO SUL,RS,13.71,2026,14.0,2026_S2,2,2024,11.5,14,10
432330,VILA FLORES,RS,13.71,2026,14.0,2026_S2,3,2022,12.67,15,10
251385,SANTO ANDRÉ,PB,13.71,2026,14.0,2026_S2,4,2023,8.04,14,3
431179,MARATÁ,RS,13.67,2024,13.83,2024_S2,5,2023,12.38,15,10
312350,DOURADOQUARA,MG,13.58,2025,14.17,2025_S2,2,2022,11.12,15,7
354470,SAGRES,SP,13.58,2025,16.0,2026_S2,5,2023,11.92,16,8
431173,MAMPITUBA,RS,13.58,2025,15.0,2026_S2,7,2024,10.73,16,3
351512,EMILIANÓPOLIS,SP,13.42,2025,14.17,2025_S2,12,2026,10.98,16,4
312060,CRUCILÂNDIA,MG,13.4,2022,15.0,2026_S2,3,2023,12.69,15,11
170980,IPUEIRAS,TO,13.29,2026,14.0,2026_S2,2,2023,11.31,14,9
431844,SÃO JORGE,RS,13.08,2023,13.83,2023_S2,3,2023,12.35,14,11
420535,FLOR DO SERTÃO,SC,13.0,2023,13.0,2023_S1,2,2025,12.65,13,11
411600,MIRASELVA,PR,13.0,2026,14.0,2026_S2,4,2024,10.38,14,7
221097,TANQUE DO PIAUÍ,PI,12.86,2026,14.0,2026_S2,7,2024,11.25,15,8
430587,CORONEL BARROS,RS,12.86,2026,13.0,2026_S2,3,2024,11.04,14,9
420209,BARRA BONITA,SC,12.75,2024,14.0,2024_S1,4,2023,11.67,14,7
431262,MULITERNO,RS,12.67,2025,13.0,2025_S2,3,2025,11.81,14,11
171215,LAVANDEIRA,TO,12.58,2025,14.0,2026_S2,5,2025,10.67,16,7
431301,NOVA CANDELÁRIA,RS,12.57,2026,13.0,2026_S2,3,2024,9.5,13,7
412555,SÃO MANOEL DO PARANÁ,PR,12.57,2026,13.0,2026_S2,2,2024,9.31,14,6
432057,SETE DE SETEMBRO,RS,12.57,2026,14.0,2026_S2,5,2024,7.54,14,4
430825,FLORIANO PEIXOTO,RS,12.5,2025,13.0,2025_S2,5,2024,10.73,13,7
312520,FAMA,MG,12.5,2025,12.83,2025_S2,2,2023,10.73,13,8
520815,GAMELEIRA DE GOIÁS,GO,12.43,2026,13.0,2026_S2,4,2023,8.83,13,4
355570,UNIÃO PAULISTA,SP,12.42,2023,12.83,2023_S2,8,2024,9.0,13,5
410910,GUAPOREMA,PR,12.29,2026,13.0,2026_S2,4,2025,9.06,13,7
421560,SANTA ROSA DE LIMA,SC,12.29,2026,13.0,2026_S2,3,2024,9.29,13,7
510617,NOVA NAZARÉ,MT,12.25,2025,13.0,2025_S2,3,2025,11.52,14,10
420075,ALTO BELA VISTA,SC,12.17,2024,13.0,2024_S1,3,2023,11.31,13,10
431695,SANTA MARIA DO HERVAL,RS,12.17,2025,13.17,2024_S2,5,2025,11.44,15,10
220945,SANTO ANTÔNIO DOS MILAGRES,PI,12.14,2026,15.0,2026_S2,6,2026,7.27,15,3
352585,JUMIRIM,SP,12.14,2026,12.17,2026_S1,4,2025,8.48,13,5
431335,NOVA ROMA DO SUL,RS,12.14,2026,12.17,2026_S1,3,2023,9.23,13,5
172125,TUPIRAMA,TO,12.08,2023,13.17,2023_S2,10,2024,9.04,14,4
220525,JARDIM DO MULATO,PI,12.08,2024,12.5,2024_S2,6,2023,8.75,14,3
420325,CAPÃO ALTO,SC,12.0,2026,13.0,2026_S2,5,2022,7.94,13,1
431849,SÃO JOSÉ DO INHACORÁ,RS,12.0,2026,12.0,2025_S2,3,2024,8.81,12,4
251260,QUIXABA,PB,11.86,2026,12.0,2026_S2,2,2022,10.15,13,7
432149,TOROPI,RS,11.83,2023,12.17,2023_S2,4,2024,9.81,13,8
431673,SANTA CECÍLIA DO SUL,RS,11.8,2022,12.0,2024_S1,2,2023,10.73,12,8
431795,SANTO EXPEDITO DO SUL,RS,11.75,2023,12.0,2023_S2,1,2022,11.17,12,10
432032,SENADOR SALGADO FILHO,RS,11.75,2023,13.0,2024_S1,5,2024,10.67,14,8
240550,JARDIM DE ANGICOS,RN,11.71,2026,12.0,2024_S2,3,2025,10.98,13,9
510631,NOVO SANTO ANTÔNIO,MT,11.67,2025,12.33,2024_S2,3,2024,10.44,13,8
431848,SÃO JOSÉ DO HORTÊNCIO,RS,11.57,2026,12.0,2026_S2,2,2025,11.06,12,10
431238,MONTE BELO DO SUL,RS,11.5,2024,12.0,2024_S1,4,2026,10.29,13,7
432255,VANINI,RS,11.42,2025,11.83,2025_S2,4,2026,10.71,13,9
522005,SÃO JOÃO DA PARAÚNA,GO,11.4,2022,12.0,2026_S2,4,2026,10.69,13,9
431545,RELVADO,RS,11.25,2025,12.0,2025_S1,3,2023,10.62,12,9
521470,NOVA AMÉRICA,GO,11.25,2023,12.83,2023_S2,7,2024,10.12,15,7
431975,SÃO VENDELINO,RS,10.92,2024,11.0,2024_S2,3,2025,10.0,12,8
431843,SÃO JOÃO DO POLÊSINE,RS,10.92,2025,12.17,2024_S2,4,2024,9.12,13,6
420519,ERMO,SC,10.86,2026,13.0,2026_S2,6,2023,8.17,13,0
431162,LINDOLFO COLLOR,RS,10.86,2026,13.0,2026_S2,4,2025,7.75,13,5
521385,MORRO AGUDO DE GOIÁS,GO,10.83,2025,11.33,2025_S1,4,2026,8.65,13,6
430192,BARRA DO RIO AZUL,RS,10.83,2024,11.0,2024_S2,2,2026,10.12,11,8
354323,RIBEIRÃO DOS ÍNDIOS,SP,10.75,2024,11.5,2024_S2,4,2023,9.19,13,5
432377,WESTFÁLIA,RS,10.71,2026,11.0,2026_S2,3,2023,8.85,11,6
220887,RIBEIRA DO PIAUÍ,PI,10.71,2026,12.0,2026_S2,4,2025,6.73,12,4
431475,POÇO DAS ANTAS,RS,10.67,2024,11.5,2024_S2,3,2024,9.73,12,8
421569,SANTIAGO DO SUL,SC,10.6,2022,10.6,2022_S2,3,2024,8.77,11,7
420257,BOM JESUS DO OESTE,SC,10.58,2025,10.67,2025_S1,1,2022,9.96,11,9
431517,PROTÁSIO ALVES,RS,10.58,2025,10.67,2025_S2,4,2023,8.15,11,4
351565,FERNÃO,SP,10.57,2026,11.0,2026_S2,4,2024,8.17,11,4
430258,BOZANO,RS,10.5,2024,11.0,2024_S1,3,2025,9.92,11,8
431036,IMIGRANTE,RS,10.33,2025,10.67,2024_S2,4,2024,9.08,11,7
430222,BOA VISTA DO CADEADO,RS,10.29,2026,11.0,2026_S2,4,2024,7.02,11,4
170460,CHAPADA DE AREIA,TO,10.29,2026,11.0,2026_S2,2,2023,9.04,11,8
314780,PASSA VINTE,MG,10.14,2026,11.0,2026_S2,3,2025,8.06,11,7
220323,CURRAIS,PI,10.0,2026,14.0,2026_S2,7,2026,4.42,14,1
431046,IPIRANGA DO SUL,RS,10.0,2022,10.0,2022_S2,1,2023,9.0,10,8
431861,SÃO JOSÉ DO SUL,RS,9.86,2026,11.0,2026_S2,8,2025,3.46,11,0
421005,MACIEIRA,SC,9.86,2026,11.0,2026_S2,6,2026,6.71,12,6
310140,ALBERTINA,MG,9.8,2022,9.8,2022_S2,5,2024,8.6,11,5
510774,SANTA CRUZ DO XINGU,MT,9.71,2026,12.0,2026_S2,6,2024,6.6,12,3
316490,SÃO SEBASTIÃO DO RIO VERDE,MG,9.71,2026,10.0,2026_S2,4,2025,7.54,11,6
431507,PORTO VERA CRUZ,RS,9.67,2025,10.17,2025_S2,4,2025,8.35,12,7
431123,LAGOA BONITA DO SUL,RS,9.42,2024,10.17,2024_S2,4,2024,7.77,11,4
411260,JARDIM OLINDA,PR,9.4,2022,9.4,2022_S2,3,2024,7.85,10,7
431217,MATO QUEIMADO,RS,9.25,2025,10.17,2025_S2,4,2026,7.31,11,4
430485,CARLOS GOMES,RS,9.25,2024,9.5,2024_S2,3,2026,8.27,10,5
420475,CUNHATAÍ,SC,9.2,2022,9.2,2022_S2,3,2024,7.67,10,6
250057,ALGODÃO DE JANDAÍRA,PB,9.17,2025,9.33,2025_S1,7,2024,5.96,10,1
251065,PARARI,PB,9.0,2026,9.0,2026_S1,2,2023,6.04,9,3
520020,ÁGUA LIMPA,GO,9.0,2026,10.0,2026_S2,2,2024,6.77,10,5
220630,MIGUEL LEÃO,PI,8.86,2026,9.0,2026_S2,6,2024,5.1,10,2
430912,GRAMADO DOS LOUREIROS,RS,8.75,2025,9.33,2025_S2,3,2025,6.52,10,3
431514,PRESIDENTE LUCENA,RS,8.71,2026,9.0,2026_S2,5,2025,5.67,10,3
431075,IVORÁ,RS,8.5,2024,8.83,2024_S1,3,2025,7.52,9,5
432335,VILA LÂNGARO,RS,8.43,2026,10.0,2026_S2,3,2026,7.27,10,6
431308,NOVA PÁDUA,RS,8.33,2024,8.67,2024_S2,4,2025,7.21,10,5
431164,LINHA NOVA,RS,8.29,2026,9.0,2025_S2,2,2023,6.62,9,4
431446,PINHAL DA SERRA,RS,8.29,2026,9.0,2026_S2,3,2026,5.58,9,3
431454,PINTO BANDEIRA,RS,8.25,2025,9.17,2025_S2,4,2025,7.46,10,6
316480,SÃO SEBASTIÃO DO RIO PRETO,MG,8.0,2022,8.0,2022_S2,4,2024,6.23,9,4
431478,PONTE PRETA,RS,7.5,2025,7.5,2025_S1,1,2024,7.15,8,6
220855,PORTO ALEGRE DO PIAUÍ,PI,7.43,2026,10.0,2026_S2,4,2026,4.77,10,3
430462,CAPÃO BONITO DO SUL,RS,7.43,2026,8.0,2026_S2,4,2023,5.19,8,2
430675,DOUTOR RICARDO,RS,7.42,2024,7.83,2024_S2,2,2024,6.69,9,5
355475,TRABIJU,SP,7.42,2025,8.0,2025_S1,2,2023,6.12,8,4
311490,CASA GRANDE,MG,7.29,2026,8.0,2026_S2,4,2025,6.35,8,4
315380,QUELUZITO,MG,7.29,2026,8.0,2026_S2,2,2024,6.17,8,5
510788,SERRA NOVA DOURADA,MT,7.25,2025,7.33,2025_S1,2,2022,5.65,8,2
431755,SANTO ANTÔNIO DO PALMA,RS,6.92,2025,7.0,2025_S1,2,2024,5.17,7,4
432162,TRAVESSEIRO,RS,6.86,2026,9.0,2026_S2,3,2026,4.94,9,2
430692,ENGENHO VELHO,RS,6.83,2025,7.5,2025_S2,2,2025,6.25,8,5
431346,NOVO XINGU,RS,6.83,2025,7.0,2025_S2,3,2024,5.23,7,4
510645,PLANALTO DA SERRA,MT,6.83,2024,8.0,2026_S2,5,2024,5.17,10,1
220198,BREJO DO PIAUÍ,PI,6.75,2025,9.0,2026_S2,3,2023,4.65,9,1
430066,ANDRÉ DA ROCHA,RS,6.75,2025,7.17,2025_S2,2,2022,5.17,8,2
421715,SÃO MIGUEL DA BOA VISTA,SC,6.43,2026,6.5,2025_S1,1,2023,5.38,7,4
430786,FAGUNDES VARELA,RS,6.42,2024,6.83,2024_S2,3,2025,4.96,7,3
314580,ONÇA DE PITANGUI,MG,6.4,2022,6.4,2022_S2,2,2023,5.17,7,4
431935,SÃO PEDRO DA SERRA,RS,6.25,2025,7.0,2025_S1,2,2022,5.25,7,2
430925,GUABIJU,RS,6.25,2025,6.5,2025_S2,1,2025,5.96,7,5
430047,ALMIRANTE TAMANDARÉ DO SUL,RS,6.17,2025,6.33,2025_S1,3,2025,5.62,8,5
211163,SÃO RAIMUNDO DO DOCA BEZERRA,MA,6.08,2025,6.5,2025_S2,2,2022,4.02,7,2
430613,CRUZALTENSE,RS,6.0,2026,6.0,2025_S2,2,2024,5.19,6,4
353286,NOVA CASTILHO,SP,5.86,2026,8.0,2026_S2,4,2026,4.15,8,3
432045,SÉRIO,RS,5.71,2026,6.0,2025_S1,2,2024,4.62,6,3
431971,SÃO VALENTIM DO SUL,RS,5.14,2026,6.0,2026_S2,3,2023,4.62,6,3
431235,MONTAURI,RS,5.0,2026,6.0,2026_S2,2,2026,4.31,6,3
431127,LAGOA DOS TRÊS CANTOS,RS,4.92,2024,5.0,2024_S1,3,2025,3.56,5,2
432234,UBIRETAMA,RS,4.83,2025,5.0,2026_S2,1,2023,3.71,5,2
432360,VISTA ALEGRE DO PRATA,RS,4.83,2024,5.0,2023_S2,1,2023,4.1,5,2
221095,TAMBORIL DO PIAUÍ,PI,4.75,2023,5.0,2023_S2,1,2023,4.31,5,3
421187,PAIAL,SC,4.67,2025,5.0,2026_S2,2,2023,3.75,5,2
430057,ALTO FELIZ,RS,4.67,2024,5.0,2024_S1,2,2023,4.04,5,3
430843,FORQUETINHA,RS,4.58,2023,4.83,2023_S2,1,2022,4.15,5,3
411650,NOVA ALIANÇA DO IVAÍ,PR,4.42,2024,5.0,2026_S2,4,2026,4.19,6,2
431295,NOVA BOA VISTA,RS,4.14,2026,5.0,2026_S2,2,2024,2.0,5,1
430558,COLINAS,RS,4.0,2026,4.17,2025_S1,2,2024,2.58,5,1
171865,RIO DA CONCEIÇÃO,TO,4.0,2022,4.0,2022_S2,4,2026,2.9,5,1
354765,SANTA SALETE,SP,3.83,2025,4.0,2025_S1,1,2022,3.23,4,2
432235,UNIÃO DA SERRA,RS,3.57,2026,3.83,2025_S2,2,2025,2.62,5,1
421835,TREVISO,SC,3.57,2026,7.0,2026_S2,5,2026,2.77,7,2
432285,VESPASIANO CORRÊA,RS,3.0,2024,3.0,2024_S1,2,2023,2.38,3,1
430225,BOA VISTA DO SUL,RS,2.75,2025,3.0,2024_S2,2,2026,2.6,4,2
431725,SANTA TEREZA,RS,2.71,2026,3.0,2026_S2,1,2024,1.69,3,1
316660,SERRA DA SAUDADE,MG,2.0,2022,2.0,2022_S2,1,2023,1.42,2,1
430593,CORONEL PILAR,RS,1.08,2024,1.17,2024_S2,1,2024,0.98,2,0
