Código IBGE,Nome do Municipio,uf,maior_media_anual,ano_maior_media,maior_media_semestral,semestre_maior_media,maior_diferenca_entre_meses,ano_maior_diferença_ano,media_pessoas_geral,max_valor,min_valor
355030,SÃO PAULO,SP,113156.67,2025,115387.0,2025_S2,13116,2024,94991.2,116932,77725
330455,RIO DE JANEIRO,RJ,78991.33,2026,79825.17,2025_S2,12251,2024,57896.98,80623,38924
230440,FORTALEZA,CE,73907.33,2026,73907.33,2026_S1,10006,2024,55219.77,74428,40260
292740,SALVADOR,BA,54223.25,2025,55401.5,2025_S2,7403,2024,43618.9,55723,33822
261160,RECIFE,PE,52022.67,2026,53313.33,2025_S2,5450,2024,43424.47,53657,36399
130260,MANAUS,AM,48423.67,2026,48693.5,2025_S2,7450,2024,36578.67,49066,26883
530010,BRASÍLIA,DF,44701.67,2026,44928.17,2025_S2,6059,2024,34990.03,45239,26690
150140,BELÉM,PA,36510.58,2025,37300.67,2025_S2,3879,2024,30540.37,37864,24982
310620,BELO HORIZONTE,MG,34359.08,2025,34815.83,2025_S2,4126,2024,28046.72,35340,21945
270430,MACEIÓ,AL,33119.33,2026,33574.83,2025_S2,3222,2024,28110.8,33656,23795
211130,SÃO LUÍS,MA,29033.5,2025,29638.0,2025_S2,4106,2024,23366.1,29842,18640
431490,PORTO ALEGRE,RS,25963.0,2026,26339.67,2025_S2,3284,2024,20584.27,26587,15764
250750,JOÃO PESSOA,PB,24018.33,2026,24199.83,2025_S2,3342,2024,17934.55,24286,13491
221100,TERESINA,PI,23190.33,2026,23669.5,2025_S2,3055,2024,18882.07,23831,15232
280030,ARACAJU,SE,21551.67,2026,21551.67,2026_S1,2807,2024,16648.98,21687,13344
520870,GOIÂNIA,GO,21230.67,2025,21435.83,2025_S2,2662,2024,17745.4,21724,14382
500270,CAMPO GRANDE,MS,19410.25,2025,19632.17,2025_S2,2958,2024,15920.12,19866,12659
240810,NATAL,RN,19077.67,2026,19101.83,2025_S2,2764,2024,14293.28,19316,11066
410690,CURITIBA,PR,17931.0,2026,18408.0,2025_S2,2241,2025,14314.02,18579,11607
250400,CAMPINA GRANDE,PB,15884.67,2026,15884.67,2026_S1,2707,2024,11218.22,16004,8242
120040,RIO BRANCO,AC,14721.67,2026,14912.5,2025_S2,2213,2024,11580.52,15047,9325
330170,DUQUE DE CAXIAS,RJ,14624.83,2025,14664.17,2025_S2,2208,2024,11758.82,14980,8957
110020,PORTO VELHO,RO,14583.0,2026,14583.0,2026_S1,2028,2024,11105.5,14724,8837
160030,MACAPÁ,AP,13712.67,2026,13767.67,2025_S2,1751,2023,10789.17,13913,8295
350950,CAMPINAS,SP,13273.5,2025,13274.33,2025_S2,2143,2024,10248.17,13742,7565
291080,FEIRA DE SANTANA,BA,12856.67,2026,12901.5,2025_S2,1470,2024,10669.87,12966,8780
351880,GUARULHOS,SP,12220.33,2025,12312.0,2025_S2,1688,2023,10147.88,12504,7785
510340,CUIABÁ,MT,11951.33,2026,12089.0,2025_S2,2070,2024,9554.45,12169,7660
150080,ANANINDEUA,PA,11791.33,2026,12025.5,2025_S2,1518,2023,9746.47,12178,7329
330350,NOVA IGUAÇU,RJ,11403.92,2025,11517.5,2025_S2,1785,2024,9127.75,11823,6905
313670,JUIZ DE FORA,MG,10742.58,2025,10780.17,2025_S2,1382,2023,8843.22,11050,6971
293330,VITÓRIA DA CONQUISTA,BA,10735.0,2026,10854.83,2025_S2,1687,2024,8274.97,10892,6310
260410,CARUARU,PE,10699.33,2026,10777.83,2025_S2,1204,2024,9110.8,10828,7692
260790,JABOATÃO DOS GUARARAPES,PE,10501.67,2026,10569.33,2025_S2,1043,2024,8873.0,10591,7316
140010,BOA VISTA,RR,10240.75,2025,10354.17,2025_S2,1329,2024,8488.8,10485,6694
230730,JUAZEIRO DO NORTE,CE,10093.33,2026,10093.33,2026_S1,1134,2024,8098.17,10222,6634
150680,SANTARÉM,PA,9778.67,2026,9782.67,2025_S2,1646,2024,7339.0,10087,5385
230370,CAUCAIA,CE,9543.0,2026,9543.0,2026_S1,1386,2024,7077.23,9655,5011
240800,MOSSORÓ,RN,9340.42,2025,9461.33,2025_S2,1163,2024,7712.18,9553,6301
520140,APARECIDA DE GOIÂNIA,GO,9173.67,2026,9251.0,2025_S2,1129,2024,7732.22,9289,6460
317020,UBERLÂNDIA,MG,8900.83,2025,8916.83,2025_S2,877,2024,7797.65,9050,6760
261110,PETROLINA,PE,8743.33,2026,8825.33,2025_S2,1176,2024,7004.13,8989,5386
260960,OLINDA,PE,8607.0,2025,8687.17,2025_S2,698,2024,7609.72,8742,6588
431440,PELOTAS,RS,8539.42,2025,8686.0,2025_S2,803,2023,7189.77,8916,5993
330490,SÃO GONÇALO,RJ,8490.33,2026,8566.5,2025_S2,1327,2024,6526.9,8667,4644
330100,CAMPOS DOS GOYTACAZES,RJ,8294.33,2025,8347.0,2025_S1,1130,2024,6690.67,8476,4939
270030,ARAPIRACA,AL,8203.83,2025,8416.0,2025_S2,1126,2024,6786.12,8708,5573
320500,SERRA,ES,8071.33,2025,8180.33,2025_S2,1250,2024,6290.15,8318,4669
314330,MONTES CLAROS,MG,7916.42,2025,8034.33,2025_S2,861,2024,6626.02,8108,5473
353440,OSASCO,SP,7731.5,2025,7813.5,2025_S1,1000,2022,6523.57,7962,4866
354870,SÃO BERNARDO DO CAMPO,SP,7547.0,2025,7552.17,2025_S2,871,2023,6319.73,7726,5106
230765,MARACANAÚ,CE,7518.67,2026,7518.67,2026_S1,1115,2024,5298.53,7645,3569
420540,FLORIANÓPOLIS,SC,7304.0,2026,7600.17,2025_S2,1223,2024,5261.35,7694,3410
231290,SOBRAL,CE,7208.0,2026,7208.0,2026_S1,977,2024,5497.8,7300,4334
411370,LONDRINA,PR,6997.58,2025,7004.83,2025_S2,686,2024,6228.35,7149,5516
291480,ITABUNA,BA,6799.33,2026,6830.67,2025_S2,572,2024,5899.07,6877,5087
354990,SÃO JOSÉ DOS CAMPOS,SP,6600.58,2025,6612.33,2025_S2,803,2024,5481.65,6728,4242
354340,RIBEIRÃO PRETO,SP,6597.33,2025,6697.17,2025_S2,737,2024,5602.23,6801,4704
261070,PAULISTA,PE,6451.67,2026,6501.0,2025_S2,693,2024,5364.7,6533,4304
312770,GOVERNADOR VALADARES,MG,6363.17,2025,6488.17,2025_S2,838,2024,5090.8,6675,3730
510840,VÁRZEA GRANDE,MT,6353.67,2026,6353.67,2026_S1,921,2024,5064.53,6406,4209
291800,JEQUIÉ,BA,6277.67,2026,6277.67,2026_S1,688,2024,5155.65,6342,4176
320530,VITÓRIA,ES,6234.33,2026,6359.33,2025_S2,1131,2024,4450.45,6418,3109
210530,IMPERATRIZ,MA,6213.67,2025,6268.0,2025_S2,548,2024,5477.95,6305,4865
330510,SÃO JOÃO DE MERITI,RJ,6094.83,2025,6116.67,2025_S2,938,2024,4861.28,6215,3687
311860,CONTAGEM,MG,6052.58,2025,6098.33,2025_S2,701,2024,5103.6,6169,4058
230420,CRATO,CE,6051.67,2026,6051.67,2026_S1,646,2024,5021.97,6120,4174
330045,BELFORD ROXO,RJ,5995.0,2026,6057.17,2025_S2,1194,2024,4309.92,6146,2756
251370,SANTA RITA,PB,5956.67,2026,5956.67,2026_S1,667,2024,4704.25,6001,3739
150420,MARABÁ,PA,5855.17,2025,5944.83,2025_S2,735,2024,4898.47,6004,4024
172100,PALMAS,TO,5839.0,2026,5894.5,2025_S2,838,2023,4303.68,5938,2946
170210,ARAGUAÍNA,TO,5827.33,2026,5827.33,2026_S1,880,2024,4434.95,5860,3241
220770,PARNAÍBA,PI,5596.0,2026,5596.0,2026_S1,709,2025,4108.3,5665,3156
150240,CASTANHAL,PA,5585.75,2025,5662.67,2025_S2,658,2023,4707.62,5730,3648
160060,SANTANA,AP,5545.0,2026,5617.0,2025_S2,680,2024,4422.33,5663,3508
231130,QUIXADÁ,CE,5537.0,2026,5537.0,2026_S1,537,2023,4551.05,5615,3758
352310,ITAQUAQUECETUBA,SP,5512.67,2026,5592.0,2025_S2,875,2024,4136.07,5651,2807
260600,GARANHUNS,PE,5477.58,2025,5529.17,2025_S2,385,2022,4974.53,5547,4379
520110,ANÁPOLIS,GO,5476.42,2025,5526.5,2025_S2,609,2024,4634.3,5553,3835
150360,ITAITUBA,PA,5425.33,2026,5425.33,2026_S1,871,2024,3752.42,5544,2801
317010,UBERABA,MG,5411.33,2026,5537.17,2025_S2,570,2023,4504.78,5604,3529
320130,CARIACICA,ES,5299.83,2025,5397.83,2025_S2,764,2024,4269.75,5420,3360
320520,VILA VELHA,ES,5288.33,2025,5329.33,2025_S2,804,2024,4159.87,5367,2973
355220,SOROCABA,SP,5195.83,2025,5199.5,2025_S2,638,2024,4381.63,5330,3610
250180,BAYEUX,PB,5189.0,2026,5189.0,2026_S1,665,2024,4051.95,5224,3001
510760,RONDONÓPOLIS,MT,5150.5,2025,5233.33,2025_S2,545,2024,4382.75,5261,3576
353060,MOGI DAS CRUZES,SP,5131.17,2025,5151.17,2025_S1,517,2023,4449.18,5283,3524
260290,CABO DE SANTO AGOSTINHO,PE,5105.92,2025,5202.17,2025_S2,509,2024,4339.28,5403,3547
330330,NITERÓI,RJ,5065.83,2025,5084.0,2025_S2,722,2024,4210.55,5139,3367
261640,VITÓRIA DE SANTO ANTÃO,PE,5013.33,2026,5013.33,2026_S1,486,2024,4099.55,5047,3348
290570,CAMAÇARI,BA,5005.33,2026,5064.33,2025_S2,816,2024,3959.68,5094,2992
291360,ILHÉUS,BA,4976.67,2025,4980.5,2025_S1,391,2023,4504.83,5025,3954
230640,ITAPIPOCA,CE,4974.33,2026,5016.67,2025_S2,1106,2025,3865.32,5530,3149
330390,PETRÓPOLIS,RJ,4913.17,2025,4921.67,2025_S1,691,2024,3973.65,5023,2941
410830,FOZ DO IGUAÇU,PR,4895.67,2025,4905.83,2025_S2,564,2024,4301.17,4964,3640
351380,DIADEMA,SP,4850.83,2025,4869.33,2025_S1,389,2024,4324.8,4970,3775
420910,JOINVILLE,SC,4815.5,2025,4863.5,2025_S2,716,2024,3891.25,4896,3043
270930,UNIÃO DOS PALMARES,AL,4808.33,2026,4808.33,2026_S1,351,2025,4477.53,4856,4303
354980,SÃO JOSÉ DO RIO PRETO,SP,4750.33,2025,4752.17,2025_S1,519,2023,3999.67,4855,3090
521250,LUZIÂNIA,GO,4739.75,2025,4810.67,2025_S2,496,2024,4054.02,4863,3461
351620,FRANCA,SP,4623.0,2025,4708.0,2025_S2,572,2024,3785.68,4749,3092
293135,TEIXEIRA DE FREITAS,BA,4585.33,2026,4585.33,2026_S1,485,2024,3828.45,4620,3116
330250,MAGÉ,RJ,4543.25,2025,4565.17,2025_S1,612,2024,3852.82,4622,3192
210120,BACABAL,MA,4516.08,2025,4544.17,2025_S2,408,2024,4121.42,4586,3816
210140,BALSAS,MA,4512.67,2026,4512.67,2026_S1,397,2024,3853.98,4555,3365
313130,IPATINGA,MG,4497.25,2025,4503.67,2025_S2,460,2023,3860.25,4591,3162
150060,ALTAMIRA,PA,4489.67,2026,4489.67,2026_S1,465,2024,3612.65,4537,2977
291920,LAURO DE FREITAS,BA,4488.67,2026,4532.0,2025_S2,698,2024,3507.18,4579,2539
355250,SUZANO,SP,4448.92,2025,4466.0,2025_S1,568,2024,3631.68,4580,2563
410480,CASCAVEL,PR,4403.5,2025,4405.0,2025_S1,545,2024,3724.68,4490,2928
291840,JUAZEIRO,BA,4350.0,2026,4403.17,2025_S2,549,2024,3289.63,4442,2489
354780,SANTO ANDRÉ,SP,4346.42,2025,4362.5,2025_S2,491,2024,3675.63,4461,3086
150010,ABAETETUBA,PA,4308.33,2026,4338.33,2025_S2,446,2023,3562.75,4371,2886
230550,IGUATU,CE,4286.33,2026,4286.33,2026_S1,566,2024,3216.45,4315,2478
130250,MANACAPURU,AM,4271.67,2026,4316.17,2025_S2,454,2023,3598.68,4416,2999
230770,MARANGUAPE,CE,4243.0,2026,4243.0,2026_S1,559,2024,3260.4,4292,2513
280290,ITABAIANA,SE,4220.67,2026,4220.67,2026_S1,512,2024,3240.78,4250,2465
353870,PIRACICABA,SP,4207.17,2025,4212.83,2025_S2,501,2024,3480.37,4285,2674
316860,TEÓFILO OTONI,MG,4188.0,2026,4188.0,2026_S1,545,2024,3333.88,4242,2609
431560,RIO GRANDE,RS,4160.42,2025,4207.0,2025_S1,480,2023,3664.05,4242,3043
280350,LAGARTO,SE,4148.33,2026,4148.33,2026_S1,448,2024,3345.57,4178,2841
500370,DOURADOS,MS,4146.08,2025,4193.0,2025_S2,1110,2024,3268.38,4247,2540
211120,SÃO JOSÉ DE RIBAMAR,MA,4104.25,2025,4136.17,2025_S2,684,2024,3258.0,4214,2529
430460,CANOAS,RS,4102.83,2025,4112.0,2025_S1,441,2024,3478.8,4165,2722
310670,BETIM,MG,4056.92,2025,4080.5,2025_S1,391,2023,3564.07,4128,2860
261530,TIMBAÚBA,PE,4041.33,2026,4041.33,2026_S1,498,2024,3202.28,4118,2537
210990,SANTA INÊS,MA,4014.0,2025,4044.17,2025_S2,525,2024,3413.9,4080,2637
150170,BRAGANÇA,PA,3985.33,2026,4046.33,2025_S2,400,2024,3375.87,4084,2724
280480,NOSSA SENHORA DO SOCORRO,SE,3965.33,2026,3965.33,2026_S1,669,2024,2698.22,4011,1900
355280,TABOÃO DA SERRA,SP,3930.08,2025,3949.33,2025_S1,533,2024,3223.1,4008,2467
291560,ITAMARAJU,BA,3919.33,2026,3999.33,2025_S2,886,2025,2979.87,4080,2534
260345,CAMARAGIBE,PE,3918.67,2026,3953.0,2025_S2,315,2024,3386.43,3971,2894
240325,PARNAMIRIM,RN,3893.67,2026,3916.0,2025_S2,388,2023,3254.93,3939,2706
330630,VOLTA REDONDA,RJ,3857.75,2025,3863.5,2025_S1,428,2024,3235.88,3927,2491
432300,VIAMÃO,RS,3846.92,2025,3882.5,2025_S2,464,2024,3193.58,3946,2468
251530,SAPÉ,PB,3833.75,2025,3875.5,2025_S2,459,2024,3383.63,3909,2983
220800,PICOS,PI,3825.67,2026,3870.5,2025_S2,351,2024,3395.5,3877,3042
210300,CAXIAS,MA,3818.17,2025,3857.0,2025_S2,384,2024,3457.85,3918,3074
241200,SÃO GONÇALO DO AMARANTE,RN,3817.33,2026,3817.33,2026_S1,449,2022,2953.85,3862,2093
291072,EUNÁPOLIS,BA,3799.0,2026,3853.83,2025_S2,461,2024,3182.37,3885,2621
290070,ALAGOINHAS,BA,3786.42,2025,3830.17,2025_S2,341,2024,3235.4,3865,2725
411990,PONTA GROSSA,PR,3782.42,2025,3816.67,2025_S2,407,2024,3239.35,3858,2746
330190,ITABORAÍ,RJ,3773.58,2025,3810.0,2025_S2,527,2024,2980.03,3865,2188
261390,SERRA TALHADA,PE,3722.17,2025,3766.67,2025_S2,537,2024,3042.17,3877,2384
313420,ITUIUTABA,MG,3706.58,2025,3718.17,2025_S2,465,2024,3088.5,3752,2420
210860,PINHEIRO,MA,3676.0,2026,3726.5,2025_S2,876,2024,2568.2,4027,1963
350600,BAURU,SP,3670.0,2025,3719.83,2025_S1,319,2024,3293.75,3752,2869
354100,PRAIA GRANDE,SP,3648.58,2025,3671.5,2025_S2,472,2024,2975.2,3732,2240
260400,CARPINA,PE,3641.33,2026,3649.83,2025_S2,430,2024,2970.25,3665,2400
261370,SÃO LOURENÇO DA MATA,PE,3614.58,2025,3644.33,2025_S2,259,2023,3233.17,3654,2819
355100,SÃO VICENTE,SP,3601.75,2025,3646.5,2025_S2,393,2023,3024.27,3691,2368
431690,SANTA MARIA,RS,3582.58,2025,3647.83,2025_S1,295,2023,3250.92,3686,2847
430920,GRAVATAÍ,RS,3577.33,2026,3603.0,2025_S2,422,2024,2927.5,3635,2273
211220,TIMON,MA,3568.08,2025,3616.0,2025_S2,495,2024,2960.75,3653,2442
351870,GUARUJÁ,SP,3463.42,2025,3479.83,2025_S2,329,2024,3013.57,3532,2541
290320,BARREIRAS,BA,3457.33,2026,3483.83,2025_S2,408,2024,2929.08,3505,2507
430060,ALVORADA,RS,3423.75,2025,3461.83,2025_S2,400,2023,2811.97,3496,2145
420930,LAGES,SC,3420.42,2025,3424.5,2025_S2,583,2023,2718.97,3553,1782
352940,MAUÁ,SP,3399.08,2025,3443.67,2025_S2,394,2024,2833.42,3494,2337
330320,NILÓPOLIS,RJ,3376.42,2025,3443.83,2024_S2,335,2024,3090.53,3501,2767
250890,MAMANGUAPE,PB,3373.67,2026,3373.67,2026_S1,983,2025,2672.28,3387,2181
210160,BARRA DO CORDA,MA,3367.67,2026,3370.67,2025_S2,295,2024,2971.17,3399,2690
330240,MACAÉ,RJ,3344.83,2025,3400.0,2025_S2,531,2024,2600.62,3443,1913
150553,PARAUAPEBAS,PA,3316.67,2026,3316.67,2026_S1,454,2024,2561.5,3391,1901
316720,SETE LAGOAS,MG,3306.92,2025,3342.33,2025_S2,442,2024,2806.07,3369,2347
251080,PATOS,PB,3306.58,2025,3356.67,2025_S2,575,2025,2873.9,3792,2409
292400,PAULO AFONSO,BA,3293.33,2026,3308.5,2025_S2,443,2025,2669.82,3476,2192
120020,CRUZEIRO DO SUL,AC,3290.33,2026,3333.33,2025_S2,226,2024,2993.63,3347,2711
261000,PALMARES,PE,3285.42,2025,3293.33,2025_S2,286,2024,2912.92,3332,2548
270630,PALMEIRA DOS ÍNDIOS,AL,3260.67,2026,3287.17,2025_S2,337,2024,2962.82,3302,2716
432240,URUGUAIANA,RS,3259.58,2025,3283.0,2025_S2,348,2024,2840.67,3322,2373
315460,RIBEIRÃO DAS NEVES,MG,3198.75,2025,3232.5,2025_S2,385,2023,2599.82,3291,1941
251620,SOUSA,PB,3197.33,2026,3197.33,2026_S1,321,2025,2889.75,3235,2652
521880,RIO VERDE,GO,3182.67,2026,3202.33,2025_S2,374,2023,2604.17,3220,2100
330414,QUEIMADOS,RJ,3180.42,2025,3189.5,2025_S2,471,2024,2605.52,3254,2071
230280,CANINDÉ,CE,3165.33,2025,3185.83,2025_S2,484,2024,2560.02,3197,2070
317040,UNAÍ,MG,3160.67,2026,3160.67,2026_S1,642,2025,2339.48,3207,1899
292870,SANTO ANTÔNIO DE JESUS,BA,3146.83,2025,3150.17,2025_S1,302,2024,2733.32,3221,2338
430510,CAXIAS DO SUL,RS,3141.75,2025,3232.83,2025_S1,378,2025,2773.1,3270,2243
150220,CAPANEMA,PA,3123.0,2026,3168.0,2025_S2,310,2024,2669.9,3178,2277
261250,SANTA CRUZ DO CAPIBARIBE,PE,3122.67,2026,3122.67,2026_S1,470,2024,2281.0,3151,1564
411520,MARINGÁ,PR,3114.25,2025,3169.67,2025_S2,441,2024,2550.18,3182,2095
313520,JANUÁRIA,MG,3105.58,2025,3112.5,2025_S2,248,2024,2863.87,3142,2640
522140,TRINDADE,GO,3101.67,2026,3113.5,2025_S2,337,2024,2583.28,3134,2052
231140,QUIXERAMOBIM,CE,3098.33,2026,3098.33,2026_S1,327,2024,2589.67,3117,2207
110012,JI-PARANÁ,RO,3096.0,2025,3109.33,2025_S2,377,2024,2679.08,3152,2317
355410,TAUBATÉ,SP,3080.33,2025,3096.0,2025_S2,344,2023,2696.8,3134,2265
354850,SANTOS,SP,3068.75,2025,3078.67,2025_S2,396,2023,2515.15,3135,1905
431870,SÃO LEOPOLDO,RS,3067.5,2025,3068.33,2025_S2,351,2023,2564.52,3116,1966
270240,DELMIRO GOUVEIA,AL,3066.08,2025,3068.5,2025_S1,338,2022,2754.2,3105,2341
314390,MURIAÉ,MG,3048.75,2025,3087.33,2025_S2,268,2023,2583.72,3115,2109
351060,CARAPICUÍBA,SP,3046.25,2025,3059.0,2025_S1,372,2023,2587.8,3107,2003
292530,PORTO SEGURO,BA,3035.0,2026,3043.5,2025_S2,420,2024,2412.98,3070,1776
210330,CODÓ,MA,3017.83,2025,3048.0,2025_S2,363,2024,2693.92,3074,2404
520025,ÁGUAS LINDAS DE GOIÁS,GO,2988.67,2026,2988.67,2026_S1,525,2024,2052.02,3025,1253
430160,BAGÉ,RS,2966.33,2026,2966.83,2025_S2,439,2024,2441.75,2990,2037
280210,ESTÂNCIA,SE,2961.33,2026,2961.33,2026_S1,321,2024,2467.0,2974,2097
150210,CAMETÁ,PA,2961.25,2025,2987.0,2025_S2,220,2024,2730.23,3025,2454
230260,CAMOCIM,CE,2951.0,2026,2972.17,2025_S2,407,2024,2408.6,2987,1981
130190,ITACOATIARA,AM,2949.42,2025,2972.17,2025_S2,433,2024,2442.92,2999,2054
352230,ITAPETININGA,SP,2934.58,2025,2954.0,2025_S2,225,2023,2550.63,3000,2140
500660,PONTA PORÃ,MS,2932.67,2025,2954.17,2025_S2,439,2024,2478.42,2981,2040
330285,MESQUITA,RJ,2932.25,2025,2934.17,2025_S1,379,2024,2482.22,3116,2077
230410,CRATEÚS,CE,2930.67,2026,2930.67,2026_S1,464,2025,2176.37,3045,1633
352590,JUNDIAÍ,SP,2904.25,2025,2912.5,2025_S1,325,2024,2501.52,2961,2055
230350,CASCAVEL,CE,2895.0,2026,2895.0,2026_S1,285,2024,2398.1,2925,2004
320120,CACHOEIRO DE ITAPEMIRIM,ES,2891.5,2025,2909.67,2025_S2,406,2023,2379.57,2929,1868
150810,TUCURUÍ,PA,2875.33,2026,2899.67,2025_S2,318,2024,2459.03,2922,2091
330070,CABO FRIO,RJ,2859.67,2026,2859.67,2026_S1,538,2024,1995.68,2926,1362
330580,TERESÓPOLIS,RJ,2858.0,2026,2871.5,2025_S2,516,2024,2273.57,2890,1787
260110,ARARIPINA,PE,2845.33,2025,2945.5,2025_S2,735,2025,2452.33,3452,2113
210320,CHAPADINHA,MA,2840.67,2026,2924.17,2025_S2,360,2024,2335.3,2941,1968
260640,GRAVATÁ,PE,2828.67,2026,2828.67,2026_S1,675,2025,2310.9,2852,1920
312090,CURVELO,MG,2793.08,2025,2806.17,2025_S2,261,2024,2389.58,2858,1942
260680,IGARASSU,PE,2791.92,2025,2799.67,2025_S2,261,2024,2461.35,2816,2081
110002,ARIQUEMES,RO,2789.0,2026,2831.5,2025_S2,399,2024,2222.12,2843,1768
270670,PENEDO,AL,2754.33,2026,2777.33,2025_S2,215,2024,2454.0,2793,2209
352690,LIMEIRA,SP,2752.25,2025,2758.5,2025_S1,297,2024,2353.48,2824,1986
150180,BREVES,PA,2736.67,2026,2736.67,2026_S1,629,2023,2141.75,2768,1547
520800,FORMOSA,GO,2719.0,2026,2750.0,2025_S2,350,2024,2248.85,2762,1838
210005,AÇAILÂNDIA,MA,2713.67,2026,2713.67,2026_S1,275,2024,2212.25,2751,1838
231340,TIANGUÁ,CE,2699.67,2026,2699.67,2026_S1,562,2024,1791.28,2737,1242
230110,ARACATI,CE,2699.33,2026,2699.33,2026_S1,286,2024,2181.7,2763,1819
230240,BOA VIAGEM,CE,2696.17,2025,2698.33,2025_S1,409,2023,2145.43,2738,1550
130420,TEFÉ,AM,2691.5,2025,2699.83,2025_S2,191,2023,2472.27,2742,2200
260990,OURICURI,PE,2688.67,2026,2704.17,2025_S2,236,2024,2379.03,2715,2093
310560,BARBACENA,MG,2677.83,2025,2690.0,2025_S1,213,2022,2387.7,2719,2013
270770,RIO LARGO,AL,2675.33,2026,2693.0,2025_S2,318,2024,2218.25,2706,1827
231180,RUSSAS,CE,2669.0,2026,2669.0,2026_S1,304,2024,1986.75,2745,1476
230190,BARBALHA,CE,2666.33,2026,2691.5,2025_S2,320,2024,2214.8,2697,1849
293070,SIMÕES FILHO,BA,2653.0,2025,2660.5,2025_S2,297,2024,2223.22,2711,1764
431410,PASSO FUNDO,RS,2650.75,2025,2673.5,2025_S1,224,2024,2371.07,2709,2028
350570,BARUERI,SP,2648.75,2025,2651.17,2025_S2,342,2024,2202.15,2724,1711
230960,PACAJUS,CE,2648.33,2025,2675.5,2025_S2,312,2024,2220.25,2696,1789
315780,SANTA LUZIA,MG,2638.33,2025,2645.5,2025_S2,303,2023,2248.25,2696,1759
352220,ITAPECERICA DA SERRA,SP,2635.0,2025,2673.33,2025_S1,212,2025,2486.87,2698,2289
220840,PIRIPIRI,PI,2634.0,2026,2651.33,2025_S2,433,2024,2101.43,2661,1678
291640,ITAPETINGA,BA,2628.33,2025,2641.17,2025_S2,294,2024,2269.27,2717,1976
260170,BELO JARDIM,PE,2622.92,2025,2632.17,2025_S2,264,2024,2296.17,2654,1971
410940,GUARAPUAVA,PR,2622.58,2025,2629.67,2025_S2,180,2023,2475.25,2653,2278
330010,ANGRA DOS REIS,RJ,2618.33,2025,2630.5,2025_S1,417,2024,2098.9,2685,1513
260620,GOIANA,PE,2588.67,2026,2609.67,2025_S2,227,2024,2228.08,2629,1867
270860,SÃO MIGUEL DOS CAMPOS,AL,2568.67,2026,2569.67,2025_S2,477,2024,2032.78,2582,1691
250630,GUARABIRA,PB,2556.67,2025,2585.33,2025_S1,721,2025,2198.05,3144,1954
261220,SALGUEIRO,PE,2550.08,2025,2556.17,2025_S1,259,2024,2224.62,2586,1887
350280,ARAÇATUBA,SP,2546.5,2025,2546.83,2025_S1,197,2025,2328.68,2675,2145
240020,AÇU,RN,2529.25,2025,2540.67,2025_S2,260,2024,2157.77,2579,1776
293290,VALENÇA,BA,2526.42,2025,2537.0,2025_S1,256,2024,2212.87,2589,1899
260890,LIMOEIRO,PE,2524.0,2026,2524.0,2026_S1,308,2024,1997.2,2541,1613
352900,MARÍLIA,SP,2523.75,2025,2572.17,2024_S2,189,2023,2366.47,2616,2168
412550,SÃO JOSÉ DOS PINHAIS,PR,2520.75,2025,2540.17,2025_S2,390,2024,2031.25,2576,1575
260520,ESCADA,PE,2494.5,2025,2523.0,2025_S2,239,2024,2210.72,2536,1963
355240,SUMARÉ,SP,2491.25,2025,2518.83,2025_S2,264,2024,2146.57,2552,1815
500320,CORUMBÁ,MS,2488.08,2025,2504.0,2025_S2,508,2024,2067.82,2535,1721
230523,HORIZONTE,CE,2477.33,2026,2477.33,2026_S1,288,2024,1911.83,2507,1467
240940,PAU DOS FERROS,RN,2470.75,2025,2475.17,2025_S2,296,2024,2216.6,2481,1994
421660,SÃO JOSÉ,SC,2463.08,2025,2495.0,2025_S2,346,2023,1939.72,2532,1379
280740,TOBIAS BARRETO,SE,2459.17,2025,2491.0,2025_S2,209,2024,2156.27,2503,1879
293050,SERRINHA,BA,2449.0,2026,2449.0,2026_S1,251,2024,2046.35,2470,1694
352250,ITAPEVI,SP,2440.08,2025,2470.83,2025_S2,327,2023,1932.65,2519,1324
261450,SURUBIM,PE,2437.0,2026,2437.0,2026_S1,161,2024,2182.22,2455,1966
260005,ABREU E LIMA,PE,2436.33,2025,2450.67,2025_S2,187,2023,2142.22,2471,1787
510250,CÁCERES,MT,2434.33,2026,2453.17,2025_S2,465,2024,1947.88,2473,1530
280570,PROPRIÁ,SE,2432.17,2025,2439.33,2025_S2,226,2024,2121.13,2463,1766
150613,REDENÇÃO,PA,2425.92,2025,2459.17,2025_S2,217,2023,2159.88,2494,1856
330020,ARARUAMA,RJ,2423.67,2026,2434.5,2025_S2,318,2024,1915.02,2460,1512
510790,SINOP,MT,2422.33,2026,2445.0,2025_S2,477,2024,1735.85,2540,1300
230100,AQUIRAZ,CE,2405.67,2026,2405.67,2026_S1,336,2024,1810.32,2431,1261
291460,IRECÊ,BA,2403.0,2026,2403.0,2026_S1,412,2024,1893.35,2430,1524
354890,SÃO CARLOS,SP,2395.08,2025,2422.0,2025_S2,315,2023,1942.62,2465,1497
351300,COTIA,SP,2381.25,2025,2390.67,2025_S1,313,2024,2010.72,2416,1632
420240,BLUMENAU,SC,2363.0,2025,2413.0,2025_S2,363,2024,1856.8,2435,1408
291170,GUANAMBI,BA,2362.67,2026,2406.83,2025_S2,264,2024,1938.0,2424,1573
522045,SENADOR CANEDO,GO,2361.0,2026,2405.0,2025_S2,324,2024,1904.0,2419,1455
240710,MACAÍBA,RN,2359.0,2026,2369.17,2025_S2,503,2024,1715.57,2385,1252
352210,ITANHAÉM,SP,2355.75,2025,2360.83,2025_S2,220,2024,2032.02,2412,1677
320490,SÃO MATEUS,ES,2351.83,2025,2379.83,2025_S2,349,2024,1901.97,2404,1482
330220,ITAPERUNA,RJ,2339.83,2025,2347.33,2025_S2,297,2024,1950.35,2373,1560
210750,PAÇO DO LUMIAR,MA,2325.08,2025,2353.17,2025_S2,454,2024,1755.5,2381,1240
431340,NOVO HAMBURGO,RS,2314.5,2025,2335.67,2025_S2,282,2023,1976.18,2362,1651
313510,JANAÚBA,MG,2310.08,2025,2319.67,2025_S2,208,2024,2024.92,2427,1754
330200,ITAGUAÍ,RJ,2287.83,2025,2300.0,2025_S1,322,2023,1883.77,2334,1385
230020,ACARAÚ,CE,2286.67,2026,2286.67,2026_S1,283,2025,1713.18,2314,1349
412810,UMUARAMA,PR,2283.33,2025,2284.83,2025_S1,261,2024,1949.9,2314,1575
230470,GRANJA,CE,2270.67,2026,2282.5,2025_S2,296,2024,1870.0,2290,1575
150550,PARAGOMINAS,PA,2264.08,2025,2294.33,2025_S2,302,2024,1875.38,2314,1492
312230,DIVINÓPOLIS,MG,2264.0,2025,2286.83,2025_S2,250,2024,1949.17,2317,1656
351050,CARAGUATATUBA,SP,2263.17,2025,2304.0,2025_S2,226,2022,1910.15,2327,1475
320320,LINHARES,ES,2252.08,2025,2270.17,2025_S2,321,2024,1860.12,2294,1498
293010,SENHOR DO BONFIM,BA,2247.0,2025,2257.17,2025_S1,182,2024,1985.53,2287,1677
130340,PARINTINS,AM,2243.75,2025,2250.67,2025_S1,178,2024,2064.33,2278,1859
230540,ICÓ,CE,2235.67,2026,2235.67,2026_S1,234,2024,1845.13,2248,1579
260190,BEZERROS,PE,2234.67,2025,2243.33,2025_S2,609,2025,1858.7,2719,1541
353800,PINDAMONHANGABA,SP,2230.17,2025,2235.17,2025_S1,232,2023,1969.62,2281,1652
292510,POÇÕES,BA,2229.33,2026,2229.33,2026_S1,189,2024,1952.82,2244,1619
350330,ARARAS,SP,2227.67,2026,2227.67,2026_S1,1046,2025,1164.93,2317,851
420420,CHAPECÓ,SC,2220.58,2025,2233.0,2025_S1,191,2023,1983.85,2274,1713
410580,COLOMBO,PR,2218.17,2025,2226.17,2025_S2,432,2024,1855.88,2328,1470
311340,CARATINGA,MG,2217.58,2025,2236.83,2025_S1,143,2023,2034.97,2255,1821
170950,GURUPI,TO,2212.33,2026,2260.17,2025_S2,260,2023,1817.12,2270,1434
221060,SÃO RAIMUNDO NONATO,PI,2211.58,2025,2222.0,2025_S2,264,2024,1908.52,2227,1637
291390,IPIAÚ,BA,2210.67,2026,2223.33,2025_S2,136,2024,1978.67,2232,1733
420820,ITAJAÍ,SC,2207.0,2025,2240.5,2025_S2,304,2024,1751.1,2273,1327
354140,PRESIDENTE PRUDENTE,SP,2198.25,2025,2222.17,2025_S2,275,2024,1786.63,2245,1401
431710,SANTANA DO LIVRAMENTO,RS,2181.58,2025,2183.5,2025_S1,164,2023,1962.02,2227,1724
150530,ORIXIMINÁ,PA,2177.0,2026,2177.0,2026_S1,400,2024,1475.55,2218,942
231410,VIÇOSA DO CEARÁ,CE,2176.33,2026,2176.33,2026_S1,443,2024,1509.77,2203,1087
320240,GUARAPARI,ES,2174.42,2025,2190.83,2025_S2,249,2024,1870.98,2207,1594
521760,PLANALTINA,GO,2174.33,2026,2190.5,2025_S2,348,2024,1575.52,2199,1057
510180,BARRA DO GARÇAS,MT,2174.0,2026,2184.17,2025_S2,509,2024,1646.95,2203,1316
330340,NOVA FRIBURGO,RJ,2161.75,2025,2169.33,2025_S1,249,2024,1827.52,2219,1499
230630,ITAPAJÉ,CE,2161.33,2026,2161.33,2026_S1,426,2025,1391.55,2204,1003
230250,BREJO SANTO,CE,2157.0,2026,2157.0,2026_S1,248,2024,1741.55,2173,1441
230760,LIMOEIRO DO NORTE,CE,2147.33,2026,2147.33,2026_S1,286,2024,1618.73,2209,1220
310400,ARAXÁ,MG,2136.0,2025,2145.5,2025_S2,198,2022,1858.07,2186,1526
351907,HORTOLÂNDIA,SP,2135.67,2025,2136.17,2025_S1,265,2024,1780.92,2189,1401
314800,PATOS DE MINAS,MG,2133.58,2025,2143.83,2025_S2,161,2023,1910.02,2177,1659
291750,JACOBINA,BA,2130.0,2026,2130.0,2026_S1,305,2024,1734.78,2149,1442
316990,UBÁ,MG,2128.58,2025,2142.67,2025_S2,250,2024,1786.75,2164,1424
351630,FRANCISCO MORATO,SP,2128.08,2025,2152.67,2025_S1,224,2024,1808.47,2168,1397
522185,VALPARAÍSO DE GOIÁS,GO,2127.33,2026,2134.5,2025_S2,430,2024,1468.32,2151,856
260120,ARCOVERDE,PE,2125.0,2026,2125.0,2026_S1,272,2024,1698.33,2146,1442
280300,ITABAIANINHA,SE,2116.08,2025,2118.67,2025_S2,562,2024,1623.78,2129,1254
150150,BENEVIDES,PA,2097.75,2025,2122.0,2025_S2,246,2022,1787.83,2153,1322
330270,MARICÁ,RJ,2080.67,2026,2097.17,2025_S2,282,2024,1625.3,2114,1195
311940,CORONEL FABRICIANO,MG,2080.42,2025,2099.33,2025_S2,254,2023,1723.22,2134,1324
421190,PALHOÇA,SC,2072.08,2025,2087.33,2025_S2,346,2024,1589.8,2118,1071
240200,CAICÓ,RN,2069.0,2026,2073.0,2025_S2,126,2023,1854.48,2080,1654
230870,MORADA NOVA,CE,2057.67,2026,2057.67,2026_S1,187,2024,1766.2,2098,1520
270940,VIÇOSA,AL,2054.0,2026,2054.0,2026_S1,140,2024,1866.78,2072,1717
350760,BRAGANÇA PAULISTA,SP,2045.75,2025,2058.67,2025_S1,203,2022,1842.65,2083,1535
260720,IPOJUCA,PE,2038.33,2026,2038.33,2026_S1,263,2025,1779.28,2071,1467
430040,ALEGRETE,RS,2033.33,2025,2042.33,2025_S1,142,2024,1872.08,2062,1693
352240,ITAPEVA,SP,2031.75,2025,2058.83,2025_S2,279,2025,1744.98,2240,1442
350320,ARARAQUARA,SP,2015.5,2025,2029.5,2025_S1,184,2023,1790.97,2075,1572
352440,JACAREÍ,SP,2014.92,2025,2021.67,2025_S2,165,2024,1770.4,2065,1538
250370,CAJAZEIRAS,PB,2010.33,2026,2010.33,2026_S1,194,2025,1724.5,2032,1520
291760,JAGUAQUARA,BA,2005.33,2025,2006.67,2025_S1,141,2024,1831.35,2018,1634
350750,BOTUCATU,SP,1991.67,2025,1993.17,2025_S2,267,2023,1689.25,2039,1335
110004,CACOAL,RO,1987.67,2026,2018.0,2025_S2,283,2024,1649.9,2033,1327
110030,VILHENA,RO,1987.08,2025,2013.5,2025_S2,224,2024,1747.03,2019,1559
330040,BARRA MANSA,RJ,1986.25,2025,1995.17,2025_S2,273,2024,1631.88,2027,1226
210820,PEDREIRAS,MA,1986.17,2025,2007.17,2025_S2,184,2024,1793.68,2012,1614
270800,SANTANA DO IPANEMA,AL,1981.33,2025,2010.83,2025_S2,171,2024,1769.93,2015,1616
510795,TANGARÁ DA SERRA,MT,1977.08,2025,2009.0,2025_S2,521,2024,1582.95,2231,1285
220220,CAMPO MAIOR,PI,1976.0,2026,1998.33,2025_S2,161,2023,1725.92,2013,1453
521800,PORANGATU,GO,1974.67,2026,1974.67,2026_S1,233,2024,1561.67,1988,1246
231330,TAUÁ,CE,1971.67,2026,1985.5,2025_S2,171,2024,1694.67,1999,1463
314790,PASSOS,MG,1970.5,2025,1972.83,2025_S2,184,2022,1766.85,1985,1515
291470,ITABERABA,BA,1963.67,2026,1975.17,2025_S2,268,2024,1662.65,1989,1432
310170,ALMENARA,MG,1955.0,2026,1973.67,2025_S2,345,2024,1475.87,1983,1113
250690,ITABAIANA,PB,1949.0,2026,1960.83,2025_S2,160,2024,1663.43,1980,1441
210910,PRESIDENTE DUTRA,MA,1949.0,2026,1949.0,2026_S1,149,2022,1680.37,1963,1452
317130,VIÇOSA,MG,1936.83,2025,1938.5,2025_S1,217,2024,1630.72,1986,1294
260010,AFOGADOS DA INGAZEIRA,PE,1931.83,2025,1959.67,2025_S2,302,2024,1538.58,2135,1178
350550,BARRETOS,SP,1911.92,2025,1943.33,2025_S1,182,2025,1730.17,1970,1519
261090,PESQUEIRA,PE,1909.58,2025,1915.67,2025_S2,160,2024,1745.88,1927,1598
251250,QUEIMADAS,PB,1878.67,2026,1878.67,2026_S1,275,2025,1362.6,1894,1017
351350,CUBATÃO,SP,1870.92,2025,1874.0,2025_S1,226,2023,1631.28,1906,1333
270230,CORURIPE,AL,1869.67,2026,1873.0,2025_S2,186,2024,1566.43,1893,1301
410140,APUCARANA,PR,1868.17,2025,1883.0,2025_S1,198,2023,1658.53,1915,1404
291070,EUCLIDES DA CUNHA,BA,1861.75,2025,1878.67,2025_S2,156,2024,1648.32,1884,1432
420460,CRICIÚMA,SC,1860.83,2025,1866.5,2025_S2,176,2024,1644.18,1917,1411
230970,PACATUBA,CE,1852.0,2026,1852.0,2026_S1,276,2025,1300.08,1878,951
431800,SÃO BORJA,RS,1842.25,2025,1862.67,2024_S2,124,2025,1738.75,1886,1615
290390,BOM JESUS DA LAPA,BA,1838.67,2025,1863.33,2025_S2,161,2024,1645.35,1874,1472
290980,CRUZ DAS ALMAS,BA,1835.5,2025,1843.0,2025_S2,188,2023,1530.38,1860,1127
220390,FLORIANO,PI,1826.75,2025,1840.0,2025_S2,259,2024,1527.72,1862,1281
150650,SANTA IZABEL DO PARÁ,PA,1826.67,2026,1832.83,2025_S2,162,2024,1597.1,1843,1379
250430,CATOLÉ DO ROCHA,PB,1825.67,2026,1825.67,2026_S1,189,2024,1472.82,1833,1219
280670,SÃO CRISTÓVÃO,SE,1816.33,2026,1816.33,2026_S1,268,2025,1455.83,1825,1193
291400,IPIRÁ,BA,1810.67,2026,1818.83,2025_S2,146,2024,1607.7,1832,1430
260140,BARREIROS,PE,1807.75,2025,1823.83,2025_S2,128,2024,1606.8,1835,1365
220700,OEIRAS,PI,1802.67,2025,1809.33,2025_S1,163,2024,1577.13,1829,1329
172120,TOCANTINÓPOLIS,TO,1802.08,2025,1816.33,2025_S2,167,2023,1595.35,1823,1395
270040,ATALAIA,AL,1797.0,2026,1809.83,2025_S2,210,2024,1533.3,1824,1304
520510,CATALÃO,GO,1789.67,2026,1791.67,2025_S2,381,2025,1211.4,1821,865
270470,MARECHAL DEODORO,AL,1785.0,2026,1792.17,2025_S2,275,2024,1376.87,1804,1035
312980,IBIRITÉ,MG,1780.92,2025,1783.0,2025_S2,222,2023,1558.7,1808,1219
431830,SÃO GABRIEL,RS,1778.92,2025,1780.17,2025_S2,154,2023,1572.83,1820,1356
240310,CURRAIS NOVOS,RN,1772.33,2025,1782.0,2025_S2,155,2024,1540.07,1786,1288
351570,FERRAZ DE VASCONCELOS,SP,1771.08,2025,1782.0,2025_S2,197,2024,1494.78,1816,1254
210360,COROATÁ,MA,1767.42,2025,1787.83,2025_S2,166,2024,1587.42,1800,1409
241120,SANTA CRUZ,RN,1766.33,2026,1779.17,2025_S2,166,2023,1454.7,1788,1138
320150,COLATINA,ES,1765.33,2026,1787.17,2025_S2,212,2024,1430.77,1801,1148
150760,SÃO MIGUEL DO GUAMÁ,PA,1762.0,2026,1773.67,2025_S2,241,2024,1442.97,1780,1165
231350,TRAIRI,CE,1759.33,2026,1759.33,2026_S1,226,2024,1342.07,1779,1051
290560,CAMACAN,BA,1756.33,2026,1756.33,2026_S1,118,2023,1556.78,1778,1361
313940,MANHUAÇU,MG,1750.5,2025,1774.0,2025_S2,269,2024,1413.1,1789,1125
315180,POÇOS DE CALDAS,MG,1742.08,2025,1751.0,2025_S1,158,2023,1543.98,1769,1330
311530,CATAGUASES,MG,1735.83,2025,1745.0,2025_S2,177,2024,1493.95,1802,1273
500830,TRÊS LAGOAS,MS,1735.75,2025,1748.17,2025_S2,378,2024,1446.27,1782,1202
240260,CEARÁ-MIRIM,RN,1733.25,2025,1740.0,2025_S2,171,2023,1523.5,1755,1274
240100,APODI,RN,1729.33,2026,1748.83,2025_S2,129,2022,1575.92,1765,1369
260940,MORENO,PE,1727.83,2025,1742.67,2025_S2,175,2024,1531.32,1764,1361
231240,SÃO GONÇALO DO AMARANTE,CE,1722.33,2026,1722.33,2026_S1,201,2024,1329.05,1736,1027
250320,CABEDELO,PB,1722.08,2025,1758.67,2025_S2,138,2024,1512.27,1776,1292
520860,GOIANÉSIA,GO,1716.67,2026,1716.67,2026_S1,226,2024,1353.15,1733,1115
411840,PARANAVAÍ,PR,1712.08,2025,1723.17,2025_S1,208,2024,1471.0,1733,1215
351640,FRANCO DA ROCHA,SP,1712.08,2025,1733.67,2025_S2,249,2023,1330.28,1761,895
432000,SAPUCAIA DO SUL,RS,1709.33,2026,1724.17,2025_S2,288,2024,1294.57,1732,911
353760,PERUÍBE,SP,1705.0,2025,1707.0,2025_S2,176,2023,1457.58,1738,1134
150480,MONTE ALEGRE,PA,1697.67,2026,1733.17,2025_S2,616,2025,1251.13,2118,907
120060,TARAUACÁ,AC,1695.0,2026,1695.0,2026_S1,198,2025,1375.68,1730,1182
310350,ARAGUARI,MG,1692.25,2025,1714.33,2025_S2,114,2024,1558.52,1720,1435
330420,RESENDE,RJ,1687.25,2025,1691.33,2025_S1,220,2022,1459.62,1709,1117
310340,ARAÇUAÍ,MG,1687.17,2025,1690.0,2025_S2,175,2022,1464.33,1731,1186
355710,VOTUPORANGA,SP,1683.5,2025,1707.67,2025_S2,170,2024,1431.95,1760,1183
130290,MAUÉS,AM,1681.33,2026,1681.33,2026_S1,196,2024,1464.65,1722,1327
211270,VARGEM GRANDE,MA,1678.33,2025,1690.67,2025_S1,93,2024,1591.6,1700,1499
292660,RIBEIRA DO POMBAL,BA,1677.25,2025,1695.5,2025_S2,120,2024,1526.67,1708,1355
231230,SÃO BENEDITO,CE,1673.33,2026,1673.33,2026_S1,214,2024,1368.03,1683,1122
316110,SÃO FRANCISCO,MG,1668.92,2025,1670.67,2025_S1,122,2024,1554.48,1687,1446
290460,BRUMADO,BA,1664.33,2026,1696.17,2025_S2,363,2025,1358.1,1914,1138
350410,ATIBAIA,SP,1662.83,2025,1663.0,2025_S1,180,2024,1432.95,1704,1171
230030,ACOPIARA,CE,1662.58,2025,1677.0,2025_S2,215,2024,1395.88,1687,1188
150442,MARITUBA,PA,1658.58,2025,1673.0,2025_S2,150,2023,1465.2,1687,1217
220830,PIRACURUCA,PI,1657.0,2026,1657.0,2026_S1,167,2024,1318.75,1684,1086
410180,ARAUCÁRIA,PR,1656.67,2025,1657.5,2025_S2,162,2024,1430.62,1746,1217
291120,GANDU,BA,1654.42,2025,1668.33,2025_S2,145,2023,1442.4,1688,1209
210960,ROSÁRIO,MA,1647.25,2025,1655.67,2025_S2,196,2024,1385.88,1673,1119
315250,POUSO ALEGRE,MG,1645.67,2025,1658.17,2025_S2,155,2024,1443.12,1680,1221
110011,JARU,RO,1645.67,2025,1658.83,2025_S2,194,2024,1456.82,1664,1292
171820,PORTO NACIONAL,TO,1645.67,2026,1658.67,2025_S2,171,2024,1386.43,1676,1166
150270,CONCEIÇÃO DO ARAGUAIA,PA,1645.58,2025,1667.67,2025_S2,93,2023,1516.9,1682,1363
220290,CORRENTE,PI,1643.75,2025,1661.67,2025_S2,168,2024,1439.38,1681,1261
150130,BARCARENA,PA,1643.17,2025,1662.17,2025_S2,242,2023,1370.3,1675,1060
290840,CONCEIÇÃO DO COITÉ,BA,1641.67,2026,1660.5,2025_S2,175,2024,1343.73,1665,1105
355540,UBATUBA,SP,1639.67,2026,1669.33,2025_S2,184,2024,1319.87,1677,977
251210,POMBAL,PB,1639.33,2026,1639.67,2025_S2,195,2024,1308.73,1655,1076
316470,SÃO SEBASTIÃO DO PARAÍSO,MG,1637.08,2025,1646.0,2025_S2,161,2023,1437.82,1674,1196
231400,VÁRZEA ALEGRE,CE,1633.33,2026,1633.33,2026_S1,271,2024,1236.47,1647,938
240830,NOVA CRUZ,RN,1631.75,2025,1655.33,2025_S2,106,2023,1461.6,1659,1299
312800,GUANHÃES,MG,1631.67,2025,1677.67,2025_S2,277,2024,1329.02,1761,1096
211400,ZÉ DOCA,MA,1629.67,2026,1629.67,2026_S1,260,2024,1194.23,1668,938
313630,JOÃO PINHEIRO,MG,1624.0,2026,1652.0,2025_S2,141,2025,1411.63,1660,1201
280450,NOSSA SENHORA DA GLÓRIA,SE,1624.0,2026,1629.33,2025_S2,219,2024,1303.83,1637,1039
500110,AQUIDAUANA,MS,1621.17,2025,1639.67,2025_S2,318,2024,1313.97,1659,1037
150320,IGARAPÉ-AÇU,PA,1614.58,2025,1627.33,2024_S2,141,2024,1464.12,1648,1269
231070,PENTECOSTE,CE,1612.33,2026,1612.33,2026_S1,173,2024,1260.92,1630,1026
291005,DIAS DÁVILA,BA,1610.25,2025,1612.67,2025_S2,242,2024,1312.75,1632,1005
280710,SIMÃO DIAS,SE,1600.0,2026,1605.67,2025_S2,179,2024,1343.92,1616,1138
430930,GUAÍBA,RS,1597.5,2025,1597.67,2025_S1,186,2023,1378.88,1637,1162
211280,VIANA,MA,1596.58,2025,1618.33,2025_S2,170,2024,1358.18,1630,1127
230810,MAURITI,CE,1595.0,2026,1595.0,2026_S1,98,2023,1380.6,1606,1197
220120,BARRAS,PI,1594.33,2026,1594.33,2026_S1,207,2024,1316.17,1614,1107
150795,TAILÂNDIA,PA,1593.33,2026,1615.17,2025_S2,204,2023,1269.87,1623,936
250600,ESPERANÇA,PB,1591.33,2026,1591.33,2026_S1,187,2024,1236.83,1597,951
150040,ALENQUER,PA,1591.0,2026,1591.0,2026_S1,536,2025,1154.92,1614,861
330452,RIO DAS OSTRAS,RJ,1590.5,2025,1601.0,2025_S2,264,2024,1253.42,1626,924
130170,HUMAITÁ,AM,1588.67,2026,1588.67,2026_S1,417,2024,1049.32,1621,691
350650,BIRIGUI,SP,1587.75,2025,1592.83,2025_S2,145,2023,1407.77,1627,1216
352050,INDAIATUBA,SP,1576.25,2025,1580.33,2025_S1,169,2024,1369.72,1621,1180
432160,TRAMANDAÍ,RS,1572.67,2026,1572.67,2026_S1,259,2024,1192.58,1592,756
210540,ITAPECURU MIRIM,MA,1563.08,2025,1579.33,2025_S2,336,2024,1242.4,1595,990
150230,CAPITÃO POÇO,PA,1561.33,2026,1566.0,2025_S2,183,2024,1298.62,1578,970
330030,BARRA DO PIRAÍ,RJ,1558.75,2025,1587.0,2025_S1,197,2024,1347.88,1632,1109
411820,PARANAGUÁ,PR,1556.92,2025,1563.17,2025_S1,301,2024,1252.42,1575,965
270915,TEOTÔNIO VILELA,AL,1555.17,2025,1564.5,2025_S2,146,2024,1397.53,1574,1226
521975,SANTO ANTÔNIO DO DESCOBERTO,GO,1554.33,2026,1554.33,2026_S1,246,2023,1102.78,1571,753
351500,EMBU DAS ARTES,SP,1545.5,2025,1567.5,2025_S1,118,2025,1475.87,1580,1381
353070,MOGI GUAÇU,SP,1545.42,2025,1551.33,2025_S1,186,2023,1324.12,1570,1068
315210,PONTE NOVA,MG,1529.0,2025,1550.5,2025_S2,243,2024,1239.77,1566,919
410430,CAMPO MOURÃO,PR,1528.33,2025,1532.0,2025_S2,118,2024,1375.32,1557,1217
261300,SÃO BENTO DO UNA,PE,1526.33,2026,1526.33,2026_S1,190,2024,1226.77,1541,959
430300,CACHOEIRA DO SUL,RS,1519.0,2025,1524.17,2025_S1,151,2023,1325.4,1548,1123
292150,MONTE SANTO,BA,1518.08,2025,1525.0,2025_S1,112,2024,1370.93,1535,1221
230850,MOMBAÇA,CE,1517.67,2026,1517.67,2026_S1,122,2024,1324.53,1538,1187
150330,IGARAPÉ-MIRI,PA,1514.75,2025,1528.33,2025_S2,129,2023,1353.47,1540,1160
251120,PEDRAS DE FOGO,PB,1511.33,2026,1523.5,2025_S2,123,2023,1334.87,1545,1146
230220,BEBERIBE,CE,1509.67,2026,1509.67,2026_S1,133,2024,1242.32,1550,1055
316870,TIMÓTEO,MG,1498.42,2025,1508.33,2025_S1,185,2023,1277.37,1529,993
290600,CAMPO FORMOSO,BA,1496.92,2025,1497.83,2025_S2,152,2023,1349.23,1511,1193
521190,JATAÍ,GO,1493.33,2026,1494.5,2025_S2,159,2023,1250.17,1511,1044
430310,CACHOEIRINHA,RS,1481.67,2025,1491.67,2025_S1,183,2024,1234.3,1513,977
313840,LEOPOLDINA,MG,1473.0,2026,1473.0,2026_S1,138,2023,1204.33,1488,956
420300,CAÇADOR,SC,1471.67,2024,1488.33,2024_S2,141,2022,1357.62,1497,1146
314700,PARACATU,MG,1469.17,2025,1476.17,2025_S2,141,2024,1305.47,1488,1157
130140,EIRUNEPÉ,AM,1468.67,2025,1472.67,2025_S2,216,2024,1306.9,1537,1189
221000,SÃO JOÃO DO PIAUÍ,PI,1467.0,2025,1490.0,2025_S2,131,2024,1255.32,1502,1061
211250,TUTÓIA,MA,1464.08,2025,1465.0,2025_S2,162,2024,1344.53,1486,1261
317120,VESPASIANO,MG,1462.5,2025,1488.17,2025_S2,169,2022,1217.33,1508,912
412625,SARANDI,PR,1460.58,2025,1472.0,2025_S2,203,2024,1212.28,1480,991
130406,TABATINGA,AM,1459.83,2025,1468.67,2025_S2,93,2026,1357.92,1493,1213
521150,ITUMBIARA,GO,1459.67,2026,1461.5,2025_S2,160,2024,1231.15,1495,1086
230210,BATURITÉ,CE,1456.58,2025,1475.17,2025_S2,152,2024,1237.72,1487,1062
355170,SERTÃOZINHO,SP,1452.67,2026,1477.5,2025_S2,139,2025,1230.0,1514,1036
230120,ARACOIABA,CE,1443.0,2026,1445.5,2025_S2,237,2024,1102.5,1453,812
313240,ITAJUBÁ,MG,1442.92,2025,1447.5,2025_S2,125,2023,1280.68,1465,1080
220370,ESPERANTINA,PI,1442.67,2026,1456.67,2025_S2,137,2024,1236.5,1467,1026
520450,CALDAS NOVAS,GO,1442.33,2026,1471.83,2025_S2,215,2024,1125.32,1512,846
431750,SANTO ÂNGELO,RS,1441.5,2025,1445.5,2025_S2,106,2024,1304.98,1473,1176
231160,REDENÇÃO,CE,1441.0,2026,1441.0,2026_S1,145,2024,1177.77,1460,965
260420,CATENDE,PE,1437.33,2026,1445.17,2025_S2,136,2024,1243.35,1452,1040
315220,PORTEIRINHA,MG,1437.0,2025,1455.5,2025_S2,260,2025,1298.53,1660,1172
220790,PEDRO II,PI,1437.0,2026,1443.17,2025_S2,223,2024,1131.35,1453,862
412770,TOLEDO,PR,1436.58,2025,1444.83,2025_S1,114,2023,1271.47,1486,1113
120030,FEIJÓ,AC,1435.67,2026,1435.67,2026_S1,140,2024,1134.35,1464,896
230270,CAMPOS SALES,CE,1430.33,2026,1430.33,2026_S1,147,2024,1214.23,1444,1051
292860,SANTO AMARO,BA,1428.75,2025,1431.33,2025_S1,94,2024,1320.13,1444,1187
230500,GUARACIABA DO NORTE,CE,1427.33,2026,1427.33,2026_S1,205,2024,1041.68,1440,755
354390,RIO CLARO,SP,1418.92,2025,1428.33,2025_S1,188,2024,1177.97,1442,940
330520,SÃO PEDRO DA ALDEIA,RJ,1413.42,2025,1449.33,2025_S2,234,2024,1091.47,1470,848
260950,NAZARÉ DA MATA,PE,1413.0,2026,1416.83,2025_S2,98,2024,1252.5,1424,1112
410150,ARAPONGAS,PR,1412.75,2025,1416.67,2025_S2,169,2024,1218.78,1441,1017
120050,SENA MADUREIRA,AC,1412.33,2026,1414.67,2025_S2,194,2024,1135.48,1436,948
261060,PAUDALHO,PE,1412.33,2026,1412.33,2026_S1,153,2023,1138.07,1428,860
150820,VIGIA,PA,1411.33,2026,1411.33,2026_S1,158,2023,1165.13,1424,926
261180,RIBEIRÃO,PE,1408.67,2026,1411.67,2025_S2,115,2023,1249.97,1418,1094
130185,IRANDUBA,AM,1408.67,2026,1415.0,2025_S2,128,2022,1216.03,1436,1006
290100,AMARGOSA,BA,1403.67,2025,1420.5,2025_S2,114,2024,1222.57,1429,1048
291980,MACAÚBAS,BA,1402.58,2025,1410.17,2025_S2,67,2023,1318.0,1422,1231
130120,COARI,AM,1402.33,2026,1434.5,2025_S2,198,2023,1197.97,1462,992
510025,ALTA FLORESTA,MT,1394.33,2026,1398.0,2025_S2,157,2023,1150.6,1427,908
330550,SAQUAREMA,RJ,1394.0,2025,1415.17,2025_S2,173,2024,1147.47,1433,935
315670,SABARÁ,MG,1392.33,2025,1401.0,2025_S1,125,2024,1240.32,1415,1092
311230,CAPELINHA,MG,1391.92,2025,1397.83,2025_S2,102,2024,1228.58,1416,1067
230700,JAGUARUANA,CE,1391.33,2026,1391.33,2026_S1,162,2024,1008.92,1429,723
521020,IPORÁ,GO,1390.33,2026,1390.33,2026_S1,168,2024,1152.42,1397,948
293220,UBAITABA,BA,1389.67,2026,1389.67,2026_S1,146,2024,1194.55,1396,1023
110028,ROLIM DE MOURA,RO,1389.67,2025,1395.83,2025_S2,111,2024,1247.82,1413,1104
220040,ALTOS,PI,1386.33,2026,1390.5,2025_S2,161,2024,1131.72,1402,940
431020,IJUÍ,RS,1386.17,2025,1391.33,2025_S2,116,2023,1230.98,1404,1072
260880,LAJEDO,PE,1385.33,2025,1399.83,2025_S2,137,2024,1200.17,1405,1005
352530,JAÚ,SP,1383.58,2025,1386.17,2025_S1,192,2024,1128.35,1429,877
354880,SÃO CAETANO DO SUL,SP,1383.25,2025,1388.17,2025_S2,163,2023,1161.88,1416,961
522160,URUAÇU,GO,1383.0,2026,1383.0,2026_S1,145,2025,1131.42,1406,981
270730,PORTO CALVO,AL,1380.75,2024,1391.83,2024_S2,117,2023,1278.4,1424,1144
310860,BRASÍLIA DE MINAS,MG,1378.33,2025,1382.0,2025_S1,76,2023,1282.53,1396,1165
171610,PARAÍSO DO TOCANTINS,TO,1376.67,2026,1402.83,2025_S2,175,2023,1139.62,1409,875
270850,SÃO LUÍS DO QUITUNDE,AL,1375.0,2026,1378.67,2025_S2,268,2024,1134.38,1384,940
430770,ESTEIO,RS,1370.42,2025,1383.5,2025_S2,193,2023,1084.63,1398,768
320060,ARACRUZ,ES,1369.83,2025,1389.33,2025_S2,272,2024,1077.98,1410,813
310730,BOCAIÚVA,MG,1368.0,2025,1374.5,2025_S2,125,2024,1193.3,1380,1012
231020,PARACURU,CE,1367.67,2026,1379.17,2025_S2,136,2024,1144.15,1387,936
270550,MURICI,AL,1362.0,2026,1374.83,2025_S2,71,2025,1319.63,1391,1273
351840,GUARATINGUETÁ,SP,1361.75,2025,1366.83,2025_S2,138,2024,1165.13,1389,917
150405,MÃE DO RIO,PA,1359.33,2026,1381.17,2025_S2,220,2021,1160.9,1396,780
355400,TATUÍ,SP,1356.5,2025,1385.0,2025_S2,132,2024,1157.3,1395,983
290290,BARRA DO CHOÇA,BA,1352.33,2026,1352.33,2026_S1,169,2024,1039.03,1357,802
290650,CANDEIAS,BA,1349.33,2025,1359.33,2025_S2,185,2024,1095.57,1369,836
350160,AMERICANA,SP,1348.0,2025,1350.5,2025_S1,191,2024,1125.43,1383,928
241220,SÃO JOSÉ DE MIPIBU,RN,1348.0,2026,1365.0,2025_S2,177,2024,1133.87,1376,936
290270,BARRA,BA,1347.42,2025,1398.0,2025_S2,487,2025,1233.2,1773,1118
351970,IBIÚNA,SP,1343.08,2025,1348.5,2025_S1,138,2024,1156.68,1373,968
280130,CAPELA,SE,1341.0,2024,1373.83,2024_S1,228,2024,1237.78,1442,1129
315700,SALINAS,MG,1336.08,2025,1346.17,2025_S2,121,2024,1168.42,1362,1007
210170,BARREIRINHAS,MA,1333.33,2025,1345.5,2025_S2,176,2024,1130.05,1356,941
230590,IPUEIRAS,CE,1333.33,2026,1333.33,2026_S1,804,2025,980.02,1349,536
292880,SANTO ESTÊVÃO,BA,1332.0,2026,1333.33,2025_S2,156,2024,1100.32,1350,926
150380,JACUNDÁ,PA,1330.33,2026,1334.5,2025_S2,122,2024,1151.87,1345,987
291465,ITABELA,BA,1329.0,2025,1343.17,2025_S2,89,2024,1199.33,1351,1045
292810,SANTA MARIA DA VITÓRIA,BA,1326.25,2025,1326.33,2025_S1,215,2021,1173.5,1345,859
314870,PEDRA AZUL,MG,1321.0,2026,1325.83,2025_S2,143,2023,1040.22,1334,792
230800,MASSAPÊ,CE,1320.0,2026,1320.0,2026_S1,152,2024,1016.17,1330,815
410765,FAZENDA RIO GRANDE,PR,1317.83,2025,1319.17,2025_S2,222,2024,1060.85,1334,802
230580,IPU,CE,1317.33,2026,1317.33,2026_S1,163,2024,1018.07,1331,836
210570,LAGO DA PEDRA,MA,1310.42,2025,1327.67,2025_S2,125,2024,1171.25,1338,1048
311830,CONSELHEIRO LAFAIETE,MG,1308.33,2025,1321.83,2025_S1,101,2022,1230.22,1340,1111
354260,REGISTRO,SP,1308.08,2025,1310.0,2025_S1,178,2025,1126.27,1433,988
130240,LÁBREA,AM,1307.92,2025,1337.0,2025_S2,239,2024,1051.18,1346,818
211000,SANTA LUZIA,MA,1307.67,2025,1333.0,2025_S2,125,2024,1153.18,1347,1009
320280,ITAPEMIRIM,ES,1307.33,2026,1314.0,2025_S2,217,2023,965.65,1327,654
291210,IBICARAÍ,BA,1304.17,2025,1350.5,2025_S2,577,2025,1109.83,1823,920
411915,PINHAIS,PR,1302.75,2025,1311.33,2025_S2,140,2024,1098.52,1360,884
316250,SÃO JOÃO DEL REI,MG,1302.08,2025,1304.67,2025_S1,79,2022,1192.68,1330,1035
291955,LUÍS EDUARDO MAGALHÃES,BA,1298.0,2025,1318.67,2025_S2,209,2024,1029.35,1338,774
500060,AMAMBAI,MS,1297.33,2026,1297.33,2026_S1,129,2023,1088.03,1315,901
310160,ALFENAS,MG,1291.0,2025,1295.33,2025_S1,112,2022,1144.3,1314,986
314430,NANUQUE,MG,1288.0,2026,1291.67,2025_S2,201,2025,1055.12,1390,880
352480,JALES,SP,1287.17,2025,1293.0,2025_S1,159,2024,1053.4,1349,777
290780,CÍCERO DANTAS,BA,1287.0,2026,1287.0,2026_S1,130,2024,1034.78,1300,855
352390,ITU,SP,1286.92,2025,1287.67,2025_S2,69,2025,1200.38,1320,1084
316930,TRÊS CORAÇÕES,MG,1286.25,2025,1306.67,2025_S1,187,2025,1128.37,1424,937
170550,COLINAS DO TOCANTINS,TO,1285.33,2025,1302.5,2025_S2,152,2024,1071.8,1312,885
130070,BOCA DO ACRE,AM,1282.0,2026,1322.67,2025_S2,278,2025,1015.13,1333,892
240580,JOÃO CÂMARA,RN,1281.67,2026,1281.67,2026_S1,82,2024,1114.88,1290,982
312710,FRUTAL,MG,1281.17,2025,1298.67,2025_S2,94,2023,1160.63,1318,994
291060,ESPLANADA,BA,1280.33,2026,1280.33,2026_S1,122,2024,1067.18,1296,850
314810,PATROCÍNIO,MG,1278.0,2026,1278.0,2026_S1,147,2024,1007.13,1296,831
410370,CAMBÉ,PR,1275.75,2025,1278.33,2025_S2,141,2024,1117.68,1293,939
351110,CATANDUVA,SP,1274.83,2025,1291.0,2025_S2,138,2024,1099.48,1324,933
230428,EUSÉBIO,CE,1274.0,2026,1274.0,2026_S1,155,2024,1007.07,1296,754
353470,OURINHOS,SP,1272.17,2025,1272.83,2025_S1,89,2023,1189.13,1300,1088
314140,MEDINA,MG,1272.0,2026,1294.67,2025_S2,337,2024,926.35,1302,669
330475,SÃO FRANCISCO DE ITABAPOANA,RJ,1267.67,2026,1293.83,2025_S2,447,2024,825.38,1365,418
316800,TAIOBEIRAS,MG,1267.33,2025,1270.83,2025_S2,69,2024,1172.83,1280,1078
260900,MACAPARANA,PE,1265.0,2026,1277.83,2025_S2,244,2025,917.82,1311,698
260280,BUÍQUE,PE,1262.67,2026,1274.83,2025_S2,155,2024,1052.18,1286,901
251290,RIO TINTO,PB,1262.0,2026,1262.0,2026_S1,160,2025,924.97,1272,622
110015,OURO PRETO DO OESTE,RO,1257.33,2025,1274.67,2025_S2,109,2024,1139.02,1279,1033
520549,CIDADE OCIDENTAL,GO,1256.0,2026,1258.5,2025_S2,213,2024,899.38,1271,565
430450,CANGUÇU,RS,1255.75,2025,1265.83,2024_S2,140,2023,1113.27,1292,930
221110,UNIÃO,PI,1255.0,2026,1255.0,2026_S1,149,2024,1011.17,1275,836
353980,POÁ,SP,1254.58,2025,1258.5,2025_S1,165,2023,1029.77,1289,769
351550,FERNANDÓPOLIS,SP,1250.75,2025,1256.67,2025_S2,123,2023,1061.17,1271,842
150815,URUARÁ,PA,1248.33,2026,1248.33,2026_S1,175,2024,931.9,1272,673
290520,CAETITÉ,BA,1246.0,2026,1262.0,2025_S2,106,2024,1050.32,1267,898
260210,BOM CONSELHO,PE,1245.33,2026,1249.33,2025_S2,99,2025,1091.23,1268,970
330600,TRÊS RIOS,RJ,1244.67,2025,1251.83,2025_S1,166,2023,1009.52,1279,734
220270,COCAL,PI,1243.0,2026,1243.0,2026_S1,201,2025,897.63,1258,687
430350,CAMAQUÃ,RS,1241.25,2025,1246.5,2025_S1,62,2023,1151.12,1257,1067
241250,SÃO MIGUEL,RN,1239.42,2025,1251.5,2025_S2,75,2023,1131.88,1257,1018
293360,XIQUE-XIQUE,BA,1238.33,2025,1238.83,2025_S1,106,2024,1145.63,1252,1054
354910,SÃO JOÃO DA BOA VISTA,SP,1237.33,2026,1308.83,2025_S2,454,2025,839.28,1347,638
220190,BOM JESUS,PI,1232.83,2025,1246.0,2025_S2,105,2023,1084.23,1250,931
352670,LEME,SP,1229.92,2025,1232.83,2025_S2,132,2024,1051.4,1257,872
241150,SANTO ANTÔNIO,RN,1228.33,2025,1240.33,2025_S2,90,2023,1125.57,1244,1016
260230,BONITO,PE,1225.33,2026,1225.33,2026_S1,411,2025,1055.97,1247,836
261540,TORITAMA,PE,1223.0,2026,1223.0,2026_S1,109,2024,999.28,1234,806
330227,JAPERI,RJ,1220.83,2025,1236.0,2025_S2,163,2024,968.97,1246,718
150503,NOVO PROGRESSO,PA,1220.33,2026,1220.33,2026_S1,246,2024,876.77,1244,545
250970,MONTEIRO,PB,1219.67,2026,1221.17,2025_S2,114,2024,1033.57,1229,866
290680,CANSANÇÃO,BA,1219.5,2025,1230.5,2025_S1,102,2024,1097.6,1238,981
521523,NOVO GAMA,GO,1218.33,2026,1218.33,2026_S1,208,2023,801.93,1236,460
210480,GRAJAÚ,MA,1216.75,2025,1223.67,2025_S1,128,2024,1064.1,1236,914
231025,PARAIPABA,CE,1215.67,2026,1215.67,2026_S1,150,2024,940.8,1236,751
270840,SÃO JOSÉ DA TAPERA,AL,1214.67,2025,1225.67,2025_S2,129,2024,1098.82,1238,1007
354970,SÃO JOSÉ DO RIO PARDO,SP,1211.5,2025,1218.0,2025_S2,174,2023,974.1,1243,659
293190,TUCANO,BA,1210.83,2025,1224.0,2025_S2,104,2024,1063.5,1230,916
316070,SANTOS DUMONT,MG,1203.67,2026,1203.67,2026_S1,135,2024,944.33,1246,691
317070,VARGINHA,MG,1201.83,2025,1212.5,2025_S2,247,2024,1033.08,1309,867
290720,CASA NOVA,BA,1200.33,2026,1203.0,2025_S2,125,2024,980.8,1208,807
211150,SÃO MATEUS DO MARANHÃO,MA,1199.0,2026,1205.5,2025_S2,182,2024,978.1,1218,809
350450,AVARÉ,SP,1191.83,2025,1201.0,2025_S1,97,2024,1068.57,1224,955
292250,NAZARÉ,BA,1190.0,2025,1219.5,2025_S1,131,2025,1127.33,1240,1056
314710,PARÁ DE MINAS,MG,1188.67,2025,1189.33,2025_S1,79,2022,1104.83,1212,977
260300,CABROBÓ,PE,1183.0,2026,1185.67,2025_S2,135,2024,985.73,1202,819
251390,SÃO BENTO,PB,1183.0,2026,1183.0,2026_S1,181,2024,881.68,1192,634
292990,SEABRA,BA,1180.92,2025,1189.67,2025_S2,81,2023,1074.18,1201,969
351020,CAPÃO BONITO,SP,1180.42,2025,1181.33,2025_S1,158,2024,1015.28,1203,876
355060,SÃO ROQUE,SP,1178.67,2025,1180.33,2025_S1,127,2023,992.37,1203,797
500630,PARANAÍBA,MS,1177.33,2025,1186.33,2025_S1,198,2025,1027.4,1343,866
290687,CAPIM GROSSO,BA,1176.33,2026,1176.33,2026_S1,129,2024,909.2,1187,697
230075,AMONTADA,CE,1175.67,2026,1175.67,2026_S1,768,2025,896.53,1201,433
290210,ARACI,BA,1168.33,2026,1183.33,2025_S2,92,2024,1007.08,1195,864
411760,PALMAS,PR,1167.92,2025,1186.17,2025_S2,203,2025,1027.33,1199,854
110010,GUAJARÁ-MIRIM,RO,1167.67,2026,1183.17,2025_S2,98,2024,1056.7,1188,959
313440,ITURAMA,MG,1167.58,2025,1170.83,2025_S2,101,2024,1059.75,1195,955
270690,PILAR,AL,1162.0,2026,1162.33,2025_S2,144,2024,946.78,1175,785
291950,LIVRAMENTO DE NOSSA SENHORA,BA,1161.17,2025,1166.83,2025_S2,112,2024,1024.02,1175,891
292170,MORRO DO CHAPÉU,BA,1159.42,2025,1173.33,2025_S1,285,2025,1069.68,1403,1000
150580,PORTEL,PA,1159.33,2026,1172.0,2025_S2,124,2023,988.48,1191,810
240110,AREIA BRANCA,RN,1157.33,2026,1157.33,2026_S1,177,2024,867.3,1172,664
431680,SANTA CRUZ DO SUL,RS,1156.33,2025,1158.83,2025_S1,143,2024,980.72,1183,813
521000,INHUMAS,GO,1156.33,2026,1161.83,2025_S2,134,2024,1005.62,1165,889
313170,ITABIRA,MG,1155.42,2025,1159.83,2025_S2,106,2023,1016.68,1173,877
150800,TOMÉ-AÇU,PA,1154.17,2025,1168.5,2025_S2,97,2024,1019.42,1182,862
231030,PARAMBU,CE,1152.58,2025,1166.17,2025_S2,137,2024,990.32,1183,854
231220,SANTA QUITÉRIA,CE,1152.0,2026,1152.0,2026_S1,125,2024,898.87,1165,739
431060,ITAQUI,RS,1150.92,2025,1176.5,2025_S1,153,2025,1083.63,1255,1001
290800,COARACI,BA,1149.67,2026,1149.67,2026_S1,567,2025,1048.03,1159,590
230930,NOVA RUSSAS,CE,1148.25,2025,1235.17,2025_S2,793,2025,915.47,1828,696
350850,CAÇAPAVA,SP,1148.0,2025,1160.67,2025_S1,94,2023,1060.53,1172,935
312160,DIAMANTINA,MG,1147.42,2025,1148.33,2025_S2,73,2024,1051.72,1174,960
230780,MARCO,CE,1146.0,2026,1146.0,2026_S1,171,2024,845.32,1149,648
170220,ARAGUATINS,TO,1142.25,2025,1157.67,2025_S2,93,2024,1039.65,1166,945
270140,CAMPO ALEGRE,AL,1140.33,2026,1140.33,2026_S1,89,2023,1011.12,1158,880
353050,MOCOCA,SP,1135.75,2025,1141.0,2025_S2,113,2023,984.65,1182,816
354580,SANTA BÁRBARA DOESTE,SP,1134.17,2025,1139.5,2025_S2,110,2023,998.65,1158,844
521830,POSSE,GO,1133.08,2025,1159.5,2025_S2,196,2024,880.28,1164,679
521308,MINAÇU,GO,1132.0,2026,1132.0,2026_S1,155,2024,897.6,1139,751
210340,COELHO NETO,MA,1130.75,2025,1141.33,2025_S2,111,2024,1002.25,1166,907
231310,TABULEIRO DO NORTE,CE,1130.67,2026,1130.67,2026_S1,116,2024,890.85,1147,682
230690,JAGUARIBE,CE,1129.33,2026,1158.33,2025_S2,370,2025,931.13,1404,769
160027,LARANJAL DO JARI,AP,1129.33,2026,1129.33,2026_S1,116,2025,940.58,1137,818
230435,FORQUILHA,CE,1125.33,2026,1125.33,2026_S1,172,2024,838.35,1137,650
351340,CRUZEIRO,SP,1124.83,2025,1134.0,2025_S2,132,2023,925.33,1149,723
230230,BELA CRUZ,CE,1122.67,2026,1122.67,2026_S1,125,2024,933.27,1134,807
420140,ARARANGUÁ,SC,1121.92,2025,1139.67,2025_S2,170,2024,905.87,1145,719
430463,CAPÃO DA CANOA,RS,1121.33,2026,1132.0,2025_S2,213,2024,841.18,1147,585
430610,CRUZ ALTA,RS,1120.33,2025,1121.17,2025_S1,125,2024,957.92,1136,771
240360,EXTREMOZ,RN,1119.67,2026,1119.67,2026_S1,228,2024,669.13,1138,348
150510,ÓBIDOS,PA,1118.33,2026,1132.0,2025_S2,149,2023,894.97,1138,693
310930,BURITIS,MG,1117.58,2025,1131.83,2025_S1,104,2022,989.35,1137,824
130270,MANICORÉ,AM,1117.08,2025,1126.83,2024_S2,53,2022,1082.22,1142,1025
353110,MONGAGUÁ,SP,1116.08,2025,1121.33,2025_S2,156,2024,898.58,1147,657
410420,CAMPO LARGO,PR,1112.75,2025,1119.33,2025_S1,135,2024,939.72,1135,756
230320,CARIRIAÇU,CE,1110.33,2026,1126.83,2025_S2,132,2024,905.5,1139,762
292110,MEDEIROS NETO,BA,1107.33,2026,1115.67,2025_S2,105,2024,954.22,1122,813
261100,PETROLÂNDIA,PE,1106.33,2026,1136.0,2025_S2,322,2025,955.4,1148,815
230840,MISSÃO VELHA,CE,1106.0,2026,1106.0,2026_S1,140,2024,864.38,1122,705
250700,ITAPORANGA,PB,1103.67,2026,1112.67,2025_S2,178,2024,913.43,1120,768
221130,VALENÇA DO PIAUÍ,PI,1100.08,2025,1106.0,2025_S1,190,2024,928.95,1113,772
350960,CAMPO LIMPO PAULISTA,SP,1099.58,2025,1101.17,2025_S1,197,2024,850.88,1120,598
421870,TUBARÃO,SC,1099.5,2025,1113.17,2025_S1,210,2025,928.67,1274,743
291580,ITAMBÉ,BA,1097.67,2026,1097.67,2026_S1,120,2025,883.12,1115,727
520880,GOIANIRA,GO,1097.33,2026,1097.33,2026_S1,192,2024,834.62,1108,618
313250,ITAMARANDIBA,MG,1096.67,2025,1103.5,2025_S2,83,2024,1008.4,1113,932
420380,CANOINHAS,SC,1095.08,2025,1101.33,2025_S1,107,2024,947.17,1130,813
320090,BARRA DE SÃO FRANCISCO,ES,1094.83,2025,1121.17,2025_S2,100,2023,955.0,1126,801
231050,PEDRA BRANCA,CE,1094.67,2026,1103.0,2025_S2,88,2024,931.65,1111,811
355500,TUPÃ,SP,1088.92,2025,1101.0,2025_S1,114,2024,964.52,1114,836
251600,SOLÂNEA,PB,1088.0,2026,1088.0,2026_S1,166,2024,875.08,1098,753
350390,ARUJÁ,SP,1088.0,2025,1103.67,2025_S2,201,2024,829.02,1125,598
314310,MONTE CARMELO,MG,1087.08,2025,1087.17,2025_S2,76,2024,996.28,1114,900
521180,JARAGUÁ,GO,1082.0,2026,1082.0,2026_S1,162,2024,882.52,1090,738
330610,VALENÇA,RJ,1081.33,2025,1084.83,2025_S2,98,2023,959.03,1089,835
521310,MINEIROS,GO,1080.0,2026,1080.0,2026_S1,131,2024,891.95,1088,744
292600,REMANSO,BA,1079.5,2025,1089.5,2025_S2,64,2022,987.33,1100,880
310710,BOA ESPERANÇA,MG,1070.0,2025,1076.33,2025_S1,96,2024,960.83,1085,850
130100,CARAUARI,AM,1069.33,2026,1069.33,2026_S1,172,2024,778.43,1085,468
211050,SÃO BENTO,MA,1068.67,2026,1074.17,2025_S2,120,2024,878.05,1081,736
354730,SANTANA DE PARNAÍBA,SP,1068.33,2025,1077.0,2025_S2,131,2024,886.55,1096,703
210232,BURITICUPU,MA,1068.25,2025,1070.67,2025_S2,108,2024,961.78,1081,854
315120,PIRAPORA,MG,1065.58,2025,1072.33,2025_S2,64,2024,964.07,1085,848
432150,TORRES,RS,1063.08,2025,1076.83,2025_S2,142,2024,819.4,1088,539
150840,XINGUARA,PA,1062.75,2025,1075.67,2025_S2,107,2024,944.48,1098,824
261360,SÃO JOSÉ DO EGITO,PE,1060.5,2025,1078.5,2025_S1,212,2025,960.88,1094,846
150470,MOJU,PA,1056.67,2026,1079.67,2025_S2,136,2024,894.9,1087,742
312610,FORMIGA,MG,1055.17,2025,1056.5,2025_S2,119,2023,926.23,1080,788
330060,BOM JESUS DO ITABAPOANA,RJ,1053.33,2026,1057.5,2025_S2,178,2023,855.45,1064,612
311910,CORINTO,MG,1052.33,2026,1052.33,2026_S1,84,2022,951.27,1062,833
351510,EMBU-GUAÇU,SP,1051.25,2025,1057.67,2025_S1,132,2024,890.72,1072,723
311330,CARANGOLA,MG,1049.17,2025,1057.0,2025_S1,104,2022,942.17,1069,771
520540,CERES,GO,1046.33,2026,1046.33,2026_S1,306,2024,671.42,1055,398
230160,ASSARÉ,CE,1045.67,2026,1053.83,2025_S2,84,2025,895.58,1065,776
292630,RIACHÃO DO JACUÍPE,BA,1045.67,2026,1053.5,2025_S2,75,2024,938.8,1061,799
500570,NAVIRAÍ,MS,1045.0,2026,1047.33,2025_S2,162,2024,815.48,1056,669
260050,ÁGUAS BELAS,PE,1042.0,2025,1054.5,2025_S2,93,2024,920.27,1063,815
430700,ERECHIM,RS,1041.92,2024,1055.33,2024_S2,79,2026,988.15,1059,911
521460,NIQUELÂNDIA,GO,1040.0,2025,1062.0,2025_S2,123,2023,872.5,1075,718
231200,SANTANA DO ACARAÚ,CE,1038.67,2026,1038.67,2026_S1,124,2024,816.22,1049,650
313960,MANTENA,MG,1037.25,2025,1040.17,2025_S1,83,2023,934.68,1048,809
210405,ESTREITO,MA,1035.5,2025,1084.67,2025_S2,568,2025,860.35,1540,693
354330,RIBEIRÃO PIRES,SP,1033.5,2025,1037.33,2025_S1,112,2024,924.63,1060,799
311840,CONSELHEIRO PENA,MG,1033.0,2026,1040.0,2025_S2,180,2024,770.73,1043,550
410840,FRANCISCO BELTRÃO,PR,1032.5,2025,1042.67,2025_S2,102,2023,885.58,1053,747
313505,JAÍBA,MG,1032.17,2025,1053.17,2025_S2,130,2025,917.9,1061,807
270290,GIRAU DO PONCIANO,AL,1029.33,2026,1030.17,2025_S1,351,2025,944.5,1057,706
230655,ITAREMA,CE,1029.0,2026,1029.0,2026_S1,177,2024,740.0,1043,568
280760,UMBAÚBA,SE,1024.0,2026,1024.0,2026_S1,155,2024,753.65,1038,550
150090,AUGUSTO CORRÊA,PA,1022.33,2026,1025.5,2025_S2,165,2024,750.0,1043,546
330430,RIO BONITO,RJ,1021.75,2025,1022.67,2025_S1,109,2024,891.12,1036,749
260200,BODOCÓ,PE,1021.67,2026,1022.33,2025_S2,114,2024,877.73,1027,754
290630,CANAVIEIRAS,BA,1021.08,2025,1029.33,2025_S2,74,2024,928.63,1032,839
150620,SALINÓPOLIS,PA,1021.0,2026,1039.0,2025_S2,110,2023,855.48,1050,702
521120,ITAPURANGA,GO,1020.67,2026,1020.67,2026_S1,110,2024,860.07,1027,726
260070,ALIANÇA,PE,1020.0,2026,1020.5,2025_S2,69,2024,896.35,1029,794
350400,ASSIS,SP,1019.83,2025,1022.67,2025_S1,89,2023,926.42,1064,811
240220,CANGUARETAMA,RN,1017.83,2025,1029.5,2025_S2,94,2024,891.28,1033,757
291290,IBIRATAIA,BA,1017.67,2026,1020.0,2025_S2,78,2024,932.8,1028,853
292100,MATA DE SÃO JOÃO,BA,1014.67,2026,1020.5,2025_S2,130,2024,821.17,1029,632
260260,BREJO DA MADRE DE DEUS,PE,1014.67,2025,1031.0,2025_S2,113,2024,863.32,1037,722
330360,PARACAMBI,RJ,1012.17,2024,1034.67,2024_S2,76,2025,986.18,1050,927
270100,BOCA DA MATA,AL,1012.0,2026,1012.0,2026_S1,144,2024,947.22,1056,844
231270,SENADOR POMPEU,CE,1011.67,2026,1011.67,2026_S1,89,2024,867.12,1025,776
260570,FLORESTA,PE,1010.92,2025,1016.5,2025_S2,72,2023,905.97,1021,780
355070,SÃO SEBASTIÃO,SP,1010.33,2025,1022.83,2025_S2,119,2024,841.0,1040,688
292800,SANTALUZ,BA,1010.08,2025,1024.5,2025_S2,101,2024,867.32,1030,741
250030,ALAGOA GRANDE,PB,1008.33,2026,1008.33,2026_S1,122,2025,786.82,1020,641
240420,GOIANINHA,RN,1007.33,2026,1009.17,2025_S2,73,2022,879.32,1020,750
352720,LORENA,SP,1005.33,2026,1005.33,2026_S1,174,2024,796.87,1033,633
350610,BEBEDOURO,SP,1005.17,2025,1008.33,2025_S2,85,2023,886.55,1038,757
500330,COXIM,MS,1000.67,2026,1015.5,2025_S2,97,2024,847.07,1021,691
290490,CACHOEIRA,BA,999.5,2025,1003.5,2025_S1,60,2022,951.83,1014,872
291810,JEREMOABO,BA,995.67,2025,1036.83,2025_S2,335,2025,880.28,1278,788
510675,PONTES E LACERDA,MT,995.33,2026,995.33,2026_S1,130,2024,814.6,1007,693
330470,SANTO ANTÔNIO DE PÁDUA,RJ,992.75,2025,1003.17,2025_S2,115,2024,809.63,1011,657
290580,CAMAMU,BA,991.67,2025,994.17,2025_S2,92,2024,863.78,1003,745
291050,ENTRE RIOS,BA,991.33,2025,1003.5,2025_S2,85,2024,885.12,1008,776
420480,CURITIBANOS,SC,989.0,2026,990.83,2025_S2,112,2025,789.27,1009,642
240145,BARAÚNA,RN,988.0,2026,988.0,2026_S1,134,2024,767.18,1001,621
314520,NOVA SERRANA,MG,987.25,2025,988.33,2025_S2,141,2024,839.57,1002,694
432250,VACARIA,RS,986.92,2025,1003.67,2025_S1,116,2023,866.15,1017,717
521930,SANTA HELENA DE GOIÁS,GO,985.0,2026,987.83,2025_S2,128,2023,804.8,994,631
316290,SÃO JOÃO NEPOMUCENO,MG,985.0,2026,985.0,2026_S1,141,2024,730.92,999,506
320510,VIANA,ES,984.33,2026,986.67,2025_S2,226,2024,715.57,1001,478
292300,NOVA VIÇOSA,BA,984.33,2025,986.83,2025_S2,105,2024,829.08,1017,644
230830,MILAGRES,CE,983.33,2026,989.0,2025_S2,66,2024,892.35,994,796
110009,ESPIGÃO DOESTE,RO,982.08,2025,1000.67,2025_S2,114,2024,823.85,1007,663
355650,VÁRZEA PAULISTA,SP,971.92,2025,973.33,2025_S1,69,2024,887.3,989,797
313330,ITAOBIM,MG,970.67,2026,1005.0,2024_S1,111,2024,931.87,1016,852
292060,MARAGOGIPE,BA,968.5,2025,969.33,2025_S1,87,2024,844.15,987,706
211070,SÃO DOMINGOS DO MARANHÃO,MA,966.33,2026,966.33,2026_S1,138,2025,773.47,989,688
315200,POMPÉU,MG,965.58,2025,966.83,2025_S2,119,2023,835.62,984,694
330080,CACHOEIRAS DE MACACU,RJ,964.83,2025,969.33,2025_S1,97,2024,827.9,979,678
410040,ALMIRANTE TAMANDARÉ,PR,964.5,2025,977.83,2025_S2,144,2024,782.42,989,601
220230,CANTO DO BURITI,PI,964.33,2026,964.33,2026_S1,71,2023,822.53,975,730
411150,IVAIPORÃ,PR,964.17,2025,964.83,2025_S1,73,2024,877.43,974,786
110045,BURITIS,RO,962.0,2026,973.67,2025_S2,118,2024,788.72,983,636
291320,IBOTIRAMA,BA,961.0,2025,963.83,2025_S1,31,2022,937.75,973,896
230940,NOVO ORIENTE,CE,961.0,2026,961.0,2026_S1,92,2024,768.42,976,640
431720,SANTA ROSA,RS,960.5,2025,969.67,2025_S2,72,2023,867.05,978,776
510515,JUÍNA,MT,960.33,2026,960.33,2026_S1,116,2025,761.8,970,630
313620,JOÃO MONLEVADE,MG,958.75,2025,967.83,2025_S2,108,2022,820.72,976,652
410550,CIANORTE,PR,958.0,2025,965.33,2025_S2,117,2023,823.53,973,684
313580,JEQUITINHONHA,MG,958.0,2025,961.67,2025_S2,91,2023,868.8,975,731
352710,LINS,SP,956.83,2025,969.33,2025_S1,164,2025,856.25,1046,730
510704,PRIMAVERA DO LESTE,MT,954.83,2025,966.17,2025_S2,143,2024,769.33,972,603
320390,NOVA VENÉCIA,ES,953.83,2025,1001.0,2025_S2,393,2025,789.87,1278,664
260500,CUPIRA,PE,953.5,2025,962.67,2025_S2,65,2023,848.7,967,743
280120,CANINDÉ DE SÃO FRANCISCO,SE,952.25,2025,965.17,2025_S2,238,2024,712.77,971,539
150506,NOVO REPARTIMENTO,PA,948.33,2026,948.33,2026_S1,116,2025,738.15,964,605
291700,ITIÚBA,BA,944.25,2025,951.67,2025_S1,69,2024,866.73,960,758
521040,ITABERAÍ,GO,942.5,2025,955.5,2025_S2,123,2023,767.85,960,596
350635,BERTIOGA,SP,941.67,2025,944.5,2025_S2,177,2023,693.98,968,388
352430,JABOTICABAL,SP,939.33,2025,944.17,2025_S1,88,2024,845.03,980,771
410490,CASTRO,PR,938.75,2025,948.17,2025_S2,66,2024,858.53,962,798
431640,ROSÁRIO DO SUL,RS,938.33,2025,941.33,2024_S2,63,2024,876.38,961,807
120010,BRASILÉIA,AC,936.75,2025,955.0,2025_S2,106,2024,799.75,971,674
411950,PIRAQUARA,PR,936.33,2026,944.5,2025_S2,148,2024,704.5,954,499
292230,MURITIBA,BA,933.33,2026,942.0,2025_S2,63,2022,837.63,948,731
292950,SÃO SEBASTIÃO DO PASSÉ,BA,932.83,2025,937.67,2025_S2,130,2024,759.47,945,587
261350,SÃO JOSÉ DO BELMONTE,PE,932.0,2026,932.0,2026_S1,89,2025,739.53,939,592
280067,BOQUIM,SE,931.0,2026,932.5,2024_S1,86,2024,869.95,970,789
411850,PATO BRANCO,PR,930.5,2025,934.0,2025_S1,176,2025,782.23,1070,650
260510,CUSTÓDIA,PE,928.0,2026,928.0,2026_S1,163,2025,749.33,935,615
520130,ANICUNS,GO,927.67,2026,934.83,2025_S2,154,2024,719.87,939,557
150290,CURUÇÁ,PA,927.33,2026,934.33,2025_S2,84,2022,813.07,943,665
500620,NOVA ANDRADINA,MS,926.17,2025,934.83,2025_S2,138,2023,792.25,943,645
410640,CORNÉLIO PROCÓPIO,PR,925.58,2025,943.5,2025_S1,109,2023,805.0,958,629
291370,INHAMBUPE,BA,924.75,2025,941.17,2025_S2,104,2023,784.6,947,638
291350,IGUAÍ,BA,924.67,2026,924.67,2026_S1,87,2023,771.42,936,589
261260,SANTA MARIA DA BOA VISTA,PE,923.08,2025,944.0,2025_S2,232,2025,815.75,960,702
260530,EXU,PE,923.0,2026,933.5,2025_S2,90,2023,775.85,941,645
431100,JAGUARÃO,RS,921.5,2025,925.67,2025_S2,63,2024,829.52,936,722
412710,TELÊMACO BORBA,PR,921.08,2025,927.0,2025_S2,60,2026,829.35,938,745
240230,CARAÚBAS,RN,918.0,2026,921.5,2025_S2,58,2024,829.73,934,742
317200,VISCONDE DO RIO BRANCO,MG,916.58,2025,921.5,2025_S2,127,2023,724.67,935,550
230750,LAVRAS DA MANGABEIRA,CE,914.0,2026,914.0,2026_S1,105,2025,778.33,919,684
170255,AUGUSTINÓPOLIS,TO,914.0,2025,923.83,2025_S2,62,2024,855.38,929,791
313210,ITACARAMBI,MG,911.92,2024,924.83,2024_S1,101,2024,873.43,958,809
410980,IBIPORÃ,PR,910.92,2025,914.33,2025_S1,81,2024,806.47,929,707
510642,PEIXOTO DE AZEVEDO,MT,910.5,2025,925.5,2025_S2,138,2024,732.48,930,532
315400,RAUL SOARES,MG,910.33,2026,921.67,2025_S2,112,2024,732.55,934,579
250510,CUITÉ,PB,909.92,2025,916.33,2025_S2,107,2024,761.07,922,615
230625,ITAITINGA,CE,909.33,2026,925.17,2025_S2,147,2024,714.97,947,539
230740,JUCÁS,CE,908.67,2026,908.67,2026_S1,136,2024,691.27,918,533
431730,SANTA VITÓRIA DO PALMAR,RS,908.58,2024,921.5,2024_S2,113,2025,845.5,938,760
230610,IRAUÇUBA,CE,908.0,2026,908.0,2026_S1,269,2025,510.25,947,297
150590,PORTO DE MOZ,PA,904.0,2026,904.0,2026_S1,105,2024,678.45,918,530
220780,PAULISTANA,PI,902.0,2025,903.67,2025_S1,56,2023,836.87,914,749
291450,IRARÁ,BA,902.0,2026,908.0,2025_S2,89,2024,746.38,913,594
150618,RONDON DO PARÁ,PA,901.25,2025,911.83,2025_S2,78,2023,805.92,918,702
510792,SORRISO,MT,901.0,2026,917.5,2025_S2,140,2024,730.97,935,603
270450,MARAGOGI,AL,898.33,2026,898.33,2026_S1,213,2024,642.1,903,464
313820,LAVRAS,MG,897.0,2025,917.33,2025_S2,247,2025,758.93,1104,618
290730,CASTRO ALVES,BA,895.33,2026,895.33,2026_S1,62,2022,794.82,901,675
410200,ASSIS CHATEAUBRIAND,PR,893.67,2025,896.0,2025_S1,91,2025,805.15,918,659
353780,PIEDADE,SP,893.33,2026,904.67,2025_S2,96,2024,729.37,913,585
211003,SANTA LUZIA DO PARUÁ,MA,893.33,2026,893.33,2026_S1,88,2024,766.95,903,683
240890,PARELHAS,RN,892.33,2026,892.33,2026_S1,78,2023,758.55,903,617
313930,MANGA,MG,892.0,2026,899.67,2025_S2,80,2024,766.53,904,663
411180,JACAREZINHO,PR,891.92,2025,899.0,2025_S1,94,2023,764.48,911,634
261410,SERTÂNIA,PE,889.33,2025,900.0,2025_S2,55,2024,809.12,907,718
521560,PADRE BERNARDO,GO,889.0,2026,890.17,2025_S2,108,2024,708.3,897,553
292700,RIO REAL,BA,887.33,2026,891.0,2025_S2,81,2024,752.18,902,643
510650,POCONÉ,MT,886.83,2025,887.17,2025_S1,46,2024,863.68,902,830
261560,TRINDADE,PE,883.67,2026,883.67,2026_S1,642,2025,723.83,912,270
293230,UBATÃ,BA,882.67,2026,882.67,2026_S1,92,2023,772.22,888,659
411070,IRATI,PR,880.33,2026,886.33,2025_S2,71,2023,796.37,889,724
350210,ANDRADINA,SP,879.92,2025,882.67,2025_S2,81,2024,787.02,893,703
420230,BIGUAÇU,SC,878.83,2025,880.5,2025_S1,287,2024,712.9,895,483
354520,SALTO,SP,878.33,2025,895.17,2025_S2,75,2025,773.88,913,668
316370,SÃO LOURENÇO,MG,876.33,2025,883.17,2025_S2,180,2024,731.17,945,573
352410,ITUVERAVA,SP,875.67,2025,878.67,2025_S1,142,2024,721.2,906,586
310150,ALÉM PARAÍBA,MG,875.08,2025,887.83,2025_S1,40,2024,827.93,894,766
312870,GUAXUPÉ,MG,873.33,2026,873.33,2026_S1,106,2023,706.33,886,541
270880,SÃO SEBASTIÃO,AL,871.67,2026,883.0,2025_S1,283,2025,756.65,894,611
432260,VENÂNCIO AIRES,RS,871.25,2025,888.0,2025_S1,76,2024,771.1,898,647
291710,ITORORÓ,BA,870.83,2025,871.67,2025_S2,36,2024,816.78,883,764
260810,JOÃO ALFREDO,PE,869.83,2025,872.83,2025_S2,99,2024,754.15,882,649
292580,QUEIMADAS,BA,869.67,2026,869.67,2026_S1,79,2024,766.58,883,653
353080,MOGI MIRIM,SP,867.08,2025,868.83,2025_S2,61,2024,772.58,879,667
420290,BRUSQUE,SC,866.83,2025,872.0,2025_S2,105,2023,744.7,883,617
260765,ITAMBÉ,PE,866.67,2026,866.67,2026_S1,117,2025,630.35,879,492
293320,VERA CRUZ,BA,866.25,2025,873.83,2025_S2,101,2024,726.27,883,580
292820,SANTANA,BA,865.25,2025,866.33,2025_S2,237,2023,721.72,876,582
330555,SEROPÉDICA,RJ,863.67,2026,863.67,2026_S1,209,2024,557.15,887,303
270830,SÃO JOSÉ DA LAJE,AL,861.33,2026,861.33,2026_S1,91,2025,710.73,872,591
290670,CÂNDIDO SALES,BA,861.33,2026,861.33,2026_S1,121,2024,630.92,871,479
431370,PALMEIRA DAS MISSÕES,RS,859.17,2025,861.33,2025_S2,86,2023,761.27,876,665
351040,CAPIVARI,SP,855.0,2025,859.83,2025_S1,153,2023,681.65,876,443
210280,CAROLINA,MA,854.0,2026,891.17,2025_S1,533,2025,769.77,897,364
240720,MACAU,RN,852.83,2025,854.17,2025_S2,54,2022,805.13,867,735
431880,SÃO LOURENÇO DO SUL,RS,851.83,2025,856.17,2025_S1,73,2023,765.33,873,674
211110,SÃO JOÃO DOS PATOS,MA,850.67,2026,853.67,2025_S2,85,2024,723.52,861,623
412240,ROLÂNDIA,PR,849.75,2025,854.83,2025_S2,69,2024,745.32,866,624
150020,ACARÁ,PA,848.67,2026,851.83,2025_S2,80,2022,722.37,858,578
170930,GUARAÍ,TO,847.25,2025,880.67,2025_S2,275,2025,657.6,1069,488
220550,JOSÉ DE FREITAS,PI,847.0,2026,847.0,2026_S1,119,2024,673.5,856,552
210370,CURURUPU,MA,844.67,2025,852.0,2025_S2,112,2024,717.83,863,610
280460,NOSSA SENHORA DAS DORES,SE,842.33,2026,842.33,2026_S1,155,2024,605.98,850,462
220020,ÁGUA BRANCA,PI,842.33,2026,844.5,2025_S2,116,2024,678.75,852,549
420200,BALNEÁRIO CAMBORIÚ,SC,840.33,2025,842.5,2025_S1,154,2024,678.85,856,526
314600,OURO FINO,MG,840.08,2025,845.17,2025_S2,98,2024,717.78,852,589
211260,URBANO SANTOS,MA,835.0,2025,837.5,2025_S2,79,2024,739.85,846,644
290750,CATU,BA,834.92,2025,836.83,2025_S2,72,2023,726.43,845,610
310090,ÁGUAS FORMOSAS,MG,834.33,2026,835.67,2025_S2,67,2024,688.27,841,542
522020,SÃO MIGUEL DO ARAGUAIA,GO,834.0,2026,834.0,2026_S1,104,2025,636.87,840,512
261330,SÃO JOAQUIM DO MONTE,PE,833.33,2026,833.33,2026_S1,40,2024,756.82,841,702
292520,POJUCA,BA,833.0,2026,844.5,2025_S2,103,2024,666.25,852,510
330185,GUAPIMIRIM,RJ,832.33,2025,834.0,2025_S2,152,2023,598.68,846,336
292200,MUCURI,BA,832.0,2026,832.0,2026_S1,120,2024,629.53,841,492
500290,CASSILÂNDIA,MS,830.08,2024,837.17,2024_S2,187,2025,777.88,848,636
353180,MONTE MOR,SP,829.83,2025,835.83,2025_S1,112,2024,673.77,852,496
432120,TAQUARA,RS,829.0,2025,832.83,2025_S2,93,2024,685.42,842,549
230400,COREAÚ,CE,825.67,2026,825.67,2026_S1,102,2024,629.95,840,494
293300,VALENTE,BA,824.0,2026,824.0,2026_S1,79,2022,678.33,830,534
150178,BREU BRANCO,PA,823.33,2026,846.33,2025_S2,111,2024,639.4,855,502
210632,MARACAÇUMÉ,MA,822.0,2026,822.0,2026_S1,56,2024,744.37,829,685
355700,VOTORANTIM,SP,821.0,2026,834.5,2025_S2,91,2024,691.35,838,576
421620,SÃO FRANCISCO DO SUL,SC,820.92,2025,835.0,2025_S2,79,2024,691.48,841,573
521380,MORRINHOS,GO,820.33,2026,820.33,2026_S1,87,2024,716.2,828,625
522010,SÃO LUÍS DE MONTES BELOS,GO,820.33,2025,825.0,2025_S2,80,2023,721.9,831,621
351080,CASA BRANCA,SP,819.92,2025,834.17,2025_S1,142,2023,674.6,844,503
211020,SANTA RITA,MA,818.75,2025,834.17,2025_S2,89,2024,695.8,841,589
314180,MINAS NOVAS,MG,817.67,2025,822.33,2025_S2,71,2022,734.1,835,636
352320,ITARARÉ,SP,817.17,2025,826.0,2025_S2,83,2024,685.33,832,543
313380,ITAÚNA,MG,816.08,2025,821.0,2025_S1,66,2025,757.7,843,687
261310,SÃO CAITANO,PE,816.0,2026,816.0,2026_S1,114,2024,644.68,821,519
292050,MARACÁS,BA,815.08,2025,821.33,2025_S2,63,2023,742.27,828,666
431240,MONTENEGRO,RS,813.67,2025,833.0,2025_S1,113,2023,723.68,845,623
420430,CONCÓRDIA,SC,812.83,2024,823.83,2024_S2,60,2025,785.77,831,727
210210,BREJO,MA,811.58,2025,850.0,2025_S2,480,2025,713.48,1241,641
120045,SENADOR GUIOMARD,AC,810.33,2026,810.33,2026_S1,236,2024,485.67,821,333
171320,MIRACEMA DO TOCANTINS,TO,809.33,2026,811.0,2025_S2,84,2023,684.97,823,557
352500,JANDIRA,SP,808.42,2025,816.0,2025_S1,171,2023,668.02,824,510
230710,JARDIM,CE,807.0,2025,818.83,2025_S2,77,2024,705.1,824,612
520620,CRISTALINA,GO,807.0,2025,819.0,2025_S2,103,2024,661.75,830,516
353930,PIRASSUNUNGA,SP,805.67,2025,808.83,2025_S1,84,2023,699.57,820,598
431760,SANTO ANTÔNIO DA PATRULHA,RS,805.5,2025,805.67,2025_S1,94,2024,700.25,818,592
430470,CARAZINHO,RS,804.42,2025,812.17,2025_S2,78,2023,710.17,819,619
130380,SÃO GABRIEL DA CACHOEIRA,AM,803.33,2025,845.67,2025_S2,239,2024,617.3,871,487
411960,PITANGA,PR,802.83,2025,808.0,2025_S1,43,2024,754.72,817,694
280550,POÇO VERDE,SE,801.92,2025,806.0,2025_S2,58,2024,733.68,811,667
431350,OSÓRIO,RS,800.67,2026,810.17,2025_S2,128,2023,653.87,817,510
110018,PIMENTA BUENO,RO,799.25,2025,799.83,2025_S1,100,2024,710.95,807,616
311120,CAMPO BELO,MG,797.58,2025,800.33,2025_S1,98,2024,684.27,804,557
352340,ITATIBA,SP,797.33,2025,801.0,2025_S1,70,2023,704.67,809,606
520440,CAIAPÔNIA,GO,795.67,2026,795.67,2026_S1,112,2025,582.95,811,448
350700,BOITUVA,SP,795.0,2025,800.0,2025_S1,182,2024,586.08,821,385
270510,MATRIZ DE CAMARAGIBE,AL,794.0,2026,794.0,2026_S1,69,2022,658.18,798,517
261420,SIRINHAÉM,PE,794.0,2026,836.33,2025_S2,376,2025,665.82,1106,552
420890,JARAGUÁ DO SUL,SC,793.67,2026,810.33,2025_S2,124,2024,607.52,817,444
291610,ITAPARICA,BA,792.5,2024,801.5,2025_S1,99,2025,740.7,816,667
521850,QUIRINÓPOLIS,GO,790.33,2026,790.33,2025_S2,84,2023,666.57,800,553
330500,SÃO JOÃO DA BARRA,RJ,790.17,2023,837.5,2023_S2,292,2024,718.58,941,596
150215,CANAÃ DOS CARAJÁS,PA,789.67,2026,789.67,2026_S1,156,2024,527.38,818,356
290710,CARINHANHA,BA,785.67,2026,785.67,2026_S1,94,2023,634.28,794,510
150390,JURUTI,PA,784.67,2026,803.67,2025_S2,98,2024,623.35,810,474
353730,PENÁPOLIS,SP,784.5,2025,788.5,2025_S1,38,2023,742.87,798,677
351440,DRACENA,SP,783.0,2026,783.0,2026_S1,230,2025,630.45,966,505
350900,CAIEIRAS,SP,783.0,2025,788.5,2025_S2,92,2024,625.9,805,458
311880,CORAÇÃO DE JESUS,MG,782.58,2025,784.17,2025_S2,32,2023,735.98,793,671
250910,MARI,PB,782.22,2021,798.0,2021_S1,151,2024,732.98,802,635
330130,CASIMIRO DE ABREU,RJ,782.0,2026,788.0,2025_S2,172,2024,567.77,799,387
352850,MAIRIPORÃ,SP,781.92,2025,787.83,2025_S2,100,2023,642.98,797,508
431890,SÃO LUIZ GONZAGA,RS,781.83,2024,784.83,2024_S2,105,2025,755.45,792,687
312430,ESPINOSA,MG,781.33,2026,781.33,2026_S1,230,2025,684.95,795,565
240780,MONTE ALEGRE,RN,781.33,2026,792.67,2025_S2,57,2023,682.33,799,579
320332,MARATAÍZES,ES,781.0,2026,781.0,2026_S1,112,2024,585.33,788,446
211300,VITORINO FREIRE,MA,781.0,2026,793.5,2025_S2,78,2024,672.62,800,592
314530,NOVO CRUZEIRO,MG,781.0,2026,791.0,2025_S2,62,2024,677.27,794,575
350270,APIAÍ,SP,780.67,2026,786.67,2025_S2,42,2024,697.9,791,595
292310,OLINDINA,BA,778.83,2025,795.0,2025_S1,65,2023,707.93,800,602
230890,MORRINHOS,CE,777.33,2026,777.33,2026_S1,103,2024,607.82,786,477
260730,IPUBI,PE,776.67,2026,776.67,2026_S1,70,2023,641.82,780,531
431850,SÃO JOSÉ DO NORTE,RS,774.67,2025,784.67,2025_S1,70,2024,690.78,790,590
430280,CAÇAPAVA DO SUL,RS,773.83,2025,784.17,2025_S2,64,2024,691.33,791,609
110013,MACHADINHO DOESTE,RO,773.83,2025,789.67,2025_S2,100,2023,666.55,798,557
420320,CAMBORIÚ,SC,771.42,2025,785.83,2025_S2,128,2024,605.15,793,453
292640,RIACHO DE SANTANA,BA,768.42,2025,777.0,2025_S2,74,2024,671.93,788,589
130030,AUTAZES,AM,767.92,2025,774.33,2025_S2,125,2024,634.28,791,527
260875,LAGOA GRANDE,PE,767.67,2026,780.67,2025_S2,90,2024,627.68,789,527
420550,FRAIBURGO,SC,766.75,2024,772.0,2024_S2,85,2026,703.1,782,627
210350,COLINAS,MA,765.67,2026,765.67,2026_S1,78,2024,630.22,768,531
316940,TRÊS PONTAS,MG,765.58,2025,768.17,2025_S1,64,2022,699.5,782,605
412410,SANTO ANTÔNIO DA PLATINA,PR,763.67,2026,766.0,2025_S2,78,2024,665.12,774,568
431140,LAJEADO,RS,763.42,2025,765.17,2025_S1,82,2024,650.45,776,527
412820,UNIÃO DA VITÓRIA,PR,762.92,2025,773.33,2025_S2,80,2025,663.57,814,560
500790,SIDROLÂNDIA,MS,759.0,2026,759.0,2026_S1,104,2024,614.13,767,507
312200,DIVINO,MG,758.25,2025,759.67,2025_S1,61,2024,689.78,766,630
292720,RUY BARBOSA,BA,758.0,2026,763.67,2025_S2,68,2024,650.38,772,524
210100,ARARI,MA,755.58,2025,765.33,2025_S2,101,2024,627.38,773,541
150730,SÃO FÉLIX DO XINGU,PA,754.5,2025,757.83,2024_S2,127,2023,642.58,768,503
431990,SAPIRANGA,RS,754.0,2026,754.0,2026_S1,93,2024,643.07,767,533
330380,PARATY,RJ,753.67,2026,755.83,2025_S2,154,2024,549.1,768,369
290850,CONCEIÇÃO DO JACUÍPE,BA,753.33,2026,760.17,2025_S2,85,2023,612.1,766,437
421130,NAVEGANTES,SC,752.5,2025,756.17,2025_S2,98,2024,619.42,772,491
313120,IPANEMA,MG,752.33,2026,755.17,2025_S2,136,2024,589.65,762,467
430210,BENTO GONÇALVES,RS,751.92,2025,753.5,2025_S1,94,2023,641.15,765,505
270170,CAPELA,AL,751.67,2025,762.33,2025_S2,151,2024,608.07,768,513
510410,GUARANTÃ DO NORTE,MT,750.17,2025,763.0,2025_S2,117,2024,604.4,771,456
350925,CAJATI,SP,749.5,2025,755.17,2025_S1,78,2025,661.72,795,590
130060,BENJAMIN CONSTANT,AM,748.33,2026,756.0,2025_S2,78,2026,646.42,793,561
261460,TABIRA,PE,747.92,2025,753.33,2025_S2,72,2023,671.17,759,574
230530,IBIAPINA,CE,747.67,2026,747.67,2026_S1,109,2024,593.13,756,504
231360,UBAJARA,CE,747.33,2026,747.33,2026_S1,135,2024,509.55,754,367
270380,JOAQUIM GOMES,AL,747.33,2023,778.5,2024_S1,129,2024,714.67,784,653
292550,PRADO,BA,745.33,2026,745.33,2026_S1,56,2022,675.05,752,576
411330,LARANJEIRAS DO SUL,PR,744.83,2025,749.5,2025_S2,63,2024,662.67,783,570
314000,MARIANA,MG,742.33,2025,748.0,2025_S2,80,2024,650.28,760,560
520013,ACREÚNA,GO,741.0,2026,741.0,2026_S1,103,2024,595.03,744,475
270310,IGACI,AL,741.0,2024,747.67,2024_S1,87,2024,702.73,770,669
280440,NEÓPOLIS,SE,739.42,2025,746.83,2025_S2,59,2023,654.75,750,540
412220,RIO BRANCO DO SUL,PR,738.92,2025,744.33,2025_S2,99,2024,633.3,750,543
314630,PADRE PARAÍSO,MG,738.08,2025,747.17,2025_S2,59,2023,680.08,752,596
270320,IGREJA NOVA,AL,737.5,2025,746.83,2025_S2,36,2024,699.22,756,656
355370,TAQUARITINGA,SP,736.83,2025,737.5,2025_S2,65,2024,665.08,752,597
270640,PÃO DE AÇÚCAR,AL,734.42,2025,739.5,2025_S2,37,2024,685.5,743,635
355620,VALINHOS,SP,734.17,2025,741.33,2025_S2,74,2023,639.28,756,553
250130,AROEIRAS,PB,734.0,2026,734.0,2026_S1,132,2025,546.05,752,441
291190,IAÇU,BA,733.67,2026,733.67,2026_S1,49,2024,692.38,743,642
211230,TUNTUM,MA,731.58,2025,740.33,2025_S2,73,2024,644.85,755,573
355040,SÃO PEDRO,SP,730.17,2025,740.67,2025_S1,124,2023,586.23,748,354
352680,LENÇÓIS PAULISTA,SP,727.92,2025,735.67,2025_S1,76,2025,639.07,776,553
353030,MIRASSOL,SP,725.83,2025,737.17,2025_S1,62,2025,665.33,755,559
280320,ITAPORANGA DAJUDA,SE,725.67,2026,725.67,2026_S1,89,2025,552.7,739,449
292500,PLANALTO,BA,725.33,2026,725.33,2026_S1,109,2024,546.5,732,389
316710,SERRO,MG,725.33,2025,732.17,2025_S2,62,2022,656.13,742,567
510525,LUCAS DO RIO VERDE,MT,723.33,2026,736.67,2025_S2,85,2024,609.52,748,489
350590,BATATAIS,SP,720.67,2026,727.0,2025_S2,99,2024,608.43,735,490
316960,TUPACIGUARA,MG,719.58,2025,721.0,2025_S1,52,2024,663.03,732,593
320305,JAGUARÉ,ES,719.0,2026,719.33,2025_S2,112,2024,521.02,727,359
316935,TRÊS MARIAS,MG,718.92,2025,721.5,2025_S1,71,2024,633.7,734,532
354940,SÃO JOAQUIM DA BARRA,SP,718.58,2025,718.67,2025_S2,131,2024,618.18,743,532
313760,LAGOA SANTA,MG,718.17,2025,724.5,2025_S2,82,2024,607.22,733,471
260760,ILHA DE ITAMARACÁ,PE,717.67,2026,717.67,2026_S1,158,2024,473.97,734,333
230170,AURORA,CE,717.5,2025,733.17,2025_S2,76,2024,625.13,741,535
354130,PRESIDENTE EPITÁCIO,SP,717.08,2025,719.33,2025_S1,109,2024,571.37,733,427
510562,MIRASSOL DOESTE,MT,717.0,2026,725.67,2025_S2,187,2025,558.28,837,454
280100,CAMPO DO BRITO,SE,716.0,2026,723.5,2025_S2,79,2024,597.8,726,494
231320,TAMBORIL,CE,714.33,2026,714.33,2026_S1,277,2025,549.63,722,432
313270,ITAMBACURI,MG,713.33,2026,713.83,2024_S1,61,2023,657.77,723,569
310740,BOM DESPACHO,MG,712.25,2025,726.17,2025_S1,110,2024,617.98,735,539
290470,BUERAREMA,BA,711.67,2026,711.67,2026_S1,37,2022,647.6,718,584
220570,LUÍS CORREIA,PI,711.33,2026,711.33,2026_S1,109,2024,537.1,722,438
330050,BOM JARDIM,RJ,710.67,2025,717.67,2025_S1,93,2023,630.68,728,539
421950,XANXERÊ,SC,708.25,2025,717.83,2024_S2,71,2025,648.0,734,562
230195,BARREIRA,CE,707.33,2026,707.67,2025_S2,96,2024,539.22,719,424
313950,MANHUMIRIM,MG,707.17,2025,712.5,2025_S2,71,2023,607.98,718,511
313720,LAGOA DA PRATA,MG,707.17,2025,713.33,2025_S1,67,2023,618.95,723,513
520030,ALEXÂNIA,GO,707.0,2026,709.83,2025_S2,104,2024,548.82,719,418
421480,RIO DO SUL,SC,705.58,2025,711.33,2025_S2,67,2026,634.87,714,557
290500,CACULÉ,BA,705.33,2026,720.33,2025_S2,148,2024,526.65,723,377
354660,SANTA FÉ DO SUL,SP,705.08,2024,708.33,2024_S2,69,2025,648.18,713,571
210380,DOM PEDRO,MA,704.33,2026,710.33,2025_S2,63,2024,623.77,718,552
270400,JUNQUEIRO,AL,703.0,2026,711.67,2025_S2,58,2024,629.57,720,541
292360,PARAMIRIM,BA,702.75,2025,733.0,2025_S2,226,2025,610.97,889,530
230945,OCARA,CE,702.33,2026,702.33,2026_S1,111,2024,542.82,709,413
431530,QUARAÍ,RS,701.75,2025,710.5,2025_S1,48,2023,661.5,718,608
292840,SANTA RITA DE CÁSSIA,BA,699.33,2026,714.33,2025_S2,52,2025,622.38,719,558
521090,ITAPACI,GO,698.0,2026,698.0,2026_S1,134,2024,496.4,704,354
310450,ARINOS,MG,697.67,2026,698.0,2025_S2,92,2025,518.45,707,392
500720,RIO BRILHANTE,MS,696.0,2026,706.5,2025_S2,78,2024,596.78,713,503
520890,GOIÁS,GO,695.67,2026,695.67,2026_S1,77,2023,588.7,706,474
230130,ARARIPE,CE,695.0,2026,695.0,2026_S1,103,2024,530.5,708,415
430466,CAPÃO DO LEÃO,RS,694.58,2025,700.67,2025_S2,85,2023,581.27,710,440
431570,RIO PARDO,RS,694.0,2026,694.0,2026_S1,110,2024,543.15,708,424
291970,MACARANI,BA,693.75,2025,694.5,2025_S2,59,2024,622.55,701,559
130370,SANTO ANTÔNIO DO IÇÁ,AM,692.5,2025,692.83,2025_S2,80,2024,595.7,707,516
431740,SANTIAGO,RS,691.83,2024,697.83,2024_S2,119,2025,666.65,761,627
260320,CAETÉS,PE,691.33,2026,699.5,2025_S2,53,2023,639.4,702,588
130310,NOVA OLINDA DO NORTE,AM,691.17,2025,698.33,2025_S2,94,2024,576.9,710,455
291600,ITANHÉM,BA,690.33,2026,690.33,2026_S1,44,2023,622.38,697,554
315820,SANTA MARIA DO SUAÇUÍ,MG,690.33,2026,694.67,2025_S1,260,2025,620.43,721,461
500568,MUNDO NOVO,MS,689.67,2026,689.67,2026_S1,60,2024,594.82,703,518
211160,SÃO RAIMUNDO DAS MANGABEIRAS,MA,688.83,2025,692.67,2025_S2,56,2024,621.62,696,565
353390,OLÍMPIA,SP,688.0,2025,690.67,2025_S1,74,2025,598.9,739,512
320350,MONTANHA,ES,687.33,2026,687.33,2026_S1,87,2024,536.5,698,422
311430,CARMO DO PARANAÍBA,MG,685.67,2025,687.33,2025_S1,65,2023,615.77,697,544
315560,RIO PARDO DE MINAS,MG,684.67,2025,695.67,2025_S2,49,2023,618.4,702,558
352260,ITAPIRA,SP,684.58,2025,692.17,2025_S1,57,2024,605.3,703,512
312670,FRANCISCO SÁ,MG,683.25,2025,691.67,2024_S2,45,2023,641.53,702,582
231395,VARJOTA,CE,682.0,2026,682.0,2026_S1,79,2024,544.53,687,466
412090,QUEDAS DO IGUAÇU,PR,681.67,2026,685.0,2025_S2,66,2024,588.1,688,512
270710,PIRANHAS,AL,681.11,2021,684.67,2021_S1,268,2022,568.52,687,419
150808,TUCUMÃ,PA,679.08,2025,688.67,2025_S2,56,2024,607.3,701,525
292440,PILÃO ARCADO,BA,677.67,2026,682.0,2025_S2,63,2023,598.92,689,517
521710,PIRACANJUBA,GO,677.67,2026,677.67,2026_S1,64,2023,595.42,686,528
211060,SÃO BERNARDO,MA,676.33,2025,684.5,2025_S2,86,2024,597.85,687,532
350190,AMPARO,SP,675.75,2025,677.67,2025_S1,74,2023,603.52,695,525
330210,ITAOCARA,RJ,674.0,2026,675.0,2025_S2,52,2024,616.93,681,562
500500,JARDIM,MS,674.0,2025,679.83,2025_S2,72,2023,606.88,685,509
210830,PENALVA,MA,672.33,2026,680.83,2025_S2,83,2024,555.95,688,464
150370,ITUPIRANGA,PA,671.92,2025,678.33,2025_S2,64,2023,620.77,683,546
291730,ITUBERÁ,BA,671.58,2025,672.0,2025_S2,52,2024,597.62,685,522
310630,BELO ORIENTE,MG,671.17,2025,684.33,2025_S2,81,2023,536.72,692,400
412060,PRUDENTÓPOLIS,PR,671.08,2025,671.67,2025_S2,42,2023,615.47,684,551
521220,JUSSARA,GO,671.0,2026,671.0,2026_S1,74,2025,565.8,675,502
231380,URUBURETAMA,CE,671.0,2026,671.0,2026_S1,105,2025,496.28,683,385
210980,SANTA HELENA,MA,670.92,2025,674.0,2025_S2,77,2024,583.3,683,521
316240,SÃO JOÃO DA PONTE,MG,670.0,2025,680.33,2025_S2,63,2024,588.0,687,518
410880,GUAÍRA,PR,669.83,2025,673.0,2025_S1,71,2024,618.43,680,557
354070,PORTO FERREIRA,SP,669.5,2025,673.67,2025_S2,118,2025,583.62,752,508
312950,IBIÁ,MG,668.42,2025,676.0,2025_S2,66,2022,581.32,682,464
317090,VARZELÂNDIA,MG,667.92,2025,669.0,2025_S2,45,2024,602.97,676,537
250190,BELÉM,PB,667.67,2026,669.67,2025_S2,60,2024,591.13,675,535
250150,BANANEIRAS,PB,667.33,2026,667.33,2026_S1,95,2024,525.95,673,425
432080,SOLEDADE,RS,666.33,2024,674.83,2024_S2,51,2026,624.93,681,570
500210,BELA VISTA,MS,666.33,2026,666.33,2026_S1,47,2023,592.3,672,530
312410,ESMERALDAS,MG,665.67,2026,665.67,2026_S1,105,2022,518.65,687,324
352030,IGUAPE,SP,664.83,2025,674.83,2025_S1,117,2025,604.98,735,540
290120,ANAGÉ,BA,664.0,2026,664.0,2026_S1,61,2023,593.28,670,513
312420,ESPERA FELIZ,MG,662.25,2025,668.67,2025_S2,56,2024,571.42,673,470
292120,MIGUEL CALMON,BA,660.42,2025,667.67,2025_S2,50,2024,592.87,675,527
250110,AREIA,PB,660.33,2026,660.33,2026_S1,63,2024,560.55,667,477
260080,ALTINHO,PE,660.33,2025,669.33,2025_S2,32,2023,601.32,674,539
352930,MATÃO,SP,660.25,2025,661.33,2025_S2,45,2024,604.73,666,549
150745,SÃO GERALDO DO ARAGUAIA,PA,659.75,2025,665.67,2025_S2,85,2024,534.97,670,415
355380,TAQUARITUBA,SP,656.92,2025,673.83,2025_S1,153,2025,569.2,778,495
292575,PRESIDENTE TANCREDO NEVES,BA,656.67,2026,656.67,2026_S1,96,2024,494.6,670,331
330370,PARAÍBA DO SUL,RJ,655.33,2025,662.83,2025_S1,61,2022,582.87,669,485
311930,COROMANDEL,MG,655.0,2026,658.5,2025_S2,69,2023,580.65,662,500
351960,IBITINGA,SP,654.92,2025,661.83,2025_S2,79,2023,548.73,664,446
521890,RUBIATABA,GO,654.33,2026,655.67,2025_S2,83,2024,510.53,663,398
241260,SÃO PAULO DO POTENGI,RN,654.08,2024,670.17,2024_S1,226,2024,562.93,718,468
290410,BOQUIRA,BA,654.0,2026,658.0,2025_S2,57,2024,583.25,664,513
500325,COSTA RICA,MS,653.75,2025,658.83,2025_S2,57,2022,581.85,671,494
292380,PARIPIRANGA,BA,653.0,2026,658.5,2025_S2,68,2024,568.92,663,505
421010,MAFRA,SC,653.0,2025,654.17,2025_S1,48,2022,597.65,669,514
260460,CONDADO,PE,652.33,2026,652.33,2026_S1,83,2024,520.62,664,425
320080,BAIXO GUANDU,ES,651.67,2026,662.83,2025_S2,77,2024,540.75,668,448
140047,RORAINÓPOLIS,RR,651.67,2026,651.67,2026_S1,105,2023,459.42,657,280
251230,PRINCESA ISABEL,PB,650.67,2026,652.17,2025_S2,58,2024,550.83,659,465
293200,UAUÁ,BA,650.33,2025,656.17,2025_S2,65,2024,559.15,660,477
280020,AQUIDABÃ,SE,649.33,2026,649.33,2026_S1,98,2024,503.8,660,412
261380,SÃO VICENTE FÉRRER,PE,649.33,2026,659.17,2025_S2,73,2024,520.07,665,410
231300,SOLONÓPOLE,CE,649.33,2026,651.5,2025_S1,292,2025,591.92,666,374
314400,MUTUM,MG,648.67,2026,648.67,2026_S1,67,2024,554.02,656,472
211290,VITÓRIA DO MEARIM,MA,648.5,2024,667.0,2024_S2,63,2024,584.78,681,499
313780,LAMBARI,MG,648.08,2025,652.5,2025_S2,69,2024,538.4,657,408
210900,PORTO FRANCO,MA,647.67,2026,647.67,2026_S1,80,2024,506.75,659,407
316970,TURMALINA,MG,647.25,2025,652.5,2025_S2,51,2022,573.88,655,489
220050,AMARANTE,PI,646.83,2025,647.33,2025_S1,63,2024,599.85,654,556
421770,SOMBRIO,SC,646.67,2026,646.67,2026_S1,84,2024,518.13,657,424
320410,PINHEIROS,ES,646.33,2026,647.33,2025_S2,82,2024,541.33,654,469
230380,CEDRO,CE,646.33,2026,646.33,2026_S1,85,2024,511.77,655,411
291550,ITAJUÍPE,BA,646.33,2026,660.17,2024_S1,47,2023,627.98,666,584
320020,ALEGRE,ES,646.0,2026,651.83,2025_S2,82,2024,519.6,657,412
320470,SÃO GABRIEL DA PALHA,ES,645.67,2026,656.83,2025_S1,333,2025,528.92,672,339
510320,COLÍDER,MT,645.08,2025,654.83,2025_S2,64,2023,572.98,658,500
351280,COSMÓPOLIS,SP,644.33,2025,653.83,2025_S1,80,2023,565.92,660,465
431405,PAROBÉ,RS,644.0,2026,644.0,2026_S1,95,2023,507.62,655,380
150460,MOCAJUBA,PA,644.0,2026,649.0,2025_S2,37,2024,583.27,653,524
510510,JUARA,MT,643.67,2026,660.83,2025_S2,108,2025,554.27,664,454
314610,OURO PRETO,MG,642.42,2025,643.33,2025_S1,67,2023,562.35,654,470
261630,VICÊNCIA,PE,641.08,2025,647.67,2025_S2,115,2021,574.87,653,423
260660,IBIMIRIM,PE,641.0,2026,651.67,2025_S2,109,2024,484.1,658,351
314480,NOVA LIMA,MG,641.0,2025,650.0,2025_S1,69,2024,551.78,666,455
411930,PINHÃO,PR,639.0,2026,641.83,2025_S2,56,2023,590.58,649,538
320210,ECOPORANGA,ES,639.0,2025,646.0,2025_S2,54,2023,559.37,652,477
150543,OURILÂNDIA DO NORTE,PA,638.67,2026,653.5,2025_S2,68,2024,532.97,661,418
420360,CAMPOS NOVOS,SC,638.17,2025,645.5,2025_S2,48,2023,579.68,650,530
354680,SANTA ISABEL,SP,637.92,2025,641.5,2025_S2,62,2023,548.27,657,453
220580,LUZILÂNDIA,PI,636.0,2026,636.0,2026_S1,68,2024,550.98,643,485
150050,ALMEIRIM,PA,635.67,2025,655.5,2025_S1,266,2025,519.98,671,386
314930,PEDRO LEOPOLDO,MG,635.67,2025,651.83,2025_S2,60,2023,549.1,666,474
210850,PINDARÉ-MIRIM,MA,635.67,2025,647.17,2025_S2,61,2024,556.17,652,484
521770,PONTALINA,GO,635.33,2026,638.0,2025_S2,48,2024,563.58,643,504
330480,SÃO FIDÉLIS,RJ,634.67,2026,634.67,2026_S1,70,2026,516.28,663,431
230560,INDEPENDÊNCIA,CE,634.33,2026,634.33,2026_S1,73,2024,517.55,640,433
130353,PRESIDENTE FIGUEIREDO,AM,632.0,2025,633.83,2025_S1,79,2024,516.63,639,402
520910,GOIATUBA,GO,631.67,2026,631.67,2026_S1,50,2024,560.12,638,509
291180,GUARATINGA,BA,631.67,2025,633.5,2025_S2,45,2024,566.22,641,495
521570,PALMEIRAS DE GOIÁS,GO,631.0,2026,631.0,2026_S1,124,2024,451.52,644,332
220260,CASTELO DO PIAUÍ,PI,630.67,2026,633.33,2025_S2,48,2024,575.43,636,524
270070,BATALHA,AL,630.08,2024,639.33,2024_S2,39,2024,611.92,651,583
311160,CAMPOS GERAIS,MG,629.83,2025,633.0,2025_S2,34,2022,579.3,636,502
230425,CRUZ,CE,629.67,2026,629.67,2025_S2,88,2024,483.82,639,354
293015,SERRA DO RAMALHO,BA,629.33,2025,633.5,2025_S2,67,2024,559.07,641,495
320405,PEDRO CANÁRIO,ES,628.33,2026,628.33,2026_S1,92,2024,482.07,634,384
231085,PINDORETAMA,CE,626.67,2026,626.67,2026_S1,67,2023,508.68,636,380
320230,GUAÇUÍ,ES,626.58,2025,629.83,2025_S1,85,2023,533.25,633,401
315580,RIO POMBA,MG,626.33,2026,634.83,2025_S2,42,2022,560.17,637,490
350970,CAMPOS DO JORDÃO,SP,625.58,2025,630.0,2024_S2,45,2024,581.6,637,529
150309,GOIANÉSIA DO PARÁ,PA,624.25,2025,634.33,2025_S2,101,2024,504.35,641,405
150715,SÃO DOMINGOS DO ARAGUAIA,PA,620.42,2025,628.33,2024_S2,50,2023,575.93,636,516
410240,BANDEIRANTES,PR,620.33,2026,627.83,2025_S2,69,2024,523.22,631,454
260370,CANHOTINHO,PE,620.25,2025,628.5,2025_S2,69,2024,530.33,635,467
311060,CAMBUÍ,MG,619.42,2025,631.0,2025_S2,98,2024,518.67,633,419
431480,PORTÃO,RS,619.08,2025,621.83,2025_S2,132,2022,488.57,631,323
317080,VÁRZEA DA PALMA,MG,618.83,2025,627.83,2025_S2,42,2022,542.08,633,455
260220,BOM JARDIM,PE,618.67,2026,621.33,2025_S2,54,2024,594.03,629,567
230920,NOVA OLINDA,CE,618.0,2026,618.0,2026_S1,75,2024,472.52,625,340
500560,MIRANDA,MS,617.0,2026,617.0,2026_S1,66,2024,551.43,624,488
230495,GUAIÚBA,CE,616.67,2026,616.67,2026_S1,105,2024,438.27,620,330
240050,ALEXANDRIA,RN,616.0,2026,616.0,2026_S1,63,2024,512.65,623,442
510170,BARRA DO BUGRES,MT,615.67,2026,615.67,2026_S1,260,2025,516.48,629,369
316210,SÃO GOTARDO,MG,615.17,2025,621.0,2025_S1,57,2024,560.58,628,496
311510,CÁSSIA,MG,614.42,2024,616.67,2024_S1,117,2022,539.42,634,438
150670,SANTANA DO ARAGUAIA,PA,614.17,2025,621.83,2025_S2,82,2024,501.87,630,381
260040,ÁGUA PRETA,PE,613.58,2025,615.67,2025_S2,61,2024,544.87,620,486
110033,NOVA MAMORÉ,RO,613.33,2026,613.33,2026_S1,59,2023,526.02,624,449
521740,PIRES DO RIO,GO,613.0,2026,624.17,2025_S2,82,2023,489.82,627,377
315150,PIUMHI,MG,612.33,2026,617.0,2025_S2,61,2023,537.37,622,461
211010,SANTA QUITÉRIA DO MARANHÃO,MA,611.67,2026,611.67,2026_S1,461,2025,492.58,633,172
291770,JAGUARARI,BA,611.58,2025,612.33,2025_S1,51,2023,553.85,622,492
250060,ALHANDRA,PB,611.0,2026,622.0,2025_S2,80,2024,506.48,628,430
130110,CAREIRO,AM,609.67,2026,613.0,2025_S1,352,2025,439.2,892,312
355020,SÃO MIGUEL ARCANJO,SP,609.5,2025,616.33,2025_S1,43,2025,546.97,623,470
355150,SERRANA,SP,609.08,2025,613.17,2025_S2,76,2024,500.27,620,380
292590,QUIJINGUE,BA,609.0,2025,614.83,2025_S2,39,2023,549.52,617,485
250070,SÃO JOÃO DO RIO DO PEIXE,PB,608.92,2025,611.67,2025_S2,24,2023,574.08,614,538
354640,SANTA CRUZ DO RIO PARDO,SP,607.83,2025,612.5,2025_S1,58,2024,550.42,616,493
260030,AGRESTINA,PE,607.67,2026,612.0,2025_S2,83,2024,493.42,618,397
411320,LAPA,PR,607.33,2025,620.0,2025_S2,82,2025,554.22,628,500
311000,CAETÉ,MG,604.58,2025,605.83,2025_S1,73,2024,498.27,627,380
353650,PAULÍNIA,SP,604.08,2025,614.33,2025_S1,95,2024,486.65,619,353
250710,ITAPOROROCA,PB,604.0,2026,604.0,2026_S1,101,2025,446.03,611,345
290110,AMÉLIA RODRIGUES,BA,603.92,2025,606.83,2025_S2,43,2023,543.75,613,474
150830,VISEU,PA,603.67,2026,603.67,2026_S1,118,2021,500.1,612,401
314070,MATEUS LEME,MG,603.67,2025,616.17,2025_S1,52,2022,569.73,624,512
311110,CAMPINA VERDE,MG,603.5,2025,611.0,2025_S2,51,2024,545.8,616,487
251340,SANTA LUZIA,PB,603.33,2026,603.33,2026_S1,54,2024,518.1,607,439
261050,PASSIRA,PE,603.25,2025,616.17,2025_S2,74,2024,505.72,618,422
210590,LAGO VERDE,MA,603.11,2021,607.0,2021_S1,34,2024,587.93,608,540
230450,FRECHEIRINHA,CE,603.0,2026,603.0,2026_S1,89,2025,501.68,609,450
351740,GUAÍRA,SP,602.83,2025,606.33,2025_S1,43,2023,542.57,619,457
311370,CARLOS CHAGAS,MG,602.0,2026,602.0,2026_S1,120,2025,555.28,610,487
270570,OLHO DÁGUA DAS FLORES,AL,600.0,2026,600.0,2026_S1,72,2024,474.37,607,372
241440,TOUROS,RN,599.75,2025,609.83,2025_S2,59,2024,510.15,616,426
351820,GUARARAPES,SP,598.25,2024,602.67,2024_S2,64,2025,568.73,606,538
292370,PARATINGA,BA,596.58,2025,599.33,2025_S1,26,2021,575.78,603,548
210640,MATA ROMA,MA,596.33,2025,597.5,2025_S1,57,2024,541.55,616,499
150293,DOM ELISEU,PA,596.33,2026,604.83,2025_S2,78,2024,464.73,611,330
290350,BELO CAMPO,BA,596.33,2026,597.33,2025_S2,81,2024,477.33,609,371
320300,IÚNA,ES,595.67,2026,596.67,2025_S2,61,2023,495.88,601,406
316270,SÃO JOÃO DO PARAÍSO,MG,595.42,2025,605.83,2025_S2,44,2024,530.22,611,473
420700,IÇARA,SC,595.08,2025,604.17,2025_S2,58,2024,520.1,606,448
520330,BELA VISTA DE GOIÁS,GO,594.67,2026,594.67,2026_S1,51,2023,516.95,599,431
330300,MIRACEMA,RJ,594.33,2026,599.5,2025_S2,61,2023,527.72,604,463
250440,CONCEIÇÃO,PB,593.67,2024,602.17,2024_S1,58,2024,573.37,620,549
293270,URUÇUCA,BA,592.33,2025,600.83,2025_S1,37,2025,561.13,610,515
160050,OIAPOQUE,AP,592.33,2026,592.33,2026_S1,90,2025,434.42,606,339
353880,PIRAJU,SP,590.67,2025,593.0,2025_S2,53,2024,523.17,599,457
353350,NOVO HORIZONTE,SP,590.67,2026,594.67,2025_S2,71,2023,514.57,602,422
150445,MEDICILÂNDIA,PA,590.33,2026,590.33,2026_S1,82,2025,437.25,596,346
292890,SÃO DESIDÉRIO,BA,590.17,2025,597.67,2025_S2,51,2024,510.48,601,434
130063,BERURI,AM,590.0,2026,599.33,2025_S2,117,2024,454.35,612,342
230950,ORÓS,CE,589.33,2026,589.33,2026_S1,84,2024,453.02,598,362
410660,CRUZEIRO DO OESTE,PR,588.0,2025,592.83,2025_S1,58,2024,503.38,602,411
210542,ITINGA DO MARANHÃO,MA,587.75,2025,594.5,2024_S2,30,2025,577.13,602,557
430676,ELDORADO DO SUL,RS,587.67,2026,592.17,2025_S2,82,2023,466.7,602,316
210467,GOVERNADOR NUNES FREIRE,MA,587.33,2026,592.33,2025_S2,75,2024,477.03,600,377
292930,SÃO GONÇALO DOS CAMPOS,BA,586.33,2026,586.33,2026_S1,60,2024,491.02,591,378
430660,DOM PEDRITO,RS,585.67,2025,589.0,2025_S1,40,2022,531.93,597,468
291835,JOÃO DOURADO,BA,582.83,2025,584.33,2024_S2,32,2024,548.8,594,508
290475,BURITIRAMA,BA,582.5,2024,605.0,2025_S1,458,2025,551.35,615,157
250100,ARARUNA,PB,582.25,2025,588.33,2025_S2,49,2023,518.02,591,440
411350,LOANDA,PR,582.25,2025,585.0,2025_S1,131,2024,468.38,588,364
280140,CARIRA,SE,582.0,2026,591.83,2025_S2,67,2024,484.22,599,398
110001,ALTA FLORESTA DOESTE,RO,582.0,2026,582.0,2026_S1,70,2024,479.05,592,404
150700,SANTO ANTÔNIO DO TAUÁ,PA,581.0,2026,583.33,2025_S2,73,2024,444.17,591,317
250460,CONDE,PB,580.67,2026,580.67,2026_S1,87,2025,403.83,585,288
315680,SABINÓPOLIS,MG,580.42,2023,597.5,2024_S1,137,2024,538.73,602,436
292290,NOVA SOURE,BA,580.33,2026,580.33,2026_S1,62,2024,473.82,584,380
260775,ITAPISSUMA,PE,579.67,2025,589.5,2025_S2,50,2022,497.28,595,415
290590,CAMPO ALEGRE DE LOURDES,BA,576.83,2025,584.17,2025_S2,55,2024,508.32,589,447
261500,TAQUARITINGA DO NORTE,PE,576.67,2026,579.5,2025_S2,70,2024,472.05,592,401
350220,ANGATUBA,SP,576.42,2025,582.0,2025_S2,62,2025,544.23,591,513
330575,TANGUÁ,RJ,576.33,2026,576.33,2026_S1,92,2024,416.1,586,278
520080,ALVORADA DO NORTE,GO,576.33,2026,576.33,2026_S1,64,2024,473.65,583,400
315280,PRATA,MG,576.0,2026,576.0,2026_S1,58,2024,466.8,589,392
292240,MUTUÍPE,BA,575.5,2025,581.67,2025_S2,45,2023,510.47,588,443
280580,RIACHÃO DO DANTAS,SE,575.33,2026,576.17,2025_S2,40,2024,505.92,583,448
291680,ITARANTIM,BA,574.67,2026,574.67,2026_S1,77,2024,450.85,583,383
313900,MACHADO,MG,574.33,2025,579.5,2025_S2,69,2023,509.37,586,431
313090,INHAPIM,MG,573.08,2025,575.67,2025_S2,57,2023,500.02,583,426
310020,ABAETÉ,MG,573.08,2024,580.17,2024_S2,46,2025,552.55,587,501
510480,JACIARA,MT,572.33,2026,576.67,2025_S2,55,2024,488.68,582,407
520490,CAMPOS BELOS,GO,571.33,2026,571.33,2026_S1,86,2023,438.73,578,308
351760,GUAPIARA,SP,571.17,2023,584.5,2024_S1,59,2024,561.18,600,517
510710,SÃO JOSÉ DOS QUATRO MARCOS,MT,570.33,2026,570.33,2026_S1,211,2025,348.18,577,275
421930,VIDEIRA,SC,570.0,2024,579.33,2024_S2,57,2025,528.27,582,480
251140,PICUÍ,PB,569.67,2026,574.33,2025_S2,61,2024,460.97,580,362
420730,IMBITUBA,SC,569.33,2025,575.33,2025_S1,78,2023,487.23,585,375
313600,JOAÍMA,MG,567.25,2025,581.5,2025_S2,70,2024,473.08,590,396
410860,GOIOERÊ,PR,567.0,2025,568.67,2025_S2,61,2023,483.93,577,385
130080,BORBA,AM,566.42,2025,571.33,2025_S1,79,2024,512.0,589,443
130150,ENVIRA,AM,565.67,2026,581.0,2025_S2,90,2024,443.35,590,340
290870,CONDEÚBA,BA,563.67,2026,563.67,2026_S1,51,2023,487.57,572,422
130130,CODAJÁS,AM,562.08,2025,565.83,2024_S2,68,2024,488.37,572,411
270010,ÁGUA BRANCA,AL,561.67,2025,566.33,2025_S2,59,2024,494.65,573,444
311300,CARAÍ,MG,561.67,2026,561.67,2026_S1,80,2025,433.07,569,364
220620,MIGUEL ALVES,PI,561.33,2026,566.0,2025_S2,40,2023,508.15,573,452
292340,PALMAS DE MONTE ALTO,BA,560.0,2026,560.0,2026_S1,70,2025,447.63,570,379
420830,ITAPEMA,SC,559.83,2025,566.0,2025_S1,90,2023,449.25,616,317
430130,ARROIO GRANDE,RS,557.92,2025,558.0,2025_S2,31,2023,514.5,570,471
292320,OLIVEIRA DOS BREJINHOS,BA,557.42,2025,561.0,2025_S2,56,2024,492.35,564,432
315690,SACRAMENTO,MG,557.25,2025,558.33,2025_S1,46,2023,503.93,566,446
231210,SANTANA DO CARIRI,CE,557.0,2026,560.17,2025_S2,49,2021,491.68,564,433
250250,BOQUEIRÃO,PB,556.0,2026,556.0,2026_S1,85,2025,410.6,562,315
260540,FEIRA NOVA,PE,555.58,2025,564.5,2025_S2,60,2024,476.6,566,410
313010,IGARAPÉ,MG,555.58,2025,563.0,2025_S1,56,2023,474.12,570,359
230430,FARIAS BRITO,CE,555.0,2026,561.83,2025_S2,68,2024,444.05,564,364
231150,QUIXERÉ,CE,555.0,2026,555.0,2026_S1,61,2025,426.78,564,348
354530,SALTO DE PIRAPORA,SP,554.25,2025,559.67,2025_S2,56,2024,474.25,564,389
421360,PORTO UNIÃO,SC,554.0,2024,557.17,2024_S1,46,2025,520.67,559,469
250830,LAGOA SECA,PB,553.33,2026,568.33,2025_S2,108,2024,398.5,570,281
261020,PANELAS,PE,553.0,2026,553.0,2026_S1,46,2025,481.32,563,433
500220,BONITO,MS,552.67,2026,557.33,2025_S2,46,2023,500.8,564,453
320340,MIMOSO DO SUL,ES,551.0,2025,552.83,2025_S2,71,2023,480.5,558,391
500315,CORONEL SAPUCAIA,MS,550.92,2025,556.17,2025_S2,52,2023,504.37,566,441
311800,CONGONHAS,MG,550.25,2025,552.33,2025_S1,50,2022,498.65,562,429
313920,MALACACHETA,MG,549.67,2025,553.83,2025_S2,46,2023,490.9,559,429
355340,TANABI,SP,549.5,2024,549.83,2024_S1,42,2023,517.47,556,480
500769,SÃO GABRIEL DO OESTE,MS,549.42,2025,552.67,2025_S2,85,2024,470.22,562,401
150790,SOURE,PA,549.0,2026,549.0,2026_S1,143,2021,466.4,564,368
350380,ARTUR NOGUEIRA,SP,548.83,2025,554.0,2025_S1,97,2023,441.6,570,322
270750,PORTO REAL DO COLÉGIO,AL,548.33,2025,548.5,2025_S1,35,2023,509.48,558,464
350250,APARECIDA,SP,548.08,2025,556.83,2024_S2,32,2024,532.42,562,499
150660,SANTA MARIA DO PARÁ,PA,548.0,2025,555.83,2025_S2,76,2023,454.58,561,352
170700,DIANÓPOLIS,TO,547.67,2026,553.5,2025_S2,48,2023,477.83,563,415
280060,BARRA DOS COQUEIROS,SE,547.33,2026,547.33,2026_S1,98,2025,341.82,556,218
130330,NOVO ARIPUANÃ,AM,546.92,2025,559.67,2025_S1,76,2022,521.42,568,458
521450,NERÓPOLIS,GO,546.75,2025,547.33,2025_S1,62,2024,478.63,552,409
230650,ITAPIÚNA,CE,546.67,2026,546.67,2025_S2,77,2023,484.0,560,399
352620,JUQUITIBA,SP,546.42,2025,549.5,2025_S1,50,2023,474.08,557,377
210200,BOM JARDIM,MA,545.5,2024,574.83,2024_S1,79,2024,531.17,586,495
421580,SÃO BENTO DO SUL,SC,544.33,2025,547.5,2025_S2,48,2024,478.7,567,408
355010,SÃO MANUEL,SP,544.0,2025,569.0,2025_S1,73,2025,467.33,575,352
270235,CRAÍBAS,AL,542.33,2026,542.33,2026_S1,133,2022,474.6,546,374
221120,URUÇUÍ,PI,542.25,2025,545.83,2025_S2,59,2024,463.65,554,387
311750,CONCEIÇÃO DO MATO DENTRO,MG,542.17,2024,548.67,2025_S1,143,2025,517.68,556,412
510335,CONFRESA,MT,542.0,2025,551.33,2025_S2,69,2024,456.28,562,365
130356,RIO PRETO DA EVA,AM,541.92,2025,546.83,2025_S2,78,2024,445.22,554,339
231170,RERIUTABA,CE,541.67,2026,554.0,2025_S2,85,2024,436.85,561,350
500740,RIO VERDE DE MATO GROSSO,MS,540.42,2025,545.0,2025_S2,56,2022,461.73,553,354
292910,SÃO FELIPE,BA,539.5,2025,542.0,2025_S2,65,2024,444.88,550,344
230200,BARRO,CE,539.33,2026,539.33,2026_S1,66,2025,413.23,542,329
353550,PARAGUAÇU PAULISTA,SP,538.75,2025,545.17,2025_S1,53,2022,500.83,551,439
314290,MONTE AZUL,MG,538.0,2026,543.67,2025_S2,50,2024,470.62,549,402
310110,AIMORÉS,MG,537.67,2026,547.5,2025_S2,81,2024,438.12,551,360
211240,TURIAÇU,MA,537.67,2026,537.67,2026_S1,86,2025,379.0,547,298
230340,CARNAUBAL,CE,537.67,2026,537.67,2026_S1,54,2024,427.15,546,347
330620,VASSOURAS,RJ,537.58,2025,542.17,2025_S1,56,2023,474.05,550,393
210550,JOÃO LISBOA,MA,537.33,2026,537.33,2026_S1,57,2024,466.73,549,412
311320,CARANDAÍ,MG,536.67,2025,539.17,2024_S2,33,2022,506.32,548,460
350860,CACHOEIRA PAULISTA,SP,536.08,2025,541.0,2025_S2,108,2024,427.12,547,328
150350,IRITUIA,PA,535.0,2026,539.67,2025_S2,91,2024,406.68,543,309
291040,ENCRUZILHADA,BA,535.0,2026,538.17,2025_S2,63,2024,435.5,543,346
431130,LAGOA VERMELHA,RS,534.33,2025,536.83,2024_S2,44,2024,499.02,547,461
280560,PORTO DA FOLHA,SE,534.25,2025,538.17,2025_S2,54,2024,476.7,543,427
210740,OLHO DÁGUA DAS CUNHÃS,MA,534.0,2025,538.17,2025_S2,52,2024,478.77,544,439
150085,ANAPU,PA,533.33,2026,535.83,2025_S2,96,2024,375.1,541,254
291440,IRAQUARA,BA,532.83,2025,534.83,2025_S2,55,2023,481.1,539,420
350940,CAJURU,SP,531.42,2025,533.67,2025_S2,76,2024,447.22,543,381
315490,RIO CASCA,MG,529.25,2024,543.83,2024_S1,70,2024,486.63,557,425
410970,IBAITI,PR,528.33,2026,530.33,2025_S2,50,2024,456.62,538,408
210290,CARUTAPERA,MA,527.67,2026,527.67,2026_S1,421,2025,416.47,549,128
130390,SÃO PAULO DE OLIVENÇA,AM,527.42,2025,532.67,2025_S2,54,2024,439.05,543,364
290930,CORRENTINA,BA,526.92,2025,624.0,2021_S1,239,2021,467.88,625,386
410400,CAMPINA GRANDE DO SUL,PR,526.67,2025,527.83,2025_S1,74,2023,447.33,540,357
313190,ITABIRITO,MG,525.58,2025,532.33,2025_S1,47,2024,475.97,540,417
412560,SÃO MATEUS DO SUL,PR,525.5,2025,534.0,2025_S2,61,2025,481.23,543,428
350070,AGUDOS,SP,525.33,2024,532.5,2025_S1,48,2023,488.85,541,444
293077,SOBRADINHO,BA,525.33,2026,529.17,2025_S2,77,2024,410.68,531,311
350920,CAJAMAR,SP,525.08,2025,533.0,2025_S1,61,2024,458.45,542,362
210060,AMARANTE DO MARANHÃO,MA,522.0,2026,527.5,2025_S2,41,2024,470.28,536,422
354150,PRESIDENTE VENCESLAU,SP,521.92,2025,529.0,2025_S1,69,2023,436.65,530,348
291510,ITAGI,BA,521.33,2026,521.33,2026_S1,31,2024,488.93,531,458
353190,MORRO AGUDO,SP,520.5,2025,522.67,2025_S2,95,2024,420.98,528,331
260450,CHÃ GRANDE,PE,520.0,2026,529.67,2025_S2,82,2023,403.65,536,310
150430,MARACANÃ,PA,518.75,2025,528.0,2025_S2,51,2023,458.48,533,386
220150,BATALHA,PI,518.33,2026,518.33,2026_S1,54,2024,417.15,525,354
430390,CAMPO BOM,RS,518.08,2025,527.17,2025_S2,87,2022,439.65,536,348
311730,CONCEIÇÃO DAS ALAGOAS,MG,518.0,2026,518.0,2026_S1,46,2025,444.13,523,380
270480,MARIBONDO,AL,518.0,2026,518.0,2026_S1,98,2024,470.88,521,413
351670,GARÇA,SP,516.33,2025,522.17,2025_S1,53,2024,473.03,530,418
293030,SERRA DOURADA,BA,516.0,2021,523.0,2021_S1,101,2023,478.68,530,422
210090,ARAIOSES,MA,515.67,2026,515.67,2026_S1,96,2024,402.35,520,302
353670,PEDERNEIRAS,SP,515.08,2025,518.0,2025_S1,51,2024,460.3,531,407
231355,TURURU,CE,515.0,2026,515.83,2025_S2,74,2024,410.87,525,337
410960,GUARATUBA,PR,514.58,2025,514.83,2025_S1,82,2024,423.57,522,331
260560,FLORES,PE,514.5,2025,520.5,2025_S2,61,2024,438.5,526,378
110025,PRESIDENTE MÉDICI,RO,514.08,2024,516.83,2024_S2,29,2025,488.2,528,461
313860,LIMA DUARTE,MG,514.0,2026,514.0,2026_S1,52,2025,413.77,517,347
314860,PEÇANHA,MG,514.0,2025,519.17,2025_S2,49,2023,499.5,525,470
280540,POÇO REDONDO,SE,513.33,2023,564.67,2024_S1,165,2024,474.88,588,410
260310,CACHOEIRINHA,PE,513.33,2026,522.67,2025_S2,46,2024,457.78,527,403
150030,AFUÁ,PA,513.33,2026,513.33,2026_S1,75,2025,378.1,537,303
500240,CAARAPÓ,MS,513.33,2026,513.33,2026_S1,37,2024,456.05,522,416
310690,BICAS,MG,513.25,2025,515.17,2025_S1,47,2024,467.83,526,423
314560,OLIVEIRA,MG,512.75,2024,529.33,2025_S1,252,2025,489.65,538,286
410720,DOIS VIZINHOS,PR,512.67,2025,516.83,2025_S2,75,2024,430.35,521,357
430690,ENCRUZILHADA DO SUL,RS,512.33,2026,512.33,2026_S1,74,2024,395.67,518,310
330410,PORCIÚNCULA,RJ,511.83,2025,512.17,2025_S1,49,2023,435.88,519,353
352510,JARDINÓPOLIS,SP,511.75,2025,519.33,2025_S2,64,2024,436.35,527,362
150548,PACAJÁ,PA,511.33,2026,511.33,2026_S1,78,2024,390.13,524,312
260750,ITAÍBA,PE,510.83,2025,515.33,2025_S2,37,2024,453.8,520,405
260020,AFRÂNIO,PE,509.5,2025,511.33,2025_S2,71,2024,422.33,520,342
261150,QUIPAPÁ,PE,508.67,2026,513.5,2025_S2,36,2025,460.22,517,428
352990,MIRACATU,SP,508.25,2024,518.0,2024_S2,157,2025,481.43,521,363
150277,CURIONÓPOLIS,PA,508.0,2026,515.17,2025_S2,57,2024,433.12,519,355
521720,PIRANHAS,GO,507.67,2026,507.67,2026_S1,54,2022,433.5,511,354
411570,MATINHOS,PR,507.33,2026,512.83,2025_S2,67,2024,400.43,519,303
352180,ITAÍ,SP,507.0,2026,507.0,2026_S1,38,2023,459.75,515,396
231110,PORTEIRAS,CE,506.0,2026,506.0,2026_S1,63,2024,379.43,509,307
292790,SANTA INÊS,BA,505.0,2026,507.0,2025_S2,39,2024,456.52,512,401
221080,SIMPLÍCIO MENDES,PI,504.67,2026,504.67,2026_S1,72,2024,397.35,509,318
411750,PAIÇANDU,PR,503.92,2025,514.67,2025_S2,72,2024,413.85,550,341
330140,CONCEIÇÃO DE MACABU,RJ,503.83,2025,512.33,2025_S1,84,2023,423.27,516,321
170820,FORMOSO DO ARAGUAIA,TO,502.92,2025,511.83,2025_S2,47,2023,439.07,514,385
412170,RESERVA,PR,502.92,2025,505.33,2025_S1,28,2025,481.97,515,454
353130,MONTE ALTO,SP,502.67,2025,506.33,2025_S1,52,2024,450.72,511,396
291915,LAPÃO,BA,502.67,2026,509.5,2025_S2,48,2023,436.57,514,380
411580,MEDIANEIRA,PR,502.25,2025,504.5,2025_S1,80,2024,473.57,519,435
314100,MATO VERDE,MG,502.17,2025,506.33,2025_S2,42,2024,453.97,509,409
250300,CAAPORÃ,PB,501.67,2026,503.67,2025_S2,69,2025,405.63,515,351
522040,SÃO SIMÃO,GO,500.67,2026,500.67,2026_S1,69,2023,415.95,506,312
210400,ESPERANTINÓPOLIS,MA,500.67,2025,507.33,2025_S2,70,2024,412.97,512,334
290990,CURAÇÁ,BA,500.33,2026,500.33,2026_S1,48,2024,405.13,508,330
420940,LAGUNA,SC,500.33,2025,510.5,2025_S2,172,2025,455.37,525,353
310855,BRASILÂNDIA DE MINAS,MG,497.67,2026,502.17,2025_S2,70,2024,399.38,508,309
291830,JITAÚNA,BA,497.17,2025,503.67,2025_S2,31,2024,456.52,510,415
220320,CURIMATÁ,PI,497.08,2025,501.5,2025_S2,37,2023,450.7,506,397
320010,AFONSO CLÁUDIO,ES,496.83,2025,501.33,2025_S2,40,2024,445.92,505,397
150307,GARRAFÃO DO NORTE,PA,496.83,2025,504.67,2025_S2,55,2024,417.17,510,332
230310,CARIRÉ,CE,496.67,2025,500.83,2025_S2,90,2024,396.13,506,317
230660,ITATIRA,CE,496.67,2025,506.0,2025_S2,77,2024,382.18,512,287
350560,BARRINHA,SP,496.5,2025,506.0,2024_S2,60,2025,447.33,519,389
260610,GLÓRIA DO GOITÁ,PE,496.33,2026,503.67,2025_S2,62,2023,401.2,509,321
250280,BREJO DO CRUZ,PB,496.0,2026,496.0,2026_S1,72,2024,375.62,501,298
354060,PORTO FELIZ,SP,495.92,2025,507.83,2025_S1,63,2023,431.75,511,348
260590,GAMELEIRA,PE,495.67,2026,495.67,2026_S1,59,2024,414.02,499,351
500540,MARACAJU,MS,495.58,2025,502.33,2025_S2,47,2023,442.78,510,386
110080,CANDEIAS DO JAMARI,RO,495.0,2026,495.0,2026_S1,64,2025,365.82,505,273
310510,BAMBUÍ,MG,494.92,2025,498.17,2024_S2,34,2023,462.1,503,409
290280,BARRA DA ESTIVA,BA,494.67,2026,506.5,2025_S2,63,2024,403.02,511,329
412800,UBIRATÃ,PR,494.5,2025,496.5,2025_S2,54,2024,438.9,504,379
290370,BOA NOVA,BA,494.42,2025,500.5,2025_S2,34,2023,440.12,506,392
352520,JARINU,SP,493.92,2025,501.67,2025_S1,55,2022,430.17,513,322
240080,ANGICOS,RN,493.67,2026,493.67,2026_S1,56,2022,430.92,498,355
250040,ALAGOA NOVA,PB,493.67,2026,493.67,2026_S1,71,2024,375.38,499,308
292620,RIACHÃO DAS NEVES,BA,493.58,2024,495.0,2024_S2,32,2023,464.97,502,434
240930,PATU,RN,493.33,2026,494.5,2025_S2,43,2023,422.2,500,359
500430,IGUATEMI,MS,492.75,2025,499.5,2025_S2,73,2024,424.82,506,367
314280,MONTE ALEGRE DE MINAS,MG,492.67,2026,498.33,2025_S2,34,2025,434.87,502,384
230670,JAGUARETAMA,CE,492.67,2026,492.67,2026_S1,52,2024,427.87,504,362
430850,FREDERICO WESTPHALEN,RS,491.0,2025,494.83,2025_S2,41,2024,451.33,498,415
230185,BANABUIÚ,CE,490.67,2026,495.33,2025_S2,58,2023,413.07,499,340
230763,MADALENA,CE,490.0,2026,497.5,2025_S2,81,2024,374.08,504,269
261170,RIACHO DAS ALMAS,PE,489.67,2025,500.83,2025_S2,51,2024,415.12,506,341
310420,ARCOS,MG,489.0,2025,491.33,2025_S1,78,2024,404.78,500,327
310260,ANDRADAS,MG,488.0,2024,493.67,2024_S2,52,2022,438.68,498,371
320140,CASTELO,ES,486.08,2025,489.0,2025_S2,72,2023,389.0,493,276
500190,BATAGUASSU,MS,486.0,2026,486.0,2026_S1,52,2022,418.42,493,342
291520,ITAGIBÁ,BA,486.0,2026,490.67,2025_S2,28,2025,447.47,495,408
352970,MIGUELÓPOLIS,SP,485.33,2026,488.17,2025_S2,40,2023,427.4,496,375
314320,MONTE SANTO DE MINAS,MG,485.33,2025,485.33,2025_S1,53,2023,443.0,495,381
210070,ANAJATUBA,MA,484.92,2025,488.17,2025_S2,59,2023,403.02,493,324
351860,GUARIBA,SP,484.75,2025,485.83,2025_S2,38,2024,443.63,492,396
261130,POMBOS,PE,484.58,2025,487.67,2025_S2,73,2024,397.1,495,322
251130,PIANCÓ,PB,482.67,2026,482.67,2026_S1,38,2023,407.83,490,339
430440,CANELA,RS,479.83,2025,482.5,2025_S1,56,2023,408.5,501,317
150600,PRAINHA,PA,479.67,2026,485.5,2025_S2,85,2023,387.67,495,290
432130,TAQUARI,RS,479.5,2025,479.83,2025_S2,52,2024,412.93,485,342
314410,MUZAMBINHO,MG,479.42,2025,480.67,2025_S2,59,2022,401.83,492,310
210810,PAULO RAMOS,MA,479.33,2026,481.33,2025_S2,67,2024,405.75,488,357
293350,WENCESLAU GUIMARÃES,BA,479.08,2025,487.33,2025_S2,48,2024,414.45,495,347
290030,ACAJUTIBA,BA,478.67,2025,479.5,2025_S2,34,2023,434.23,486,392
350010,ADAMANTINA,SP,478.5,2025,480.33,2025_S2,89,2024,433.27,513,376
150275,CONCÓRDIA DO PARÁ,PA,478.5,2025,480.5,2025_S2,63,2023,409.53,486,331
210510,ICATU,MA,478.08,2024,489.83,2024_S2,42,2025,450.15,497,420
291650,ITAPICURU,BA,477.33,2026,477.33,2026_S1,67,2025,367.27,482,290
314590,OURO BRANCO,MG,477.17,2024,487.0,2025_S1,52,2025,437.27,493,377
230423,CROATÁ,CE,477.0,2026,477.0,2026_S1,68,2024,362.43,483,291
316200,SÃO GONÇALO DO SAPUCAÍ,MG,476.67,2025,487.33,2025_S2,165,2025,419.1,498,333
510030,ALTO ARAGUAIA,MT,476.33,2026,485.33,2025_S2,76,2024,393.72,487,336
240610,JUCURUTU,RN,474.33,2026,483.83,2025_S2,31,2025,441.63,488,405
510267,CAMPO VERDE,MT,474.08,2025,479.17,2025_S2,59,2024,401.95,482,330
352570,JOSÉ BONIFÁCIO,SP,473.75,2025,478.0,2025_S1,53,2023,410.0,489,326
411010,IMBITUVA,PR,473.75,2025,477.67,2025_S2,47,2024,424.5,484,384
421720,SÃO MIGUEL DO OESTE,SC,473.33,2024,473.33,2024_S1,37,2025,447.47,484,413
354160,PROMISSÃO,SP,473.17,2024,478.0,2024_S2,52,2025,439.03,497,396
270210,COLÔNIA LEOPOLDINA,AL,472.67,2026,474.0,2025_S2,57,2024,379.83,481,295
411480,MARIALVA,PR,472.33,2026,472.33,2026_S1,50,2024,411.98,478,355
431960,SÃO SEPÉ,RS,472.33,2025,481.5,2025_S1,44,2023,437.57,492,389
355210,SOCORRO,SP,472.25,2025,474.83,2025_S1,51,2024,422.38,481,367
293210,UBAÍRA,BA,472.0,2026,475.0,2025_S2,68,2024,376.68,483,305
410760,FAXINAL,PR,471.92,2025,477.17,2024_S2,30,2024,444.23,482,401
230205,BARROQUINHA,CE,471.33,2026,472.67,2025_S2,86,2024,338.3,489,256
230395,CHOROZINHO,CE,471.0,2026,471.0,2026_S1,67,2024,352.95,479,273
210520,IGARAPÉ GRANDE,MA,470.83,2025,476.0,2025_S2,76,2024,400.83,483,355
260380,CAPOEIRAS,PE,469.08,2025,475.17,2025_S2,32,2023,429.43,477,393
261240,SANHARÓ,PE,469.0,2026,469.0,2026_S1,36,2024,413.03,476,375
320160,CONCEIÇÃO DA BARRA,ES,468.0,2026,468.0,2026_S1,67,2024,347.82,478,276
250680,INGÁ,PB,467.0,2026,474.67,2025_S2,57,2025,384.8,482,325
320245,IBATIBA,ES,467.0,2026,467.0,2026_S1,43,2023,400.37,472,328
314200,MIRABELA,MG,466.42,2025,467.0,2025_S2,55,2024,400.82,470,328
280340,JAPOATÃ,SE,466.08,2025,466.33,2025_S2,50,2024,402.98,473,331
230860,MONSENHOR TABOSA,CE,466.0,2026,466.0,2026_S1,73,2024,326.22,473,224
280620,SALGADO,SE,466.0,2023,486.0,2024_S1,198,2024,407.63,503,280
316280,SÃO JOÃO EVANGELISTA,MG,466.0,2025,477.5,2025_S1,74,2025,404.75,497,327
150619,RURÓPOLIS,PA,465.67,2026,472.0,2025_S2,71,2024,375.22,476,296
270410,LAGOA DA CANOA,AL,465.56,2021,471.33,2021_S1,292,2022,260.52,476,164
351360,CUNHA,SP,465.42,2025,468.5,2025_S1,30,2024,417.28,474,368
210270,CANTANHEDE,MA,465.0,2023,477.83,2024_S1,83,2024,437.07,499,398
310470,ATALÉIA,MG,463.33,2026,463.5,2025_S2,48,2025,385.38,474,325
314090,MATIPÓ,MG,461.67,2025,472.33,2025_S2,80,2024,354.2,482,260
411440,MANGUEIRINHA,PR,461.25,2025,469.67,2025_S2,30,2023,416.58,475,363
320420,PIÚMA,ES,461.0,2026,461.0,2026_S1,78,2024,333.65,471,246
230390,CHAVAL,CE,461.0,2026,461.0,2026_S1,62,2024,361.47,473,296
150345,IPIXUNA DO PARÁ,PA,460.33,2026,464.67,2025_S2,56,2023,406.12,469,342
220310,CRISTINO CASTRO,PI,460.33,2026,468.17,2025_S2,72,2024,348.13,475,277
500380,FÁTIMA DO SUL,MS,460.0,2026,467.17,2025_S2,41,2022,401.45,470,331
292430,PIATÃ,BA,459.33,2026,464.0,2025_S2,32,2024,421.1,469,388
120038,PLÁCIDO DE CASTRO,AC,458.67,2026,460.83,2025_S2,90,2024,332.0,465,251
353430,ORLÂNDIA,SP,458.5,2025,469.67,2025_S1,54,2024,414.55,473,368
220200,BURITI DOS LOPES,PI,458.33,2026,458.33,2026_S1,48,2025,383.48,463,337
521730,PIRENÓPOLIS,GO,457.83,2025,458.5,2025_S2,59,2023,384.52,464,307
150720,SÃO DOMINGOS DO CAPIM,PA,457.67,2025,470.0,2025_S2,57,2024,381.12,474,315
330023,ARMAÇÃO DOS BÚZIOS,RJ,457.67,2026,462.33,2025_S2,77,2025,311.85,467,199
280360,LARANJEIRAS,SE,457.33,2026,457.33,2026_S1,52,2024,369.12,463,311
270500,MATA GRANDE,AL,457.08,2025,458.83,2025_S2,40,2024,421.57,464,380
120070,XAPURI,AC,457.0,2026,457.0,2026_S1,59,2023,359.15,466,289
270420,LIMOEIRO DE ANADIA,AL,457.0,2026,457.0,2026_S1,63,2024,341.85,461,272
412850,WENCESLAU BRAZ,PR,456.89,2021,465.0,2021_S1,47,2022,416.98,467,389
293250,UNA,BA,456.67,2026,456.67,2026_S1,58,2025,362.63,464,273
291270,IBIRAPITANGA,BA,456.44,2021,462.0,2021_S1,94,2023,424.48,483,376
251550,SERRA BRANCA,PB,456.0,2026,456.17,2025_S2,50,2024,368.47,462,305
330400,PIRAÍ,RJ,455.83,2025,461.17,2024_S2,62,2025,409.03,466,346
350840,CABREÚVA,SP,455.83,2025,458.0,2025_S1,62,2024,379.98,466,300
410210,ASTORGA,PR,453.83,2025,455.17,2025_S1,47,2023,384.38,460,303
315980,SANTA VITÓRIA,MG,453.67,2026,453.67,2026_S1,45,2023,391.88,457,328
320501,SOORETAMA,ES,453.0,2026,453.17,2025_S2,66,2024,350.48,458,269
260350,CAMOCIM DE SÃO FÉLIX,PE,452.67,2026,457.5,2025_S2,46,2025,386.38,468,333
261190,RIO FORMOSO,PE,452.25,2024,459.67,2024_S2,350,2025,422.52,466,116
292925,SÃO GABRIEL,BA,452.0,2023,474.33,2024_S1,169,2024,408.85,480,298
421800,TIJUCAS,SC,452.0,2025,453.0,2025_S1,52,2023,388.75,467,321
411420,MANDAGUARI,PR,451.75,2025,463.67,2025_S1,41,2025,427.82,469,398
420210,BARRA VELHA,SC,451.67,2026,451.67,2026_S1,91,2024,346.98,456,246
420590,GASPAR,SC,451.5,2025,459.83,2025_S2,60,2024,366.87,467,298
280600,RIBEIRÓPOLIS,SE,451.33,2026,455.17,2025_S2,48,2024,378.5,460,315
261570,TRIUNFO,PE,451.33,2025,451.67,2025_S1,76,2024,370.98,454,306
316840,TARUMIRIM,MG,451.0,2026,451.0,2026_S1,55,2025,354.22,456,292
351310,CRAVINHOS,SP,450.92,2025,454.17,2025_S1,56,2024,399.13,461,354
260970,OROBÓ,PE,450.0,2026,456.33,2025_S2,43,2023,393.15,458,337
230300,CARIDADE,CE,449.83,2024,451.33,2024_S2,143,2024,387.43,481,293
270160,CANAPI,AL,449.67,2025,452.0,2025_S2,32,2024,409.03,454,375
230570,IPAUMIRIM,CE,449.33,2026,449.33,2026_S1,132,2024,322.97,454,241
251630,SUMÉ,PB,449.0,2026,449.0,2026_S1,31,2022,387.17,454,334
350810,BURITAMA,SP,449.0,2026,449.83,2025_S1,97,2025,421.1,457,360
292525,PONTO NOVO,BA,448.5,2025,452.33,2025_S2,42,2024,373.78,461,289
270260,FEIRA GRANDE,AL,447.67,2026,452.5,2025_S2,52,2024,362.13,461,286
292040,MANOEL VITORINO,BA,447.33,2026,447.33,2026_S1,55,2024,360.82,456,299
412570,SÃO MIGUEL DO IGUAÇU,PR,446.42,2025,448.5,2025_S2,29,2023,411.35,459,377
290860,CONDE,BA,446.25,2025,452.0,2025_S2,53,2022,373.1,454,283
280170,CRISTINÁPOLIS,SE,446.0,2026,447.67,2025_S2,65,2024,353.83,453,279
110005,CEREJEIRAS,RO,446.0,2025,451.0,2025_S2,57,2024,382.0,456,333
330385,PATY DO ALFERES,RJ,445.42,2025,449.17,2025_S2,46,2023,381.23,453,306
293180,TREMEDAL,BA,445.08,2023,459.33,2023_S2,259,2024,349.83,485,226
280150,CARMÓPOLIS,SE,445.0,2026,445.0,2026_S1,66,2025,343.62,449,281
280050,AREIA BRANCA,SE,444.67,2026,444.67,2026_S1,40,2025,370.37,450,310
220520,JAICÓS,PI,444.0,2026,445.5,2025_S2,43,2024,373.05,450,324
411690,NOVA ESPERANÇA,PR,443.08,2025,444.5,2025_S2,67,2022,385.85,450,312
352840,MAIRINQUE,SP,442.5,2025,443.33,2025_S1,63,2024,365.45,455,300
230600,IRACEMA,CE,442.33,2026,442.33,2026_S1,61,2024,315.38,457,225
420130,ARAQUARI,SC,442.25,2025,443.0,2025_S2,65,2023,357.4,447,260
330560,SILVA JARDIM,RJ,441.67,2026,441.67,2026_S1,69,2024,335.25,453,227
330225,ITATIAIA,RJ,441.33,2025,442.33,2025_S1,55,2024,364.98,450,283
353950,PITANGUEIRAS,SP,441.33,2025,441.33,2025_S1,48,2024,375.27,452,300
261580,TUPANATINGA,PE,441.33,2026,444.67,2025_S2,74,2024,363.25,450,301
330150,CORDEIRO,RJ,441.25,2025,445.17,2025_S1,50,2023,370.67,450,288
291110,FORMOSA DO RIO PRETO,BA,441.0,2026,446.5,2025_S2,40,2024,379.62,449,324
210190,BEQUIMÃO,MA,440.82,2025,444.5,2025_S1,76,2024,355.73,454,284
261480,TACARATU,PE,440.5,2025,444.17,2025_S1,38,2024,393.42,449,344
250790,JURIPIRANGA,PB,440.17,2025,445.67,2025_S1,109,2024,343.68,447,279
411060,IPORÃ,PR,439.33,2024,442.17,2025_S1,56,2023,402.07,447,342
261320,SÃO JOÃO,PE,439.25,2025,445.17,2025_S2,30,2024,395.65,448,361
251450,SÃO JOSÉ DE PIRANHAS,PB,438.67,2026,446.83,2025_S2,42,2024,375.05,449,325
290960,CRISÓPOLIS,BA,437.25,2025,440.67,2025_S2,41,2023,387.48,444,321
351220,CONCHAL,SP,436.58,2025,437.67,2025_S1,51,2024,374.8,445,310
150190,BUJARU,PA,436.0,2026,439.33,2025_S2,74,2023,329.15,447,221
130350,PAUINI,AM,435.92,2025,446.33,2025_S2,56,2024,372.73,453,311
521010,IPAMERI,GO,435.92,2025,440.67,2025_S2,42,2024,381.37,443,329
351518,ESPÍRITO SANTO DO PINHAL,SP,435.75,2024,439.17,2025_S1,36,2025,426.72,447,396
210500,HUMBERTO DE CAMPOS,MA,435.5,2025,442.33,2025_S2,56,2024,363.58,446,293
411200,JAGUARIAÍVA,PR,435.33,2026,435.33,2026_S1,36,2025,397.47,444,363
290620,CANARANA,BA,435.33,2026,438.0,2025_S2,39,2024,376.68,442,322
352610,JUQUIÁ,SP,434.75,2025,436.5,2025_S2,21,2022,421.65,442,402
210950,RIACHÃO,MA,434.67,2025,439.5,2025_S2,27,2024,399.27,443,363
292270,NOVA CANAÃ,BA,434.58,2025,439.0,2025_S2,31,2022,388.82,442,334
150172,BRASIL NOVO,PA,433.67,2026,433.67,2026_S1,58,2023,319.68,436,239
330187,IGUABA GRANDE,RJ,433.33,2026,437.83,2025_S2,109,2024,263.78,444,122
292460,PINDOBAÇU,BA,433.25,2024,437.83,2024_S2,44,2024,404.07,447,383
430790,FARROUPILHA,RS,432.83,2025,443.0,2025_S1,53,2024,378.87,451,325
292770,SANTA CRUZ CABRÁLIA,BA,432.67,2026,432.67,2026_S1,37,2023,397.03,440,353
510700,POXORÉU,MT,432.67,2026,438.33,2025_S2,39,2023,371.42,441,313
291685,ITATIM,BA,432.25,2025,434.0,2025_S1,35,2025,382.18,447,321
420750,INDAIAL,SC,431.92,2025,432.83,2025_S2,59,2024,367.32,438,307
500100,APARECIDA DO TABOADO,MS,430.67,2026,434.5,2025_S2,34,2024,393.37,437,347
353460,OSVALDO CRUZ,SP,430.67,2025,431.5,2025_S1,49,2023,376.77,453,313
293100,TANHAÇU,BA,430.0,2026,438.17,2025_S2,39,2023,395.3,442,347
210047,ALTO ALEGRE DO PINDARÉ,MA,429.92,2025,436.0,2025_S2,65,2024,354.6,439,287
160040,MAZAGÃO,AP,429.67,2026,429.67,2026_S1,111,2025,260.58,458,169
210410,FORTALEZA DOS NOGUEIRAS,MA,429.42,2025,431.33,2025_S1,45,2024,381.55,434,341
314740,PARAOPEBA,MG,429.33,2026,434.83,2024_S2,32,2023,394.2,439,344
352920,MARTINÓPOLIS,SP,428.67,2025,433.83,2024_S2,40,2024,398.55,440,364
430270,BUTIÁ,RS,428.42,2025,430.83,2025_S1,30,2024,400.33,439,361
230535,ICAPUÍ,CE,428.0,2026,428.0,2026_S1,59,2024,353.52,443,273
150490,MUANÁ,PA,427.75,2025,433.0,2025_S2,46,2023,395.88,437,344
291690,ITIRUÇU,BA,427.67,2026,427.67,2026_S1,51,2023,358.57,436,287
510350,DIAMANTINO,MT,427.33,2025,429.17,2025_S2,46,2023,384.25,436,336
211100,SÃO JOÃO BATISTA,MA,427.0,2025,428.17,2025_S2,25,2022,405.33,437,374
510625,NOVA XAVANTINA,MT,426.42,2025,433.33,2025_S2,44,2024,369.02,437,319
292750,SANTA BÁRBARA,BA,426.33,2026,436.17,2025_S2,60,2024,342.5,442,271
291720,ITUAÇU,BA,426.08,2025,430.17,2025_S2,74,2024,347.55,432,282
355645,VARGEM GRANDE PAULISTA,SP,425.75,2025,425.83,2025_S1,67,2024,368.45,435,315
291880,LAJE,BA,425.67,2025,431.0,2025_S2,34,2024,384.15,440,338
432110,TAPES,RS,425.5,2025,429.0,2025_S1,29,2023,395.92,434,354
354220,RANCHARIA,SP,424.92,2024,432.17,2024_S2,34,2025,404.57,436,377
130180,IPIXUNA,AM,424.67,2026,441.5,2025_S2,122,2024,280.72,447,175
172090,TAGUATINGA,TO,424.33,2026,424.33,2026_S1,35,2024,358.58,429,314
350030,AGUAÍ,SP,424.08,2025,424.5,2025_S2,31,2022,375.8,430,318
500070,ANASTÁCIO,MS,423.58,2024,449.17,2024_S1,77,2024,393.3,461,345
251670,TEIXEIRA,PB,423.33,2026,430.0,2025_S2,50,2024,355.92,434,293
351930,IBATÉ,SP,423.08,2025,430.83,2025_S2,54,2024,337.43,432,242
330395,PINHEIRAL,RJ,422.67,2026,422.67,2026_S1,62,2022,316.47,437,188
230520,HIDROLÂNDIA,CE,422.67,2026,422.67,2026_S1,36,2024,354.95,426,304
150803,TRACUATEUA,PA,422.56,2021,426.67,2021_S1,138,2022,364.68,428,268
350660,BIRITIBA MIRIM,SP,422.08,2025,426.0,2025_S2,52,2024,356.42,437,295
330260,MANGARATIBA,RJ,422.0,2026,429.5,2025_S2,81,2023,298.28,436,157
293080,SOUTO SOARES,BA,421.67,2025,421.83,2025_S2,26,2024,398.05,434,372
351000,CÂNDIDO MOTA,SP,420.58,2024,429.17,2025_S1,91,2025,409.92,469,378
231126,QUITERIANÓPOLIS,CE,420.33,2026,422.67,2025_S2,75,2024,319.07,427,241
311550,CAXAMBU,MG,419.67,2026,427.0,2025_S2,47,2023,356.53,432,281
230725,JIJOCA DE JERICOACOARA,CE,419.67,2026,419.67,2026_S1,80,2024,280.92,429,165
260580,FREI MIGUELINHO,PE,419.67,2025,422.83,2025_S2,62,2024,325.22,435,216
150440,MARAPANIM,PA,418.67,2026,423.67,2025_S2,64,2024,335.6,428,269
220350,ELESBÃO VELOSO,PI,418.42,2023,425.67,2023_S2,112,2024,391.38,442,330
312780,GRÃO MOGOL,MG,418.33,2025,421.83,2025_S2,34,2024,373.08,426,333
522170,URUANA,GO,418.33,2026,418.33,2026_S1,79,2024,311.08,425,240
431460,PIRATINI,RS,418.08,2025,423.83,2025_S2,37,2024,372.48,431,337
292960,SAPEAÇU,BA,418.08,2025,419.83,2025_S2,30,2021,391.45,423,356
313665,JUATUBA,MG,417.83,2025,423.67,2025_S1,41,2022,367.08,430,288
150120,BAIÃO,PA,417.67,2026,417.67,2026_S1,60,2025,318.93,431,279
314270,MONTALVÂNIA,MG,416.33,2026,417.0,2025_S2,62,2024,351.13,424,303
430900,GIRUÁ,RS,416.0,2026,420.67,2025_S2,28,2024,389.73,427,356
260090,AMARAJI,PE,415.92,2025,418.33,2025_S2,56,2024,354.0,429,304
411940,PIRAÍ DO SUL,PR,414.92,2025,423.17,2025_S2,26,2025,389.13,426,372
432180,TRÊS DE MAIO,RS,414.08,2025,424.83,2025_S1,36,2025,384.52,430,331
250730,JACARAÚ,PB,414.0,2026,420.67,2025_S2,33,2025,369.0,426,329
120025,EPITACIOLÂNDIA,AC,413.33,2026,419.67,2025_S2,41,2024,352.38,423,302
411460,MARECHAL CÂNDIDO RONDON,PR,413.33,2025,432.17,2024_S2,122,2024,357.38,471,290
430420,CANDELÁRIA,RS,413.0,2025,413.83,2025_S1,40,2023,371.87,417,311
290830,CONCEIÇÃO DO ALMEIDA,BA,413.0,2025,414.17,2025_S2,45,2022,364.63,422,295
130040,BARCELOS,AM,412.67,2026,437.17,2025_S2,127,2024,263.75,444,161
260850,LAGOA DE ITAENGA,PE,412.67,2026,412.67,2026_S1,37,2024,353.27,419,303
354410,RIO GRANDE DA SERRA,SP,411.33,2025,412.0,2025_S2,45,2023,350.98,419,283
317100,VAZANTE,MG,411.17,2025,412.33,2025_S2,36,2023,364.07,423,307
410050,ALTÔNIA,PR,410.75,2025,415.33,2025_S2,54,2024,344.82,419,271
312510,EXTREMA,MG,410.67,2025,419.83,2025_S2,62,2022,312.9,424,195
500470,IVINHEMA,MS,410.17,2025,423.67,2025_S2,124,2025,354.05,518,309
411730,ORTIGUEIRA,PR,409.33,2024,415.83,2024_S2,32,2023,379.73,421,340
354760,SANTA ROSA DE VITERBO,SP,409.17,2024,418.5,2024_S2,109,2025,362.0,423,282
210660,MATÕES,MA,409.08,2025,419.17,2025_S2,56,2024,337.13,421,275
230465,GRAÇA,CE,409.0,2026,409.0,2026_S1,67,2024,305.17,415,246
310940,BURITIZEIRO,MG,408.58,2025,410.33,2025_S2,31,2024,370.1,416,333
412405,SANTA TEREZINHA DE ITAIPU,PR,407.25,2025,411.17,2025_S2,43,2024,356.9,415,301
293020,SENTO SÉ,BA,407.0,2026,415.67,2025_S2,54,2024,323.27,423,255
315430,RESPLENDOR,MG,406.67,2025,408.0,2025_S2,38,2022,379.17,413,337
310900,BRUMADINHO,MG,405.83,2025,406.17,2025_S1,54,2023,337.52,415,268
210690,MONÇÃO,MA,405.67,2021,510.33,2021_S1,461,2021,167.78,511,50
412440,SANTO ANTÔNIO DO SUDOESTE,PR,405.58,2025,408.0,2025_S2,27,2022,370.45,414,324
170240,ARRAIAS,TO,405.0,2026,405.0,2026_S1,43,2025,364.45,412,336
500295,CHAPADÃO DO SUL,MS,404.83,2025,405.83,2025_S2,39,2024,354.73,411,284
320430,PRESIDENTE KENNEDY,ES,404.67,2026,404.67,2026_S1,85,2024,278.62,412,194
431120,JÚLIO DE CASTILHOS,RS,404.5,2025,406.0,2025_S1,42,2023,375.63,414,335
261040,PARNAMIRIM,PE,404.25,2025,407.67,2025_S2,47,2024,353.92,409,308
290890,CORAÇÃO DE MARIA,BA,403.67,2026,409.0,2025_S2,52,2023,337.37,415,262
230330,CARIÚS,CE,403.67,2026,403.67,2026_S1,51,2024,308.87,406,239
431810,SÃO FRANCISCO DE ASSIS,RS,403.5,2025,408.0,2025_S1,18,2024,391.7,410,376
350800,BURI,SP,403.0,2025,403.17,2025_S1,34,2023,352.7,413,284
311100,CAMPESTRE,MG,403.0,2024,412.17,2024_S2,45,2025,367.32,418,323
261080,PEDRA,PE,402.67,2026,402.67,2026_S1,57,2024,325.08,407,275
314110,MATOZINHOS,MG,402.67,2025,405.67,2025_S1,37,2024,374.1,414,344
313770,LAJINHA,MG,402.5,2025,402.5,2025_S1,52,2024,330.32,415,270
330415,QUISSAMÃ,RJ,402.5,2025,406.5,2025_S2,61,2024,325.02,412,257
353740,PEREIRA BARRETO,SP,402.42,2025,404.67,2025_S2,58,2025,360.05,444,326
291230,IBICUÍ,BA,402.33,2026,402.33,2026_S1,34,2023,366.85,407,327
330025,ARRAIAL DO CABO,RJ,402.0,2026,407.83,2025_S2,107,2024,239.37,412,106
352640,LARANJAL PAULISTA,SP,401.92,2024,414.67,2024_S2,78,2024,367.35,452,317
353710,PEDREIRA,SP,401.83,2025,410.17,2025_S1,65,2023,318.27,414,220
230290,CAPISTRANO,CE,401.67,2026,405.33,2025_S2,55,2024,352.68,409,308
211170,SÃO VICENTE FERRER,MA,401.33,2025,404.5,2025_S2,48,2024,345.78,409,298
412140,REALEZA,PR,401.17,2025,415.67,2025_S2,199,2025,329.02,578,223
290910,CORIBE,BA,400.58,2025,420.17,2025_S2,191,2025,336.77,560,290
353340,NOVA ODESSA,SP,400.5,2025,401.0,2025_S2,62,2023,311.33,407,214
230790,MARTINÓPOLE,CE,400.33,2026,401.17,2025_S2,65,2024,312.27,407,245
411430,MANDIRITUBA,PR,400.17,2025,403.33,2025_S2,48,2023,335.37,415,267
130320,NOVO AIRÃO,AM,399.75,2025,407.17,2025_S2,50,2024,334.13,418,269
431033,IMBÉ,RS,399.67,2026,399.67,2026_S1,88,2024,286.22,407,187
411210,JANDAIA DO SUL,PR,399.25,2025,404.17,2025_S1,31,2023,374.0,408,341
210675,MIRANDA DO NORTE,MA,399.0,2025,405.67,2025_S2,63,2024,327.13,412,274
150616,RIO MARIA,PA,398.58,2025,404.17,2025_S2,32,2024,353.27,409,302
250080,ARAÇAGI,PB,398.0,2026,398.33,2025_S2,28,2024,354.58,401,328
313700,LADAINHA,MG,397.33,2026,397.33,2026_S1,54,2023,318.55,403,246
316553,SARZEDO,MG,397.33,2026,402.83,2025_S2,69,2023,280.27,409,141
210650,MATINHA,MA,397.33,2025,397.83,2025_S2,29,2024,360.98,404,321
290340,BELMONTE,BA,397.0,2026,397.0,2026_S1,28,2023,356.92,404,318
354020,PONTAL,SP,396.92,2025,400.33,2025_S2,41,2025,355.05,412,307
210095,ARAME,MA,396.33,2025,397.83,2025_S1,40,2024,356.27,400,308
432190,TRÊS PASSOS,RS,395.92,2025,399.17,2025_S1,47,2024,347.22,406,284
291000,DÁRIO MEIRA,BA,395.33,2026,395.33,2026_S1,34,2023,331.28,403,268
291240,IBIPEBA,BA,395.25,2025,396.5,2025_S2,15,2021,385.1,402,371
290810,COCOS,BA,395.0,2026,402.5,2025_S1,170,2025,358.4,410,240
353890,PIRAJUÍ,SP,394.58,2024,400.83,2025_S1,88,2025,359.67,402,314
110032,SÃO MIGUEL DO GUAPORÉ,RO,394.33,2026,394.33,2026_S1,52,2025,299.18,401,226
211176,SENADOR LA ROCQUE,MA,394.33,2025,396.33,2025_S1,34,2024,358.03,400,318
350870,CACONDE,SP,394.33,2025,397.17,2025_S1,64,2024,341.35,401,282
270120,CACIMBINHAS,AL,394.0,2026,406.0,2025_S2,83,2024,277.15,411,180
292920,SÃO FRANCISCO DO CONDE,BA,393.67,2025,395.33,2025_S2,58,2024,309.67,399,219
260060,ALAGOINHA,PE,392.17,2025,395.17,2025_S2,40,2024,358.0,403,333
314340,MONTE SIÃO,MG,392.08,2025,395.5,2025_S2,49,2024,332.97,398,262
130050,BARREIRINHA,AM,391.67,2026,391.67,2026_S1,76,2024,327.72,404,274
520920,GUAPÓ,GO,391.67,2026,391.67,2026_S1,62,2024,288.55,394,202
140020,CARACARAÍ,RR,391.58,2025,394.67,2025_S2,52,2023,339.33,401,279
520470,CAMPINORTE,GO,391.33,2026,391.33,2026_S1,50,2024,320.47,396,272
352010,IGARAPAVA,SP,391.25,2025,398.5,2025_S1,49,2024,325.23,412,246
330515,SÃO JOSÉ DO VALE DO RIO PRETO,RJ,391.17,2025,397.0,2025_S2,41,2024,345.33,405,306
280230,FREI PAULO,SE,390.67,2026,390.67,2026_S1,59,2025,305.87,396,265
522060,SILVÂNIA,GO,390.17,2024,403.0,2024_S2,39,2025,365.4,407,335
330290,MIGUEL PEREIRA,RJ,390.0,2026,393.33,2025_S2,47,2023,316.37,398,239
291160,GOVERNADOR MANGABEIRA,BA,390.0,2026,390.0,2026_S1,39,2024,341.27,392,302
352330,ITARIRI,SP,389.5,2025,393.0,2025_S2,61,2024,320.2,399,255
412660,SIQUEIRA CAMPOS,PR,388.5,2025,390.67,2025_S2,52,2022,331.37,395,261
432220,TUPANCIRETÃ,RS,388.5,2025,390.33,2025_S1,29,2024,356.35,395,319
353620,PARIQUERA-AÇU,SP,388.33,2025,393.17,2025_S2,56,2025,359.13,424,323
270440,MAJOR ISIDORO,AL,387.58,2025,389.17,2025_S2,19,2021,377.77,394,366
510263,CAMPO NOVO DO PARECIS,MT,387.0,2026,387.0,2026_S1,45,2024,313.77,393,250
410190,ASSAÍ,PR,386.83,2025,388.67,2025_S2,32,2023,347.62,392,301
250480,COREMAS,PB,386.0,2026,386.0,2026_S1,49,2025,304.15,387,254
352040,ILHABELA,SP,385.83,2025,390.67,2025_S2,48,2023,312.7,396,235
290260,BAIXA GRANDE,BA,385.67,2026,385.67,2026_S1,39,2024,306.7,388,260
500690,PORTO MURTINHO,MS,385.67,2026,385.67,2026_S1,64,2024,266.4,388,205
130410,TAPAUÁ,AM,385.33,2026,386.67,2025_S2,62,2023,288.8,392,209
410930,GUARANIAÇU,PR,385.08,2024,386.5,2024_S2,29,2023,356.93,394,327
210890,POÇÃO DE PEDRAS,MA,384.33,2026,384.33,2026_S1,55,2024,311.42,388,270
411790,PALOTINA,PR,383.25,2025,390.67,2025_S1,30,2025,352.95,395,298
330310,NATIVIDADE,RJ,383.0,2026,383.0,2026_S1,45,2023,318.23,392,239
110040,ALTO PARAÍSO,RO,382.67,2026,386.5,2025_S2,49,2023,322.83,389,255
410570,CLEVELÂNDIA,PR,382.67,2025,388.33,2025_S2,36,2024,329.1,391,279
510330,COMODORO,MT,382.33,2026,382.33,2026_S1,64,2025,289.63,392,233
150295,ELDORADO DO CARAJÁS,PA,381.58,2025,389.0,2025_S1,53,2024,319.45,399,236
250770,JUAZEIRINHO,PB,381.33,2026,381.33,2026_S1,61,2025,281.88,385,230
260160,BELÉM DO SÃO FRANCISCO,PE,380.67,2026,380.67,2026_S1,47,2024,319.47,385,268
211140,SÃO LUÍS GONZAGA DO MARANHÃO,MA,379.92,2025,381.83,2025_S2,47,2022,350.73,384,305
211210,TIMBIRAS,MA,379.75,2025,382.17,2025_S2,64,2024,330.63,387,293
315240,POTÉ,MG,379.33,2026,388.5,2025_S2,65,2023,300.65,390,241
210220,BURITI,MA,379.17,2025,383.5,2025_S2,40,2024,333.48,386,298
355640,VARGEM GRANDE DO SUL,SP,379.0,2025,387.17,2024_S2,48,2022,341.07,393,280
315720,SANTA BÁRBARA,MG,378.17,2025,379.67,2025_S2,41,2023,339.22,383,285
210780,PARNARAMA,MA,378.08,2025,383.67,2025_S2,46,2024,339.92,386,302
291250,IBIPITANGA,BA,378.08,2025,381.0,2025_S1,27,2024,353.67,386,331
431780,SANTO AUGUSTO,RS,377.92,2024,378.83,2024_S2,25,2022,355.47,382,322
292210,MUNDO NOVO,BA,377.67,2026,377.67,2026_S1,55,2025,298.68,381,254
510590,NOBRES,MT,376.33,2021,379.67,2021_S1,18,2022,359.37,380,343
292480,PIRITIBA,BA,376.33,2026,376.33,2026_S1,37,2025,304.57,380,251
431840,SÃO JERÔNIMO,RS,376.08,2024,379.0,2024_S2,35,2025,341.97,388,305
310490,BAEPENDI,MG,376.08,2025,379.5,2025_S2,52,2023,314.47,385,242
270330,INHAPI,AL,376.0,2025,381.17,2025_S2,40,2024,311.1,385,251
280400,MARUIM,SE,376.0,2026,376.0,2026_S1,49,2024,305.55,382,239
355670,VINHEDO,SP,374.83,2025,378.67,2025_S1,49,2024,317.05,385,239
230900,MUCAMBO,CE,374.0,2026,374.0,2026_S1,54,2024,281.3,381,203
231375,UMIRIM,CE,372.67,2026,372.67,2026_S1,67,2024,265.48,380,211
150495,NOVA ESPERANÇA DO PIRIÁ,PA,372.67,2026,376.5,2025_S2,46,2024,306.13,384,241
230490,GROAÍRAS,CE,372.33,2026,372.33,2026_S1,40,2024,302.87,375,248
410360,CAMBARÁ,PR,372.25,2025,376.5,2025_S2,44,2023,316.18,379,261
251150,PILAR,PB,371.33,2026,377.83,2025_S2,35,2024,319.18,385,277
270920,TRAIPU,AL,371.11,2021,379.67,2021_S1,30,2024,352.47,383,324
292560,PRESIDENTE DUTRA,BA,371.0,2025,374.17,2025_S2,38,2024,329.75,380,297
314690,PAPAGAIOS,MG,370.75,2025,371.17,2025_S1,50,2024,330.58,377,298
291100,FLORESTA AZUL,BA,370.33,2026,370.33,2026_S1,141,2021,336.15,383,194
210260,CÂNDIDO MENDES,MA,370.25,2025,412.17,2025_S2,434,2025,307.68,756,258
292980,SAÚDE,BA,369.83,2025,376.83,2025_S1,86,2024,281.42,379,195
210870,PIO XII,MA,369.5,2025,373.0,2025_S2,34,2024,339.08,378,312
311260,CAPINÓPOLIS,MG,369.33,2025,371.0,2025_S1,31,2024,354.7,385,335
290790,CIPÓ,BA,368.67,2025,371.33,2025_S2,38,2023,308.75,374,248
521400,MOZARLÂNDIA,GO,368.58,2025,373.67,2025_S1,134,2025,305.75,484,230
150475,MOJUÍ DOS CAMPOS,PA,367.67,2026,368.0,2025_S2,82,2024,251.85,373,179
220440,GILBUÉS,PI,367.33,2026,370.83,2025_S2,65,2024,287.63,373,221
520990,IACIARA,GO,367.08,2024,378.5,2024_S2,64,2024,334.15,402,307
432200,TRIUNFO,RS,366.5,2025,371.17,2025_S2,45,2023,305.58,374,247
261230,SALOÁ,PE,365.67,2026,367.33,2025_S2,37,2024,303.38,372,243
412350,SANTA HELENA,PR,365.58,2025,368.83,2025_S2,31,2023,332.53,373,293
260930,MIRANDIBA,PE,365.17,2025,374.83,2025_S1,35,2023,335.25,378,294
353260,NHANDEARA,SP,365.08,2025,369.17,2025_S1,62,2024,329.03,386,294
230820,MERUOCA,CE,365.0,2026,371.33,2025_S2,45,2024,296.07,377,248
510125,ARAPUTANGA,MT,364.67,2026,364.67,2026_S1,196,2025,272.32,367,171
410460,CAPITÃO LEÔNIDAS MARQUES,PR,364.58,2024,372.67,2025_S1,197,2025,328.18,377,180
310190,ALPINÓPOLIS,MG,364.58,2024,366.0,2024_S2,19,2025,343.78,370,317
130230,JUTAÍ,AM,364.33,2026,364.33,2026_S1,83,2024,278.33,379,236
521970,SANTA TEREZINHA DE GOIÁS,GO,364.33,2026,364.33,2026_S1,69,2024,298.55,367,251
251270,REMÍGIO,PB,364.0,2026,366.0,2025_S2,51,2024,291.53,370,233
352460,JACUPIRANGA,SP,363.75,2024,367.33,2024_S2,76,2025,340.17,373,291
210020,ALCÂNTARA,MA,363.67,2026,363.67,2026_S1,44,2025,265.38,368,205
171670,COLMÉIA,TO,363.0,2026,366.17,2025_S1,234,2025,309.9,375,141
355430,TEODORO SAMPAIO,SP,362.92,2025,377.33,2025_S2,120,2025,302.13,464,239
110006,COLORADO DO OESTE,RO,362.58,2024,370.17,2024_S1,32,2023,345.17,374,313
353790,PILAR DO SUL,SP,362.33,2026,365.5,2025_S2,43,2025,325.73,372,284
240430,GOVERNADOR DIX-SEPT ROSADO,RN,362.0,2026,362.0,2026_S1,51,2024,281.67,366,232
280330,JAPARATUBA,SE,361.67,2026,361.67,2026_S1,52,2024,275.65,363,229
231335,TEJUÇUOCA,CE,361.67,2026,363.0,2025_S2,64,2025,270.7,372,220
292000,MAIQUINIQUE,BA,361.5,2025,364.17,2025_S1,30,2025,329.03,373,294
240560,JARDIM DE PIRANHAS,RN,361.33,2026,361.33,2026_S1,33,2024,307.63,364,268
330205,ITALVA,RJ,361.25,2025,362.17,2025_S2,38,2022,308.53,367,246
290130,ANDARAÍ,BA,361.17,2025,362.5,2024_S2,36,2023,319.15,367,271
293150,TEOFILÂNDIA,BA,361.0,2026,372.33,2025_S2,39,2025,307.67,379,262
510300,CHAPADA DOS GUIMARÃES,MT,360.67,2026,362.0,2025_S2,33,2024,309.08,365,262
310100,ÁGUAS VERMELHAS,MG,360.67,2026,360.67,2026_S1,44,2022,288.73,368,219
150635,SANTA BÁRBARA DO PARÁ,PA,360.33,2026,363.83,2025_S2,61,2023,271.5,369,188
260515,DORMENTES,PE,360.17,2025,366.17,2025_S2,75,2024,272.98,369,203
412500,SÃO JOÃO DO IVAÍ,PR,360.08,2025,362.5,2025_S1,28,2026,338.17,364,313
353010,MIRANDÓPOLIS,SP,359.67,2025,360.5,2025_S1,29,2025,336.92,372,310
130160,FONTE BOA,AM,358.5,2025,365.33,2025_S1,63,2024,307.92,369,244
316900,TOCANTINS,MG,358.33,2025,358.83,2025_S1,37,2023,324.95,364,277
313470,JACINTO,MG,358.0,2026,359.67,2025_S2,39,2024,285.05,365,241
291490,ITACARÉ,BA,357.33,2026,357.33,2026_S1,34,2023,307.47,365,243
293040,SERRA PRETA,BA,357.33,2025,361.5,2025_S2,26,2024,323.27,366,290
311440,CARMO DO RIO CLARO,MG,356.17,2025,356.33,2025_S2,20,2023,332.98,360,305
510770,ROSÁRIO OESTE,MT,355.92,2024,363.33,2024_S1,33,2024,339.1,369,312
352170,ITABERÁ,SP,355.67,2024,371.33,2025_S1,167,2025,314.63,376,209
315140,PITANGUI,MG,355.67,2025,359.5,2025_S2,25,2024,323.95,363,289
420900,JOAÇABA,SC,355.42,2025,357.17,2025_S1,37,2025,341.1,381,315
290300,BARRA DO MENDES,BA,355.25,2025,363.67,2021_S1,23,2021,346.32,365,329
355480,TREMEMBÉ,SP,355.17,2025,363.83,2025_S2,44,2024,295.2,370,227
510622,NOVA MUTUM,MT,355.17,2025,356.17,2025_S2,63,2024,302.92,360,260
351540,FARTURA,SP,354.92,2025,360.67,2024_S2,27,2024,332.45,364,303
293160,TEOLÂNDIA,BA,353.33,2025,354.17,2025_S2,40,2024,300.6,359,250
353540,PANORAMA,SP,353.0,2026,353.0,2026_S1,58,2024,285.47,359,238
251200,POCINHOS,PB,352.67,2026,352.67,2026_S1,47,2025,274.05,359,214
410110,ANDIRÁ,PR,352.67,2026,352.67,2026_S1,52,2024,262.53,362,194
314470,NOVA ERA,MG,352.33,2026,352.33,2026_S1,81,2025,248.33,364,198
411450,MANOEL RIBAS,PR,352.0,2021,354.0,2021_S1,22,2022,336.0,355,314
292670,RIO DE CONTAS,BA,351.58,2025,355.5,2025_S2,24,2024,323.82,358,301
411410,MANDAGUAÇU,PR,351.58,2025,352.33,2025_S2,56,2024,288.97,357,212
315080,PIRANGA,MG,351.33,2025,356.0,2025_S2,21,2023,327.85,358,294
270300,IBATEGUARA,AL,351.33,2026,351.33,2026_S1,31,2023,299.75,355,229
210600,LIMA CAMPOS,MA,350.67,2026,350.67,2026_S1,55,2024,292.03,355,255
110014,NOVA BRASILÂNDIA DOESTE,RO,350.58,2025,353.83,2025_S2,21,2024,329.23,360,310
312400,ERVÁLIA,MG,350.33,2026,350.33,2026_S1,45,2024,314.23,358,274
290430,BREJÕES,BA,350.17,2024,357.33,2024_S2,31,2025,328.6,363,294
210409,FORMOSA DA SERRA NEGRA,MA,350.17,2025,352.33,2025_S1,28,2023,317.72,355,282
150157,BOM JESUS DO TOCANTINS,PA,350.0,2026,350.0,2026_S1,43,2024,297.97,354,258
330280,MENDES,RJ,350.0,2025,358.67,2024_S2,36,2024,315.82,364,272
231195,SALITRE,CE,350.0,2026,350.0,2026_S1,61,2024,245.22,354,184
410590,COLORADO,PR,349.92,2025,351.17,2025_S2,40,2024,306.65,355,255
520970,HIDROLÂNDIA,GO,347.92,2025,351.5,2025_S2,53,2023,281.9,355,208
210255,CAMPESTRE DO MARANHÃO,MA,347.75,2025,353.0,2025_S1,35,2025,309.28,362,271
261600,VENTUROSA,PE,347.0,2026,347.0,2026_S1,38,2025,276.17,353,223
291075,FÁTIMA,BA,346.83,2025,347.33,2025_S1,68,2024,258.63,355,191
210130,BACURI,MA,346.58,2025,346.83,2025_S1,42,2024,302.6,353,261
291220,IBICOARA,BA,346.33,2026,346.33,2026_S1,48,2024,277.4,349,212
130300,NHAMUNDÁ,AM,346.0,2026,351.67,2025_S1,104,2025,311.02,435,283
210230,BURITI BRAVO,MA,345.67,2026,351.17,2025_S2,38,2024,290.05,355,243
280410,MOITA BONITA,SE,345.67,2026,349.17,2025_S2,41,2024,281.1,351,236
510130,ARENÁPOLIS,MT,345.5,2024,345.67,2024_S2,21,2024,333.52,355,319
313180,ITABIRINHA,MG,345.33,2026,350.17,2025_S2,53,2024,257.65,354,177
150812,ULIANÓPOLIS,PA,345.08,2024,355.83,2024_S2,40,2022,305.47,362,230
292570,PRESIDENTE JÂNIO QUADROS,BA,345.0,2026,345.0,2026_S1,275,2025,290.18,361,86
432070,SOBRADINHO,RS,345.0,2024,345.33,2024_S1,31,2023,323.17,352,292
351410,DOIS CÓRREGOS,SP,344.33,2025,347.0,2025_S2,77,2025,307.08,357,259
210150,BARÃO DE GRAJAÚ,MA,344.0,2026,344.0,2026_S1,42,2024,276.27,354,226
312570,FELIXLÂNDIA,MG,343.75,2024,362.67,2024_S1,96,2024,297.25,380,254
315960,SANTA RITA DO SAPUCAÍ,MG,343.42,2025,344.5,2025_S1,26,2022,301.97,346,249
312370,ENGENHEIRO CALDAS,MG,342.67,2026,357.17,2025_S1,257,2025,254.85,376,119
421500,RIO NEGRINHO,SC,342.67,2025,345.5,2025_S1,27,2023,309.77,352,273
313320,ITANHOMI,MG,342.42,2025,345.17,2025_S2,33,2023,313.08,351,277
316760,SIMONÉSIA,MG,342.25,2025,347.17,2025_S2,33,2023,294.03,353,247
431390,PANAMBI,RS,342.25,2025,342.33,2025_S2,35,2023,303.92,352,259
431940,SÃO PEDRO DO SUL,RS,341.92,2024,344.33,2024_S1,23,2024,328.15,348,303
430535,CHARQUEADAS,RS,341.08,2025,341.67,2025_S1,24,2024,317.43,348,283
351770,GUARÁ,SP,341.0,2026,341.0,2026_S1,80,2024,276.1,350,230
314460,NEPOMUCENO,MG,340.75,2025,341.17,2025_S2,44,2025,324.85,353,294
411995,PONTAL DO PARANÁ,PR,340.33,2026,341.33,2025_S2,69,2024,247.53,346,167
290080,ALCOBAÇA,BA,340.0,2026,340.0,2026_S1,59,2024,252.22,346,189
261430,MOREILÂNDIA,PE,339.67,2026,346.17,2025_S2,22,2025,310.62,350,284
352280,ITAPORANGA,SP,339.5,2024,347.33,2025_S2,135,2025,320.13,355,220
350530,BARRA BONITA,SP,339.33,2025,342.17,2025_S2,67,2023,272.02,346,198
431950,SÃO SEBASTIÃO DO CAÍ,RS,338.92,2025,342.67,2025_S1,25,2024,323.35,345,298
251690,UIRAÚNA,PB,338.42,2025,341.17,2025_S2,41,2024,292.65,344,257
313400,ITINGA,MG,338.33,2025,342.83,2025_S2,29,2023,305.0,351,264
310280,ANDRELÂNDIA,MG,337.67,2026,338.67,2025_S2,21,2023,303.6,344,269
313880,LUZ,MG,337.0,2026,340.17,2025_S2,42,2024,274.05,341,230
313490,JACUTINGA,MG,336.5,2025,337.67,2025_S2,43,2023,288.57,342,233
240570,JARDIM DO SERIDÓ,RN,336.33,2025,341.5,2025_S2,22,2024,298.2,345,266
260700,INAJÁ,PE,336.0,2026,336.0,2026_S1,60,2024,258.13,339,201
291850,JUSSARA,BA,335.67,2026,335.67,2026_S1,76,2024,299.78,339,263
510630,PARANATINGA,MT,335.67,2026,335.67,2026_S1,38,2024,267.98,343,213
310780,BOM JESUS DO GALHO,MG,335.42,2025,336.5,2025_S1,20,2023,311.13,343,280
293105,TANQUE NOVO,BA,335.33,2026,335.33,2026_S1,191,2025,286.95,347,156
410160,ARAPOTI,PR,335.33,2025,337.17,2025_S2,25,2024,307.68,341,273
500635,PARANHOS,MS,335.33,2026,336.33,2024_S2,20,2023,320.22,340,297
316292,SÃO JOAQUIM DE BICAS,MG,334.58,2024,334.67,2024_S2,49,2022,280.47,343,211
313750,LAGOA FORMOSA,MG,334.42,2025,336.0,2025_S1,33,2023,310.65,341,287
290682,CANUDOS,BA,334.08,2025,335.5,2025_S2,39,2023,284.9,342,229
270910,TAQUARANA,AL,334.0,2026,336.0,2025_S2,35,2024,283.63,339,241
330115,CARDOSO MOREIRA,RJ,333.58,2025,334.83,2025_S2,36,2023,295.3,337,254
352400,ITUPEVA,SP,333.5,2025,335.17,2025_S2,33,2023,275.03,343,220
211030,SANTO ANTÔNIO DOS LOPES,MA,333.25,2025,338.83,2025_S2,43,2024,287.47,344,252
260550,FERREIROS,PE,333.0,2025,338.67,2025_S2,50,2024,265.43,342,202
314730,PARAISÓPOLIS,MG,333.0,2025,336.33,2025_S1,29,2023,303.67,339,266
210030,ALDEIAS ALTAS,MA,332.33,2026,332.33,2026_S1,47,2024,252.43,336,208
421250,PENHA,SC,332.08,2025,338.5,2025_S2,45,2024,267.52,343,206
292900,SÃO FÉLIX,BA,331.83,2025,334.67,2025_S2,39,2024,280.88,342,228
270650,PASSO DE CAMARAGIBE,AL,331.67,2026,331.67,2026_S1,49,2024,246.45,335,193
410540,CHOPINZINHO,PR,331.67,2025,332.83,2025_S1,32,2023,292.35,338,240
292010,MAIRI,BA,331.33,2025,331.67,2025_S1,45,2024,275.1,338,220
316410,SÃO PEDRO DO SUAÇUÍ,MG,330.75,2025,354.83,2025_S2,261,2025,267.8,565,208
292760,SANTA BRÍGIDA,BA,329.67,2026,338.5,2025_S1,266,2025,304.08,348,82
150570,PONTA DE PEDRAS,PA,329.42,2025,332.17,2025_S2,33,2023,304.75,338,270
355160,SERRA NEGRA,SP,329.42,2025,331.0,2025_S1,45,2023,279.1,340,223
160053,PORTO GRANDE,AP,329.0,2026,329.0,2026_S1,58,2025,224.07,341,164
430163,BALNEÁRIO PINHAL,RS,328.33,2025,331.67,2025_S2,62,2024,248.0,340,155
270680,PIAÇABUÇU,AL,328.0,2026,332.5,2025_S2,28,2023,285.83,334,247
350170,AMÉRICO BRASILIENSE,SP,327.58,2025,333.83,2025_S1,42,2024,274.9,343,215
315895,SANTANA DO PARAÍSO,MG,327.17,2025,330.5,2025_S2,24,2024,292.75,337,261
261485,TAMANDARÉ,PE,327.08,2025,328.17,2025_S1,45,2024,271.8,332,213
521860,RIALMA,GO,327.0,2026,327.33,2025_S2,47,2024,250.68,331,202
311580,CENTRALINA,MG,326.83,2024,332.33,2024_S2,47,2022,291.03,341,216
353140,MONTE APRAZÍVEL,SP,326.33,2025,329.17,2025_S1,40,2022,288.9,334,219
210440,GONÇALVES DIAS,MA,326.33,2026,334.17,2025_S2,35,2024,278.8,338,229
290820,CONCEIÇÃO DA FEIRA,BA,326.25,2025,331.83,2025_S2,50,2024,273.8,335,232
350520,BARIRI,SP,325.58,2025,326.0,2025_S1,41,2023,275.48,337,220
420845,ITAPOÁ,SC,325.33,2026,325.33,2026_S1,54,2023,238.32,333,169
317160,VIRGEM DA LAPA,MG,325.0,2026,331.67,2025_S2,32,2025,283.68,334,243
315340,PRESIDENTE OLEGÁRIO,MG,324.83,2025,326.17,2025_S2,22,2023,300.8,338,281
411770,PALMEIRA,PR,324.83,2025,328.83,2025_S2,19,2024,298.5,331,271
410650,CORONEL VIVIDA,PR,324.67,2026,324.67,2026_S1,42,2024,266.12,337,222
352470,JAGUARIÚNA,SP,324.42,2025,331.17,2025_S1,47,2023,284.67,338,221
310540,BARÃO DE COCAIS,MG,324.25,2025,327.67,2024_S2,30,2024,297.37,337,258
330110,CANTAGALO,RJ,324.08,2025,329.67,2025_S2,40,2023,259.9,336,194
290360,BIRITINGA,BA,324.0,2026,326.33,2025_S2,31,2024,277.3,330,244
315600,RIO VERMELHO,MG,323.83,2024,327.17,2024_S2,79,2025,281.93,336,237
412190,RIBEIRÃO DO PINHAL,PR,323.67,2026,323.67,2026_S1,28,2024,276.58,330,244
317000,UBAÍ,MG,323.58,2025,324.17,2025_S2,23,2024,287.22,328,249
171330,MIRANORTE,TO,323.33,2026,332.67,2025_S2,42,2024,261.87,336,208
290920,CORONEL JOÃO SÁ,BA,323.0,2026,323.0,2026_S1,58,2024,230.17,327,174
312360,ELÓI MENDES,MG,322.92,2025,323.0,2025_S2,117,2024,279.27,329,201
317180,VIRGINÓPOLIS,MG,322.83,2025,324.17,2025_S1,26,2023,308.43,328,288
211040,SÃO BENEDITO DO RIO PRETO,MA,322.42,2025,324.5,2025_S1,44,2024,273.83,331,232
330440,RIO CLARO,RJ,322.0,2026,324.33,2025_S2,55,2023,240.9,332,136
355450,TIETÊ,SP,322.0,2025,323.17,2025_S1,33,2023,268.17,335,203
354630,SANTA CRUZ DAS PALMEIRAS,SP,321.75,2025,332.33,2025_S1,144,2025,268.17,338,187
520840,GOIANÁPOLIS,GO,321.67,2025,322.5,2025_S1,27,2023,282.8,331,240
510020,ÁGUA BOA,MT,321.67,2026,322.0,2025_S2,32,2022,280.4,325,220
292905,SÃO FÉLIX DO CORIBE,BA,321.67,2026,324.5,2025_S2,45,2025,271.08,329,230
250490,CRUZ DO ESPÍRITO SANTO,PB,321.58,2025,328.17,2025_S2,78,2024,242.15,335,184
250050,ALAGOINHA,PB,321.33,2026,324.83,2025_S2,35,2024,264.2,331,209
352600,JUNQUEIRÓPOLIS,SP,320.75,2025,324.67,2025_S2,64,2025,281.53,375,240
230445,FORTIM,CE,320.67,2026,320.67,2026_S1,42,2024,258.32,323,212
411250,JARDIM ALEGRE,PR,320.42,2024,325.17,2024_S1,35,2025,304.18,333,245
355630,VALPARAÍSO,SP,320.25,2025,321.83,2025_S1,14,2021,311.53,323,296
231120,POTENGI,CE,320.0,2026,320.0,2026_S1,40,2024,256.78,326,216
251610,SOLEDADE,PB,319.0,2026,319.0,2026_S1,42,2024,231.07,324,172
500375,ELDORADO,MS,318.92,2025,319.17,2025_S2,50,2024,272.53,325,234
320503,VARGEM ALTA,ES,318.92,2025,321.67,2025_S2,41,2023,264.48,326,202
230070,ALTO SANTO,CE,318.5,2025,320.83,2025_S2,22,2023,289.4,326,253
120034,MANOEL URBANO,AC,318.33,2026,318.33,2026_S1,84,2024,191.33,348,125
312320,DORES DO INDAIÁ,MG,318.0,2026,321.67,2025_S2,27,2024,286.08,324,253
261650,XEXÉU,PE,317.17,2025,321.0,2025_S1,26,2024,306.0,325,288
261245,SANTA CRUZ,PE,316.67,2025,320.0,2025_S2,47,2023,256.33,324,196
231080,PEREIRO,CE,316.67,2026,316.67,2026_S1,30,2025,263.85,322,234
230526,IBARETAMA,CE,316.67,2026,316.67,2026_S1,43,2024,250.03,320,215
520640,CRIXÁS,GO,316.67,2026,318.0,2025_S2,45,2024,259.08,323,215
520350,BOM JESUS DE GOIÁS,GO,316.33,2026,316.33,2026_S1,28,2024,274.27,319,238
521280,MARA ROSA,GO,316.33,2026,317.0,2025_S2,22,2024,281.65,319,252
291620,ITAPÉ,BA,316.25,2025,317.67,2025_S2,24,2023,287.0,321,262
353920,PIRAPOZINHO,SP,316.17,2025,324.0,2025_S1,89,2025,270.05,395,222
231190,SABOEIRO,CE,316.0,2026,321.0,2025_S2,66,2024,232.02,325,169
130014,APUÍ,AM,315.75,2025,323.0,2025_S2,52,2024,251.35,328,193
330570,SUMIDOURO,RJ,315.5,2025,321.67,2025_S1,45,2023,261.03,328,190
291530,ITAGIMIRIM,BA,315.33,2025,319.67,2025_S1,29,2022,288.7,325,243
210207,BOM LUGAR,MA,314.25,2025,314.5,2025_S2,30,2024,295.87,318,272
412390,SANTA MARIANA,PR,314.17,2025,317.0,2025_S2,38,2024,269.62,321,221
431770,SANTO ANTÔNIO DAS MISSÕES,RS,314.0,2026,314.17,2025_S1,25,2024,295.72,317,279
251650,TAPEROÁ,PB,314.0,2026,314.0,2026_S1,47,2025,248.48,317,206
110034,ALVORADA DOESTE,RO,313.0,2026,313.83,2025_S2,80,2024,265.63,323,229
320330,MANTENÓPOLIS,ES,313.0,2026,316.0,2025_S2,42,2023,249.23,319,194
290690,CARAVELAS,BA,312.92,2025,315.17,2025_S1,29,2024,281.03,320,246
430110,ARROIO DOS RATOS,RS,312.33,2026,312.33,2025_S1,27,2024,285.88,315,257
410440,CÂNDIDO DE ABREU,PR,312.0,2025,312.67,2025_S2,30,2023,280.15,316,246
320380,MUQUI,ES,311.58,2025,315.17,2025_S2,46,2023,264.52,321,197
220510,ITAUEIRA,PI,311.33,2025,315.0,2021_S1,25,2021,298.62,317,280
291740,JACARACI,BA,311.33,2025,315.33,2025_S2,28,2024,280.55,320,252
412630,SENGÉS,PR,310.83,2025,311.0,2025_S1,26,2024,278.5,318,247
292130,MILAGRES,BA,310.83,2025,314.0,2025_S1,28,2023,285.22,319,247
170100,ANANÁS,TO,310.67,2026,316.0,2025_S2,23,2024,276.8,319,247
290140,ANGICAL,BA,310.25,2025,313.67,2024_S2,21,2022,287.67,318,252
355330,TAMBAÚ,SP,309.83,2025,322.17,2025_S2,126,2025,234.28,418,155
353860,PIRACAIA,SP,309.75,2025,313.33,2025_S2,43,2025,270.15,323,216
292260,NILO PEÇANHA,BA,309.58,2025,312.83,2025_S1,28,2024,274.12,317,237
520430,CAÇU,GO,309.25,2025,310.67,2025_S2,28,2023,278.02,313,239
431180,MARAU,RS,309.0,2025,310.83,2025_S1,29,2024,276.27,318,243
430545,CIDREIRA,RS,309.0,2026,309.0,2026_S1,46,2023,245.62,316,162
313230,ITAIPÉ,MG,309.0,2026,314.33,2025_S2,35,2023,254.4,317,196
330120,CARMO,RJ,308.83,2025,309.83,2025_S2,56,2024,252.17,318,190
313350,ITAPECERICA,MG,308.67,2021,316.67,2021_S1,28,2024,294.85,321,271
430760,ESTÂNCIA VELHA,RS,308.5,2025,315.67,2025_S2,38,2025,260.9,325,210
260870,LAGOA DOS GATOS,PE,308.33,2026,311.17,2025_S2,29,2024,286.65,319,263
210043,ALTO ALEGRE DO MARANHÃO,MA,308.17,2025,315.17,2025_S2,49,2024,248.75,318,194
320400,PANCAS,ES,308.0,2026,311.5,2025_S2,39,2024,261.58,314,216
354300,RIBEIRÃO BRANCO,SP,308.0,2026,314.67,2025_S2,40,2024,265.7,320,235
290420,BOTUPORÃ,BA,306.75,2025,309.0,2025_S2,39,2024,255.77,313,208
231260,SÃO LUÍS DO CURU,CE,306.33,2026,306.33,2026_S1,48,2024,220.7,313,166
351150,CERQUILHO,SP,306.25,2025,307.5,2025_S2,27,2022,275.48,317,222
431010,IGREJINHA,RS,306.08,2025,309.17,2025_S2,37,2023,248.78,315,193
316040,SANTO ANTÔNIO DO MONTE,MG,306.0,2026,309.33,2025_S2,45,2024,258.12,312,209
320040,ANCHIETA,ES,306.0,2026,306.67,2025_S2,19,2023,272.82,311,245
351070,CARDOSO,SP,306.0,2026,308.17,2025_S2,24,2024,279.4,314,245
311770,CONCEIÇÃO DO RIO VERDE,MG,306.0,2026,307.83,2025_S2,48,2024,230.22,311,176
220880,REGENERAÇÃO,PI,305.75,2024,315.33,2024_S1,49,2024,279.65,326,256
293260,URANDI,BA,305.67,2026,309.83,2025_S2,21,2023,276.48,312,246
411400,MAMBORÊ,PR,305.67,2026,305.67,2026_S1,49,2022,267.35,309,230
231135,QUIXELÔ,CE,305.67,2026,305.67,2026_S1,53,2024,233.73,312,182
230835,MILHÃ,CE,305.58,2025,310.5,2025_S2,32,2024,265.75,313,230
312080,CRUZÍLIA,MG,305.33,2025,307.67,2025_S2,30,2023,274.55,311,241
310920,BUENÓPOLIS,MG,305.17,2025,305.83,2025_S2,28,2024,274.17,307,245
431450,PINHEIRO MACHADO,RS,304.83,2025,306.83,2024_S2,22,2024,289.45,314,266
292540,POTIRAGUÁ,BA,304.42,2024,307.17,2024_S2,167,2025,287.82,313,146
240070,ALTO DO RODRIGUES,RN,304.33,2026,304.33,2026_S1,34,2022,242.78,306,179
292020,MALHADA,BA,304.33,2026,312.17,2025_S2,39,2024,255.65,317,213
230360,CATARINA,CE,304.33,2026,304.33,2026_S1,36,2025,250.07,310,222
354400,RIO DAS PEDRAS,SP,304.25,2025,305.33,2025_S2,58,2023,232.58,312,162
230090,APUIARÉS,CE,304.0,2026,304.0,2026_S1,74,2024,185.17,311,98
130255,MANAQUIRI,AM,303.73,2025,312.5,2025_S2,42,2025,247.42,321,201
220820,PIO IX,PI,303.67,2026,305.67,2025_S2,31,2024,252.28,310,212
230140,ARATUBA,CE,303.33,2026,309.5,2025_S2,64,2024,225.05,314,168
290190,APORÁ,BA,303.22,2021,321.33,2021_S1,71,2021,264.22,359,225
293345,WANDERLEY,BA,303.0,2026,310.33,2025_S2,37,2025,248.28,318,203
150520,OEIRAS DO PARÁ,PA,303.0,2025,307.5,2025_S2,35,2023,256.85,318,198
411890,PÉROLA,PR,302.75,2025,305.67,2025_S1,32,2024,257.83,309,198
421280,BALNEÁRIO PIÇARRAS,SC,302.67,2025,307.0,2025_S2,52,2023,241.4,312,176
411780,PALMITAL,PR,301.83,2025,305.83,2025_S2,28,2024,266.25,310,225
310840,BOTELHOS,MG,301.5,2025,304.17,2025_S2,35,2023,255.75,310,207
351370,DESCALVADO,SP,301.25,2025,305.17,2025_S1,37,2022,248.17,310,184
270130,CAJUEIRO,AL,301.08,2024,308.83,2024_S1,60,2024,267.82,323,208
420455,CORREIA PINTO,SC,301.0,2026,301.0,2026_S1,88,2024,201.53,307,134
240130,CAMPO GRANDE,RN,300.83,2025,303.33,2025_S2,25,2024,271.68,306,247
351480,ELDORADO,SP,300.83,2024,306.0,2024_S2,20,2024,291.12,309,278
291500,ITAETÉ,BA,300.67,2026,300.67,2026_S1,31,2024,245.83,303,211
150797,TERRA SANTA,PA,300.67,2026,312.33,2025_S2,136,2025,230.02,316,163
261400,SERRITA,PE,300.58,2025,300.67,2025_S2,28,2024,270.95,305,241
432145,TEUTÔNIA,RS,300.25,2025,304.0,2025_S2,37,2023,244.18,307,187
430830,FONTOURA XAVIER,RS,299.92,2025,300.0,2025_S1,27,2024,264.2,307,220
431270,NONOAI,RS,299.67,2026,299.67,2026_S1,20,2024,276.12,304,252
355180,SETE BARRAS,SP,299.58,2025,304.17,2025_S2,15,2022,288.77,306,269
431420,PEDRO OSÓRIO,RS,298.5,2025,303.67,2025_S1,29,2024,264.93,311,223
315660,RUBIM,MG,298.33,2026,302.0,2025_S2,49,2024,237.98,308,195
411540,MARMELEIRO,PR,298.25,2025,300.83,2025_S1,25,2023,273.7,305,240
431337,NOVA SANTA RITA,RS,298.08,2025,301.0,2025_S1,44,2024,241.02,303,161
410445,CANTAGALO,PR,297.67,2021,304.0,2021_S1,50,2022,270.95,306,243
310200,ALTEROSA,MG,297.33,2021,304.33,2021_S1,20,2021,286.7,305,275
320100,BOA ESPERANÇA,ES,296.33,2026,296.33,2026_S1,29,2023,236.32,300,189
510730,SÃO JOSÉ DO RIO CLARO,MT,296.17,2025,296.83,2025_S1,34,2024,266.73,302,238
354800,SANTO ANTÔNIO DE POSSE,SP,296.0,2025,302.67,2025_S1,31,2024,262.9,306,231
351830,GUARAREMA,SP,295.83,2025,301.0,2025_S2,34,2024,242.97,308,183
140030,MUCAJAÍ,RR,295.67,2026,301.33,2023_S2,100,2024,268.68,328,228
171650,PEDRO AFONSO,TO,295.33,2026,295.33,2026_S1,29,2023,257.85,298,221
290660,CANDIBA,BA,295.0,2026,298.67,2025_S2,29,2024,250.37,303,209
510325,COLNIZA,MT,295.0,2026,295.0,2026_S1,48,2025,218.97,300,168
313340,ITAPAGIPE,MG,294.83,2025,298.0,2025_S2,27,2024,263.37,301,225
150835,VITÓRIA DO XINGU,PA,294.67,2026,294.67,2026_S1,53,2025,193.37,307,124
210670,MIRADOR,MA,294.42,2025,297.67,2025_S2,29,2024,253.67,301,218
430780,ESTRELA,RS,294.42,2025,295.5,2025_S1,37,2023,244.35,304,182
410630,CORBÉLIA,PR,293.67,2024,295.17,2024_S2,20,2023,270.93,299,239
260800,JATAÚBA,PE,293.5,2025,294.0,2025_S2,25,2022,263.72,299,230
220470,INHUMA,PI,293.5,2025,298.0,2025_S2,43,2024,240.93,301,199
510420,GUIRATINGA,MT,293.17,2024,300.33,2024_S1,35,2024,281.02,305,263
231090,PIQUET CARNEIRO,CE,292.75,2025,295.5,2025_S2,30,2023,247.4,298,202
353020,MIRANTE DO PARANAPANEMA,SP,292.67,2026,292.67,2026_S1,117,2025,248.27,302,185
260390,CARNAÍBA,PE,292.42,2024,295.67,2024_S2,49,2024,261.7,314,241
210735,NOVA OLINDA DO MARANHÃO,MA,292.33,2026,296.5,2025_S2,39,2025,235.85,301,204
291820,JIQUIRIÇÁ,BA,292.33,2026,295.0,2025_S2,38,2024,240.78,299,198
312245,DIVISÓPOLIS,MG,292.33,2026,292.33,2026_S1,47,2024,198.08,299,128
120033,MÂNCIO LIMA,AC,292.0,2026,292.0,2026_S1,33,2024,223.23,300,188
120001,ACRELÂNDIA,AC,292.0,2026,299.33,2025_S2,56,2024,202.33,308,141
270050,BARRA DE SANTO ANTÔNIO,AL,291.83,2025,298.83,2025_S2,55,2024,216.07,302,130
353700,PEDREGULHO,SP,291.25,2025,298.0,2025_S2,81,2024,237.12,323,189
410390,CAMPINA DA LAGOA,PR,290.83,2025,293.0,2025_S2,48,2024,274.63,300,248
130430,URUCARÁ,AM,290.58,2025,292.0,2025_S2,37,2022,265.02,295,227
420500,DIONÍSIO CERQUEIRA,SC,290.5,2025,290.83,2025_S2,37,2024,255.53,296,226
500345,DEODÁPOLIS,MS,290.0,2026,290.0,2026_S1,118,2025,247.02,297,179
291940,LICÍNIO DE ALMEIDA,BA,289.75,2024,292.5,2024_S1,45,2024,255.35,308,207
221040,SÃO MIGUEL DO TAPUIO,PI,289.42,2025,293.67,2025_S2,33,2024,249.48,296,221
350780,BRODOWSKI,SP,289.25,2024,299.17,2024_S2,34,2024,256.92,303,213
521080,ITAJÁ,GO,289.11,2021,299.33,2021_S1,27,2021,263.08,301,235
412680,TAPEJARA,PR,289.08,2025,290.67,2024_S2,29,2024,265.6,298,226
410700,CURIÚVA,PR,289.08,2025,293.33,2025_S2,25,2023,259.57,301,231
290020,ABARÉ,BA,289.0,2026,289.0,2026_S1,46,2025,207.18,297,162
520551,COCALZINHO DE GOIÁS,GO,288.67,2026,288.67,2026_S1,42,2025,206.72,292,163
130195,ITAMARATI,AM,288.5,2025,289.0,2025_S2,45,2024,252.95,298,214
353530,PALMITAL,SP,288.5,2024,295.83,2024_S2,52,2025,262.4,299,232
354770,SANTO ANASTÁCIO,SP,288.5,2025,289.5,2025_S1,26,2024,254.95,296,222
500260,CAMAPUÃ,MS,288.42,2025,291.83,2025_S2,27,2022,261.08,295,220
310060,ÁGUA BOA,MG,288.33,2026,293.5,2025_S2,41,2023,228.75,297,174
510560,MATUPÁ,MT,288.08,2025,295.0,2025_S2,26,2024,252.55,297,210
150145,BELTERRA,PA,288.0,2026,288.0,2026_S1,65,2024,190.77,298,126
412250,RONCADOR,PR,287.92,2025,289.17,2024_S2,21,2025,269.48,296,245
291085,FILADÉLFIA,BA,287.67,2025,288.33,2025_S2,32,2024,251.52,293,217
292420,PEDRO ALEXANDRE,BA,287.36,2025,289.8,2025_S2,24,2024,258.34,293,236
520740,EDÉIA,GO,287.33,2026,290.17,2025_S2,26,2024,251.55,300,206
240820,NÍSIA FLORESTA,RN,287.33,2026,287.33,2026_S1,48,2023,203.6,290,137
130090,CANUTAMA,AM,286.67,2026,293.67,2025_S2,53,2023,229.35,298,165
311615,CHAPADA GAÚCHA,MG,286.67,2026,290.33,2025_S2,55,2025,180.92,295,83
316030,SANTO ANTÔNIO DO JACINTO,MG,286.33,2026,288.5,2025_S2,40,2025,237.8,292,206
293280,UTINGA,BA,286.17,2025,290.5,2025_S2,41,2022,232.1,294,164
420970,LEBON RÉGIS,SC,286.17,2025,289.17,2025_S2,27,2023,251.82,292,217
150655,SANTA LUZIA DO PARÁ,PA,286.0,2026,292.33,2025_S2,44,2024,231.15,295,178
310590,BARROSO,MG,285.92,2024,290.33,2024_S2,36,2023,258.4,293,220
316850,TEIXEIRAS,MG,285.92,2025,289.0,2025_S2,39,2024,243.0,294,203
330411,PORTO REAL,RJ,285.67,2025,286.33,2025_S1,72,2022,228.17,289,135
231000,PALHANO,CE,285.33,2026,287.67,2025_S2,33,2025,225.7,296,175
221050,SÃO PEDRO DO PIAUÍ,PI,285.0,2026,285.0,2026_S1,36,2024,223.7,290,185
150747,SÃO JOÃO DE PIRABAS,PA,284.17,2025,293.17,2025_S2,47,2024,222.93,300,169
350290,ARAÇOIABA DA SERRA,SP,284.0,2025,284.17,2025_S2,33,2023,238.0,291,194
312810,GUAPÉ,MG,283.92,2025,284.5,2025_S1,24,2023,258.62,286,228
421690,SÃO LOURENÇO DO OESTE,SC,283.25,2025,284.67,2025_S1,28,2024,257.0,289,229
251660,TAVARES,PB,283.0,2026,283.0,2026_S1,33,2024,213.18,286,168
260915,MANARI,PE,283.0,2025,287.17,2025_S2,36,2024,238.98,290,204
312490,EUGENÓPOLIS,MG,282.92,2025,284.67,2025_S2,33,2022,240.32,292,188
310030,ABRE CAMPO,MG,282.67,2025,286.67,2025_S2,17,2025,263.95,291,244
315130,PIRAÚBA,MG,282.5,2024,287.83,2024_S1,35,2024,258.88,292,235
260650,IATI,PE,282.33,2026,287.17,2025_S2,19,2022,254.03,290,221
354425,ROSANA,SP,282.33,2026,282.67,2025_S2,39,2024,220.35,286,174
220110,AVELINO LOPES,PI,282.25,2025,285.67,2025_S2,28,2023,246.93,291,209
411880,PEABIRU,PR,281.33,2026,281.83,2025_S2,16,2023,266.65,285,241
260470,CORRENTES,PE,281.08,2025,283.33,2025_S2,44,2024,234.52,287,201
170200,ARAGUAÇU,TO,281.0,2026,282.83,2025_S2,22,2023,253.82,288,230
230533,IBICUITINGA,CE,280.67,2026,281.33,2025_S2,31,2024,230.53,288,192
353580,PARANAPANEMA,SP,280.67,2025,285.83,2024_S2,30,2023,254.0,289,222
421820,TIMBÓ,SC,280.5,2025,283.0,2025_S1,47,2023,230.77,286,187
260830,JUPI,PE,280.42,2025,291.0,2025_S2,44,2024,221.27,295,177
230015,ACARAPE,CE,280.33,2026,280.33,2026_S1,59,2024,179.93,287,108
290530,CAFARNAUM,BA,280.17,2025,281.5,2025_S2,19,2024,264.83,285,245
110094,CUJUBIM,RO,280.0,2026,280.0,2026_S1,56,2024,192.35,283,131
170070,ALVORADA,TO,279.67,2026,282.67,2025_S2,44,2024,233.3,290,196
320480,SÃO JOSÉ DO CALÇADO,ES,279.0,2026,279.0,2026_S1,63,2024,194.55,284,126
230080,ANTONINA DO NORTE,CE,279.0,2026,284.0,2025_S2,34,2024,218.93,287,166
210760,PALMEIRÂNDIA,MA,279.0,2025,283.5,2025_S2,51,2024,227.57,286,184
290040,ÁGUA FRIA,BA,278.33,2026,278.33,2026_S1,34,2022,221.63,283,171
330090,CAMBUCI,RJ,277.17,2025,279.83,2025_S1,75,2026,246.6,282,193
320460,SANTA TERESA,ES,277.0,2026,280.67,2025_S2,42,2023,224.5,283,170
315445,RIACHINHO,MG,277.0,2026,281.33,2025_S2,33,2024,222.33,285,178
150770,SÃO SEBASTIÃO DA BOA VISTA,PA,277.0,2026,277.0,2026_S1,72,2024,244.92,284,210
240650,LAGOA NOVA,RN,277.0,2026,283.0,2025_S2,36,2024,227.12,287,190
420850,ITUPORANGA,SC,276.5,2025,279.5,2025_S2,32,2023,236.43,284,186
260130,BARRA DE GUABIRABA,PE,276.33,2026,276.33,2026_S1,44,2024,188.08,279,115
241230,SÃO JOSÉ DO CAMPESTRE,RN,276.33,2026,279.5,2025_S2,28,2023,234.85,281,199
412750,TIBAGI,PR,276.25,2025,276.5,2025_S1,34,2024,247.47,279,223
292470,PIRIPÁ,BA,276.17,2025,277.17,2025_S1,28,2024,237.77,278,199
353560,PARAIBUNA,SP,276.0,2026,283.83,2025_S2,30,2024,247.33,286,220
292970,SÁTIRO DIAS,BA,276.0,2026,276.0,2025_S2,43,2024,211.63,284,164
210515,IGARAPÉ DO MEIO,MA,275.42,2025,277.33,2025_S2,28,2024,241.47,283,216
314220,MIRAÍ,MG,275.33,2025,277.83,2025_S2,26,2024,242.0,281,208
314720,PARAGUAÇU,MG,275.08,2025,278.5,2025_S1,35,2023,248.17,281,215
270020,ANADIA,AL,274.83,2025,277.33,2025_S2,100,2024,229.27,283,168
314990,PERDÕES,MG,274.83,2025,277.67,2025_S1,18,2022,257.8,280,236
352740,LUCÉLIA,SP,274.0,2025,275.67,2025_S1,46,2024,262.98,278,229
410250,BARBOSA FERRAZ,PR,273.92,2024,274.83,2024_S2,17,2025,266.73,276,252
510860,VILA RICA,MT,273.42,2025,275.17,2025_S1,42,2024,231.28,279,166
261340,SÃO JOSÉ DA COROA GRANDE,PE,273.33,2025,276.17,2025_S2,40,2024,216.28,283,165
352270,ITÁPOLIS,SP,273.0,2025,274.0,2025_S1,45,2024,240.58,288,202
352350,ITATINGA,SP,273.0,2025,277.0,2025_S1,32,2023,233.22,281,196
230040,AIUABA,CE,272.67,2026,272.67,2026_S1,38,2023,220.6,280,175
292090,MASCOTE,BA,272.67,2025,274.33,2025_S2,33,2024,227.67,279,177
355090,SÃO SIMÃO,SP,272.42,2025,275.0,2025_S1,56,2024,221.9,280,165
411125,ITAPERUÇU,PR,271.67,2026,271.67,2026_S1,46,2023,200.47,281,108
411190,JAGUAPITÃ,PR,271.58,2025,273.0,2025_S2,30,2023,228.03,277,180
310120,AIURUOCA,MG,271.58,2024,272.33,2024_S2,39,2023,248.88,275,217
314055,MATA VERDE,MG,271.58,2025,277.33,2025_S2,37,2024,221.8,280,179
354995,SÃO LOURENÇO DA SERRA,SP,271.42,2025,271.83,2025_S1,39,2024,228.42,277,167
290160,ANTAS,BA,270.33,2026,270.67,2025_S2,50,2024,217.95,274,180
412650,SERTANÓPOLIS,PR,270.33,2026,270.33,2025_S2,27,2024,234.53,277,200
353300,NOVA GRANADA,SP,270.08,2025,272.67,2025_S2,77,2025,242.43,307,220
150540,OURÉM,PA,269.67,2026,278.5,2025_S2,47,2024,203.27,283,144
241450,UMARIZAL,RN,269.67,2026,274.0,2025_S2,23,2025,237.48,279,211
231390,URUOCA,CE,269.67,2026,269.67,2026_S1,42,2023,192.62,277,153
240470,IPANGUAÇU,RN,269.42,2025,271.17,2025_S2,37,2024,229.43,272,189
292335,OUROLÂNDIA,BA,268.67,2026,280.67,2024_S1,47,2024,252.83,285,218
412000,PORECATU,PR,268.42,2025,269.17,2025_S2,26,2023,241.45,275,202
292805,SANTA LUZIA,BA,268.33,2026,268.33,2026_S1,43,2024,181.53,279,122
352730,LOUVEIRA,SP,268.0,2025,268.33,2025_S1,36,2024,225.68,273,176
230680,JAGUARIBARA,CE,268.0,2026,268.0,2026_S1,31,2025,215.32,274,182
311150,CAMPOS ALTOS,MG,267.92,2025,273.17,2025_S2,25,2024,234.65,276,210
421550,SANTA CECÍLIA,SC,267.42,2025,273.0,2025_S2,26,2024,232.87,276,201
316450,SÃO SEBASTIÃO DO MARANHÃO,MG,267.33,2026,267.33,2026_S1,30,2024,210.02,271,169
260820,JOAQUIM NABUCO,PE,267.17,2025,271.5,2025_S2,29,2024,228.03,274,180
290760,CENTRAL,BA,266.83,2025,269.5,2025_S2,24,2021,243.72,272,224
150280,CURRALINHO,PA,266.58,2025,269.17,2025_S1,61,2023,240.82,270,177
420010,ABELARDO LUZ,SC,266.33,2025,266.5,2024_S2,23,2025,252.13,280,233
310820,BONFINÓPOLIS DE MINAS,MG,266.33,2025,269.5,2025_S1,15,2024,258.78,272,247
430520,CERRO LARGO,RS,265.67,2024,269.5,2024_S2,30,2025,249.5,274,233
351100,CASTILHO,SP,265.5,2025,268.33,2025_S2,20,2025,243.32,276,219
250160,BARRA DE SANTA ROSA,PB,265.33,2026,268.67,2025_S2,27,2025,214.4,270,180
290405,BONITO,BA,265.18,2025,268.5,2025_S2,31,2024,231.58,272,204
314980,PERDIZES,MG,265.17,2025,267.17,2025_S1,38,2023,227.95,272,183
230393,CHORÓ,CE,265.0,2026,266.83,2025_S2,45,2023,226.1,275,188
293240,UIBAÍ,BA,264.67,2026,267.83,2025_S2,28,2024,231.35,271,209
330540,SAPUCAIA,RJ,264.42,2025,267.67,2025_S1,41,2024,218.6,273,166
251310,SALGADO DE SÃO FÉLIX,PB,264.42,2025,270.83,2025_S2,21,2022,238.58,274,211
250240,BONITO DE SANTA FÉ,PB,264.33,2026,264.33,2026_S1,31,2024,210.43,268,177
270890,SATUBA,AL,264.33,2026,267.5,2025_S2,42,2024,223.25,271,197
320506,VENDA NOVA DO IMIGRANTE,ES,264.25,2025,265.5,2025_S2,33,2024,219.35,267,175
110130,MIRANTE DA SERRA,RO,264.08,2025,267.0,2025_S2,31,2024,235.42,270,210
421630,SÃO JOÃO BATISTA,SC,263.92,2025,264.67,2025_S1,23,2022,235.6,269,198
314160,MERCÊS,MG,263.75,2025,266.0,2025_S2,16,2024,250.03,268,233
312930,IAPU,MG,263.58,2025,264.67,2025_S2,22,2023,241.75,269,219
280680,SÃO DOMINGOS,SE,263.33,2025,263.67,2025_S1,31,2023,228.67,268,179
315790,SANTA MARGARIDA,MG,263.0,2025,271.83,2025_S2,31,2023,218.18,277,181
311180,CANÁPOLIS,MG,262.33,2026,263.67,2025_S1,29,2024,232.82,268,196
510637,PEDRA PRETA,MT,262.33,2026,270.0,2025_S2,30,2025,226.12,275,193
312970,IBIRACI,MG,262.08,2024,263.67,2024_S2,17,2022,246.25,266,223
150310,GURUPÁ,PA,262.08,2025,267.33,2025_S2,37,2023,216.48,270,160
410990,ICARAÍMA,PR,262.0,2026,262.0,2026_S1,26,2024,216.37,264,188
230050,ALCÂNTARAS,CE,262.0,2026,262.33,2025_S2,34,2024,201.88,266,163
412760,TIJUCAS DO SUL,PR,261.92,2025,262.0,2025_S2,43,2024,212.55,268,148
311270,CAPITÃO ENÉAS,MG,261.83,2025,267.67,2025_S2,29,2024,219.9,270,193
314300,MONTE BELO,MG,261.75,2025,262.17,2023_S2,9,2026,259.23,265,251
240980,PEDRO VELHO,RN,261.67,2026,265.83,2025_S2,43,2024,198.27,271,158
314850,PAVÃO,MG,261.67,2026,261.67,2026_S1,30,2022,226.52,264,187
270150,CAMPO GRANDE,AL,261.67,2026,263.83,2025_S2,35,2024,215.25,268,186
150710,SÃO CAETANO DE ODIVELAS,PA,261.33,2026,266.17,2025_S2,44,2023,208.07,269,162
354750,SANTA RITA DO PASSA QUATRO,SP,261.17,2024,261.5,2024_S2,27,2025,241.73,266,211
210460,GOVERNADOR EUGÊNIO BARROS,MA,260.92,2025,261.17,2025_S1,23,2024,231.73,265,205
240740,MARTINS,RN,260.67,2026,263.0,2025_S2,31,2024,219.95,264,191
110140,MONTE NEGRO,RO,260.58,2025,269.5,2025_S2,36,2024,212.28,271,169
291733,IUIU,BA,260.5,2025,265.0,2025_S1,28,2022,228.63,268,190
280590,RIACHUELO,SE,260.33,2026,260.33,2026_S1,55,2025,176.55,264,134
293120,TAPEROÁ,BA,260.17,2025,263.5,2025_S1,28,2024,231.65,267,204
313375,ITAÚ DE MINAS,MG,260.0,2026,264.17,2025_S2,33,2022,221.2,267,173
430230,BOM JESUS,RS,259.75,2025,266.17,2025_S1,29,2023,231.22,268,185
311030,CALDAS,MG,259.67,2025,263.67,2025_S1,24,2024,238.82,267,214
210610,LORETO,MA,259.5,2024,260.17,2024_S2,31,2023,243.75,265,222
311090,CAMPANHA,MG,259.33,2026,259.33,2026_S1,119,2025,202.02,273,154
500600,NOVA ALVORADA DO SUL,MS,259.25,2025,259.5,2025_S2,51,2024,214.22,266,163
290380,BOA VISTA DO TUPIM,BA,258.58,2025,262.33,2025_S2,17,2025,232.82,267,208
310230,ALVINÓPOLIS,MG,258.25,2025,262.17,2025_S2,24,2024,224.13,268,187
290485,CABACEIRAS DO PARAGUAÇU,BA,258.17,2025,264.0,2025_S2,22,2025,233.2,267,210
310830,BORDA DA MATA,MG,258.0,2026,258.0,2026_S1,19,2025,231.13,261,207
352100,IPERÓ,SP,258.0,2026,265.0,2025_S2,43,2025,188.97,270,130
311660,CLÁUDIO,MG,257.75,2025,258.67,2025_S1,31,2024,225.42,260,191
500800,TERENOS,MS,257.67,2026,257.67,2026_S1,26,2024,213.32,261,176
410280,BELA VISTA DO PARAÍSO,PR,257.42,2025,259.67,2025_S2,32,2024,216.45,273,180
412120,QUITANDINHA,PR,257.0,2026,257.0,2025_S2,31,2025,214.63,262,181
240450,GUAMARÉ,RN,256.67,2025,260.67,2025_S2,42,2024,195.12,266,150
350130,ÁLVARES MACHADO,SP,256.5,2025,257.83,2025_S2,34,2023,209.22,264,157
316295,SÃO JOSÉ DA LAPA,MG,256.33,2025,263.83,2025_S1,44,2022,208.13,267,134
521483,NOVA CRIXÁS,GO,256.0,2026,257.33,2025_S2,30,2025,225.87,262,190
421650,SÃO JOAQUIM,SC,255.92,2025,261.67,2025_S2,32,2024,214.35,264,166
320455,SANTA MARIA DE JETIBÁ,ES,255.67,2025,259.67,2025_S2,32,2023,214.65,262,180
310800,BOM SUCESSO,MG,255.58,2024,257.83,2024_S1,21,2024,237.67,265,205
510623,NOVA OLÍMPIA,MT,255.33,2026,255.33,2026_S1,25,2025,214.95,259,189
310210,ALTO RIO DOCE,MG,255.17,2025,255.83,2025_S2,17,2025,235.7,264,216
172210,XAMBIOÁ,TO,255.0,2026,255.0,2026_S1,35,2025,200.97,258,177
250403,CAPIM,PB,254.44,2021,257.67,2021_S1,109,2024,205.03,259,108
410120,ANTONINA,PR,254.0,2026,255.17,2025_S2,22,2022,230.32,261,196
521900,SANCLERLÂNDIA,GO,254.0,2025,255.0,2025_S1,20,2024,235.38,256,216
410620,CONTENDA,PR,254.0,2026,261.0,2025_S2,44,2024,199.43,267,168
500770,SETE QUEDAS,MS,253.75,2024,262.5,2024_S1,31,2023,244.08,265,219
150780,SENADOR JOSÉ PORFÍRIO,PA,253.67,2026,253.67,2026_S1,52,2024,163.72,259,106
411710,NOVA LONDRINA,PR,253.33,2026,253.33,2026_S1,31,2024,211.62,255,191
351200,COLINA,SP,253.08,2024,255.33,2024_S2,24,2025,237.6,259,216
260840,JUREMA,PE,252.67,2025,256.33,2025_S2,25,2023,218.22,259,176
312840,GUARANI,MG,252.67,2026,261.33,2025_S2,53,2024,170.28,267,104
291380,IPECAETÁ,BA,252.08,2025,253.0,2025_S1,20,2023,224.43,257,196
311200,CANDEIAS,MG,251.92,2024,252.33,2024_S2,12,2023,243.53,254,231
421050,MARAVILHA,SC,251.83,2025,253.5,2025_S2,15,2023,239.95,256,223
270720,POÇO DAS TRINCHEIRAS,AL,251.33,2025,257.17,2025_S2,31,2024,209.12,260,175
230565,IPAPORANGA,CE,251.33,2026,258.67,2025_S2,36,2025,197.38,261,160
421680,SÃO JOSÉ DO CERRITO,SC,251.25,2025,256.83,2025_S2,42,2024,202.32,262,166
420280,BRAÇO DO NORTE,SC,251.25,2025,254.83,2025_S2,21,2022,230.38,261,200
521130,ITARUMÃ,GO,251.11,2021,253.33,2021_S1,15,2025,240.45,254,219
241460,UPANEMA,RN,250.92,2025,254.67,2025_S2,39,2024,187.8,257,125
420810,ITAIÓPOLIS,SC,250.75,2025,252.67,2025_S2,21,2023,231.53,254,207
410070,ALTO PIQUIRI,PR,250.67,2026,251.33,2025_S2,42,2023,239.1,257,208
500710,RIBAS DO RIO PARDO,MS,250.67,2026,256.33,2025_S2,25,2024,222.73,260,191
110149,SÃO FRANCISCO DO GUAPORÉ,RO,250.33,2026,253.5,2025_S2,31,2023,231.75,261,208
230910,MULUNGU,CE,250.33,2025,252.5,2025_S2,30,2024,204.55,255,170
412740,TERRA ROXA,PR,250.08,2025,257.67,2025_S2,27,2025,220.87,261,201
261470,TACAIMBÓ,PE,249.75,2025,251.17,2025_S2,40,2024,211.95,256,178
432140,TENENTE PORTELA,RS,249.67,2026,249.83,2025_S2,21,2025,218.98,253,193
150740,SÃO FRANCISCO DO PARÁ,PA,249.67,2025,254.67,2025_S2,36,2024,198.38,259,150
251700,UMBUZEIRO,PB,248.5,2024,248.83,2024_S1,13,2025,243.08,253,230
350580,BASTOS,SP,247.92,2025,248.5,2025_S1,33,2024,207.92,255,172
500410,GUIA LOPES DA LAGUNA,MS,247.67,2026,250.67,2025_S2,32,2024,224.73,253,206
520500,CARMO DO RIO VERDE,GO,247.58,2024,253.67,2024_S2,80,2023,194.53,263,143
520780,FIRMINÓPOLIS,GO,247.58,2025,251.17,2025_S2,18,2024,222.92,253,200
260490,CUMARU,PE,247.33,2026,255.67,2025_S2,35,2024,204.28,262,171
351690,GENERAL SALGADO,SP,247.33,2026,248.67,2025_S2,30,2025,217.37,251,193
241410,TENENTE ANANIAS,RN,247.33,2026,248.83,2025_S2,35,2023,196.22,255,159
411510,MARILUZ,PR,247.33,2026,250.17,2025_S2,33,2024,203.18,255,170
430290,CACEQUI,RS,247.33,2024,254.0,2024_S1,25,2024,236.6,261,215
410442,CANDÓI,PR,247.33,2025,248.67,2025_S1,17,2022,235.55,251,212
290195,APUAREMA,BA,247.25,2025,248.17,2025_S1,21,2024,219.95,255,191
261030,PARANATAMA,PE,247.17,2025,252.17,2025_S2,24,2023,211.55,255,179
510040,ALTO GARÇAS,MT,247.0,2026,247.0,2026_S1,36,2024,213.23,252,177
231100,PORANGA,CE,246.33,2026,247.0,2025_S2,35,2025,182.17,252,126
432143,TERRA DE AREIA,RS,246.33,2026,246.5,2025_S2,43,2024,172.15,251,127
211223,TRIZIDELA DO VALE,MA,246.33,2026,246.33,2026_S1,54,2024,151.98,254,87
411575,MAUÁ DA SERRA,PR,246.25,2025,248.83,2025_S1,31,2023,218.98,252,182
330615,VARRE-SAI,RJ,246.25,2025,247.5,2025_S1,31,2023,208.6,249,167
270610,OURO BRANCO,AL,245.33,2025,247.5,2025_S2,23,2024,213.97,252,183
311350,CARBONITA,MG,245.25,2025,246.0,2025_S1,21,2024,220.77,252,204
421570,SANTO AMARO DA IMPERATRIZ,SC,245.25,2025,245.67,2025_S1,38,2024,194.42,255,131
313150,IPUIÚNA,MG,245.25,2024,246.67,2023_S2,16,2025,239.33,252,223
315540,RIO NOVO,MG,244.67,2026,249.5,2025_S2,23,2024,207.43,252,176
420545,FORQUILHINHA,SC,244.67,2026,244.67,2026_S1,35,2025,184.42,252,136
260270,BUENOS AIRES,PE,244.67,2025,247.67,2025_S2,125,2021,211.83,312,184
290135,ANDORINHA,BA,244.33,2025,245.5,2025_S1,18,2024,232.23,248,220
260105,ARAÇOIABA,PE,244.33,2026,244.33,2026_S1,38,2024,184.57,250,137
510500,JAURU,MT,244.33,2026,244.33,2026_S1,33,2025,195.6,249,166
410450,CAPANEMA,PR,244.33,2026,244.33,2026_S1,27,2023,211.15,249,179
522000,SÃO JOÃO DALIANÇA,GO,244.33,2026,244.33,2026_S1,26,2024,212.2,246,186
421970,XAXIM,SC,243.5,2025,246.17,2025_S1,28,2024,221.88,250,204
522200,VIANÓPOLIS,GO,243.33,2026,243.33,2026_S1,49,2025,208.08,273,175
313550,JEQUERI,MG,243.25,2025,246.0,2025_S2,31,2024,207.22,249,175
130423,TONANTINS,AM,243.08,2025,243.33,2025_S1,84,2024,164.83,248,78
150070,ANAJÁS,PA,243.08,2022,254.83,2022_S2,100,2023,222.2,278,178
293060,SERROLÂNDIA,BA,243.0,2026,243.0,2026_S1,27,2024,207.12,246,190
315410,RECREIO,MG,242.92,2025,244.5,2025_S2,27,2024,208.08,247,179
290250,BAIANÓPOLIS,BA,242.58,2025,245.17,2025_S2,13,2026,233.67,248,222
420650,GUARAMIRIM,SC,242.08,2025,244.83,2025_S2,35,2024,189.98,249,123
210203,BOM JESUS DAS SELVAS,MA,242.08,2025,246.67,2025_S2,44,2024,191.32,253,143
510140,ARIPUANÃ,MT,242.0,2026,242.0,2026_S1,35,2025,178.62,245,129
510677,PORTO ALEGRE DO NORTE,MT,242.0,2025,243.17,2025_S2,29,2023,209.88,245,175
311050,CAMANDUCAIA,MG,242.0,2025,246.33,2025_S1,27,2024,213.52,250,174
230980,PACOTI,CE,242.0,2026,246.33,2025_S2,27,2025,196.45,250,160
260910,MACHADOS,PE,241.67,2025,242.33,2025_S2,21,2024,217.0,245,189
313890,MACHACALIS,MG,241.67,2026,241.67,2026_S1,25,2025,201.8,247,168
290200,ARACATU,BA,241.33,2025,242.0,2025_S2,19,2024,224.53,244,210
316100,SÃO DOMINGOS DO PRATA,MG,241.33,2024,249.33,2025_S1,69,2025,208.67,252,176
431820,SÃO FRANCISCO DE PAULA,RS,241.33,2026,241.33,2026_S1,17,2023,217.73,246,193
310270,CACHOEIRA DE PAJEÚ,MG,241.33,2026,245.0,2025_S2,34,2023,204.0,249,165
510629,PARANAÍTA,MT,241.33,2026,241.33,2026_S1,31,2023,201.37,244,158
351140,CERQUEIRA CÉSAR,SP,241.25,2025,243.0,2025_S1,27,2024,215.52,246,191
251180,PIRPIRITUBA,PB,240.67,2026,240.67,2026_S1,26,2025,194.95,242,164
230125,ARARENDÁ,CE,240.67,2026,240.67,2025_S2,38,2025,173.1,244,123
270644,PARIPUEIRA,AL,240.67,2026,241.83,2025_S2,36,2024,192.45,248,165
351030,CAPELA DO ALTO,SP,240.33,2026,240.33,2026_S1,18,2024,216.58,245,200
291310,IBITITÁ,BA,240.33,2026,241.67,2025_S2,24,2024,215.43,244,196
210840,PERI MIRIM,MA,240.33,2026,245.67,2025_S2,57,2025,173.02,255,134
521100,ITAPIRAPUÃ,GO,240.33,2026,240.33,2026_S1,33,2023,212.9,245,184
292490,PLANALTINO,BA,240.25,2025,240.5,2025_S2,31,2023,206.93,244,170
410520,CERRO AZUL,PR,240.08,2025,242.83,2024_S2,30,2023,216.7,247,186
412470,SÃO JERÔNIMO DA SERRA,PR,240.0,2026,240.0,2026_S1,26,2023,202.7,243,161
320016,ÁGUA DOCE DO NORTE,ES,239.67,2026,239.67,2026_S1,34,2024,188.8,246,154
290400,BONINAL,BA,239.5,2025,240.17,2025_S1,14,2022,222.05,244,200
410750,ENGENHEIRO BELTRÃO,PR,239.0,2026,240.0,2025_S2,24,2024,209.4,244,180
313220,ITAGUARA,MG,238.92,2025,239.67,2025_S1,24,2023,208.03,245,170
293340,WAGNER,BA,238.08,2025,239.17,2024_S2,19,2024,218.83,241,193
150500,NOVA TIMBOTEUA,PA,238.0,2026,238.5,2025_S2,29,2023,187.82,241,139
520010,ABADIÂNIA,GO,238.0,2026,238.0,2026_S1,35,2023,169.23,243,121
316570,SENADOR FIRMINO,MG,238.0,2024,240.17,2024_S1,28,2023,216.15,247,185
292595,RAFAEL JAMBEIRO,BA,238.0,2026,239.67,2025_S2,24,2025,191.78,243,152
210710,MORROS,MA,237.75,2025,242.0,2025_S2,45,2024,184.8,246,141
313290,ITAMOGI,MG,237.67,2025,254.67,2025_S1,51,2025,205.52,259,168
421220,PAPANDUVA,SC,237.33,2026,239.83,2025_S2,26,2024,212.63,248,188
500640,PEDRO GOMES,MS,236.92,2025,241.5,2025_S2,22,2025,212.53,246,195
261255,SANTA FILOMENA,PE,236.67,2023,248.33,2024_S1,118,2024,205.93,259,141
320370,MUNIZ FREIRE,ES,236.33,2025,238.83,2025_S2,32,2023,201.4,241,167
315190,POCRANE,MG,235.67,2026,237.83,2025_S2,30,2025,197.93,241,179
210770,PARAIBANO,MA,235.5,2025,239.5,2025_S2,18,2025,213.27,243,194
292265,NORDESTINA,BA,235.08,2025,235.83,2025_S2,22,2024,207.3,237,180
292680,RIO DO ANTÔNIO,BA,234.67,2026,238.83,2025_S2,19,2025,210.95,241,192
355510,TUPI PAULISTA,SP,234.5,2025,238.5,2025_S1,55,2025,210.18,243,188
210125,BACABEIRA,MA,234.33,2026,234.33,2026_S1,54,2024,156.12,241,106
310460,ASTOLFO DUTRA,MG,234.0,2026,234.0,2025_S2,24,2023,198.33,238,165
261620,VERTENTES,PE,234.0,2026,234.33,2025_S2,47,2024,163.97,240,119
354240,REGENTE FEIJÓ,SP,233.5,2024,236.67,2024_S2,27,2023,219.47,239,199
313990,MARIA DA FÉ,MG,232.83,2025,236.5,2025_S2,32,2024,192.88,239,154
350050,ÁGUAS DE LINDÓIA,SP,232.67,2025,233.5,2025_S2,26,2024,198.42,238,166
251280,RIACHO DOS CAVALOS,PB,232.33,2026,232.33,2026_S1,52,2024,141.43,235,91
411610,MOREIRA SALES,PR,232.33,2026,232.33,2026_S1,33,2024,175.58,238,132
315800,SANTA MARIA DE ITABIRA,MG,232.0,2024,238.17,2024_S1,28,2024,216.1,242,194
353240,NAZARÉ PAULISTA,SP,232.0,2025,235.0,2025_S2,26,2024,196.42,237,161
432090,TAPEJARA,RS,231.58,2025,233.83,2025_S2,27,2024,199.95,238,172
354420,RIOLÂNDIA,SP,231.58,2025,231.67,2025_S2,37,2024,204.48,235,168
351390,DIVINOLÂNDIA,SP,231.17,2024,231.83,2024_S2,23,2023,218.53,233,200
290770,CHORROCHÓ,BA,230.67,2026,230.83,2025_S2,25,2024,197.67,237,167
311610,CHAPADA DO NORTE,MG,230.5,2025,231.5,2025_S2,19,2022,222.28,234,206
280040,ARAUÁ,SE,230.33,2026,249.17,2024_S1,94,2024,214.87,268,174
120080,PORTO ACRE,AC,229.67,2026,229.67,2026_S1,39,2025,157.82,236,109
521486,NOVA GLÓRIA,GO,229.58,2024,245.33,2024_S1,148,2024,178.78,260,86
220430,FRONTEIRAS,PI,229.33,2026,229.33,2026_S1,43,2024,157.43,231,111
352000,IGARAÇU DO TIETÊ,SP,229.25,2025,230.67,2025_S1,38,2023,209.9,237,173
352130,IPUÃ,SP,229.08,2025,235.33,2025_S2,28,2023,192.05,237,161
351230,CONCHAS,SP,229.0,2025,230.67,2025_S1,61,2024,211.52,235,174
260860,LAGOA DO OURO,PE,229.0,2025,233.33,2025_S2,23,2023,203.22,237,178
412100,QUERÊNCIA DO NORTE,PR,229.0,2023,232.83,2023_S2,65,2024,216.2,239,174
353475,OUROESTE,SP,228.75,2025,232.33,2025_S2,25,2024,198.23,237,163
410800,FLORESTÓPOLIS,PR,228.67,2026,232.0,2025_S2,19,2025,198.25,234,172
240010,ACARI,RN,228.67,2026,233.17,2025_S2,23,2023,196.87,235,162
313460,JABOTICATUBAS,MG,228.5,2025,230.5,2025_S2,25,2022,195.33,238,160
350100,ALTINÓPOLIS,SP,228.42,2025,230.17,2025_S1,25,2024,200.17,233,164
280390,MALHADOR,SE,228.33,2026,228.33,2026_S1,43,2025,173.03,236,144
430750,ESPUMOSO,RS,228.17,2024,234.0,2024_S2,23,2024,219.88,238,207
230620,ITAIÇABA,CE,228.0,2026,228.0,2026_S1,34,2025,172.33,233,141
431550,RESTINGA SÊCA,RS,228.0,2026,228.0,2026_S1,18,2023,204.0,232,185
431645,SALTO DO JACUÍ,RS,227.92,2025,230.17,2025_S1,19,2023,207.18,232,180
261120,POÇÃO,PE,227.75,2025,229.17,2025_S1,18,2024,210.68,233,196
521980,SÃO DOMINGOS,GO,227.67,2026,227.67,2026_S1,45,2024,187.52,229,157
292180,MORTUGABA,BA,227.67,2026,237.5,2025_S2,40,2025,190.87,241,162
312690,FREI INOCÊNCIO,MG,227.67,2026,227.67,2026_S1,34,2025,163.32,229,114
210050,ALTO PARNAÍBA,MA,227.5,2025,230.0,2025_S2,17,2024,208.58,232,193
510050,ALTO PARAGUAI,MT,227.33,2025,227.67,2025_S2,22,2021,212.23,234,192
240440,GROSSOS,RN,227.33,2026,227.33,2026_S1,57,2025,127.32,232,63
352044,ILHA SOLTEIRA,SP,227.25,2025,228.67,2025_S1,20,2024,215.52,230,203
291410,IPUPIARA,BA,227.25,2024,233.33,2024_S2,24,2022,199.47,241,160
314510,NOVA RESENDE,MG,227.08,2024,229.0,2024_S2,20,2022,215.72,232,195
260480,CORTÊS,PE,227.0,2026,227.0,2026_S1,40,2024,186.1,229,155
291340,IGAPORÃ,BA,226.67,2026,226.67,2026_S1,32,2024,170.73,230,127
410060,ALTO PARANÁ,PR,226.67,2026,226.67,2026_S1,49,2022,194.68,229,157
353520,PALMEIRA DOESTE,SP,226.67,2026,226.67,2026_S1,58,2025,196.05,237,154
351160,CESÁRIO LANGE,SP,226.67,2025,227.83,2025_S1,24,2022,199.73,230,161
311450,CARMÓPOLIS DE MINAS,MG,226.42,2025,226.83,2025_S1,31,2024,197.18,232,173
292405,PÉ DE SERRA,BA,226.0,2026,228.67,2025_S2,19,2024,199.62,232,178
210927,PRESIDENTE SARNEY,MA,225.83,2023,245.67,2024_S1,184,2024,176.25,261,66
411620,MORRETES,PR,225.67,2026,225.67,2025_S2,21,2023,205.25,229,181
110008,COSTA MARQUES,RO,225.67,2026,225.67,2026_S1,37,2024,176.35,227,132
431365,PALMARES DO SUL,RS,225.67,2026,225.67,2026_S1,25,2025,181.4,230,145
292465,PINTADAS,BA,225.58,2025,226.33,2025_S2,25,2024,196.58,233,173
210845,PERITORÓ,MA,225.33,2026,226.5,2025_S2,28,2024,193.57,229,164
350420,AURIFLAMA,SP,225.33,2026,226.83,2025_S2,30,2024,189.48,233,149
520340,BOM JARDIM DE GOIÁS,GO,225.33,2026,225.33,2026_S1,34,2024,200.17,228,173
412796,TURVO,PR,225.08,2025,226.0,2025_S1,21,2024,204.35,227,181
270560,NOVO LINO,AL,225.0,2026,225.0,2026_S1,30,2024,176.38,233,151
313115,IPABA,MG,224.67,2025,230.0,2025_S2,43,2023,170.02,235,114
420580,GARUVA,SC,224.42,2025,227.17,2025_S2,42,2023,184.55,229,131
314830,PAULA CÂNDIDO,MG,224.33,2024,241.5,2025_S1,73,2025,197.77,245,165
411280,JOAQUIM TÁVORA,PR,224.25,2025,228.17,2025_S1,47,2022,193.38,231,139
270760,QUEBRANGULO,AL,224.08,2024,226.0,2024_S2,13,2022,217.43,228,209
314210,MIRADOURO,MG,223.58,2025,226.0,2025_S2,19,2024,201.85,228,184
320435,RIO BANANAL,ES,223.33,2026,223.33,2026_S1,35,2024,158.27,226,104
210420,FORTUNA,MA,223.25,2025,223.83,2025_S2,33,2024,189.02,226,163
500793,SONORA,MS,223.0,2026,224.33,2025_S2,26,2024,177.68,229,141
292140,MIRANGABA,BA,223.0,2025,225.0,2025_S2,27,2024,193.8,228,167
290970,CRISTÓPOLIS,BA,222.92,2025,223.5,2025_S2,13,2022,215.5,226,200
410100,AMPÉRE,PR,222.92,2025,228.17,2025_S2,33,2021,192.03,231,163
313753,LAGOA GRANDE,MG,222.75,2025,224.17,2025_S2,21,2026,194.68,229,162
500460,ITAQUIRAÍ,MS,222.67,2026,224.5,2025_S2,32,2024,174.22,230,141
250920,MASSARANDUBA,PB,222.67,2026,222.67,2026_S1,44,2024,145.72,226,96
421290,PINHALZINHO,SC,222.17,2024,224.83,2024_S2,22,2025,212.4,228,190
430650,DOM FELICIANO,RS,222.0,2025,223.67,2025_S1,20,2024,205.77,225,192
110170,URUPÁ,RO,222.0,2025,227.0,2025_S2,22,2024,186.67,231,157
231010,PALMÁCIA,CE,222.0,2026,222.0,2026_S1,45,2024,158.75,227,110
150565,PLACAS,PA,221.67,2026,225.0,2025_S2,39,2024,164.55,227,117
320517,VILA VALÉRIO,ES,221.58,2025,222.67,2025_S1,31,2023,189.35,224,149
160070,TARTARUGALZINHO,AP,221.33,2026,221.33,2026_S1,42,2025,143.97,224,104
420350,CAMPO ERÊ,SC,220.5,2025,221.33,2024_S2,20,2023,199.78,225,170
500450,ITAPORÃ,MS,220.42,2024,225.17,2024_S2,22,2023,201.73,230,172
150610,PRIMAVERA,PA,220.0,2026,221.33,2025_S2,42,2024,167.95,224,118
521640,PARAÚNA,GO,220.0,2026,220.0,2026_S1,20,2025,184.1,222,153
510785,SÃO FÉLIX DO ARAGUAIA,MT,219.67,2026,219.67,2026_S1,17,2023,203.9,224,187
430890,GETÚLIO VARGAS,RS,219.5,2024,222.17,2024_S1,19,2024,210.47,229,197
350710,BOM JESUS DOS PERDÕES,SP,219.33,2025,222.0,2025_S2,33,2024,180.27,227,138
260360,CAMUTANGA,PE,219.0,2026,219.0,2026_S1,29,2024,167.97,229,123
270642,PARICONHA,AL,218.92,2025,219.67,2025_S2,20,2023,192.95,225,168
314500,NOVA PONTE,MG,218.75,2025,219.17,2025_S1,14,2025,203.63,227,193
261270,SANTA MARIA DO CAMBUCÁ,PE,218.67,2026,223.0,2025_S2,35,2024,170.28,227,135
293315,VÁRZEA NOVA,BA,217.67,2026,217.67,2026_S1,46,2024,162.02,220,124
352800,MACATUBA,SP,217.67,2025,221.0,2025_S2,50,2025,199.37,224,172
412785,TRÊS BARRAS DO PARANÁ,PR,217.67,2026,223.0,2025_S2,31,2024,183.57,230,145
310890,BRAZÓPOLIS,MG,217.58,2025,219.17,2025_S2,27,2024,190.97,223,166
150497,NOVA IPIXUNA,PA,217.58,2025,219.67,2024_S2,20,2023,203.97,222,178
130200,ITAPIRANGA,AM,217.33,2026,217.33,2026_S1,66,2024,150.92,226,80
410260,BARRACÃO,PR,217.17,2025,217.83,2025_S1,20,2023,190.45,222,159
280750,TOMAR DO GERU,SE,217.17,2025,219.17,2025_S2,14,2023,204.03,224,192
150630,SALVATERRA,PA,217.0,2026,217.0,2026_S1,123,2021,156.98,225,90
315230,PORTO FIRME,MG,217.0,2026,220.33,2025_S2,30,2023,168.07,223,121
221070,SIMÕES,PI,216.67,2026,217.33,2025_S2,31,2024,160.63,223,117
320190,DOMINGOS MARTINS,ES,216.17,2025,218.67,2025_S2,36,2024,175.52,222,140
312760,GOUVEIA,MG,216.08,2025,218.5,2025_S1,22,2024,201.33,222,190
150805,TRAIRÃO,PA,216.0,2026,216.0,2026_S1,43,2024,160.18,224,119
432270,VERA CRUZ,RS,215.67,2025,215.83,2025_S2,34,2023,188.05,221,159
251090,PAULISTA,PB,215.67,2025,217.33,2025_S2,21,2023,181.7,221,152
412600,SÃO SEBASTIÃO DA AMOREIRA,PR,215.42,2025,217.5,2025_S1,30,2024,171.32,223,118
261247,SANTA CRUZ DA BAIXA VERDE,PE,215.33,2026,216.5,2025_S2,46,2024,165.32,219,124
411490,MARILÂNDIA DO SUL,PR,215.25,2025,215.33,2025_S1,21,2023,194.48,219,168
270520,MESSIAS,AL,215.0,2026,217.83,2025_S2,19,2024,191.2,221,174
291300,IBITIARA,BA,215.0,2025,216.0,2025_S2,13,2023,196.08,219,178
241400,TANGARÁ,RN,214.75,2024,227.33,2025_S1,58,2025,187.28,236,155
250860,LUCENA,PB,214.5,2025,220.17,2025_S2,28,2024,178.02,225,151
310430,AREADO,MG,214.42,2025,215.5,2025_S2,22,2022,194.0,219,164
291280,IBIRAPUÃ,BA,214.33,2026,214.33,2026_S1,26,2025,183.87,219,164
353720,PEDRO DE TOLEDO,SP,213.83,2025,218.33,2025_S2,44,2024,174.27,222,147
510780,SANTO ANTÔNIO DO LEVERGER,MT,213.67,2026,217.33,2025_S2,35,2024,170.38,219,140
290323,BARRO ALTO,BA,213.67,2025,216.17,2025_S1,20,2024,191.85,219,164
120005,ASSIS BRASIL,AC,213.33,2025,219.0,2025_S2,41,2024,158.73,221,106
420670,HERVAL DOESTE,SC,213.11,2021,227.33,2021_S1,33,2021,191.47,230,175
211180,SÍTIO NOVO,MA,212.92,2025,213.17,2025_S2,23,2024,187.23,219,166
412300,SALTO DO LONTRA,PR,212.67,2026,212.67,2026_S1,23,2024,170.78,217,140
230837,MIRAÍMA,CE,212.67,2026,212.67,2026_S1,51,2024,164.3,220,138
130068,BOA VISTA DO RAMOS,AM,212.33,2025,217.33,2025_S1,61,2024,162.73,220,114
500090,ANTÔNIO JOÃO,MS,212.25,2025,215.5,2025_S1,21,2022,193.58,219,162
260980,OROCÓ,PE,212.25,2024,235.5,2024_S1,84,2024,184.25,239,127
240670,LAJES,RN,212.0,2026,212.0,2026_S1,19,2023,186.35,213,164
292450,PINDAÍ,BA,211.83,2025,213.0,2025_S2,16,2024,193.83,216,174
312390,ENTRE RIOS DE MINAS,MG,211.83,2024,214.33,2025_S1,20,2025,200.05,216,185
313560,JEQUITAÍ,MG,211.67,2026,211.67,2026_S1,19,2025,182.02,218,159
130115,CAREIRO DA VÁRZEA,AM,211.67,2026,213.83,2025_S2,52,2024,122.35,217,64
520530,CAVALCANTE,GO,210.67,2026,213.5,2025_S2,23,2024,182.25,217,160
150160,BONITO,PA,210.67,2026,212.17,2025_S2,47,2023,151.43,215,97
431250,MOSTARDAS,RS,210.67,2026,210.67,2026_S1,34,2025,168.42,215,135
171420,NATIVIDADE,TO,210.42,2025,210.83,2025_S2,25,2024,187.47,213,166
293305,VÁRZEA DA ROÇA,BA,210.33,2026,210.33,2026_S1,25,2025,170.18,212,146
510270,CANARANA,MT,210.33,2026,210.33,2026_S1,15,2024,197.18,216,181
311570,CENTRAL DE MINAS,MG,210.17,2024,211.67,2024_S1,20,2023,200.95,216,187
412730,TERRA RICA,PR,210.0,2025,212.0,2025_S2,50,2024,179.7,216,152
520580,CORUMBÁ DE GOIÁS,GO,209.58,2025,210.67,2025_S1,22,2023,189.6,214,164
500580,NIOAQUE,MS,209.33,2026,209.33,2026_S1,25,2024,182.98,212,162
315710,SALTO DA DIVISA,MG,209.33,2026,209.33,2026_S1,44,2024,149.65,214,101
130220,JURUÁ,AM,208.92,2025,210.67,2025_S2,32,2024,173.03,212,120
412230,RIO NEGRO,PR,208.67,2025,211.0,2025_S2,19,2023,188.68,213,164
313300,ITAMONTE,MG,208.58,2025,208.67,2025_S1,90,2024,182.87,212,122
430010,AGUDO,RS,208.17,2025,211.17,2025_S1,16,2024,196.15,215,179
520995,INDIARA,GO,208.0,2026,208.0,2026_S1,52,2024,160.95,214,133
160010,AMAPÁ,AP,208.0,2026,208.0,2026_S1,34,2023,155.27,211,119
430960,HORIZONTINA,RS,207.83,2025,212.0,2024_S2,22,2023,186.35,218,157
150285,CURUÁ,PA,207.67,2026,207.67,2026_S1,48,2024,121.07,214,56
140005,ALTO ALEGRE,RR,207.33,2026,208.83,2025_S2,38,2024,160.97,211,120
210250,CAJARI,MA,207.17,2025,208.67,2025_S1,24,2023,177.42,210,146
293130,TAPIRAMUTÁ,BA,207.0,2026,207.0,2026_S1,21,2024,182.68,209,159
500520,LADÁRIO,MS,206.75,2025,207.0,2025_S1,35,2024,174.53,211,143
130165,GUAJARÁ,AM,206.58,2024,229.33,2024_S2,98,2024,138.87,231,32
411810,PARANACITY,PR,206.58,2025,208.0,2025_S1,55,2024,166.7,215,132
270255,ESTRELA DE ALAGOAS,AL,206.33,2025,207.5,2025_S1,23,2023,191.65,211,174
220450,GUADALUPE,PI,206.25,2025,210.17,2025_S2,21,2023,189.78,212,165
412840,URAÍ,PR,206.0,2026,206.0,2026_S1,29,2023,184.85,208,158
354500,SALESÓPOLIS,SP,205.75,2024,212.67,2025_S2,67,2025,191.7,219,152
241140,SANTANA DO MATOS,RN,205.33,2026,206.83,2025_S2,17,2025,184.73,211,166
351850,GUAREÍ,SP,205.33,2025,210.33,2025_S2,36,2022,187.63,213,155
432020,SEBERI,RS,205.33,2025,206.17,2025_S1,21,2024,177.4,210,144
430400,CAMPO NOVO,RS,205.33,2026,205.83,2025_S2,21,2024,189.88,212,173
171488,NOVA OLINDA,TO,205.0,2026,209.83,2025_S2,41,2024,150.97,213,102
315170,POÇO FUNDO,MG,204.89,2021,207.0,2021_S1,27,2023,193.93,208,173
310825,BONITO DE MINAS,MG,204.83,2025,209.5,2025_S2,16,2024,185.88,214,170
230060,ALTANEIRA,CE,204.75,2025,209.0,2025_S2,34,2024,160.7,214,122
211102,SÃO JOÃO DO CARÚ,MA,204.58,2025,205.67,2025_S2,30,2024,180.43,208,157
412667,TAMARANA,PR,204.42,2025,206.67,2025_S2,19,2022,188.98,211,168
130010,ANORI,AM,204.42,2025,212.17,2025_S2,59,2024,144.7,218,85
290035,ADUSTINA,BA,204.33,2026,204.67,2025_S2,50,2024,142.45,209,105
311680,COLUNA,MG,204.33,2026,206.33,2025_S2,23,2023,183.18,208,157
280490,PACATUBA,SE,204.25,2025,209.33,2021_S1,51,2021,194.47,239,174
260770,ITAPETIM,PE,204.17,2025,208.5,2025_S1,26,2024,179.4,210,153
500200,BATAYPORÃ,MS,204.17,2025,204.5,2025_S2,23,2024,185.48,207,167
317052,URUCUIA,MG,204.0,2026,209.67,2025_S2,30,2025,151.15,212,106
293170,TERRA NOVA,BA,204.0,2025,207.33,2025_S2,35,2022,170.32,211,125
310750,BOM JARDIM DE MINAS,MG,204.0,2025,206.67,2025_S2,23,2023,177.73,208,147
430600,CRISSIUMAL,RS,203.83,2025,207.5,2025_S2,26,2024,181.1,212,159
210790,PASSAGEM FRANCA,MA,203.5,2025,207.17,2025_S2,19,2023,176.45,210,145
355580,URÂNIA,SP,203.33,2026,203.33,2026_S1,24,2025,172.9,206,159
317150,MATHIAS LOBATO,MG,203.33,2025,205.83,2025_S2,17,2023,186.37,208,163
316670,SERRA DOS AIMORÉS,MG,203.33,2026,203.33,2026_S1,28,2024,164.07,208,146
420395,CAPIVARI DE BAIXO,SC,203.33,2026,203.33,2026_S1,36,2024,162.82,206,134
150304,FLORESTA DO ARAGUAIA,PA,203.0,2026,207.83,2025_S2,45,2023,153.3,212,105
411020,INÁCIO MARTINS,PR,202.83,2024,204.67,2024_S2,13,2023,190.88,207,173
411007,IMBAÚ,PR,202.75,2025,207.17,2025_S1,28,2023,171.65,209,136
410470,CARLÓPOLIS,PR,202.67,2026,203.33,2025_S2,28,2024,163.6,207,126
421825,TIMBÓ GRANDE,SC,202.67,2026,205.67,2025_S2,31,2024,156.18,208,118
290940,COTEGIPE,BA,202.58,2025,206.67,2025_S2,15,2022,195.3,210,180
410500,CATANDUVAS,PR,202.42,2024,206.0,2024_S2,28,2023,179.5,208,151
315510,RIO DO PRADO,MG,202.33,2026,202.33,2026_S1,41,2024,134.85,207,97
353150,MONTE AZUL PAULISTA,SP,202.33,2025,205.17,2025_S2,20,2023,183.15,210,162
220330,DEMERVAL LOBÃO,PI,202.33,2026,207.5,2025_S2,23,2025,174.37,210,153
291570,ITAMARI,BA,202.25,2025,203.0,2025_S2,43,2024,151.95,205,105
430940,GUAPORÉ,RS,202.08,2024,207.17,2024_S2,26,2025,183.47,211,155
260415,CASINHAS,PE,202.0,2026,205.17,2025_S2,30,2024,154.88,212,119
260240,BREJÃO,PE,201.67,2026,203.33,2025_S2,20,2025,176.02,209,149
170900,GOIATINS,TO,201.67,2026,202.0,2025_S2,33,2024,155.28,207,128
291660,ITAPITANGA,BA,201.33,2026,201.33,2026_S1,24,2024,167.48,205,146
354090,PRADÓPOLIS,SP,201.17,2025,203.83,2025_S2,19,2024,179.35,209,158
312620,FORMOSO,MG,201.0,2026,201.0,2026_S1,25,2024,176.92,205,158
311070,CAMBUQUIRA,MG,201.0,2026,201.0,2026_S1,24,2023,171.4,204,142
431510,PORTO XAVIER,RS,200.92,2025,202.33,2025_S1,17,2023,182.82,205,164
311455,CARNEIRINHO,MG,200.83,2025,202.17,2025_S2,15,2022,192.48,204,177
290115,AMÉRICA DOURADA,BA,200.5,2025,202.33,2025_S2,25,2024,181.95,206,165
320260,ICONHA,ES,200.5,2025,203.5,2025_S1,26,2023,172.0,208,134
120013,BUJARI,AC,200.33,2026,200.33,2026_S1,37,2025,137.35,205,96
431330,NOVA PRATA,RS,200.08,2025,202.33,2025_S2,25,2024,161.13,207,111
270810,SANTANA DO MUNDAÚ,AL,200.0,2026,200.0,2026_S1,22,2025,179.7,203,166
430680,ENCANTADO,RS,200.0,2025,203.17,2025_S2,18,2023,179.32,206,155
250360,CAIÇARA,PB,200.0,2026,200.83,2025_S2,24,2024,174.03,205,153
240380,FLORÂNIA,RN,199.92,2025,202.17,2024_S1,21,2023,190.88,206,172
317005,UBAPORANGA,MG,199.0,2026,201.67,2025_S2,23,2024,173.37,208,148
330180,ENGENHEIRO PAULO DE FRONTIN,RJ,198.83,2025,200.83,2025_S1,36,2024,165.4,207,125
171575,PALMEIRÓPOLIS,TO,198.67,2026,200.17,2025_S2,18,2024,187.05,206,173
260845,LAGOA DO CARRO,PE,198.67,2025,202.33,2025_S2,36,2023,150.63,206,106
150796,TERRA ALTA,PA,198.5,2025,200.17,2025_S1,15,2024,192.7,201,180
314670,PALMA,MG,198.42,2025,200.83,2025_S2,21,2022,182.35,203,150
520725,DOVERLÂNDIA,GO,198.33,2026,198.33,2026_S1,27,2024,162.22,201,143
261280,SANTA TEREZINHA,PE,198.33,2026,198.33,2026_S1,28,2025,169.0,200,145
500348,DOIS IRMÃOS DO BURITI,MS,198.33,2026,198.33,2026_S1,24,2023,169.97,202,142
420570,GAROPABA,SC,198.25,2025,199.33,2025_S2,38,2024,140.85,202,92
261200,SAIRÉ,PE,198.08,2025,201.0,2025_S2,15,2024,184.75,204,176
420690,IBIRAMA,SC,197.92,2025,198.5,2025_S2,26,2024,166.33,201,135
412080,QUATRO BARRAS,PR,197.92,2025,199.33,2024_S2,35,2022,178.03,205,142
412050,PRIMEIRO DE MAIO,PR,197.5,2025,198.0,2025_S2,27,2024,173.15,202,152
210390,DUQUE BACELAR,MA,197.17,2025,198.0,2025_S1,20,2024,176.13,200,156
311700,COMERCINHO,MG,197.08,2025,202.5,2025_S2,17,2025,164.55,204,135
314535,NOVO ORIENTE DE MINAS,MG,197.0,2026,197.0,2026_S1,41,2025,137.15,203,98
260920,MARAIAL,PE,196.83,2025,198.83,2025_S1,39,2024,148.85,202,96
354000,POMPÉIA,SP,196.67,2026,200.67,2025_S2,42,2025,184.92,203,161
290327,BARROCAS,BA,196.67,2026,201.67,2025_S2,30,2024,153.38,207,118
315770,SANTA JULIANA,MG,196.33,2026,196.33,2026_S1,27,2022,169.45,200,129
351170,CHARQUEADA,SP,196.25,2025,199.17,2025_S1,34,2022,155.72,205,100
291960,MACAJUBA,BA,196.08,2025,198.0,2025_S2,20,2024,166.5,202,142
430590,CORONEL BICACO,RS,196.0,2026,196.0,2026_S1,25,2022,161.3,199,119
421340,PONTE SERRADA,SC,195.92,2025,199.17,2025_S2,14,2023,175.25,202,152
310950,CABO VERDE,MG,195.75,2025,201.33,2025_S1,22,2025,184.2,203,171
240910,PASSA E FICA,RN,195.5,2025,196.17,2025_S1,24,2023,167.95,197,140
431600,ROLANTE,RS,195.33,2026,195.33,2026_S1,19,2024,166.75,197,143
510610,NOSSA SENHORA DO LIVRAMENTO,MT,195.33,2026,195.33,2026_S1,50,2024,127.55,199,90
412215,RIO BONITO DO IGUAÇU,PR,195.33,2026,195.33,2026_S1,39,2025,170.0,197,155
410850,GENERAL CARNEIRO,PR,195.17,2025,202.67,2025_S2,39,2024,147.82,205,109
291140,GLÓRIA,BA,195.0,2026,195.83,2025_S2,45,2023,140.93,200,98
312590,FERROS,MG,195.0,2025,196.83,2025_S1,15,2021,185.72,199,172
353200,MORUNGABA,SP,194.83,2025,197.5,2025_S1,34,2023,156.78,200,105
290550,CALDEIRÃO GRANDE,BA,194.67,2026,197.33,2025_S2,21,2024,161.37,205,131
350540,BARRA DO TURVO,SP,194.67,2022,195.0,2022_S1,29,2025,186.57,199,154
292390,PAU BRASIL,BA,194.42,2025,195.0,2025_S2,23,2021,172.48,199,155
320313,JOÃO NEIVA,ES,194.33,2025,198.17,2024_S1,26,2023,177.23,205,153
350460,BADY BASSITT,SP,194.17,2025,194.33,2025_S2,32,2023,165.35,197,133
510558,MARCELÂNDIA,MT,194.0,2025,199.33,2024_S2,28,2024,171.07,202,141
230480,GRANJEIRO,CE,193.92,2025,199.0,2025_S2,32,2024,159.48,205,136
260430,CEDRO,PE,193.75,2025,196.17,2025_S2,20,2024,171.2,199,153
410290,BITURUNA,PR,193.67,2026,197.33,2025_S2,21,2024,169.53,203,142
280280,INDIAROBA,SE,193.67,2026,193.67,2026_S1,23,2025,148.22,195,118
210177,BELA VISTA DO MARANHÃO,MA,193.67,2021,199.33,2021_S1,22,2024,182.42,201,169
260180,BETÂNIA,PE,193.42,2025,194.0,2025_S1,32,2024,162.73,199,124
260440,CHÃ DE ALEGRIA,PE,193.42,2025,197.33,2025_S2,27,2024,158.23,203,128
160015,PEDRA BRANCA DO AMAPARI,AP,193.33,2026,193.33,2026_S1,46,2022,132.3,200,80
291995,MAETINGA,BA,193.33,2026,193.33,2026_S1,26,2023,146.87,196,113
310300,ANTÔNIO DIAS,MG,193.17,2025,193.67,2025_S1,27,2024,163.07,196,130
316150,SÃO GERALDO,MG,193.17,2024,197.0,2024_S1,45,2024,167.27,210,144
211105,SÃO JOÃO DO PARAÍSO,MA,193.0,2026,196.17,2025_S2,16,2024,171.38,198,147
351750,GUAPIAÇU,SP,193.0,2025,194.17,2025_S2,22,2023,170.58,198,139
350990,CANANÉIA,SP,193.0,2026,196.67,2025_S2,92,2025,162.78,201,109
313050,ILICÍNEA,MG,193.0,2024,196.0,2024_S2,32,2023,169.02,197,132
313005,ICARAÍ DE MINAS,MG,192.67,2026,195.0,2025_S2,27,2024,158.7,197,130
521440,NAZÁRIO,GO,192.67,2026,192.67,2026_S1,18,2025,160.58,197,134
210560,JOSELÂNDIA,MA,192.67,2026,193.0,2025_S2,23,2024,157.1,195,127
510805,TERRA NOVA DO NORTE,MT,192.67,2026,192.67,2026_S1,21,2023,157.43,196,128
521300,MAURILÂNDIA,GO,192.58,2025,200.17,2024_S2,41,2024,158.55,208,120
521680,PETROLINA DE GOIÁS,GO,192.33,2026,192.33,2026_S1,22,2025,166.43,195,147
350790,BROTAS,SP,192.17,2025,192.67,2025_S2,18,2024,168.97,195,146
261590,TUPARETAMA,PE,191.67,2025,192.5,2025_S1,15,2025,171.68,198,151
353480,OURO VERDE,SP,191.55,2025,193.2,2025_S1,42,2023,168.42,196,138
315725,SANTA BÁRBARA DO LESTE,MG,190.83,2024,194.67,2025_S1,18,2023,173.18,195,149
240170,BOM JESUS,RN,190.75,2025,192.33,2025_S2,44,2024,135.62,194,77
210680,MIRINZAL,MA,190.75,2025,191.5,2025_S2,20,2024,164.33,194,139
312700,FRONTEIRA,MG,190.75,2025,194.0,2025_S2,21,2023,163.77,196,128
410510,CENTENÁRIO DO SUL,PR,190.5,2025,195.17,2025_S1,22,2024,162.15,197,123
430910,GRAMADO,RS,190.42,2024,193.0,2024_S2,18,2023,173.38,196,152
430120,ARROIO DO TIGRE,RS,190.42,2024,191.67,2025_S2,36,2023,170.57,195,143
500020,ÁGUA CLARA,MS,190.33,2025,192.0,2025_S2,21,2022,166.33,195,132
261140,PRIMAVERA,PE,190.33,2025,191.33,2025_S2,29,2024,156.92,194,132
290610,CANÁPOLIS,BA,190.33,2026,192.5,2025_S2,19,2025,174.23,195,158
320334,MARECHAL FLORIANO,ES,190.17,2025,190.67,2025_S2,17,2023,171.53,198,137
314675,PALMÓPOLIS,MG,190.0,2026,190.0,2025_S2,24,2024,150.45,193,121
291185,HELIÓPOLIS,BA,190.0,2026,190.0,2026_S1,31,2024,135.0,194,95
292650,RIBEIRA DO AMPARO,BA,189.92,2025,191.83,2025_S2,25,2024,164.12,195,138
431320,NOVA PETRÓPOLIS,RS,189.67,2024,195.5,2024_S2,78,2026,146.25,199,83
316245,SÃO JOÃO DAS MISSÕES,MG,189.67,2026,189.83,2025_S2,31,2022,157.78,195,120
411270,JATAIZINHO,PR,189.42,2025,190.33,2025_S2,36,2024,158.17,192,130
432380,XANGRI-LÁ,RS,189.33,2026,189.33,2025_S2,39,2024,128.97,192,74
230990,PACUJÁ,CE,189.33,2026,189.33,2026_S1,31,2025,137.57,193,107
317190,VIRGOLÂNDIA,MG,189.33,2021,191.0,2023_S1,25,2023,185.07,194,167
312560,FELISBURGO,MG,188.92,2024,193.33,2024_S1,46,2024,156.13,205,103
311920,COROACI,MG,188.58,2025,194.0,2025_S2,20,2025,167.1,196,146
432010,SARANDI,RS,188.33,2025,188.5,2025_S1,17,2024,179.47,195,168
220060,ANGICAL DO PIAUÍ,PI,188.33,2026,188.33,2025_S2,13,2022,170.6,192,148
353630,PATROCÍNIO PAULISTA,SP,188.17,2025,193.33,2025_S2,58,2025,171.75,198,140
315727,SANTA BÁRBARA DO MONTE VERDE,MG,187.67,2026,187.67,2026_S1,64,2024,96.33,199,23
317057,VARGEM ALEGRE,MG,187.67,2025,188.83,2025_S2,25,2023,158.42,192,127
313980,MAR DE ESPANHA,MG,187.58,2025,188.33,2025_S1,21,2022,166.0,191,128
290180,ANTÔNIO GONÇALVES,BA,187.5,2025,188.17,2025_S2,24,2024,158.07,190,131
431395,PANTANO GRANDE,RS,187.33,2026,187.33,2026_S1,18,2024,156.18,191,133
510279,CARLINDA,MT,187.17,2024,188.33,2024_S1,28,2023,170.45,203,149
172208,WANDERLÂNDIA,TO,187.0,2026,188.83,2025_S2,24,2025,146.87,192,117
250800,JURU,PB,187.0,2026,187.0,2026_S1,25,2025,151.77,189,129
521530,ORIZONA,GO,186.92,2025,187.17,2025_S1,25,2024,156.12,191,126
351450,DUARTINA,SP,186.67,2025,188.33,2025_S2,19,2022,157.92,190,123
500230,BRASILÂNDIA,MS,186.67,2026,186.67,2026_S1,17,2024,158.5,191,133
353600,PARAPUÃ,SP,186.5,2025,187.33,2025_S2,22,2024,172.98,189,151
510520,JUSCIMEIRA,MT,186.33,2026,187.5,2025_S2,19,2023,161.07,190,136
171620,PARANÃ,TO,186.0,2026,187.0,2025_S2,48,2025,129.52,192,94
320310,JERÔNIMO MONTEIRO,ES,186.0,2026,186.0,2026_S1,28,2024,146.72,187,112
421830,TRÊS BARRAS,SC,186.0,2026,188.67,2025_S2,42,2025,125.57,193,89
313160,IRAÍ DE MINAS,MG,185.92,2025,188.0,2025_S2,26,2024,158.18,194,134
313650,JORDÂNIA,MG,185.67,2026,191.83,2025_S2,29,2024,144.6,194,105
412150,REBOUÇAS,PR,185.67,2026,186.0,2025_S2,12,2025,166.92,189,150
251010,NOVA FLORESTA,PB,185.58,2025,190.5,2025_S2,41,2024,128.43,193,85
315990,SANTO ANTÔNIO DO AMPARO,MG,185.5,2025,186.17,2025_S1,27,2024,164.23,190,144
316420,SÃO ROMÃO,MG,185.33,2026,191.83,2025_S2,24,2025,162.17,195,141
510787,SAPEZAL,MT,185.0,2026,185.0,2026_S1,32,2024,124.97,187,85
270600,OLIVENÇA,AL,185.0,2026,185.0,2026_S1,22,2025,153.37,190,130
260780,ITAQUITINGA,PE,185.0,2026,185.67,2025_S2,21,2024,160.75,190,140
412402,SANTA TEREZA DO OESTE,PR,185.0,2026,185.0,2026_S1,27,2025,144.33,187,113
315850,SANTANA DE PIRAPAMA,MG,184.83,2023,185.33,2023_S2,60,2024,164.68,191,126
315217,PONTO DOS VOLANTES,MG,184.75,2023,197.67,2024_S1,110,2024,151.63,202,92
210800,PASTOS BONS,MA,184.67,2026,190.83,2025_S2,20,2025,152.27,192,128
231060,PENAFORTE,CE,184.67,2026,187.67,2025_S2,22,2025,151.43,189,128
220540,JOAQUIM PIRES,PI,184.67,2026,184.67,2026_S1,36,2024,116.63,189,58
412180,RIBEIRÃO CLARO,PR,184.5,2025,187.5,2025_S2,34,2024,150.53,189,117
411670,NOVA AURORA,PR,184.33,2026,184.5,2025_S2,13,2022,171.05,188,161
290685,CAPELA DO ALTO ALEGRE,BA,184.33,2025,186.33,2025_S2,14,2024,168.35,188,150
313865,LONTRA,MG,184.33,2026,186.0,2025_S2,36,2022,143.22,189,90
310650,BERILO,MG,184.33,2025,185.33,2025_S2,23,2022,161.65,192,130
231123,POTIRETAMA,CE,184.33,2026,184.33,2026_S1,19,2025,155.52,192,144
210455,GOVERNADOR EDISON LOBÃO,MA,184.25,2025,189.33,2025_S2,23,2024,150.27,191,123
355000,SÃO LUIZ DO PARAITINGA,SP,184.25,2025,187.0,2025_S2,16,2024,167.68,189,154
310285,ANGELÂNDIA,MG,184.17,2025,184.83,2025_S1,15,2022,167.93,188,146
420400,CATANDUVAS,SC,184.11,2021,187.67,2021_S1,12,2021,175.42,188,165
241480,VERA CRUZ,RN,184.0,2026,186.67,2025_S2,40,2024,131.5,193,71
260825,JUCATI,PE,184.0,2025,189.0,2025_S2,18,2023,160.93,192,138
210080,ANAPURUS,MA,183.83,2025,186.83,2025_S2,28,2024,150.17,190,117
312730,GALILÉIA,MG,183.58,2024,188.33,2024_S1,18,2023,173.25,190,155
311420,CARMO DO CAJURU,MG,183.42,2025,187.5,2025_S2,14,2023,172.73,190,159
260150,BELÉM DE MARIA,PE,183.33,2026,185.17,2025_S2,26,2024,149.55,188,124
270790,SANTA LUZIA DO NORTE,AL,183.0,2025,184.5,2025_S2,37,2024,155.45,187,124
317050,URUCÂNIA,MG,183.0,2026,183.67,2025_S2,19,2022,143.88,187,108
315110,PIRAPETINGA,MG,182.5,2025,184.67,2025_S1,23,2024,159.77,187,134
411080,IRETAMA,PR,182.42,2025,183.83,2025_S2,10,2025,174.1,188,165
290515,CAETANOS,BA,182.0,2026,182.83,2025_S2,33,2024,138.52,186,94
355360,TAPIRATIBA,SP,181.83,2025,182.0,2025_S2,30,2023,146.63,186,106
240270,CERRO CORÁ,RN,181.75,2025,184.33,2025_S1,25,2024,164.88,187,148
355720,CHAVANTES,SP,181.75,2024,186.17,2025_S1,25,2025,168.57,190,139
270460,MARAVILHA,AL,181.5,2025,184.0,2025_S2,23,2024,156.57,186,138
430710,HERVAL,RS,181.5,2024,186.17,2024_S2,19,2025,171.55,190,154
354080,POTIRENDABA,SP,181.42,2025,182.33,2025_S2,25,2024,155.18,184,131
355300,TAGUAÍ,SP,181.33,2026,181.33,2026_S1,63,2024,150.37,183,112
352760,LUÍS ANTÔNIO,SP,181.17,2025,181.83,2025_S1,17,2023,160.32,190,117
316550,SARDOÁ,MG,181.08,2025,181.33,2025_S1,38,2023,131.47,186,84
210235,BURITIRANA,MA,181.0,2026,181.0,2026_S1,27,2024,153.67,185,131
316890,TIROS,MG,181.0,2025,181.33,2025_S1,17,2024,165.03,185,153
230365,CATUNDA,CE,181.0,2026,181.0,2026_S1,29,2023,134.07,184,101
210825,PEDRO DO ROSÁRIO,MA,181.0,2026,181.0,2026_S1,51,2024,120.17,186,84
220750,PALMEIRAIS,PI,181.0,2026,181.0,2026_S1,28,2024,130.58,183,92
411560,MATELÂNDIA,PR,180.83,2025,181.17,2025_S2,16,2025,169.53,190,158
291630,ITAPEBI,BA,180.83,2025,181.83,2025_S2,21,2024,162.27,184,147
314760,PASSA QUATRO,MG,180.83,2025,184.0,2025_S2,17,2024,163.38,186,145
171660,PEIXE,TO,180.75,2025,183.0,2025_S2,17,2024,161.95,184,145
240700,LUÍS GOMES,RN,180.5,2025,183.17,2025_S2,18,2023,162.03,185,139
412720,TERRA BOA,PR,180.5,2025,180.83,2025_S2,27,2024,151.03,188,124
315570,RIO PIRACICABA,MG,180.42,2025,183.5,2025_S2,16,2023,164.95,186,147
432170,TRÊS COROAS,RS,180.42,2025,182.0,2025_S2,29,2024,143.88,187,111
292730,SALINAS DA MARGARIDA,BA,180.33,2026,180.33,2026_S1,29,2024,129.23,184,92
355600,URUPÊS,SP,180.33,2026,180.33,2026_S1,31,2025,148.5,182,130
312820,GUARACIABA,MG,180.08,2025,181.17,2025_S2,19,2023,161.27,184,139
410305,BOA VISTA DA APARECIDA,PR,180.0,2026,180.0,2026_S1,22,2023,146.18,183,115
350740,BORBOREMA,SP,179.83,2025,179.83,2025_S1,45,2024,151.93,186,122
291875,LAGOA REAL,BA,179.75,2025,184.0,2025_S2,16,2024,160.88,187,146
240320,DOUTOR SEVERIANO,RN,179.75,2024,182.33,2024_S2,12,2021,172.23,183,160
353660,PAULO DE FARIA,SP,179.58,2024,181.0,2024_S2,32,2024,165.03,203,144
510490,JANGADA,MT,179.5,2024,179.67,2024_S1,18,2024,167.5,186,151
293310,VÁRZEA DO POÇO,BA,179.5,2025,179.83,2025_S1,36,2024,147.57,183,119
211245,TURILÂNDIA,MA,179.33,2026,179.33,2026_S1,42,2024,120.43,182,90
510517,JURUENA,MT,179.33,2026,179.33,2026_S1,22,2025,137.77,184,116
430105,ARROIO DO SAL,RS,178.92,2025,179.17,2025_S1,40,2023,127.02,186,81
310910,BUENO BRANDÃO,MG,178.92,2024,181.83,2024_S2,9,2024,170.58,184,158
311130,CAMPO DO MEIO,MG,178.78,2021,184.0,2021_S1,14,2021,173.55,184,165
220240,CAPITÃO DE CAMPOS,PI,178.67,2025,179.5,2025_S2,14,2024,157.83,187,141
130280,MARAÃ,AM,178.33,2026,179.67,2025_S2,56,2025,106.6,189,67
520060,ALTO PARAÍSO DE GOIÁS,GO,178.33,2026,178.33,2026_S1,27,2023,141.55,182,111
500124,ARAL MOREIRA,MS,178.33,2026,180.0,2025_S2,17,2023,159.03,181,143
317170,VIRGÍNIA,MG,178.17,2025,180.0,2025_S1,14,2023,167.4,181,152
316400,SÃO PEDRO DOS FERROS,MG,178.0,2026,181.33,2025_S2,28,2023,140.58,183,98
510720,RIO BRANCO,MT,177.75,2025,183.17,2025_S1,56,2025,146.63,193,126
320440,RIO NOVO DO SUL,ES,177.67,2026,180.67,2025_S2,27,2023,142.42,183,107
290700,CARDEAL DA SILVA,BA,177.67,2026,181.17,2025_S2,20,2023,147.57,184,118
150200,CACHOEIRA DO ARARI,PA,177.33,2026,177.33,2026_S1,48,2023,128.88,181,89
210317,CENTRO NOVO DO MARANHÃO,MA,177.33,2026,184.5,2025_S2,26,2024,134.88,186,101
421105,MONTE CARLO,SC,177.17,2024,179.83,2024_S2,17,2024,163.8,183,137
291130,GENTIO DO OURO,BA,177.08,2025,177.83,2025_S2,16,2023,168.58,180,154
250350,CACIMBA DE DENTRO,PB,177.0,2026,177.0,2026_S1,42,2025,145.18,180,119
411910,PIÊN,PR,177.0,2026,177.0,2026_S1,30,2025,151.87,183,135
353820,PINHALZINHO,SP,177.0,2025,177.33,2025_S1,37,2024,134.52,179,90
291992,MADRE DE DEUS,BA,176.67,2025,180.67,2025_S2,32,2024,127.82,184,86
270660,PAULO JACINTO,AL,176.67,2021,184.33,2021_S1,29,2021,164.58,200,150
314050,MARTINHO CAMPOS,MG,176.5,2025,178.17,2025_S2,10,2023,171.73,180,164
260100,ANGELIM,PE,176.25,2025,176.67,2025_S2,15,2023,160.62,182,142
220500,ITAINÓPOLIS,PI,176.0,2026,176.0,2026_S1,30,2024,125.62,179,92
250820,LAGOA DE DENTRO,PB,176.0,2026,176.17,2025_S2,20,2024,145.2,181,122
241290,SÃO TOMÉ,RN,176.0,2026,176.0,2026_S1,40,2024,128.07,180,86
171190,LAGOA DA CONFUSÃO,TO,176.0,2026,176.0,2026_S1,27,2024,125.9,178,93
330460,SANTA MARIA MADALENA,RJ,176.0,2026,176.0,2026_S1,19,2022,140.52,181,107
421175,OTACÍLIO COSTA,SC,175.92,2025,177.67,2025_S2,22,2024,146.65,179,107
410465,CARAMBEÍ,PR,175.75,2025,177.5,2025_S1,24,2024,157.72,180,131
412330,SANTA CRUZ DE MONTE CASTELO,PR,175.67,2026,178.0,2025_S2,22,2024,161.72,181,146
314910,PEDRALVA,MG,175.67,2025,175.83,2025_S2,12,2022,164.8,177,149
150611,QUATIPURU,PA,175.5,2025,183.83,2025_S2,31,2024,126.83,186,80
291200,IBIASSUCÊ,BA,175.33,2026,178.0,2025_S2,17,2024,145.47,180,121
211285,VILA NOVA DOS MARTÍRIOS,MA,175.33,2026,175.33,2026_S1,20,2022,151.93,181,123
354860,SÃO BENTO DO SAPUCAÍ,SP,175.08,2025,176.67,2025_S1,13,2023,166.1,180,152
312385,ENTRE FOLHAS,MG,175.08,2025,177.0,2025_S1,22,2023,152.68,179,125
315550,RIO PARANAÍBA,MG,175.08,2025,177.83,2025_S2,14,2022,160.97,179,141
250640,GURINHÉM,PB,175.0,2026,175.0,2026_S1,31,2024,158.33,179,139
280445,NOSSA SENHORA APARECIDA,SE,175.0,2026,177.0,2025_S2,26,2025,133.78,179,109
140045,PACARAIMA,RR,175.0,2025,180.17,2025_S2,36,2023,136.0,184,99
420390,CAPINZAL,SC,174.92,2025,175.33,2025_S1,30,2025,166.78,181,151
230010,ABAIARA,CE,174.75,2025,176.5,2025_S2,22,2024,152.25,180,133
241340,SERRA NEGRA DO NORTE,RN,174.67,2026,179.67,2025_S2,23,2025,147.23,182,132
431660,SANANDUVA,RS,174.5,2025,176.83,2025_S1,15,2025,170.18,181,150
290090,ALMADINA,BA,174.5,2025,175.5,2025_S1,13,2025,163.88,181,152
250570,DONA INÊS,PB,174.25,2025,175.83,2025_S2,27,2024,148.02,179,126
430517,CERRO GRANDE DO SUL,RS,174.08,2025,178.67,2025_S1,16,2024,159.9,183,141
314085,MATIAS CARDOSO,MG,174.0,2025,174.0,2025_S1,24,2023,144.05,178,101
421780,TAIÓ,SC,173.75,2025,176.0,2025_S2,16,2026,154.88,178,138
220030,ALTO LONGÁ,PI,173.67,2026,173.67,2026_S1,34,2024,124.77,178,89
315015,PIEDADE DE CARATINGA,MG,173.42,2025,175.5,2025_S1,25,2024,146.65,178,124
290265,BANZAÊ,BA,173.33,2023,178.5,2024_S1,21,2024,166.55,181,152
510260,CAMPINÁPOLIS,MT,173.0,2026,173.0,2026_S1,17,2024,140.13,176,117
420100,ANITA GARIBALDI,SC,172.83,2025,174.0,2025_S2,20,2022,150.47,179,121
355610,VALENTIM GENTIL,SP,172.75,2025,178.33,2025_S2,44,2025,159.67,180,136
320425,PONTO BELO,ES,172.67,2026,177.33,2025_S2,23,2024,134.33,180,103
250940,MOGEIRO,PB,172.33,2026,172.33,2026_S1,32,2025,118.1,178,76
320030,ALFREDO CHAVES,ES,172.33,2026,172.83,2025_S2,24,2023,139.5,175,107
420780,IRANI,SC,172.25,2025,176.5,2025_S1,18,2025,163.15,179,153
350880,CAFELÂNDIA,SP,172.25,2024,173.0,2024_S2,16,2023,162.77,177,150
220250,CARACOL,PI,172.25,2025,173.0,2025_S2,29,2024,136.62,177,102
230720,JATI,CE,172.0,2026,172.0,2026_S1,21,2024,143.87,174,123
292690,RIO DO PIRES,BA,172.0,2025,173.83,2025_S2,19,2024,154.93,177,141
521140,ITAUÇU,GO,172.0,2026,172.0,2026_S1,34,2024,125.85,174,96
292105,MATINA,BA,171.92,2025,172.83,2025_S1,13,2022,164.98,175,151
250930,MATARACA,PB,171.67,2026,171.67,2026_S1,34,2025,127.78,175,102
241420,TIBAU DO SUL,RN,171.33,2026,174.5,2025_S2,34,2024,116.82,177,75
250905,MARCAÇÃO,PB,171.33,2026,171.33,2026_S1,39,2025,114.17,175,89
292937,SÃO JOSÉ DO JACUÍPE,BA,170.92,2025,171.83,2025_S1,16,2024,157.97,175,145
292940,SÃO MIGUEL DAS MATAS,BA,170.83,2025,172.67,2025_S1,15,2024,157.93,176,141
351515,ENGENHEIRO COELHO,SP,170.75,2025,171.0,2025_S1,28,2024,139.52,178,107
411275,JESUÍTAS,PR,170.67,2025,172.5,2025_S2,10,2022,164.67,176,154
410680,CRUZ MACHADO,PR,170.42,2025,171.83,2025_S2,14,2024,160.82,176,151
350275,ARAÇARIGUAMA,SP,170.42,2024,174.5,2024_S2,37,2024,139.92,190,114
420880,JAGUARUNA,SC,170.42,2025,171.67,2025_S2,25,2024,141.18,174,114
520400,CABECEIRAS,GO,170.42,2025,173.17,2025_S2,28,2024,142.78,178,116
240770,MONTANHAS,RN,170.33,2026,172.67,2025_S2,22,2024,134.67,175,105
130002,ALVARÃES,AM,170.33,2025,174.0,2025_S2,38,2024,136.22,177,113
292160,MORPARÁ,BA,170.08,2025,171.67,2025_S1,15,2022,148.95,174,125
315420,RESENDE COSTA,MG,169.92,2025,171.0,2025_S2,14,2022,155.22,177,138
520215,ARAGUAPAZ,GO,169.75,2024,173.5,2024_S2,130,2025,149.82,177,44
250077,APARECIDA,PB,169.33,2026,171.5,2025_S2,14,2024,148.22,174,127
231040,PARAMOTI,CE,169.25,2024,170.17,2024_S1,65,2024,138.55,191,95
311390,CARMO DA CACHOEIRA,MG,169.17,2025,170.0,2025_S1,16,2023,154.68,172,137
410350,CALIFÓRNIA,PR,169.0,2024,173.33,2024_S2,15,2025,156.42,175,140
280610,ROSÁRIO DO CATETE,SE,169.0,2026,169.0,2026_S1,32,2025,107.12,176,79
350670,BOA ESPERANÇA DO SUL,SP,168.75,2025,169.0,2025_S1,39,2024,158.03,172,132
210745,OLINDA NOVA DO MARANHÃO,MA,168.67,2025,169.67,2025_S2,22,2023,137.57,174,109
500400,GLÓRIA DE DOURADOS,MS,168.67,2025,172.0,2025_S2,19,2024,149.9,173,134
351790,GUARACI,SP,168.08,2025,171.5,2025_S1,42,2025,148.03,180,125
411050,IPIRANGA,PR,168.08,2025,170.17,2025_S2,12,2025,158.8,173,149
290395,BOM JESUS DA SERRA,BA,167.83,2025,168.67,2025_S1,15,2024,150.0,171,133
410775,FIGUEIRA,PR,167.75,2024,169.0,2024_S2,16,2022,152.07,172,128
250330,CACHOEIRA DOS ÍNDIOS,PB,167.67,2026,174.33,2025_S2,35,2024,123.38,176,86
251240,PUXINANÃ,PB,167.67,2026,168.67,2025_S2,44,2024,110.3,170,73
130020,ATALAIA DO NORTE,AM,167.33,2026,167.33,2026_S1,28,2024,115.93,183,60
351990,IEPÊ,SP,167.33,2025,167.83,2025_S1,7,2022,163.17,170,157
290450,BROTAS DE MACAÚBAS,BA,167.17,2025,169.0,2025_S2,18,2024,152.45,172,138
140017,CANTÁ,RR,167.17,2025,170.17,2025_S2,46,2024,113.55,174,66
290510,CAÉM,BA,167.11,2021,175.33,2021_S1,26,2021,152.28,185,135
241335,SERRA DO MEL,RN,167.0,2026,167.0,2026_S1,28,2024,111.63,171,66
411800,PARAÍSO DO NORTE,PR,167.0,2026,167.0,2026_S1,22,2025,128.3,172,104
412380,SANTA IZABEL DO OESTE,PR,166.89,2021,172.0,2021_S1,16,2024,150.87,175,138
410725,DOURADINA,PR,166.42,2025,169.17,2025_S2,14,2024,145.5,174,125
410345,CAFELÂNDIA,PR,166.33,2025,167.67,2025_S2,23,2024,139.55,171,112
410600,CONGONHINHAS,PR,166.11,2021,166.33,2021_S2,88,2022,125.95,170,82
312650,FRANCISCO BADARÓ,MG,166.08,2025,169.67,2025_S2,16,2024,142.93,173,120
412370,SANTA ISABEL DO IVAÍ,PR,165.67,2026,165.67,2026_S1,23,2024,136.47,168,116
521910,SANTA BÁRBARA DE GOIÁS,GO,165.67,2026,165.83,2025_S2,19,2024,137.75,170,113
520320,BARRO ALTO,GO,165.33,2026,165.33,2026_S1,22,2023,129.3,169,101
431700,SANTANA DA BOA VISTA,RS,165.33,2025,166.0,2025_S2,11,2023,151.72,169,135
291990,MACURURÉ,BA,165.0,2025,167.0,2025_S2,22,2023,146.78,168,126
430512,CERRITO,RS,164.67,2026,164.67,2026_S1,23,2024,133.8,171,96
510190,BRASNORTE,MT,164.33,2026,164.33,2026_S1,28,2023,114.37,169,76
421370,POUSO REDONDO,SC,164.25,2025,164.5,2025_S2,23,2026,152.88,168,136
411140,IVAÍ,PR,164.17,2025,165.5,2025_S2,12,2024,150.53,171,142
220650,MONSENHOR HIPÓLITO,PI,164.0,2026,164.0,2026_S1,20,2024,126.88,167,106
420340,CAMPO BELO DO SUL,SC,163.92,2025,164.5,2025_S1,26,2024,141.55,168,113
312595,FERVEDOURO,MG,163.83,2025,166.67,2025_S2,27,2022,136.98,170,103
250090,ARARA,PB,163.67,2026,167.17,2025_S2,14,2025,149.32,169,142
210173,BELÁGUA,MA,163.58,2025,164.83,2025_S2,22,2024,132.75,168,107
270200,COITÉ DO NÓIA,AL,163.33,2026,163.33,2026_S1,22,2024,121.87,165,96
355190,SEVERÍNIA,SP,163.25,2025,164.5,2025_S1,14,2025,155.43,170,138
316260,SÃO JOÃO DO ORIENTE,MG,163.17,2025,165.67,2025_S1,13,2023,147.4,167,125
290240,AURELINO LEAL,BA,163.17,2024,164.33,2024_S2,30,2023,144.33,168,122
292350,PALMEIRAS,BA,163.08,2024,166.17,2025_S1,13,2025,154.57,167,144
250520,CUITEGI,PB,163.0,2026,163.0,2026_S1,23,2024,130.98,166,110
355270,TABATINGA,SP,163.0,2026,163.0,2026_S1,40,2024,125.7,166,96
312220,DIVINOLÂNDIA DE MINAS,MG,163.0,2026,163.0,2026_S1,25,2023,124.85,167,97
290225,ARATACA,BA,162.67,2026,162.67,2026_S1,19,2024,132.67,171,112
292273,NOVA FÁTIMA,BA,162.67,2026,163.67,2025_S2,15,2025,138.2,165,116
421120,MORRO DA FUMAÇA,SC,162.58,2025,163.33,2025_S1,15,2024,144.53,166,122
330590,TRAJANO DE MORAES,RJ,162.5,2025,164.67,2025_S1,17,2024,148.93,167,131
210355,CONCEIÇÃO DO LAGO-AÇU,MA,162.42,2025,164.0,2025_S2,17,2023,140.4,166,117
412510,SÃO JOÃO DO TRIUNFO,PR,162.42,2025,163.17,2025_S1,14,2026,148.23,167,134
351900,HERCULÂNDIA,SP,162.25,2025,164.83,2025_S1,22,2024,141.52,167,122
150450,MELGAÇO,PA,162.0,2026,162.0,2026_S1,112,2023,117.6,168,34
316330,SÃO JOSÉ DO DIVINO,MG,162.0,2026,163.33,2025_S2,17,2023,138.08,166,113
430140,ARVOREZINHA,RS,162.0,2026,166.33,2025_S2,16,2024,138.1,168,116
311780,CONCEIÇÃO DOS OUROS,MG,161.92,2025,162.0,2025_S1,33,2023,128.87,164,90
330412,QUATIS,RJ,161.67,2025,162.33,2025_S2,28,2023,127.08,165,87
280420,MONTE ALEGRE DE SERGIPE,SE,161.67,2025,163.17,2025_S2,28,2021,138.13,165,111
280240,GARARU,SE,161.67,2025,162.83,2025_S2,18,2024,139.85,164,116
312830,GUARANÉSIA,MG,161.33,2026,161.33,2026_S1,24,2024,127.15,164,104
150110,BAGRE,PA,161.33,2026,161.33,2025_S2,23,2023,138.58,169,107
240210,CAMPO REDONDO,RN,161.33,2026,164.33,2025_S2,15,2025,139.27,166,122
330022,AREAL,RJ,161.25,2024,161.5,2024_S2,18,2023,147.63,166,128
430543,CHUÍ,RS,161.0,2026,162.83,2024_S2,27,2022,144.6,164,110
291430,IRAMAIA,BA,161.0,2026,161.33,2025_S2,27,2024,126.43,167,90
431150,LAVRAS DO SUL,RS,160.92,2024,163.33,2024_S2,10,2023,152.82,165,141
510550,VILA BELA DA SANTÍSSIMA TRINDADE,MT,160.67,2026,160.67,2026_S1,19,2025,127.17,162,107
290480,CAATIBA,BA,160.67,2021,163.0,2021_S1,49,2022,134.6,164,110
291010,DOM BASÍLIO,BA,160.67,2025,165.83,2025_S2,47,2022,136.93,167,103
250610,FAGUNDES,PB,160.67,2026,165.67,2025_S2,23,2024,139.02,168,124
316600,SENHORA DE OLIVEIRA,MG,160.58,2025,161.83,2025_S1,13,2025,152.9,167,143
421880,TURVO,SC,160.5,2024,164.5,2024_S2,18,2023,144.25,168,119
412490,SÃO JOÃO DO CAIUÁ,PR,160.33,2024,166.67,2024_S1,50,2024,142.92,175,122
410425,CAMPO MAGRO,PR,160.33,2026,160.33,2026_S1,32,2023,111.0,163,69
150340,INHANGAPI,PA,160.33,2026,160.33,2025_S2,15,2024,141.73,164,123
430860,GARIBALDI,RS,160.25,2025,162.0,2025_S2,20,2023,128.23,166,92
500795,TACURU,MS,160.25,2025,166.5,2024_S2,29,2024,137.63,171,104
314150,MENDES PIMENTEL,MG,160.25,2025,162.67,2025_S2,15,2023,138.97,165,120
293140,TEODORO SAMPAIO,BA,160.17,2025,162.17,2025_S2,24,2024,134.18,164,113
500150,BANDEIRANTES,MS,160.0,2026,160.33,2025_S2,13,2024,142.77,163,132
311670,COIMBRA,MG,159.67,2026,160.17,2025_S2,25,2024,125.48,164,91
521630,PARANAIGUARA,GO,159.58,2025,161.67,2025_S2,23,2024,137.0,164,115
110150,SERINGUEIRAS,RO,159.33,2026,164.67,2025_S2,24,2025,126.45,167,101
211174,SENADOR ALEXANDRE COSTA,MA,159.11,2021,159.17,2021_S2,150,2022,51.67,161,10
150400,LIMOEIRO DO AJURU,PA,159.0,2026,159.0,2026_S1,21,2023,118.65,166,88
316350,SÃO JOSÉ DO JACURI,MG,158.75,2025,160.17,2025_S2,15,2023,144.87,162,128
170770,FILADÉLFIA,TO,158.75,2025,160.33,2025_S2,22,2024,138.58,162,122
316680,SERRA DO SALITRE,MG,158.67,2025,161.0,2025_S2,18,2023,141.35,162,114
291535,ITAGUAÇU DA BAHIA,BA,158.67,2025,162.67,2025_S2,23,2024,126.3,167,97
170030,AGUIARNÓPOLIS,TO,158.58,2025,160.0,2025_S2,22,2022,150.67,163,134
315050,PIMENTA,MG,158.5,2025,158.83,2025_S1,11,2023,140.2,161,115
312890,GUIMARÂNIA,MG,158.33,2026,158.33,2026_S1,13,2022,133.8,160,110
314080,MATIAS BARBOSA,MG,158.33,2025,159.17,2025_S2,21,2024,142.25,162,127
290310,BARRA DO ROCHA,BA,158.33,2026,159.67,2025_S2,12,2024,145.03,161,132
210083,APICUM-AÇU,MA,158.08,2023,179.17,2024_S1,148,2024,112.38,189,8
432166,TRÊS CACHOEIRAS,RS,158.0,2026,158.0,2026_S1,29,2024,112.05,160,82
292467,PIRAÍ DO NORTE,BA,158.0,2025,160.17,2025_S1,28,2022,126.88,164,84
320335,MARILÂNDIA,ES,158.0,2026,160.0,2025_S2,27,2024,119.85,163,88
251190,PITIMBU,PB,157.67,2026,157.67,2026_S1,49,2023,126.63,160,84
250990,NATUBA,PB,157.67,2026,159.5,2025_S2,18,2025,139.72,162,126
250290,BREJO DOS SANTOS,PB,157.33,2026,160.83,2025_S2,26,2024,116.2,162,81
315750,SANTA EFIGÊNIA DE MINAS,MG,157.33,2025,161.67,2025_S2,16,2022,132.15,163,107
270220,COQUEIRO SECO,AL,157.08,2025,160.83,2024_S2,25,2024,147.37,168,138
430190,BARRA DO RIBEIRO,RS,157.0,2026,157.0,2026_S1,15,2023,132.95,160,115
520170,ARAGARÇAS,GO,157.0,2026,157.0,2026_S1,19,2025,133.52,159,122
150034,ÁGUA AZUL DO NORTE,PA,156.83,2025,158.67,2025_S2,12,2024,139.15,161,121
411680,NOVA CANTU,PR,156.67,2025,158.17,2025_S2,16,2024,139.48,160,123
420207,BALNEÁRIO GAIVOTA,SC,156.67,2026,156.67,2026_S1,25,2024,107.73,161,66
312380,ENGENHEIRO NAVARRO,MG,156.67,2026,156.67,2026_S1,22,2024,115.28,160,91
250760,JUAREZ TÁVORA,PB,156.67,2026,156.67,2026_S1,26,2025,109.83,161,81
350630,BERNARDINO DE CAMPOS,SP,156.42,2025,158.67,2025_S1,16,2021,141.5,160,121
430730,ERVAL SECO,RS,156.33,2026,158.5,2025_S2,14,2023,138.12,161,117
315350,ALTO JEQUITIBÁ,MG,156.33,2026,162.0,2025_S2,25,2025,121.42,165,93
355110,SARAPUÍ,SP,156.17,2025,157.5,2025_S2,14,2025,151.3,162,141
352450,JACI,SP,156.17,2022,157.33,2021_S1,9,2024,149.07,160,121
170040,ALMAS,TO,155.92,2025,156.5,2025_S2,13,2024,142.23,158,127
292030,MALHADA DE PEDRAS,BA,155.67,2025,158.0,2025_S2,16,2022,132.03,159,107
280630,SANTA LUZIA DO ITANHY,SE,155.67,2026,156.0,2025_S2,16,2024,137.5,159,121
410560,CIDADE GAÚCHA,PR,155.58,2025,157.0,2025_S2,29,2024,130.85,159,102
320270,ITAGUAÇU,ES,155.5,2025,157.17,2025_S2,20,2024,133.77,159,114
431000,IBIRUBÁ,RS,155.42,2025,156.17,2024_S1,12,2021,150.1,161,133
316950,TUMIRITINGA,MG,155.33,2025,159.5,2025_S2,30,2023,118.03,163,81
260392,CARNAUBEIRA DA PENHA,PE,155.33,2026,155.33,2026_S1,27,2024,119.8,158,95
421170,ORLEANS,SC,155.0,2024,158.0,2024_S1,21,2024,145.27,161,130
315290,PRATÁPOLIS,MG,155.0,2026,155.0,2026_S1,19,2024,133.0,157,113
292275,NOVA IBIÁ,BA,155.0,2026,155.0,2026_S1,25,2024,111.72,157,81
500215,BODOQUENA,MS,155.0,2026,156.5,2025_S2,24,2024,131.82,163,113
130426,UARINI,AM,154.92,2025,155.17,2025_S1,36,2024,121.22,163,76
430064,AMETISTA DO SUL,RS,154.83,2025,156.5,2025_S1,17,2024,140.62,160,121
412070,QUATIGUÁ,PR,154.75,2025,160.0,2025_S2,26,2024,125.35,163,100
520390,BURITI ALEGRE,GO,154.67,2026,154.67,2026_S1,24,2025,117.97,157,103
312235,DIVISA ALEGRE,MG,154.67,2026,154.67,2026_S1,24,2024,126.7,158,101
421750,SEARA,SC,154.58,2025,155.33,2025_S1,15,2024,146.63,158,138
291150,GONGOGI,BA,154.42,2025,155.17,2025_S2,11,2022,144.03,160,131
140050,SÃO JOÃO DA BALIZA,RR,154.33,2026,154.33,2026_S1,31,2024,112.53,157,83
210945,RAPOSA,MA,154.17,2025,154.83,2025_S2,20,2024,131.42,157,106
260690,IGUARACY,PE,154.17,2025,155.33,2025_S2,21,2023,121.32,160,91
310520,BANDEIRA,MG,154.0,2026,154.0,2025_S2,23,2024,122.05,158,97
353500,PALESTINA,SP,154.0,2026,156.83,2025_S1,54,2025,133.25,174,117
420205,BALNEÁRIO BARRA DO SUL,SC,153.83,2025,155.83,2025_S2,35,2024,101.1,159,49
410310,BOCAIÚVA DO SUL,PR,153.83,2025,154.83,2025_S2,26,2024,128.23,157,106
353490,PACAEMBU,SP,153.67,2026,156.33,2025_S1,40,2025,141.0,159,119
430500,CATUÍPE,RS,153.67,2025,154.17,2025_S1,14,2023,139.85,159,124
250720,ITATUBA,PB,153.67,2026,154.17,2025_S2,25,2024,111.97,156,84
314240,MOEMA,MG,153.58,2025,156.0,2024_S2,13,2022,138.0,160,111
210547,JENIPAPO DOS VIEIRAS,MA,153.5,2025,156.17,2025_S2,29,2024,125.85,159,105
510895,NOVA MONTE VERDE,MT,152.83,2025,156.0,2025_S2,26,2024,122.9,158,96
240730,MARCELINO VIEIRA,RN,152.67,2026,155.0,2025_S2,14,2024,134.85,157,121
170215,ARAGUANÃ,TO,152.67,2025,154.17,2025_S2,46,2022,111.72,160,50
520180,ARAGOIÂNIA,GO,152.67,2026,152.67,2026_S1,29,2024,111.68,155,80
420245,BOMBINHAS,SC,152.58,2025,156.33,2025_S2,43,2025,125.47,160,82
150260,COLARES,PA,152.33,2026,152.33,2026_S1,26,2024,105.67,155,61
220420,FRANCISCO SANTOS,PI,152.33,2026,152.33,2026_S1,19,2023,122.13,157,102
420630,GUABIRUBA,SC,152.0,2026,153.33,2025_S2,17,2023,120.33,156,87
351240,CORDEIRÓPOLIS,SP,151.92,2025,153.67,2025_S1,22,2023,134.7,158,110
292205,MULUNGU DO MORRO,BA,151.83,2025,153.17,2025_S2,25,2023,123.05,156,95
315450,RIACHO DOS MACHADOS,MG,151.75,2025,154.67,2025_S2,10,2024,138.52,157,126
431050,IRAÍ,RS,151.75,2025,153.83,2025_S1,17,2023,138.57,155,120
280720,SIRIRI,SE,151.67,2026,151.67,2026_S1,24,2024,111.58,152,72
211200,TASSO FRAGOSO,MA,151.67,2025,155.5,2025_S2,14,2024,135.95,160,122
292593,QUIXABEIRA,BA,151.67,2026,154.83,2025_S2,16,2024,129.02,156,110
150013,ABEL FIGUEIREDO,PA,151.5,2025,154.0,2025_S2,18,2024,130.92,157,113
130395,SÃO SEBASTIÃO DO UATUMÃ,AM,151.33,2026,151.33,2026_S1,80,2024,89.82,159,38
292895,SÃO DOMINGOS,BA,151.33,2026,151.33,2026_S1,28,2024,118.68,155,94
411130,ITAÚNA DO SUL,PR,151.25,2025,152.67,2025_S1,43,2023,129.43,157,97
280640,SANTANA DO SÃO FRANCISCO,SE,151.11,2021,151.17,2021_S2,7,2024,147.73,153,142
260795,JAQUEIRA,PE,151.08,2025,154.17,2025_S2,24,2024,123.02,158,100
510360,DOM AQUINO,MT,151.0,2026,151.0,2026_S1,11,2021,141.78,154,125
313535,JAPONVAR,MG,151.0,2026,151.0,2026_S1,33,2024,95.9,153,52
292610,RETIROLÂNDIA,BA,151.0,2026,151.0,2026_S1,26,2024,108.98,158,91
354370,RINCÃO,SP,150.92,2025,154.0,2025_S1,18,2024,132.45,160,115
210490,GUIMARÃES,MA,150.83,2025,152.67,2025_S2,13,2024,136.75,154,126
352550,JOANÓPOLIS,SP,150.33,2025,153.17,2025_S2,12,2022,132.8,156,107
421890,URUBICI,SC,150.33,2026,150.33,2026_S1,27,2022,126.8,152,94
314435,NAQUE,MG,150.33,2026,153.0,2025_S2,24,2025,114.65,155,87
410030,AGUDOS DO SUL,PR,150.08,2025,158.67,2025_S1,44,2025,119.18,163,87
410380,CAMBIRA,PR,150.0,2025,151.83,2024_S2,25,2024,129.28,156,109
310945,CABECEIRA GRANDE,MG,150.0,2026,151.83,2025_S2,25,2023,110.85,153,73
432280,VERANÓPOLIS,RS,149.92,2024,153.83,2025_S1,27,2025,133.87,171,104
354600,SANTA BRANCA,SP,149.92,2025,151.0,2025_S1,15,2023,142.5,153,132
351290,COSMORAMA,SP,149.83,2025,150.67,2025_S2,30,2024,130.38,154,106
320250,IBIRAÇU,ES,149.83,2025,153.33,2025_S2,18,2024,128.32,156,104
510718,RIBEIRÃO CASCALHEIRA,MT,149.67,2026,149.67,2026_S1,90,2025,125.02,157,67
170384,CAMPOS LINDOS,TO,149.67,2026,150.5,2025_S2,15,2023,125.32,155,107
412385,SANTA MARIA DO OESTE,PR,149.67,2026,151.83,2025_S2,17,2024,126.7,155,106
431915,SÃO MIGUEL DAS MISSÕES,RS,149.58,2025,152.33,2025_S2,17,2024,128.78,155,100
355080,SÃO SEBASTIÃO DA GRAMA,SP,149.17,2025,150.5,2025_S2,15,2024,131.9,153,114
351490,ELIAS FAUSTO,SP,148.83,2024,153.17,2024_S2,27,2022,131.03,155,101
313110,INIMUTABA,MG,148.67,2026,148.67,2026_S1,29,2024,107.03,154,73
430200,BARROS CASSAL,RS,148.67,2025,149.33,2025_S2,11,2023,138.68,152,126
241020,PORTALEGRE,RN,148.5,2025,151.17,2025_S2,25,2024,119.48,153,95
353810,PINDORAMA,SP,148.5,2025,148.83,2025_S2,18,2024,129.97,153,111
411120,ITAPEJARA DOESTE,PR,148.0,2026,149.33,2025_S2,13,2024,140.92,151,129
291910,LAMARÃO,BA,148.0,2026,149.5,2025_S2,13,2025,133.63,153,121
520005,ABADIA DE GOIÁS,GO,148.0,2026,148.0,2026_S1,43,2024,88.15,150,52
292935,SÃO JOSÉ DA VITÓRIA,BA,148.0,2026,149.0,2025_S2,13,2024,129.83,151,113
240120,ARÊS,RN,147.75,2025,149.17,2025_S1,20,2024,127.9,152,106
412855,VERA CRUZ DO OESTE,PR,147.67,2025,148.0,2025_S2,11,2023,123.17,150,99
241090,RIACHUELO,RN,147.67,2026,147.67,2026_S1,46,2025,74.43,153,35
421350,PORTO BELO,SC,147.67,2025,147.83,2025_S2,17,2023,125.75,154,106
411725,NOVA PRATA DO IGUAÇU,PR,147.67,2026,148.83,2025_S2,14,2023,130.12,150,115
312750,GONZAGA,MG,147.67,2026,147.67,2026_S1,33,2023,100.6,151,61
521375,MONTIVIDIU,GO,147.67,2026,147.67,2026_S1,22,2025,111.87,152,91
410080,ALVORADA DO SUL,PR,147.33,2026,147.33,2026_S1,19,2025,123.93,149,99
313310,ITANHANDU,MG,147.25,2025,148.67,2025_S2,15,2023,127.05,152,106
310290,ANTÔNIO CARLOS,MG,147.17,2025,151.17,2025_S2,12,2024,135.68,152,122
316255,SÃO JOÃO DO MANHUAÇU,MG,147.08,2025,148.83,2025_S2,28,2024,123.22,151,101
313030,IGUATAMA,MG,147.0,2023,151.83,2024_S1,33,2024,132.9,158,114
316530,SÃO VICENTE DE MINAS,MG,147.0,2026,147.0,2026_S1,17,2024,124.82,149,101
500080,ANAURILÂNDIA,MS,147.0,2026,148.33,2025_S2,18,2023,126.03,150,106
170290,AXIXÁ DO TOCANTINS,TO,147.0,2026,147.67,2025_S2,25,2024,106.82,149,75
314915,PEDRAS DE MARIA DA CRUZ,MG,146.75,2025,149.83,2025_S2,14,2024,131.72,152,114
430605,CRISTAL,RS,146.67,2026,146.67,2026_S1,24,2024,120.67,149,94
320220,FUNDÃO,ES,146.67,2026,147.67,2025_S2,23,2025,119.65,152,103
310050,AÇUCENA,MG,146.67,2026,146.67,2026_S1,18,2024,118.37,149,96
354075,POTIM,SP,146.67,2026,146.67,2026_S1,25,2023,108.78,155,80
231095,PIRES FERREIRA,CE,146.5,2025,151.67,2025_S2,19,2025,136.15,154,123
210275,CAPINZAL DO NORTE,MA,146.5,2025,147.0,2025_S2,39,2024,103.08,150,62
130440,URUCURITUBA,AM,146.33,2026,146.33,2026_S1,44,2024,93.73,154,59
260670,IBIRAJUBA,PE,146.33,2026,147.33,2025_S2,35,2024,102.08,151,71
421380,PRAIA GRANDE,SC,146.33,2025,147.83,2025_S2,14,2024,124.53,151,102
310180,ALPERCATA,MG,146.33,2026,149.0,2025_S2,34,2022,102.55,153,55
355680,VIRADOURO,SP,146.33,2026,146.33,2026_S1,16,2023,126.57,149,109
312450,ESTIVA,MG,146.25,2024,153.0,2024_S1,24,2024,133.55,155,120
292305,NOVO TRIUNFO,BA,146.0,2026,146.0,2026_S1,26,2024,107.47,150,85
292145,MIRANTE,BA,145.92,2025,147.67,2025_S2,24,2023,114.13,150,83
290010,ABAÍRA,BA,145.92,2025,147.17,2025_S1,7,2024,141.53,149,135
431110,JAGUARI,RS,145.83,2025,146.5,2023_S2,10,2023,140.88,152,128
330230,LAJE DO MURIAÉ,RJ,145.75,2024,149.5,2024_S2,16,2025,139.07,152,121
291855,JUSSARI,BA,145.75,2025,145.83,2025_S2,19,2024,123.72,148,101
431980,SÃO VICENTE DO SUL,RS,145.67,2026,146.0,2025_S2,20,2023,131.15,149,115
421640,SÃO JOÃO DO SUL,SC,145.67,2026,145.67,2026_S1,28,2024,103.35,152,79
240860,PARANÁ,RN,145.67,2026,146.5,2025_S2,17,2024,119.92,148,100
315650,RUBELITA,MG,145.42,2025,146.17,2025_S1,16,2024,132.35,148,119
170610,CRISTALÂNDIA,TO,145.33,2026,150.67,2025_S2,20,2023,118.82,152,95
250915,MARIZÓPOLIS,PB,145.33,2026,145.33,2026_S1,25,2024,98.08,149,72
316380,SÃO MIGUEL DO ANTA,MG,145.33,2026,145.33,2026_S1,25,2024,111.08,149,83
411095,ITAIPULÂNDIA,PR,145.33,2026,147.33,2025_S2,19,2025,126.12,150,111
313970,MARAVILHAS,MG,145.25,2025,147.33,2025_S2,37,2023,126.33,151,105
230880,MORAÚJO,CE,145.0,2026,148.17,2025_S2,61,2024,90.28,155,52
150095,AURORA DO PARÁ,PA,144.67,2021,234.0,2021_S1,214,2021,95.37,242,27
510600,NORTELÂNDIA,MT,144.67,2026,144.67,2026_S1,16,2025,125.22,151,110
310370,ARAPONGA,MG,144.42,2024,146.67,2024_S1,41,2024,121.65,160,103
292303,NOVO HORIZONTE,BA,144.33,2025,147.67,2025_S2,19,2023,111.75,152,76
320110,BOM JESUS DO NORTE,ES,144.33,2026,149.67,2025_S2,29,2024,104.8,153,71
292045,MANSIDÃO,BA,144.33,2026,144.33,2026_S1,23,2024,122.28,147,101
431306,NOVA HARTZ,RS,144.33,2026,144.33,2026_S1,17,2025,131.18,153,122
210630,MAGALHÃES DE ALMEIDA,MA,144.33,2026,147.33,2025_S2,34,2024,99.18,150,64
420870,JACINTO MACHADO,SC,144.33,2026,145.17,2025_S2,27,2024,110.58,147,88
412340,SANTA FÉ,PR,144.17,2025,147.67,2024_S2,18,2024,128.58,150,110
250740,JERICÓ,PB,144.0,2026,144.0,2026_S1,33,2024,87.45,147,53
251580,SERRA REDONDA,PB,144.0,2026,144.5,2025_S2,19,2024,117.23,148,100
130360,SANTA ISABEL DO RIO NEGRO,AM,143.92,2025,148.17,2025_S2,51,2024,100.6,157,65
291330,ICHU,BA,143.75,2025,145.0,2025_S2,19,2024,127.13,148,112
320255,IBITIRAMA,ES,143.5,2025,143.83,2025_S2,26,2024,115.38,146,90
240300,CRUZETA,RN,143.33,2026,143.33,2026_S1,17,2024,109.17,146,89
320265,IRUPI,ES,143.33,2026,147.17,2025_S2,17,2025,125.9,150,113
290900,CORDEIROS,BA,143.25,2025,146.83,2025_S2,12,2025,130.98,149,122
330015,APERIBÉ,RJ,143.17,2025,144.5,2025_S1,23,2024,110.87,147,71
170230,ARAPOEMA,TO,142.83,2025,142.83,2025_S1,24,2024,116.27,147,90
251540,SÃO VICENTE DO SERIDÓ,PB,142.67,2026,142.67,2026_S1,33,2024,96.35,145,66
312880,GUIDOVAL,MG,142.67,2026,142.67,2026_S1,21,2025,107.27,146,81
210375,DAVINÓPOLIS,MA,142.67,2026,143.17,2025_S2,27,2024,111.93,146,90
411980,PLANALTO,PR,142.58,2025,146.83,2025_S2,13,2025,127.1,148,106
316920,TOMBOS,MG,142.33,2025,143.83,2025_S2,15,2023,126.98,148,106
280660,SANTO AMARO DAS BROTAS,SE,142.33,2026,142.33,2026_S1,24,2024,113.25,145,92
315630,RODEIRO,MG,142.25,2025,143.0,2025_S1,27,2024,114.32,146,83
432310,VICENTE DUTRA,RS,142.25,2025,143.17,2025_S2,17,2026,121.67,147,104
354170,QUATÁ,SP,142.17,2024,142.83,2024_S2,30,2025,130.38,162,115
230426,DEPUTADO IRAPUAN PINHEIRO,CE,141.67,2026,143.33,2025_S2,17,2024,112.6,145,86
315765,SANTA HELENA DE MINAS,MG,141.67,2026,141.67,2026_S1,26,2024,100.17,144,67
411373,LUIZIANA,PR,141.67,2025,142.0,2025_S1,10,2022,129.88,146,116
431900,SÃO MARCOS,RS,141.5,2024,142.83,2024_S2,11,2024,133.77,145,122
411720,NOVA OLÍMPIA,PR,141.33,2025,143.67,2025_S2,28,2024,112.3,147,85
210720,NINA RODRIGUES,MA,141.33,2025,144.0,2025_S2,15,2024,124.73,147,109
351600,FLÓRIDA PAULISTA,SP,141.0,2025,144.17,2025_S1,12,2025,134.75,146,123
320115,BREJETUBA,ES,141.0,2026,141.0,2026_S1,21,2024,113.02,144,89
313740,LAGOA DOURADA,MG,140.92,2025,144.33,2025_S2,10,2025,125.73,146,110
250500,CUBATI,PB,140.92,2025,143.5,2025_S2,32,2024,99.63,150,70
316555,SETUBINHA,MG,140.67,2026,140.67,2026_S1,37,2024,82.82,143,39
240660,LAGOA SALGADA,RN,140.67,2025,141.83,2025_S2,27,2024,113.15,143,90
313480,JACUÍ,MG,140.67,2025,140.83,2025_S2,19,2022,127.52,144,103
291845,JUCURUÇU,BA,140.67,2026,140.67,2026_S1,20,2024,110.08,147,81
312300,DORES DE CAMPOS,MG,140.5,2023,146.83,2024_S1,44,2024,129.88,150,106
311710,CONCEIÇÃO DA APARECIDA,MG,140.33,2026,142.0,2025_S2,8,2022,130.57,143,120
230460,GENERAL SAMPAIO,CE,140.33,2026,140.33,2026_S1,30,2024,93.77,143,52
220025,ALAGOINHA DO PIAUÍ,PI,140.33,2026,140.33,2026_S1,15,2023,115.78,145,96
412265,ROSÁRIO DO IVAÍ,PR,140.08,2025,140.33,2025_S1,12,2026,132.37,145,120
171050,ITACAJÁ,TO,140.0,2025,140.17,2025_S1,16,2023,124.9,144,108
521170,JANDAIA,GO,140.0,2026,140.0,2026_S1,20,2025,128.63,143,114
110110,ITAPUÃ DO OESTE,RO,139.67,2026,139.67,2026_S1,28,2024,86.98,144,51
231370,UMARI,CE,139.67,2026,139.67,2026_S1,28,2024,100.93,142,77
292280,NOVA ITARANA,BA,139.67,2026,139.67,2026_S1,15,2024,116.22,143,98
291930,LENÇÓIS,BA,139.58,2025,141.33,2025_S2,21,2024,117.08,144,97
355560,UCHOA,SP,139.33,2024,141.33,2024_S2,29,2024,126.37,160,106
130008,ANAMÃ,AM,139.33,2026,139.33,2026_S1,21,2024,96.77,149,69
312020,CRISTAIS,MG,139.08,2025,143.0,2025_S2,19,2024,112.5,145,86
250120,AREIAL,PB,139.0,2026,139.0,2026_S1,24,2024,101.93,141,84
352290,ITAPUÍ,SP,138.83,2025,142.0,2025_S2,27,2024,115.82,145,93
210596,LAGOA GRANDE DO MARANHÃO,MA,138.83,2025,140.5,2025_S2,21,2024,114.2,142,93
230150,ARNEIROZ,CE,138.83,2025,139.83,2025_S2,13,2024,126.1,142,114
311265,CAPITÃO ANDRADE,MG,138.67,2026,138.67,2026_S1,23,2025,103.97,140,81
353850,PIQUETE,SP,138.67,2026,138.67,2026_S1,24,2024,108.45,147,86
261550,TRACUNHAÉM,PE,138.5,2023,164.67,2024_S1,113,2024,106.43,171,26
210594,LAGO DOS RODRIGUES,MA,138.5,2025,141.17,2025_S2,21,2024,111.37,142,88
280370,MACAMBIRA,SE,138.33,2026,138.33,2026_S1,26,2024,97.75,140,77
520410,CACHOEIRA ALTA,GO,138.33,2025,139.83,2025_S1,26,2023,115.92,142,92
351700,GETULINA,SP,138.33,2024,142.0,2024_S2,23,2025,128.72,145,107
312050,CRISTINA,MG,138.25,2025,138.33,2025_S2,12,2023,124.92,140,108
240500,JAÇANÃ,RN,138.0,2026,141.67,2025_S2,27,2024,100.05,145,65
261520,TERRA NOVA,PE,138.0,2025,138.33,2025_S2,27,2024,104.97,140,71
330093,CARAPEBUS,RJ,138.0,2026,138.0,2026_S1,23,2024,116.87,140,96
317103,VERDELÂNDIA,MG,137.92,2025,138.83,2025_S1,19,2022,116.1,143,88
410170,ARARUNA,PR,137.83,2025,141.33,2025_S2,16,2025,127.37,144,113
316510,SÃO TOMÁS DE AQUINO,MG,137.75,2025,140.0,2025_S2,16,2024,122.15,141,108
172080,SÍTIO NOVO DO TOCANTINS,TO,137.67,2026,138.0,2025_S2,27,2024,96.73,140,66
171380,PALMEIRAS DO TOCANTINS,TO,137.67,2026,139.17,2025_S2,13,2024,124.13,145,112
280160,CEDRO DE SÃO JOÃO,SE,137.5,2025,137.5,2025_S1,14,2023,120.95,144,99
150375,JACAREACANGA,PA,137.5,2025,144.67,2025_S2,28,2024,104.32,148,81
510080,APIACÁS,MT,137.5,2025,138.17,2025_S2,16,2022,115.52,142,91
510820,TORIXORÉU,MT,137.42,2023,139.17,2023_S2,17,2022,129.08,141,114
352190,ITAJOBI,SP,137.42,2025,139.5,2025_S2,19,2024,115.0,142,95
313060,INCONFIDENTES,MG,137.42,2025,138.17,2025_S2,24,2024,114.13,140,88
431920,SÃO NICOLAU,RS,137.33,2026,140.17,2025_S2,12,2024,120.62,142,104
210465,GOVERNADOR NEWTON BELLO,MA,137.33,2025,140.0,2025_S2,20,2024,116.53,143,101
412480,SÃO JOÃO,PR,137.33,2026,137.33,2026_S1,13,2022,121.73,141,101
310810,BONFIM,MG,137.25,2025,140.67,2024_S2,13,2024,126.8,142,113
520250,ARUANÃ,GO,137.0,2026,137.0,2026_S1,23,2024,98.0,142,69
412580,SÃO PEDRO DO IVAÍ,PR,137.0,2025,139.17,2025_S1,14,2025,126.38,141,114
315160,PLANURA,MG,137.0,2026,138.5,2025_S2,14,2024,116.12,139,95
430880,GENERAL CÂMARA,RS,137.0,2024,137.67,2024_S1,12,2023,126.2,140,105
290640,CANDEAL,BA,136.92,2025,140.67,2025_S2,12,2022,119.97,143,101
315935,SANTA RITA DE MINAS,MG,136.92,2025,137.0,2025_S1,15,2023,115.5,142,94
510615,NOVA BANDEIRANTES,MT,136.75,2025,137.67,2025_S1,23,2022,114.67,143,83
431590,RODEIO BONITO,RS,136.67,2025,137.67,2025_S2,12,2023,127.78,141,113
430950,GUARANI DAS MISSÕES,RS,136.67,2024,137.5,2024_S2,13,2023,129.13,139,118
352042,ILHA COMPRIDA,SP,136.42,2025,137.17,2025_S2,28,2024,102.82,140,68
210700,MONTES ALTOS,MA,136.42,2025,136.83,2025_S1,15,2024,122.6,141,113
312900,GUIRICEMA,MG,136.33,2021,138.67,2021_S1,10,2022,129.57,140,122
500085,ANGÉLICA,MS,136.33,2024,137.33,2025_S2,24,2023,120.88,147,98
520425,CACHOEIRA DOURADA,GO,136.22,2021,139.33,2021_S1,92,2025,124.93,140,37
320465,SÃO DOMINGOS DO NORTE,ES,136.0,2026,137.17,2025_S2,22,2025,99.05,141,71
290150,ANGUERA,BA,136.0,2025,139.0,2025_S2,23,2024,111.02,142,88
316170,SÃO GONÇALO DO ABAETÉ,MG,136.0,2025,137.0,2024_S2,9,2023,127.77,139,118
421610,SÃO DOMINGOS,SC,136.0,2025,138.17,2025_S2,11,2025,129.08,141,123
313862,LIMEIRA DO OESTE,MG,135.75,2025,139.17,2025_S2,13,2021,127.1,140,104
316620,SENHORA DOS REMÉDIOS,MG,135.75,2025,138.0,2025_S2,22,2023,117.23,141,95
320013,ÁGUIA BRANCA,ES,135.75,2025,140.33,2025_S2,17,2023,107.95,142,82
354950,SÃO JOSÉ DA BELA VISTA,SP,135.58,2025,136.5,2025_S2,7,2023,131.08,137,125
352090,IPAUSSU,SP,135.5,2024,140.17,2024_S2,15,2025,123.4,142,97
311290,CAPUTIRA,MG,135.33,2026,135.33,2026_S1,19,2024,105.18,140,82
311545,CATUJI,MG,135.17,2023,144.83,2024_S1,68,2024,122.62,149,81
354540,SALTO GRANDE,SP,135.11,2021,136.17,2024_S2,12,2023,131.2,139,117
320360,MUCURICI,ES,135.0,2026,135.0,2026_S1,25,2024,100.6,138,80
410330,BORRAZÓPOLIS,PR,135.0,2025,135.83,2025_S2,14,2024,123.58,137,111
421210,PALMITOS,SC,134.92,2024,135.67,2024_S1,7,2025,129.75,138,120
313800,LARANJAL,MG,134.83,2024,147.0,2025_S1,43,2025,114.33,152,85
410870,GRANDES RIOS,PR,134.83,2025,135.67,2024_S2,14,2022,126.58,138,111
421600,SÃO CARLOS,SC,134.75,2023,138.83,2024_S1,34,2022,121.95,141,93
311650,CLARO DOS POÇÕES,MG,134.75,2025,138.5,2025_S2,26,2024,106.27,141,85
251680,TRIUNFO,PB,134.67,2026,136.0,2025_S2,26,2024,106.32,138,88
311790,CONGONHAL,MG,134.58,2025,135.67,2025_S2,10,2022,123.82,138,111
355260,TABAPUÃ,SP,134.33,2025,134.67,2025_S1,30,2024,119.2,136,104
312140,DESTERRO DE ENTRE RIOS,MG,134.17,2025,134.67,2025_S2,12,2022,121.55,135,104
315920,SANTA RITA DE CALDAS,MG,134.0,2026,135.67,2025_S2,12,2024,115.22,136,99
311950,CORONEL MURTA,MG,134.0,2026,134.67,2025_S2,68,2022,101.25,142,41
220810,PIMENTEIRAS,PI,134.0,2026,137.5,2025_S2,35,2024,89.55,141,57
110092,CHUPINGUAIA,RO,134.0,2026,134.0,2026_S1,31,2024,82.13,136,56
140060,SÃO LUIZ,RR,134.0,2026,134.0,2026_S1,26,2025,79.48,137,38
430435,CANDIOTA,RS,133.92,2025,134.33,2025_S2,18,2024,119.5,137,104
241030,SERRA CAIADA,RN,133.75,2025,138.33,2025_S2,19,2024,104.9,140,80
290205,ARAÇÁS,BA,133.67,2026,135.17,2025_S2,16,2024,110.08,137,89
250540,DESTERRO,PB,133.67,2026,133.67,2026_S1,10,2024,120.32,135,108
520085,AMERICANO DO BRASIL,GO,133.58,2025,135.5,2025_S2,28,2023,99.65,138,63
292850,SANTA TEREZINHA,BA,133.58,2025,137.5,2025_S2,17,2024,108.98,140,87
421330,PONTE ALTA,SC,133.33,2026,133.33,2026_S1,22,2024,99.13,135,75
510682,PORTO ESPERIDIÃO,MT,133.33,2026,133.33,2026_S1,16,2024,107.35,136,92
292830,SANTANÓPOLIS,BA,133.25,2025,134.67,2025_S2,13,2022,114.72,136,91
240090,ANTÔNIO MARTINS,RN,133.0,2026,135.17,2025_S2,16,2023,107.25,137,88
312940,IBERTIOGA,MG,133.0,2026,133.0,2026_S1,18,2022,109.93,135,83
312910,GURINHATÃ,MG,133.0,2025,133.5,2025_S2,17,2023,114.58,135,93
220160,BENEDITINOS,PI,132.92,2025,135.17,2025_S2,18,2024,106.88,138,80
270895,SENADOR RUI PALMEIRA,AL,132.83,2025,133.5,2025_S2,44,2024,89.15,136,44
421790,TANGARÁ,SC,132.5,2024,134.83,2023_S2,15,2025,127.77,136,102
313850,LIBERDADE,MG,132.42,2025,134.67,2024_S2,19,2023,111.7,136,79
411295,JURANDA,PR,132.33,2026,132.33,2026_S1,16,2024,107.35,134,94
314450,NAZARENO,MG,132.25,2025,133.67,2025_S1,13,2022,123.12,137,108
355140,SERRA AZUL,SP,132.17,2025,134.0,2024_S2,11,2024,124.3,137,109
292190,MUCUGÊ,BA,132.08,2025,133.83,2025_S2,21,2024,113.27,135,96
316740,SILVIANÓPOLIS,MG,132.0,2025,132.33,2025_S2,16,2024,112.25,135,91
431115,JÓIA,RS,131.83,2025,134.5,2025_S2,14,2024,118.33,137,103
320035,ALTO RIO NOVO,ES,131.67,2026,131.67,2026_S1,17,2025,106.97,134,94
330530,SÃO SEBASTIÃO DO ALTO,RJ,131.67,2025,135.83,2024_S2,17,2024,119.25,138,106
270280,FLEXEIRAS,AL,131.5,2022,135.0,2024_S1,64,2024,119.02,138,73
500440,INOCÊNCIA,MS,131.33,2026,134.33,2025_S2,13,2022,122.78,135,106
320050,APIACÁ,ES,131.33,2025,131.5,2025_S1,22,2023,104.32,136,77
350490,BANANAL,SP,131.25,2024,134.67,2024_S2,24,2025,122.78,137,110
430480,CARLOS BARBOSA,RS,131.17,2025,133.5,2025_S1,21,2023,107.62,137,69
355660,VERA CRUZ,SP,131.17,2024,131.33,2025_S2,12,2024,125.0,138,115
315057,PINTÓPOLIS,MG,131.08,2025,131.33,2025_S1,18,2023,109.95,134,82
171360,MONTE DO CARMO,TO,131.0,2026,131.0,2026_S1,25,2025,89.67,134,62
261610,VERDEJANTE,PE,131.0,2026,131.5,2025_S2,28,2023,98.7,134,70
420260,BOM RETIRO,SC,130.83,2025,133.33,2025_S2,15,2024,109.15,135,79
292330,OURIÇANGAS,BA,130.83,2025,132.5,2025_S2,15,2023,119.07,135,101
420195,BALNEÁRIO ARROIO DO SILVA,SC,130.67,2026,130.67,2026_S1,26,2023,86.85,135,58
314260,MONSENHOR PAULO,MG,130.58,2025,130.67,2025_S1,13,2023,118.0,133,103
412200,RIO AZUL,PR,130.58,2025,133.5,2025_S2,11,2025,120.6,135,113
170035,ALIANÇA DO TOCANTINS,TO,130.33,2026,130.33,2026_S1,16,2024,110.22,133,95
412700,TEIXEIRA SOARES,PR,130.25,2025,130.83,2025_S2,14,2021,124.07,132,111
420790,IRINEÓPOLIS,SC,130.08,2025,132.0,2025_S1,14,2024,121.75,134,111
210325,CIDELÂNDIA,MA,130.0,2026,130.0,2026_S1,18,2024,103.35,134,84
240180,BREJINHO,RN,129.92,2025,130.5,2025_S1,20,2024,103.12,133,70
350440,AVANHANDAVA,SP,129.92,2025,131.33,2025_S1,18,2024,114.18,133,100
354190,QUELUZ,SP,129.83,2025,132.83,2025_S2,31,2023,103.32,135,76
240340,EQUADOR,RN,129.67,2026,130.5,2025_S2,27,2023,94.38,132,53
261440,SOLIDÃO,PE,129.58,2025,131.0,2025_S2,17,2024,110.97,134,96
280070,BREJO GRANDE,SE,129.58,2025,131.17,2025_S1,15,2023,115.88,133,101
292080,MARCIONÍLIO SOUZA,BA,129.25,2023,141.5,2024_S1,61,2024,114.53,146,85
160080,VITÓRIA DO JARI,AP,129.0,2026,129.67,2025_S2,20,2025,89.6,132,55
110029,SANTA LUZIA DOESTE,RO,129.0,2026,130.83,2025_S2,15,2025,119.75,134,107
311630,CIPOTÂNEA,MG,128.92,2025,130.0,2025_S2,21,2023,105.43,132,74
240600,JOSÉ DA PENHA,RN,128.67,2026,128.83,2025_S2,17,2025,106.22,134,88
520505,CASTELÂNDIA,GO,128.5,2025,128.5,2025_S1,11,2024,118.57,133,109
313690,JURUAIA,MG,128.08,2025,128.5,2025_S1,16,2023,110.97,130,93
311820,CONQUISTA,MG,128.08,2025,130.67,2025_S2,16,2023,110.67,134,91
312100,DATAS,MG,128.0,2026,128.0,2026_S1,11,2024,111.4,129,99
500515,JUTI,MS,128.0,2026,128.0,2026_S1,19,2025,92.87,129,67
130400,SILVES,AM,128.0,2026,128.17,2025_S2,38,2022,89.58,137,46
210580,LAGO DO JUNCO,MA,128.0,2026,128.67,2025_S2,10,2022,114.72,131,101
430640,DOIS IRMÃOS,RS,127.92,2025,130.5,2025_S1,18,2024,111.25,132,93
351520,ESTRELA DOESTE,SP,127.92,2025,132.83,2025_S2,63,2025,113.87,136,73
280270,ILHA DAS FLORES,SE,127.83,2025,129.83,2025_S1,11,2023,117.33,131,104
280310,ITABI,SE,127.67,2026,127.67,2026_S1,14,2023,107.52,129,86
510460,ITIQUIRA,MT,127.67,2025,129.0,2025_S2,25,2023,102.15,131,79
430800,FAXINAL DO SOTURNO,RS,127.58,2025,130.33,2025_S1,10,2024,124.32,131,118
220850,PORTO,PI,127.33,2026,127.33,2026_S1,29,2025,82.25,130,54
316340,SÃO JOSÉ DO GOIABAL,MG,127.33,2026,128.83,2025_S2,14,2023,105.08,131,86
430468,CAPELA DE SANTANA,RS,127.33,2026,129.0,2025_S2,21,2023,101.32,131,69
291780,JAGUARIPE,BA,127.17,2025,131.17,2025_S2,28,2023,83.25,137,36
352140,IRACEMÁPOLIS,SP,127.17,2024,128.67,2024_S2,27,2023,107.55,131,80
210315,CENTRO DO GUILHERME,MA,127.17,2025,132.0,2025_S1,18,2025,111.5,135,86
290220,ARAMARI,BA,127.0,2026,130.0,2025_S2,19,2025,110.43,133,99
220870,REDENÇÃO DO GURGUÉIA,PI,127.0,2026,127.0,2026_S1,16,2023,95.88,131,69
250523,CUITÉ DE MAMANGUAPE,PB,127.0,2025,128.17,2025_S2,10,2023,111.92,130,97
354120,PRESIDENTE BERNARDES,SP,127.0,2025,130.17,2025_S2,31,2025,109.03,137,94
316500,SÃO TIAGO,MG,127.0,2024,127.0,2024_S1,16,2023,115.75,129,102
351940,IBIRÁ,SP,126.92,2025,128.33,2025_S2,14,2024,110.55,130,94
430030,ALECRIM,RS,126.75,2025,126.83,2025_S1,15,2024,111.22,129,96
430100,ARROIO DO MEIO,RS,126.67,2025,127.0,2025_S2,16,2023,109.78,130,85
316257,SÃO JOÃO DO MANTENINHA,MG,126.33,2026,127.83,2025_S2,22,2025,101.32,132,85
220610,MATIAS OLÍMPIO,PI,126.33,2026,127.0,2025_S2,23,2024,94.68,129,66
315270,PRADOS,MG,126.25,2025,128.0,2024_S2,19,2022,112.13,130,88
312965,IBIRACATU,MG,126.25,2025,128.33,2025_S2,19,2024,102.82,132,70
352980,MINEIROS DO TIETÊ,SP,126.17,2025,129.0,2025_S2,14,2024,104.98,130,88
420600,GOVERNADOR CELSO RAMOS,SC,126.17,2025,127.83,2025_S2,19,2024,97.03,132,72
520150,APORÉ,GO,126.11,2021,129.0,2021_S1,14,2022,116.07,130,108
313545,JENIPAPO DE MINAS,MG,126.08,2024,127.83,2024_S1,32,2024,111.1,136,93
314010,MARILAC,MG,126.0,2026,126.0,2026_S1,27,2023,83.9,127,43
314465,NINHEIRA,MG,126.0,2026,132.0,2025_S2,23,2022,93.37,134,58
411700,NOVA FÁTIMA,PR,126.0,2026,127.67,2025_S2,11,2025,117.33,130,111
521370,MONTES CLAROS DE GOIÁS,GO,126.0,2026,126.83,2024_S1,16,2021,117.6,131,109
354350,RIVERSUL,SP,126.0,2026,126.17,2025_S2,47,2024,106.8,129,82
350680,BOCAINA,SP,125.75,2025,127.17,2025_S1,73,2025,99.22,176,80
150195,CACHOEIRA DO PIRIÁ,PA,125.75,2025,127.5,2025_S2,29,2024,92.35,130,56
220070,ANÍSIO DE ABREU,PI,125.75,2025,126.83,2025_S1,19,2024,108.02,131,94
251597,SOBRADO,PB,125.67,2026,125.67,2026_S1,22,2022,102.52,131,74
521270,MAMBAÍ,GO,125.67,2026,125.67,2026_S1,14,2024,107.1,128,95
270135,CAMPESTRE,AL,125.67,2026,125.67,2026_S1,18,2025,95.55,128,72
412795,TUPÃSSI,PR,125.42,2025,126.5,2025_S1,15,2023,112.02,128,98
421565,SANTA ROSA DO SUL,SC,125.33,2026,125.33,2026_S1,20,2024,96.98,130,75
313660,NOVA UNIÃO,MG,125.25,2025,126.67,2025_S2,19,2023,106.43,129,79
316190,SÃO GONÇALO DO RIO ABAIXO,MG,125.25,2025,126.17,2025_S1,10,2021,112.52,127,92
430820,FLORES DA CUNHA,RS,125.17,2025,125.83,2025_S1,19,2023,108.93,129,83
351535,EUCLIDES DA CUNHA PAULISTA,SP,125.0,2026,125.0,2026_S1,22,2025,94.68,127,78
432100,TAPERA,RS,125.0,2025,125.33,2025_S1,19,2026,116.57,127,102
210535,ITAIPAVA DO GRAJAÚ,MA,125.0,2025,126.33,2025_S2,22,2024,106.12,128,89
231325,TARRAFAS,CE,125.0,2026,126.5,2025_S2,18,2025,101.22,128,83
430250,BOSSOROCA,RS,124.75,2025,126.33,2024_S2,14,2024,115.52,129,104
510621,NOVA CANAÃ DO NORTE,MT,124.67,2025,125.0,2025_S1,9,2022,118.68,127,108
350480,BÁLSAMO,SP,124.67,2026,125.33,2025_S1,15,2023,113.37,128,98
421110,MONTE CASTELO,SC,124.33,2026,124.33,2026_S1,19,2025,97.8,127,80
251000,NAZAREZINHO,PB,124.33,2026,124.33,2026_S1,26,2025,85.52,127,65
350945,CAMPINA DO MONTE ALEGRE,SP,124.33,2025,126.33,2025_S2,16,2024,97.52,131,77
430995,IBIRAPUITÃ,RS,124.17,2025,124.5,2025_S2,12,2023,112.12,127,101
220640,MONSENHOR GIL,PI,124.0,2026,124.83,2025_S2,16,2025,102.2,129,85
240350,ESPÍRITO SANTO,RN,124.0,2026,124.0,2026_S1,18,2025,93.73,127,73
150560,PEIXE-BOI,PA,124.0,2026,124.0,2026_S1,50,2024,66.57,129,15
521405,MUNDO NOVO,GO,123.92,2025,124.83,2025_S2,21,2023,105.2,128,80
291860,JUSSIAPE,BA,123.83,2025,125.83,2025_S2,13,2024,110.7,128,99
431540,REDENTORA,RS,123.75,2025,123.83,2025_S1,11,2023,118.02,127,109
250010,ÁGUA BRANCA,PB,123.67,2026,123.67,2026_S1,18,2023,99.87,126,84
211090,SÃO FRANCISCO DO MARANHÃO,MA,123.67,2026,123.67,2026_S1,21,2023,90.05,125,62
522068,SIMOLÂNDIA,GO,123.25,2025,123.83,2025_S2,26,2024,96.98,127,72
353282,NOVA CAMPINA,SP,123.25,2025,125.67,2025_S1,18,2024,102.28,130,83
311240,CAPETINGA,MG,123.22,2021,126.0,2022_S1,80,2022,91.03,133,53
314970,PERDIGÃO,MG,123.0,2026,123.0,2026_S1,17,2024,94.08,125,74
510800,TAPURAH,MT,123.0,2026,123.0,2026_S1,17,2025,112.92,128,107
320170,CONCEIÇÃO DO CASTELO,ES,123.0,2026,125.5,2025_S2,16,2025,101.62,128,81
220335,DIRCEU ARCOVERDE,PI,122.92,2025,124.33,2025_S2,8,2021,118.88,128,111
291090,FIRMINO ALVES,BA,122.67,2026,122.67,2026_S1,12,2022,111.98,126,102
211153,SÃO PEDRO DA ÁGUA BRANCA,MA,122.58,2025,124.33,2025_S2,12,2023,109.77,127,97
354320,RIBEIRÃO DO SUL,SP,122.42,2024,123.83,2024_S1,11,2023,114.6,126,102
314350,MORADA NOVA DE MINAS,MG,122.33,2025,123.5,2024_S2,9,2024,116.43,128,107
210110,AXIXÁ,MA,122.33,2026,124.17,2025_S2,32,2024,95.4,126,76
421670,SÃO JOSÉ DO CEDRO,SC,122.11,2021,123.0,2021_S1,6,2021,117.28,125,106
420070,ALFREDO WAGNER,SC,122.08,2025,125.17,2025_S2,21,2023,103.33,127,83
311890,CORDISBURGO,MG,122.08,2025,124.0,2025_S2,15,2023,106.28,126,91
330160,DUAS BARRAS,RJ,122.0,2026,126.83,2023_S1,20,2023,118.73,128,108
410230,BALSA NOVA,PR,121.92,2025,123.83,2025_S1,21,2024,99.42,126,67
210598,LAJEADO NOVO,MA,121.92,2025,122.5,2025_S1,10,2025,111.82,125,103
352360,ITIRAPINA,SP,121.83,2025,122.83,2025_S1,13,2024,107.17,126,93
314620,OURO VERDE DE MINAS,MG,121.83,2023,132.17,2024_S1,51,2024,111.98,137,86
350115,ALUMÍNIO,SP,121.75,2025,123.17,2025_S1,17,2023,104.37,127,88
130006,AMATURÁ,AM,121.67,2026,121.67,2026_S1,13,2025,85.78,130,64
310990,CAETANÓPOLIS,MG,121.67,2026,121.67,2026_S1,15,2024,97.73,125,81
315590,RIO PRETO,MG,121.67,2026,121.67,2026_S1,11,2024,106.37,124,98
431790,SANTO CRISTO,RS,121.44,2021,122.0,2021_S2,12,2025,117.13,124,109
170310,BARROLÂNDIA,TO,121.33,2026,122.5,2025_S2,21,2023,93.27,124,65
311140,CAMPO FLORIDO,MG,121.33,2026,121.33,2026_S1,14,2022,101.1,124,82
170555,COMBINADO,TO,121.0,2026,121.0,2026_S1,18,2025,93.83,122,77
431175,MANOEL VIANA,RS,121.0,2025,122.5,2024_S2,10,2024,113.45,126,99
261010,PALMEIRINA,PE,121.0,2026,121.67,2025_S2,12,2022,111.33,123,98
312330,DORES DO TURVO,MG,120.92,2025,123.17,2025_S2,22,2023,98.55,125,73
291790,JANDAÍRA,BA,120.83,2025,125.33,2025_S2,19,2023,99.18,127,79
312860,GUARDA-MOR,MG,120.83,2024,123.5,2025_S1,18,2023,107.87,127,92
354380,RINÓPOLIS,SP,120.5,2025,121.83,2025_S2,11,2021,110.08,124,96
412620,SAPOPEMA,PR,120.33,2021,123.33,2021_S1,19,2025,111.92,126,103
240030,AFONSO BEZERRA,RN,120.33,2026,122.0,2025_S2,14,2024,105.27,123,93
140015,BONFIM,RR,120.33,2025,120.83,2025_S1,33,2024,91.15,126,62
310640,BELO VALE,MG,119.92,2025,121.33,2025_S1,13,2023,109.35,123,92
522150,TURVÂNIA,GO,119.83,2025,120.17,2025_S1,29,2024,91.92,124,67
412260,RONDON,PR,119.75,2025,123.67,2025_S2,18,2023,97.23,126,74
312960,IBIAÍ,MG,119.58,2025,119.67,2025_S2,10,2024,112.47,121,105
350690,BOFETE,SP,119.42,2025,124.0,2024_S2,57,2024,104.55,167,87
410320,BOM SUCESSO,PR,119.42,2025,120.5,2025_S1,11,2022,106.08,124,89
240460,IELMO MARINHO,RN,119.33,2026,122.0,2025_S2,26,2024,88.53,124,56
172020,SÃO MIGUEL DO TOCANTINS,TO,119.33,2026,119.33,2026_S1,21,2025,90.72,121,76
290060,AIQUARA,BA,119.33,2026,121.0,2025_S2,14,2024,113.48,123,107
292665,RIBEIRÃO DO LARGO,BA,119.25,2025,119.5,2025_S1,14,2024,105.85,123,96
355395,TARUMÃ,SP,119.25,2025,121.33,2025_S2,10,2025,109.92,125,100
293090,TABOCAS DO BREJO VELHO,BA,119.25,2022,123.83,2023_S1,55,2023,105.53,127,72
353910,PIRAPORA DO BOM JESUS,SP,119.08,2025,119.83,2025_S2,17,2023,96.73,123,75
291540,ITAJU DO COLÔNIA,BA,119.08,2023,122.83,2024_S1,79,2024,100.0,132,51
250900,MANAÍRA,PB,119.0,2026,119.0,2026_S1,22,2023,76.9,120,43
314995,PERIQUITO,MG,119.0,2026,120.67,2025_S2,24,2024,86.2,125,61
310660,BERTÓPOLIS,MG,119.0,2026,119.0,2026_S1,19,2024,90.85,122,69
510345,DENISE,MT,119.0,2026,120.33,2025_S2,11,2024,102.85,122,90
290170,ANTÔNIO CARDOSO,BA,119.0,2026,119.0,2026_S1,17,2024,90.42,120,63
313370,ITATIAIUÇU,MG,118.5,2025,119.5,2025_S1,22,2024,96.47,121,68
251500,SÃO MIGUEL DE TAIPU,PB,118.33,2026,118.33,2026_S1,13,2025,101.18,121,88
311280,CAPITÓLIO,MG,118.33,2026,118.33,2026_S1,15,2025,96.82,121,82
130083,CAAPIRANGA,AM,118.33,2026,120.17,2025_S2,27,2024,76.47,125,36
260340,CALUMBI,PE,118.25,2025,122.67,2025_S2,25,2024,82.38,125,54
351260,CORONEL MACEDO,SP,118.17,2025,119.67,2025_S2,16,2023,110.98,121,100
410010,ABATIÁ,PR,118.0,2026,118.0,2026_S1,20,2022,100.47,121,85
521230,LEOPOLDO DE BULHÕES,GO,118.0,2026,118.0,2026_S1,18,2025,84.85,121,62
310790,BOM REPOUSO,MG,118.0,2025,118.83,2025_S2,21,2023,103.7,122,85
352810,MACAUBAL,SP,117.92,2025,118.83,2025_S2,14,2024,107.62,123,96
410020,ADRIANÓPOLIS,PR,117.92,2025,118.83,2025_S2,21,2024,97.72,123,83
240990,PENDÊNCIAS,RN,117.83,2025,118.83,2025_S2,12,2024,102.53,124,87
250140,BAÍA DA TRAIÇÃO,PB,117.67,2026,120.83,2025_S2,19,2025,90.77,127,71
313360,ITAPEVA,MG,117.67,2025,123.83,2025_S1,20,2024,99.98,125,69
510523,LAMBARI DOESTE,MT,117.42,2024,125.17,2025_S1,66,2025,98.95,131,57
432055,SERTÃO SANTANA,RS,117.42,2025,118.33,2025_S2,13,2023,103.08,121,89
410820,FORMOSA DO OESTE,PR,117.33,2021,120.0,2021_S1,13,2024,111.6,121,103
320495,SÃO ROQUE DO CANAÃ,ES,117.17,2025,119.33,2025_S2,20,2024,90.03,123,65
431040,INDEPENDÊNCIA,RS,116.92,2025,118.33,2025_S1,11,2024,105.17,121,87
431225,MINAS DO LEÃO,RS,116.92,2024,119.17,2024_S2,13,2025,109.03,120,98
421900,URUSSANGA,SC,116.67,2025,121.33,2025_S1,16,2024,106.4,122,92
316770,SOBRÁLIA,MG,116.67,2024,120.0,2024_S1,64,2024,96.5,138,70
420710,ILHOTA,SC,116.67,2026,116.67,2026_S1,19,2024,92.12,119,73
355050,SÃO PEDRO DO TURVO,SP,116.67,2025,117.5,2025_S2,10,2021,104.03,119,87
354290,RIBEIRÃO BONITO,SP,116.58,2025,118.17,2025_S1,23,2025,106.98,121,91
352880,MARACAÍ,SP,116.42,2025,119.33,2025_S2,22,2024,110.08,120,90
311600,CHALÉ,MG,116.33,2026,116.33,2026_S1,21,2025,88.17,120,76
411220,JANIÓPOLIS,PR,116.17,2023,116.17,2023_S1,10,2022,113.55,118,106
430905,GLORINHA,RS,116.0,2025,118.33,2025_S2,25,2023,81.5,122,50
313140,IPIAÇU,MG,116.0,2026,116.0,2026_S1,25,2024,90.15,119,72
291670,ITAQUARA,BA,115.75,2025,120.33,2021_S1,24,2021,109.13,131,96
231280,SENADOR SÁ,CE,115.67,2026,115.67,2025_S2,26,2024,81.03,120,57
510775,SALTO DO CÉU,MT,115.58,2024,122.0,2025_S1,69,2025,99.37,131,61
210040,ALTAMIRA DO MARANHÃO,MA,115.25,2025,117.0,2025_S2,12,2024,106.55,119,98
316430,SÃO ROQUE DE MINAS,MG,115.0,2026,115.5,2025_S2,9,2022,99.17,117,79
316180,SÃO GONÇALO DO PARÁ,MG,114.83,2025,116.83,2025_S1,21,2024,96.65,118,81
311170,CANAÃ,MG,114.75,2025,115.83,2025_S1,26,2024,91.23,119,69
431670,SANTA BÁRBARA DO SUL,RS,114.75,2025,116.83,2025_S1,12,2023,106.95,118,96
280430,MURIBECA,SE,114.67,2026,117.0,2025_S2,21,2021,90.02,119,48
150750,SÃO JOÃO DO ARAGUAIA,PA,114.67,2026,114.67,2026_S1,37,2024,88.18,120,71
431470,PLANALTO,RS,114.58,2025,116.5,2024_S2,11,2024,105.7,119,86
353640,PAULICÉIA,SP,114.58,2025,114.67,2025_S2,43,2024,92.97,119,68
352160,IRAPURU,SP,114.5,2025,115.33,2025_S2,14,2024,101.08,117,87
353250,NEVES PAULISTA,SP,114.42,2025,114.67,2025_S2,11,2023,103.45,117,92
411390,MALLET,PR,114.42,2025,115.5,2025_S2,16,2023,95.33,118,72
330245,MACUCO,RJ,114.42,2025,115.67,2024_S2,23,2023,93.03,119,62
291905,LAJEDO DO TABOCAL,BA,114.33,2026,114.33,2026_S1,10,2023,97.75,116,85
220345,DOM INOCÊNCIO,PI,114.33,2025,115.83,2025_S1,24,2024,90.82,118,67
210930,PRESIDENTE VARGAS,MA,114.17,2025,115.83,2025_S2,28,2023,83.7,119,53
310240,ALVORADA DE MINAS,MG,114.17,2024,114.5,2024_S1,17,2025,103.97,117,91
354670,SANTA GERTRUDES,SP,113.92,2025,116.5,2025_S1,19,2024,97.97,121,80
315890,SANTANA DO MANHUAÇU,MG,113.83,2025,115.0,2025_S2,22,2024,89.67,116,68
520810,FORMOSO,GO,113.78,2021,114.67,2021_S1,15,2024,105.72,115,95
510628,NOVO SÃO JOAQUIM,MT,113.75,2025,114.17,2025_S2,10,2022,106.27,116,89
522205,VICENTINÓPOLIS,GO,113.67,2026,113.67,2026_S1,9,2024,101.62,116,95
291420,IRAJUBA,BA,113.67,2026,113.83,2025_S2,20,2025,98.9,125,82
410405,CAMPO BONITO,PR,113.67,2026,113.67,2026_S1,26,2024,78.03,114,56
260805,JATOBÁ,PE,113.67,2021,117.0,2021_S1,88,2022,74.62,118,25
211080,SÃO FÉLIX DE BALSAS,MA,113.5,2025,116.33,2025_S2,13,2024,95.15,118,79
240620,LAGOA DANTA,RN,113.5,2025,114.17,2025_S2,21,2024,95.03,116,80
430580,CONSTANTINA,RS,113.42,2025,115.17,2025_S2,10,2025,105.57,119,97
311410,CARMO DE MINAS,MG,113.33,2026,113.33,2026_S1,18,2023,77.93,117,54
210010,AFONSO CUNHA,MA,113.25,2025,114.33,2025_S2,13,2025,101.82,120,87
314650,PAINS,MG,113.17,2025,113.83,2025_S1,11,2024,100.72,117,88
250157,BARRA DE SANTANA,PB,113.0,2026,113.0,2026_S1,32,2024,55.6,115,23
170720,DOIS IRMÃOS DO TOCANTINS,TO,113.0,2026,114.0,2025_S2,12,2023,94.58,116,71
521500,NOVA VENEZA,GO,113.0,2026,113.0,2026_S1,22,2023,83.6,115,58
320225,GOVERNADOR LINDENBERG,ES,113.0,2026,115.5,2025_S2,17,2023,84.7,117,60
251420,SÃO JOSÉ DA LAGOA TAPADA,PB,112.67,2026,116.17,2025_S2,12,2023,92.08,117,74
251160,PILÕES,PB,112.67,2025,115.0,2025_S2,18,2024,90.42,117,75
240370,FELIPE GUERRA,RN,112.67,2026,115.0,2025_S2,44,2024,71.6,119,43
521940,SANTA RITA DO ARAGUAIA,GO,112.42,2023,113.83,2023_S2,79,2024,81.83,116,33
220660,MONTE ALEGRE DO PIAUÍ,PI,112.33,2026,112.33,2026_S1,22,2024,76.5,113,45
310880,BRAÚNAS,MG,112.33,2026,112.83,2025_S2,17,2024,86.57,115,65
430693,ENTRE-IJUÍS,RS,112.25,2025,113.33,2024_S2,15,2024,98.43,115,82
292710,RODELAS,BA,112.17,2025,115.17,2025_S2,12,2025,103.28,117,96
320070,ATÍLIO VIVACQUA,ES,112.08,2025,114.0,2025_S2,22,2023,83.77,116,58
316520,SÃO THOMÉ DAS LETRAS,MG,111.89,2021,114.0,2021_S1,34,2024,97.68,114,71
353940,PIRATININGA,SP,111.83,2024,112.0,2024_S1,13,2022,105.18,114,93
293000,SEBASTIÃO LARANJEIRAS,BA,111.67,2025,113.33,2025_S2,19,2024,92.18,115,77
220720,PADRE MARCOS,PI,111.67,2026,111.67,2026_S1,6,2025,100.2,114,90
315320,PRESIDENTE JUSCELINO,MG,111.5,2025,111.5,2025_S1,16,2024,97.28,112,84
510850,VERA,MT,111.33,2026,111.33,2026_S1,17,2025,91.68,114,82
172065,SILVANÓPOLIS,TO,111.33,2026,111.33,2026_S1,21,2025,85.55,113,70
412690,TAPIRA,PR,111.33,2025,113.5,2025_S1,16,2024,93.0,115,71
314060,MATERLÂNDIA,MG,111.0,2021,118.5,2024_S1,21,2024,107.53,121,94
354230,REDENÇÃO DA SERRA,SP,111.0,2026,111.0,2026_S1,14,2023,86.87,115,71
293245,UMBURANAS,BA,110.92,2025,114.0,2025_S2,37,2024,107.48,115,78
220997,SÃO JOÃO DO ARRAIAL,PI,110.67,2026,110.67,2026_S1,18,2024,74.5,115,50
310970,CACHOEIRA DE MINAS,MG,110.67,2026,112.0,2024_S1,12,2024,105.72,116,96
350640,BILAC,SP,110.25,2025,111.5,2025_S2,13,2024,95.77,113,80
410645,CORONEL DOMINGOS SOARES,PR,110.25,2025,112.33,2025_S2,12,2023,94.08,115,77
110037,ALTO ALEGRE DOS PARECIS,RO,110.08,2025,111.0,2025_S1,21,2024,91.25,113,74
510706,QUERÊNCIA,MT,110.0,2026,120.0,2025_S2,98,2025,90.97,195,69
150563,PIÇARRA,PA,110.0,2026,111.0,2025_S1,25,2023,85.15,115,57
240540,JAPI,RN,110.0,2026,110.67,2025_S2,19,2022,92.3,113,68
316880,TIRADENTES,MG,110.0,2025,110.83,2025_S2,14,2024,89.97,112,66
412790,TUNEIRAS DO OESTE,PR,110.0,2026,110.0,2026_S1,8,2021,104.22,111,96
520590,CORUMBAÍBA,GO,110.0,2026,111.5,2025_S2,13,2025,93.33,116,76
210310,CEDRAL,MA,110.0,2026,110.0,2026_S1,17,2024,90.65,113,74
310250,AMPARO DO SERRA,MG,110.0,2026,110.0,2026_S1,11,2024,87.22,112,75
211107,SÃO JOÃO DO SOTER,MA,110.0,2026,111.0,2025_S2,18,2024,89.97,113,77
522220,VILA BOA,GO,109.83,2023,110.17,2023_S2,13,2022,106.75,112,99
280510,PEDRINHAS,SE,109.75,2024,119.83,2024_S1,39,2024,107.52,129,90
313910,MADRE DE DEUS DE MINAS,MG,109.5,2025,109.83,2025_S1,11,2024,103.03,112,95
241280,SÃO RAFAEL,RN,109.42,2025,111.67,2025_S2,13,2024,94.67,113,82
241415,TENENTE LAURENTINO CRUZ,RN,109.33,2026,111.17,2025_S2,12,2024,94.33,115,81
420330,CAMPO ALEGRE,SC,109.33,2026,109.33,2025_S2,13,2024,89.33,111,72
411970,PLANALTINA DO PARANÁ,PR,109.0,2026,109.0,2026_S1,19,2024,85.0,110,73
170300,BABAÇULÂNDIA,TO,109.0,2026,110.67,2025_S2,15,2024,86.27,114,62
410710,DIAMANTE DO NORTE,PR,108.83,2025,111.5,2025_S2,12,2024,105.18,113,96
171790,PONTE ALTA DO TOCANTINS,TO,108.67,2026,109.17,2025_S2,16,2025,86.02,111,68
315000,PESCADOR,MG,108.67,2026,108.67,2026_S1,15,2023,84.85,112,58
171886,SANTA FÉ DO ARAGUAIA,TO,108.67,2026,109.5,2025_S2,19,2023,77.32,112,55
313507,JAMPRUCA,MG,108.67,2026,109.83,2025_S2,20,2022,84.57,112,55
231250,SÃO JOÃO DO JAGUARIBE,CE,108.67,2025,110.33,2025_S2,13,2024,97.43,113,88
313020,IGARATINGA,MG,108.5,2024,109.83,2024_S2,26,2025,101.83,112,84
280220,FEIRA NOVA,SE,108.33,2026,108.33,2026_S1,27,2024,66.35,109,33
311400,CARMO DA MATA,MG,108.33,2026,108.33,2026_S1,16,2025,90.32,111,80
270820,SÃO BRÁS,AL,108.33,2026,108.33,2026_S1,16,2024,92.08,113,81
280470,NOSSA SENHORA DE LOURDES,SE,108.22,2021,125.0,2021_S1,75,2021,88.52,171,75
316010,SANTO ANTÔNIO DO GRAMA,MG,107.83,2025,108.5,2025_S2,16,2023,89.2,110,64
354560,SANTA ADÉLIA,SP,107.75,2025,107.83,2025_S1,12,2022,95.37,111,77
314820,PATROCÍNIO DO MURIAÉ,MG,107.75,2025,109.67,2025_S2,17,2023,83.23,111,57
280110,CANHOBA,SE,107.67,2026,108.33,2025_S2,13,2023,87.73,109,63
230510,GUARAMIRANGA,CE,107.67,2026,107.67,2026_S1,28,2024,67.05,110,42
210312,CENTRAL DO MARANHÃO,MA,107.58,2025,109.0,2025_S2,12,2024,93.52,111,79
521210,JOVIÂNIA,GO,107.42,2025,110.17,2025_S2,16,2023,90.53,112,71
240485,ITAJÁ,RN,107.33,2025,107.5,2025_S1,19,2024,84.43,112,62
410890,GUAIRAÇÁ,PR,107.33,2025,110.33,2025_S1,28,2024,82.22,112,60
520260,AURILÂNDIA,GO,107.33,2026,107.33,2026_S1,23,2023,86.43,109,68
350360,AREIÓPOLIS,SP,107.33,2026,110.83,2025_S2,17,2024,84.18,113,63
290540,CAIRU,BA,107.25,2025,107.83,2025_S2,22,2024,79.15,110,55
353120,MONTE ALEGRE DO SUL,SP,107.25,2024,112.33,2024_S2,20,2024,88.22,115,50
420840,ITAPIRANGA,SC,107.25,2025,107.67,2025_S2,12,2026,98.98,109,89
412870,VITORINO,PR,107.0,2026,107.0,2026_S1,20,2023,85.78,109,61
250210,BOA VENTURA,PB,107.0,2026,107.0,2026_S1,18,2024,84.82,109,74
354570,SANTA ALBERTINA,SP,107.0,2024,111.0,2024_S2,37,2024,98.25,138,79
270190,CHÃ PRETA,AL,106.92,2024,109.67,2024_S1,21,2021,99.88,115,78
315030,PIEDADE DO RIO GRANDE,MG,106.92,2025,107.0,2025_S1,11,2024,93.23,109,77
351250,COROADOS,SP,106.67,2026,106.67,2026_S1,17,2025,73.9,109,53
412780,TOMAZINA,PR,106.67,2026,106.83,2025_S2,9,2025,103.15,109,97
313655,JOSÉ RAYDAN,MG,106.67,2026,106.67,2026_S1,25,2025,70.7,108,41
431630,ROQUE GONZALES,RS,106.33,2025,109.67,2025_S2,11,2025,103.12,112,97
431177,MAQUINÉ,RS,106.33,2026,106.33,2026_S1,15,2023,83.3,108,60
251020,NOVA OLINDA,PB,106.33,2026,106.33,2026_S1,13,2024,83.52,110,58
312290,DONA EUSÉBIA,MG,106.0,2024,108.33,2024_S1,15,2025,100.82,115,90
430840,FORMIGUEIRO,RS,106.0,2024,107.67,2024_S2,17,2023,98.68,112,84
421320,POMERODE,SC,105.75,2024,106.5,2024_S1,27,2025,95.83,109,78
355490,TRÊS FRONTEIRAS,SP,105.67,2025,107.67,2025_S2,16,2023,89.3,110,72
354430,ROSEIRA,SP,105.67,2025,106.33,2025_S1,16,2023,98.0,109,80
521870,RIANÁPOLIS,GO,105.67,2025,107.67,2025_S2,30,2023,75.4,109,41
260630,GRANITO,PE,105.67,2026,108.0,2025_S2,24,2024,84.8,112,72
320450,SANTA LEOPOLDINA,ES,105.67,2025,107.67,2025_S2,17,2024,86.22,110,70
311360,CAREAÇU,MG,105.58,2022,107.0,2021_S1,7,2022,104.33,110,101
312480,ESTRELA DO SUL,MG,105.58,2023,109.0,2021_S1,11,2021,104.32,112,98
220192,BONFIM DO PIAUÍ,PI,105.42,2025,105.83,2025_S1,8,2024,92.9,107,82
510305,CLÁUDIA,MT,105.33,2026,105.5,2024_S1,16,2024,95.98,110,86
210240,CAJAPIÓ,MA,105.33,2026,105.33,2026_S1,20,2024,80.65,107,64
500730,RIO NEGRO,MS,105.0,2021,107.67,2021_S1,9,2024,96.82,108,87
220553,JUREMA,PI,105.0,2026,105.0,2026_S1,24,2024,71.62,108,43
240250,CARNAUBAIS,RN,104.92,2025,105.33,2025_S2,15,2023,93.37,110,75
210970,SAMBAÍBA,MA,104.83,2025,105.67,2025_S2,9,2021,96.75,107,91
350180,AMÉRICO DE CAMPOS,SP,104.75,2024,111.17,2024_S2,53,2025,97.7,137,56
520495,CAMPOS VERDES,GO,104.75,2023,115.0,2024_S1,37,2024,91.57,120,59
270250,DOIS RIACHOS,AL,104.67,2026,104.67,2026_S1,23,2021,95.33,113,87
170650,DARCINÓPOLIS,TO,104.67,2025,105.83,2025_S2,14,2023,81.82,111,58
520830,DIVINÓPOLIS DE GOIÁS,GO,104.67,2026,104.67,2026_S1,6,2022,97.6,106,92
250950,MONTADAS,PB,104.67,2026,106.17,2025_S2,24,2024,73.85,109,48
314380,MUNHOZ,MG,104.67,2026,104.67,2026_S1,16,2024,83.37,106,61
312250,DOM CAVATI,MG,104.58,2024,106.67,2025_S2,9,2024,96.63,110,80
311783,CÔNEGO MARINHO,MG,104.58,2025,105.17,2025_S2,12,2023,92.6,107,79
250470,CONGO,PB,104.42,2025,108.0,2025_S2,19,2024,82.02,111,64
312120,DELFINÓPOLIS,MG,104.33,2026,104.33,2026_S1,12,2024,95.65,109,91
351320,CRISTAIS PAULISTA,SP,104.33,2025,105.5,2025_S2,36,2024,80.75,109,62
411470,MARIA HELENA,PR,104.33,2026,104.33,2025_S2,24,2024,85.55,107,64
510285,CASTANHEIRA,MT,104.33,2026,105.17,2025_S2,13,2023,84.8,106,71
240330,ENCANTO,RN,104.17,2025,104.5,2025_S2,15,2024,85.47,106,66
261290,SÃO BENEDITO DO SUL,PE,104.17,2025,104.33,2024_S2,19,2023,90.0,108,73
520790,FLORES DE GOIÁS,GO,104.17,2025,104.5,2025_S2,14,2024,96.23,107,88
251330,SANTA HELENA,PB,104.0,2026,104.0,2026_S1,10,2023,82.97,105,70
313695,JUVENÍLIA,MG,104.0,2026,105.67,2025_S2,22,2025,75.23,108,50
431380,PALMITINHO,RS,104.0,2025,105.67,2025_S1,8,2023,94.5,108,83
261618,VERTENTE DO LÉRIO,PE,104.0,2026,104.0,2026_S1,22,2025,72.85,108,52
250580,DUAS ESTRADAS,PB,103.92,2025,104.33,2025_S1,27,2024,85.22,106,73
220140,BARRO DURO,PI,103.67,2026,103.67,2026_S1,14,2024,84.95,105,70
352370,ITIRAPUÃ,SP,103.67,2026,103.67,2026_S1,13,2023,85.33,109,66
210215,BREJO DE AREIA,MA,103.67,2025,104.17,2025_S1,23,2024,80.73,107,59
421760,SIDERÓPOLIS,SC,103.67,2025,106.33,2025_S2,18,2023,83.58,108,65
290689,CARAÍBAS,BA,103.67,2026,103.67,2026_S1,41,2024,84.8,106,65
293317,VARZEDO,BA,103.67,2026,105.33,2025_S2,13,2023,81.95,106,64
430020,AJURICABA,RS,103.58,2024,104.33,2024_S1,8,2023,99.58,106,95
510777,SANTA TEREZINHA,MT,103.58,2025,103.83,2025_S2,11,2024,90.55,109,79
312210,DIVINO DAS LARANJEIRAS,MG,103.5,2025,103.83,2025_S2,18,2023,81.27,105,60
250527,CURRAL DE CIMA,PB,103.5,2025,106.5,2025_S2,10,2025,93.97,108,84
314053,MARTINS SOARES,MG,103.33,2026,103.33,2026_S1,14,2024,76.12,104,59
312125,DELTA,MG,103.33,2026,103.33,2026_S1,23,2024,70.72,106,49
312270,DOM SILVÉRIO,MG,103.33,2025,105.67,2025_S2,12,2024,89.38,107,76
355470,TORRINHA,SP,103.17,2025,103.67,2024_S2,17,2023,87.98,107,71
312130,DESCOBERTO,MG,103.17,2024,104.5,2024_S2,14,2024,93.77,110,85
316690,SERRANIA,MG,103.11,2021,107.67,2021_S1,14,2022,99.17,108,89
310570,BARRA LONGA,MG,103.08,2025,105.33,2025_S2,19,2023,81.33,107,56
510370,FELIZ NATAL,MT,103.0,2026,103.0,2026_S1,16,2024,82.58,105,68
510060,ALTO TAQUARI,MT,103.0,2026,103.0,2026_S1,22,2024,74.85,106,57
411110,ITAMBÉ,PR,103.0,2025,108.67,2025_S1,46,2025,91.62,111,65
355350,TAPIRAÍ,SP,103.0,2024,108.5,2024_S2,29,2024,81.97,117,65
317210,VOLTA GRANDE,MG,102.92,2024,103.5,2024_S2,11,2025,98.18,106,88
150555,PAU DARCO,PA,102.83,2025,107.67,2025_S2,14,2024,88.15,110,75
270375,JEQUIÁ DA PRAIA,AL,102.67,2026,102.67,2026_S1,28,2024,66.82,103,44
420960,LAURO MÜLLER,SC,102.67,2025,103.17,2025_S2,9,2024,96.08,106,85
352860,MANDURI,SP,102.67,2026,102.67,2026_S1,14,2024,84.43,105,70
431125,LAGOÃO,RS,102.58,2025,104.33,2025_S2,9,2023,91.58,106,81
421400,PRESIDENTE GETÚLIO,SC,102.5,2025,103.67,2025_S2,7,2021,98.88,105,92
500750,ROCHEDO,MS,102.42,2024,105.5,2024_S2,22,2023,82.48,109,48
170730,DUERÉ,TO,102.42,2025,102.5,2025_S2,19,2024,77.83,104,53
510794,TABAPORÃ,MT,102.33,2026,107.33,2025_S2,24,2025,76.35,112,59
311640,CLARAVAL,MG,102.33,2026,103.33,2025_S2,22,2023,80.85,107,62
240400,FRUTUOSO GOMES,RN,102.33,2026,102.33,2026_S1,11,2024,85.3,103,72
312707,FRUTA DE LEITE,MG,101.83,2025,104.67,2025_S2,10,2025,96.83,106,92
315830,SANTANA DA VARGEM,MG,101.75,2025,102.0,2025_S2,14,2023,88.33,104,72
260250,BREJINHO,PE,101.75,2025,102.5,2025_S1,13,2022,84.82,108,60
220672,NAZÁRIA,PI,101.67,2026,101.67,2026_S1,23,2024,72.88,106,55
350930,CAJOBI,SP,101.58,2025,102.0,2025_S2,16,2022,80.13,104,55
350980,CAMPOS NOVOS PAULISTA,SP,101.5,2025,104.17,2025_S2,20,2024,78.8,105,63
251640,TACIMA,PB,101.5,2025,101.67,2025_S1,18,2024,90.93,102,75
510620,NOVA BRASILÂNDIA,MT,101.33,2026,101.33,2026_S1,6,2024,92.33,105,87
290050,ÉRICO CARDOSO,BA,101.33,2026,101.33,2026_S1,16,2025,82.57,104,66
290950,CRAVOLÂNDIA,BA,101.17,2024,102.5,2024_S2,8,2023,95.87,105,88
412853,VENTANIA,PR,101.0,2026,101.0,2026_S1,11,2025,84.58,103,74
312660,FRANCISCO DUMONT,MG,101.0,2025,103.17,2025_S2,11,2022,85.78,105,64
355730,ESTIVA GERBI,SP,101.0,2026,101.0,2026_S1,26,2024,76.03,107,56
140023,CAROEBE,RR,101.0,2026,103.67,2025_S2,25,2024,59.32,106,17
510626,NOVO MUNDO,MT,101.0,2026,101.0,2026_S1,15,2023,79.18,103,62
354820,SANTO ANTÔNIO DO PINHAL,SP,100.92,2024,101.17,2024_S1,9,2022,93.5,105,82
352380,ITOBI,SP,100.83,2025,101.33,2025_S1,14,2023,89.43,103,73
420530,FAXINAL DOS GUEDES,SC,100.75,2025,102.33,2025_S2,15,2026,94.73,106,85
353360,NUPORANGA,SP,100.67,2026,100.67,2026_S1,8,2025,88.7,104,78
251510,SÃO SEBASTIÃO DE LAGOA DE ROÇA,PB,100.67,2026,101.0,2025_S2,24,2024,71.97,104,43
520760,FAZENDA NOVA,GO,100.67,2026,100.67,2026_S1,13,2023,81.65,102,64
220940,SANTO ANTÔNIO DE LISBOA,PI,100.67,2026,100.67,2026_S1,25,2024,68.82,102,49
520380,BRITÂNIA,GO,100.67,2026,100.67,2026_S1,11,2025,85.83,103,74
210940,PRIMEIRA CRUZ,MA,100.58,2025,100.83,2025_S2,23,2024,76.48,105,58
330513,SÃO JOSÉ DE UBÁ,RJ,100.33,2026,100.83,2025_S2,24,2024,68.1,102,47
352420,JABORANDI,SP,100.33,2025,105.83,2025_S1,22,2023,81.48,109,64
240970,PEDRO AVELINO,RN,100.17,2025,103.67,2024_S2,15,2023,89.75,106,75
170710,DIVINÓPOLIS DO TOCANTINS,TO,100.08,2025,100.5,2025_S2,14,2024,93.27,102,82
292285,NOVA REDENÇÃO,BA,100.0,2025,100.0,2025_S1,13,2024,84.13,101,65
430965,HULHA NEGRA,RS,100.0,2026,101.83,2025_S2,12,2024,79.68,103,63
260330,CALÇADO,PE,99.67,2026,99.67,2026_S1,19,2023,76.2,101,44
170380,BURITI DO TOCANTINS,TO,99.67,2025,100.67,2025_S1,21,2024,76.33,103,55
312087,CURRAL DE DENTRO,MG,99.67,2026,100.5,2025_S2,15,2025,82.77,103,70
351950,IBIRAREMA,SP,99.58,2025,101.83,2025_S1,17,2024,85.57,103,69
521060,ITAGUARU,GO,99.5,2025,100.5,2025_S2,11,2024,87.88,104,77
420720,IMARUÍ,SC,99.33,2026,102.33,2025_S2,12,2025,86.2,104,73
410950,GUARAQUEÇABA,PR,99.33,2026,99.33,2026_S1,11,2024,82.73,102,72
291890,LAJEDÃO,BA,99.33,2026,99.33,2026_S1,20,2024,88.78,101,78
250200,BELÉM DO BREJO DO CRUZ,PB,99.33,2026,99.83,2025_S2,20,2025,69.17,103,43
411721,NOVA SANTA BÁRBARA,PR,99.33,2026,100.0,2025_S2,15,2025,77.83,102,60
430240,BOM RETIRO DO SUL,RS,99.33,2026,99.33,2026_S1,9,2024,85.83,102,73
420370,CANELINHA,SC,99.25,2025,100.0,2025_S1,17,2024,85.78,103,71
320316,LARANJA DA TERRA,ES,99.17,2025,100.5,2025_S2,9,2024,88.07,103,77
210637,MARANHÃOZINHO,MA,99.0,2025,101.33,2024_S2,14,2024,93.02,103,85
313100,INHAÚMA,MG,99.0,2025,100.0,2025_S1,9,2021,86.08,101,62
110160,THEOBROMA,RO,99.0,2026,101.0,2025_S2,26,2024,68.68,102,48
411920,PINHALÃO,PR,99.0,2026,99.0,2026_S1,7,2022,89.27,101,81
241390,TAIPU,RN,98.67,2026,98.67,2026_S1,15,2024,79.52,101,61
290330,BARRO PRETO,BA,98.67,2026,98.67,2026_S1,19,2025,70.5,104,55
250670,IMACULADA,PB,98.67,2026,100.83,2025_S2,22,2024,72.02,105,47
210450,GOVERNADOR ARCHER,MA,98.67,2023,100.0,2024_S1,28,2021,91.38,109,80
210805,PAULINO NEVES,MA,98.33,2026,99.83,2025_S2,27,2024,72.08,101,49
353170,MONTEIRO LOBATO,SP,98.33,2025,100.83,2025_S1,18,2024,81.33,102,63
316020,SANTO ANTÔNIO DO ITAMBÉ,MG,98.33,2021,100.0,2021_S1,10,2025,89.4,100,74
410530,CÉU AZUL,PR,98.22,2021,100.0,2021_S1,9,2022,92.52,101,83
240520,JANDUÍS,RN,98.11,2021,101.67,2021_S1,16,2024,94.85,103,86
411500,MARILENA,PR,98.08,2025,99.17,2025_S1,12,2024,89.2,101,79
293325,VEREDA,BA,98.0,2024,103.0,2024_S1,34,2024,84.37,108,69
160020,CALÇOENE,AP,98.0,2025,99.33,2025_S2,14,2025,83.17,106,66
314795,PATIS,MG,98.0,2025,98.67,2025_S2,16,2024,72.78,101,44
351730,GUAIMBÊ,SP,97.92,2025,98.17,2025_S1,14,2023,86.63,100,68
320515,VILA PAVÃO,ES,97.67,2025,98.83,2025_S2,17,2024,78.4,102,59
211027,SANTO AMARO DO MARANHÃO,MA,97.67,2025,100.67,2025_S2,22,2024,73.38,104,52
310010,ABADIA DOS DOURADOS,MG,97.67,2026,97.67,2026_S1,9,2025,83.67,100,73
313710,LAGAMAR,MG,97.44,2021,98.0,2021_S1,9,2025,93.4,100,84
312352,DURANDÉ,MG,97.33,2026,97.33,2026_S1,18,2025,75.88,98,67
410832,FRANCISCO ALVES,PR,97.33,2026,97.33,2026_S1,32,2024,76.4,100,51
350510,BARBOSA,SP,97.22,2021,100.33,2021_S1,12,2021,91.32,104,86
250310,CABACEIRAS,PB,97.0,2026,97.0,2026_S1,16,2023,63.28,98,40
311080,CAMPANÁRIO,MG,97.0,2026,97.0,2026_S1,12,2025,76.97,98,60
411375,LUNARDELLI,PR,97.0,2026,97.0,2026_S1,12,2023,77.15,98,61
351780,GUARAÇAÍ,SP,96.92,2024,99.0,2024_S1,12,2025,92.1,100,77
280260,GRACHO CARDOSO,SE,96.75,2025,97.5,2025_S1,19,2024,80.83,99,69
241270,SÃO PEDRO,RN,96.67,2025,102.17,2025_S2,21,2024,67.5,104,43
240725,MAJOR SALES,RN,96.67,2026,96.67,2026_S1,14,2024,75.3,98,57
421100,MONDAÍ,SC,96.67,2025,96.83,2025_S2,10,2026,91.03,100,83
312705,FRONTEIRA DOS VALES,MG,96.58,2025,97.67,2025_S2,16,2024,76.83,101,64
421030,MAJOR VIEIRA,SC,96.33,2025,98.0,2023_S1,7,2021,95.75,99,90
431170,MACHADINHO,RS,96.33,2026,96.5,2025_S1,8,2024,87.88,99,78
293110,TANQUINHO,BA,96.33,2026,96.33,2026_S1,33,2021,86.68,114,79
315070,PIRAJUBA,MG,96.33,2024,97.67,2024_S2,23,2023,78.0,99,56
510010,ACORIZAL,MT,96.25,2023,103.67,2024_S1,62,2024,89.25,111,49
353680,PEDRA BELA,SP,96.25,2023,96.67,2023_S2,29,2024,81.95,99,59
520545,CEZARINA,GO,96.08,2023,110.83,2024_S1,48,2024,82.73,114,66
250550,VISTA SERRANA,PB,96.0,2026,96.0,2026_S1,13,2024,79.78,98,63
411100,ITAMBARACÁ,PR,96.0,2026,96.0,2026_S1,7,2021,91.1,98,83
411885,PEROBAL,PR,96.0,2026,96.0,2026_S1,13,2024,76.9,97,58
500840,VICENTINA,MS,95.89,2021,98.0,2021_S1,12,2024,89.37,100,79
310410,ARCEBURGO,MG,95.83,2025,98.67,2025_S1,14,2023,80.03,102,62
251360,SANTANA DOS GARROTES,PB,95.58,2025,96.67,2025_S2,10,2024,83.22,98,71
432345,VILA NOVA DO SUL,RS,95.58,2025,97.5,2025_S1,14,2025,85.65,100,66
316650,SERRA AZUL DE MINAS,MG,95.33,2023,104.67,2024_S1,66,2024,72.6,108,42
351910,IACANGA,SP,95.33,2026,95.33,2026_S1,13,2024,79.3,98,63
241010,POÇO BRANCO,RN,95.33,2025,96.17,2025_S2,18,2022,77.33,100,55
354050,PORANGABA,SP,95.25,2025,97.0,2025_S1,49,2025,91.28,104,55
220557,LAGOA DE SÃO FRANCISCO,PI,95.0,2025,96.83,2025_S2,21,2024,68.53,99,47
431610,RONDA ALTA,RS,95.0,2026,95.33,2025_S2,12,2025,89.53,101,82
310205,ALTO CAPARAÓ,MG,94.83,2025,96.17,2025_S2,21,2024,67.28,99,38
431265,NÃO-ME-TOQUE,RS,94.83,2025,99.17,2025_S1,27,2025,88.42,115,79
500780,SELVÍRIA,MS,94.75,2023,95.0,2023_S2,10,2024,89.2,96,77
350775,BREJO ALEGRE,SP,94.75,2025,97.67,2025_S2,21,2024,60.48,102,31
293076,SÍTIO DO QUINTO,BA,94.67,2026,94.67,2025_S1,19,2023,75.1,96,55
261153,QUIXABA,PE,94.67,2026,95.17,2025_S1,17,2024,78.82,97,64
314505,NOVA PORTEIRINHA,MG,94.5,2025,96.0,2025_S2,12,2022,81.35,99,64
310445,ARICANDUVA,MG,94.5,2025,95.17,2025_S1,14,2024,79.6,96,63
350120,ÁLVARES FLORENCE,SP,94.33,2026,94.33,2026_S1,12,2023,79.02,97,66
412320,SANTA CECÍLIA DO PAVÃO,PR,94.33,2026,97.5,2025_S2,14,2024,79.1,99,67
250230,BOM SUCESSO,PB,94.33,2026,94.33,2026_S1,13,2025,76.82,97,67
354310,RIBEIRÃO CORRENTE,SP,94.33,2026,94.33,2026_S1,16,2025,74.5,98,63
411605,MISSAL,PR,94.33,2021,95.33,2021_S1,25,2022,75.85,97,67
220490,ISAÍAS COELHO,PI,94.25,2025,95.67,2025_S2,11,2023,82.47,97,72
411155,IVATÉ,PR,94.08,2025,95.83,2025_S1,10,2023,87.33,97,78
220340,DOM EXPEDITO LOPES,PI,94.0,2026,94.0,2026_S1,24,2024,56.2,102,27
220595,MARCOLÂNDIA,PI,94.0,2026,94.0,2026_S1,14,2025,67.47,97,48
291735,JABORANDI,BA,93.92,2025,94.5,2025_S2,11,2023,75.55,96,56
290230,ARATUÍPE,BA,93.92,2025,96.5,2025_S2,21,2023,69.25,99,46
351660,GÁLIA,SP,93.67,2024,95.33,2024_S1,12,2022,87.22,97,74
351470,ECHAPORÃ,SP,93.67,2026,93.67,2026_S1,11,2025,80.65,97,73
220760,PARNAGUÁ,PI,93.67,2026,93.67,2026_S1,14,2024,71.72,96,57
432230,TUPARENDI,RS,93.67,2024,94.67,2025_S1,7,2023,87.18,96,79
290880,CONTENDAS DO SINCORÁ,BA,93.5,2025,94.0,2025_S2,15,2023,76.37,95,61
430720,ERVAL GRANDE,RS,93.33,2021,95.0,2021_S1,8,2022,87.07,95,80
421605,SÃO CRISTÓVÃO DO SUL,SC,93.33,2025,95.83,2025_S2,14,2023,80.1,98,66
312030,CRISTÁLIA,MG,93.33,2026,95.5,2025_S2,18,2025,67.53,97,47
110120,MINISTRO ANDREAZZA,RO,93.33,2026,93.33,2026_S1,20,2025,71.12,99,56
221030,SÃO JULIÃO,PI,93.33,2026,93.33,2026_S1,30,2024,51.77,96,29
521550,OUVIDOR,GO,93.33,2026,93.33,2026_S1,23,2023,68.92,96,38
120035,MARECHAL THAUMATURGO,AC,93.33,2026,93.33,2026_S1,20,2025,54.82,96,29
220196,BRASILEIRA,PI,93.33,2026,93.33,2026_S1,17,2024,75.93,94,64
312110,DELFIM MOREIRA,MG,93.25,2025,94.33,2025_S2,13,2022,81.12,95,65
291030,ELÍSIO MEDRADO,BA,93.08,2025,93.17,2025_S2,12,2022,82.23,95,65
410975,IBEMA,PR,93.0,2025,93.5,2025_S2,12,2023,83.7,98,74
250880,MALTA,PB,93.0,2026,93.33,2025_S2,11,2023,78.4,95,63
130210,JAPURÁ,AM,93.0,2026,98.17,2025_S2,29,2025,56.97,102,36
500755,SANTA RITA DO PARDO,MS,93.0,2025,94.83,2025_S2,10,2023,89.72,96,83
210920,PRESIDENTE JUSCELINO,MA,92.92,2025,93.83,2025_S1,24,2024,75.23,97,60
353590,PARANAPUÃ,SP,92.92,2025,93.5,2025_S2,26,2025,76.32,98,56
354490,SALES OLIVEIRA,SP,92.67,2025,93.33,2025_S1,16,2024,82.35,94,71
220213,CAMPO GRANDE DO PIAUÍ,PI,92.67,2026,92.67,2026_S1,23,2024,49.23,95,27
315260,POUSO ALTO,MG,92.67,2025,92.83,2025_S2,10,2022,83.9,94,71
250850,LIVRAMENTO,PB,92.33,2026,92.33,2025_S2,16,2024,68.05,95,44
241100,RODOLFO FERNANDES,RN,92.33,2026,92.33,2026_S1,26,2024,71.68,93,60
250450,CONDADO,PB,92.33,2026,94.5,2025_S2,15,2024,75.57,96,61
411900,PÉROLA DOESTE,PR,92.33,2025,92.33,2025_S1,10,2022,83.83,95,67
316130,SÃO FRANCISCO DE SALES,MG,92.08,2023,92.5,2023_S1,46,2024,74.98,93,43
316540,SAPUCAÍ-MIRIM,MG,92.08,2024,94.5,2024_S1,13,2023,85.05,97,75
316630,SERICITA,MG,92.0,2026,92.0,2026_S1,17,2025,57.23,94,29
510627,NOVO HORIZONTE DO NORTE,MT,92.0,2026,93.83,2025_S2,16,2025,72.92,96,56
316294,SÃO JOSÉ DA BARRA,MG,92.0,2026,92.0,2026_S1,11,2024,76.47,94,63
430380,CAMPINAS DO SUL,RS,91.89,2021,94.67,2021_S1,10,2022,82.23,95,72
315310,PRESIDENTE BERNARDES,MG,91.83,2024,95.5,2025_S1,24,2025,81.8,97,67
230180,BAIXIO,CE,91.83,2025,93.33,2025_S2,12,2023,74.17,94,59
310480,AUGUSTO DE LIMA,MG,91.75,2025,92.33,2025_S1,13,2024,72.65,95,52
316095,SÃO DOMINGOS DAS DORES,MG,91.75,2025,93.33,2025_S1,12,2024,81.27,95,71
314170,MESQUITA,MG,91.67,2025,91.67,2025_S1,18,2024,75.1,94,61
211172,SATUBINHA,MA,91.67,2026,91.67,2026_S1,13,2024,80.27,93,72
430180,BARRACÃO,RS,91.67,2024,93.17,2024_S2,8,2025,88.25,95,84
120017,CAPIXABA,AC,91.58,2023,110.17,2024_S1,85,2024,65.47,120,27
316220,SÃO JOÃO BATISTA DO GLÓRIA,MG,91.5,2024,92.0,2024_S2,10,2023,84.33,93,71
353610,PARDINHO,SP,91.42,2024,94.67,2024_S1,46,2024,80.08,98,52
240060,ALMINO AFONSO,RN,91.33,2026,92.5,2025_S2,14,2022,79.07,93,61
351210,COLÔMBIA,SP,91.33,2026,92.33,2025_S2,12,2024,73.07,95,54
291345,IGRAPIÚNA,BA,91.25,2024,91.5,2024_S2,7,2021,88.2,93,81
521350,MONTE ALEGRE DE GOIÁS,GO,91.22,2021,93.0,2021_S1,15,2023,80.98,93,68
150300,FARO,PA,91.0,2026,92.83,2025_S2,28,2023,64.87,97,39
411705,NOVA LARANJEIRAS,PR,91.0,2026,91.33,2025_S2,11,2023,77.05,95,63
221065,SIGEFREDO PACHECO,PI,91.0,2026,91.0,2026_S1,16,2024,70.03,94,49
421420,QUILOMBO,SC,90.78,2021,91.17,2021_S2,8,2025,86.42,94,80
521295,MATRINCHÃ,GO,90.67,2026,90.83,2025_S2,9,2024,76.62,94,64
250215,BOA VISTA,PB,90.67,2025,92.67,2025_S2,19,2023,71.6,95,52
220890,RIBEIRO GONÇALVES,PI,90.67,2026,91.17,2025_S2,8,2024,81.28,92,72
220930,SANTA LUZ,PI,90.67,2026,91.67,2025_S2,18,2025,63.1,93,42
410770,FÊNIX,PR,90.5,2025,91.83,2025_S1,9,2023,85.78,94,78
521390,MOSSÂMEDES,GO,90.33,2025,91.33,2025_S2,12,2023,86.22,93,78
170765,FIGUEIRÓPOLIS,TO,90.25,2025,92.67,2025_S2,8,2022,82.35,95,71
353900,PIRANGI,SP,90.0,2025,90.5,2025_S1,13,2024,78.62,92,66
432040,SERAFINA CORRÊA,RS,90.0,2026,91.83,2025_S2,19,2024,70.43,95,56
430467,CAPIVARI DO SUL,RS,89.75,2025,89.83,2025_S1,8,2021,78.28,93,61
411727,NOVA TEBAS,PR,89.67,2024,93.5,2024_S1,15,2024,82.58,94,70
250960,MONTE HOREBE,PB,89.67,2026,90.0,2025_S2,18,2024,63.42,92,48
292780,SANTA CRUZ DA VITÓRIA,BA,89.67,2021,153.0,2021_S1,144,2021,40.52,154,7
430170,BARÃO DE COTEGIPE,RS,89.67,2025,92.17,2025_S2,14,2024,76.8,95,64
354325,RIBEIRÃO GRANDE,SP,89.5,2025,89.83,2025_S2,13,2024,76.27,92,64
310600,BELA VISTA DE MINAS,MG,89.5,2025,90.0,2025_S1,11,2021,77.43,91,63
210667,MILAGRES DO MARANHÃO,MA,89.33,2026,89.33,2026_S1,16,2023,56.92,92,38
432035,SENTINELA DO SUL,RS,89.33,2025,90.17,2025_S2,21,2023,65.68,92,41
432210,TUCUNDUVA,RS,89.33,2026,89.33,2026_S1,10,2023,75.83,91,67
431080,IVOTI,RS,89.33,2026,89.33,2025_S2,9,2023,80.25,93,70
210408,FERNANDO FALCÃO,MA,89.33,2026,89.33,2026_S1,25,2024,56.97,92,33
312540,FELÍCIO DOS SANTOS,MG,89.25,2025,89.83,2025_S2,11,2024,80.97,91,75
410855,GODOY MOREIRA,PR,89.08,2025,89.17,2025_S1,12,2022,75.72,91,53
270390,JUNDIÁ,AL,88.89,2021,93.0,2021_S1,10,2021,79.58,95,67
420990,LONTRAS,SC,88.83,2025,90.5,2025_S2,11,2024,74.28,92,57
241050,RAFAEL FERNANDES,RN,88.67,2026,88.67,2026_S1,11,2023,77.52,90,67
160023,FERREIRA GOMES,AP,88.67,2026,88.67,2026_S1,15,2023,59.75,89,39
421040,MARACAJÁ,SC,88.67,2026,88.67,2025_S2,23,2024,63.28,91,44
210880,PIRAPEMAS,MA,88.67,2025,90.5,2025_S2,28,2024,74.22,93,57
421060,MASSARANDUBA,SC,88.42,2025,89.5,2025_S1,23,2024,69.52,93,48
411530,MARIÓPOLIS,PR,88.33,2026,88.33,2026_S1,6,2023,83.42,90,78
510455,ITAÚBA,MT,88.33,2026,88.33,2026_S1,9,2024,77.68,90,69
314015,MÁRIO CAMPOS,MG,88.33,2026,89.33,2025_S2,22,2023,46.88,91,18
220740,PALMEIRA DO PIAUÍ,PI,88.33,2026,90.5,2025_S2,17,2025,62.32,92,42
412640,SERTANEJA,PR,88.25,2025,90.5,2025_S2,9,2024,80.78,93,71
314587,ORIZÂNIA,MG,88.0,2026,88.0,2026_S1,11,2024,75.55,89,66
290755,CATURAMA,BA,88.0,2025,88.17,2025_S1,14,2024,75.5,90,62
270870,SÃO MIGUEL DOS MILAGRES,AL,87.92,2024,93.0,2024_S1,45,2024,76.75,100,55
350535,BARRA DO CHAPÉU,SP,87.75,2025,90.17,2025_S1,17,2024,72.75,93,59
230427,ERERÊ,CE,87.67,2026,87.67,2026_S1,16,2025,71.42,93,63
350260,APARECIDA DOESTE,SP,87.58,2024,90.67,2024_S2,35,2025,80.18,95,59
520235,ARENÓPOLIS,GO,87.5,2025,88.33,2025_S2,17,2024,74.13,92,62
172110,TOCANTÍNIA,TO,87.33,2026,89.5,2025_S2,22,2024,67.27,92,49
241110,RUY BARBOSA,RN,87.33,2026,87.33,2026_S1,20,2024,55.98,91,39
260710,INGAZEIRA,PE,87.33,2026,87.33,2026_S1,22,2024,57.53,89,33
430471,CARAÁ,RS,87.33,2026,88.0,2025_S2,15,2024,62.83,89,38
431230,MIRAGUAÍ,RS,87.33,2026,88.83,2025_S2,17,2025,84.12,92,75
410715,DIAMANTE DOESTE,PR,87.08,2025,89.33,2025_S1,11,2022,79.3,91,66
411380,LUPIONÓPOLIS,PR,87.0,2026,87.0,2026_S1,13,2025,63.73,89,52
240240,CARNAÚBA DOS DANTAS,RN,86.83,2025,87.83,2025_S2,15,2024,65.57,89,46
412520,SÃO JORGE DOESTE,PR,86.67,2026,86.67,2026_S1,11,2025,68.43,89,56
280530,PIRAMBU,SE,86.67,2026,86.67,2026_S1,18,2025,59.95,88,47
110050,NOVO HORIZONTE DO OESTE,RO,86.33,2024,86.83,2025_S1,7,2025,81.65,88,73
241360,SEVERIANO MELO,RN,86.25,2025,88.5,2025_S2,27,2024,65.9,90,46
171875,RIO SONO,TO,86.25,2025,86.83,2025_S1,14,2023,71.97,88,56
412210,RIO BOM,PR,86.08,2025,86.5,2025_S2,7,2024,77.73,88,69
314437,NATALÂNDIA,MG,86.0,2026,86.0,2026_S1,23,2022,51.25,88,19
312920,HELIODORA,MG,86.0,2026,86.0,2026_S1,13,2022,74.35,87,59
520850,GOIANDIRA,GO,86.0,2026,86.0,2026_S1,13,2024,68.55,88,53
522050,SERRANÓPOLIS,GO,86.0,2026,86.0,2026_S1,12,2025,74.15,89,64
430990,IBIRAIARAS,RS,85.75,2025,88.17,2024_S2,11,2026,80.02,90,70
352020,IGARATÁ,SP,85.67,2025,86.5,2025_S1,13,2024,75.33,88,64
250560,DIAMANTE,PB,85.67,2026,85.67,2026_S1,43,2024,52.85,88,33
420020,AGROLÂNDIA,SC,85.58,2024,87.17,2024_S2,9,2023,78.42,89,66
500025,ALCINÓPOLIS,MS,85.5,2025,87.0,2025_S2,9,2023,75.75,89,65
355385,TAQUARIVAÍ,SP,85.42,2025,86.83,2025_S1,12,2024,69.93,89,51
250170,BARRA DE SÃO MIGUEL,PB,85.33,2026,87.33,2025_S2,16,2022,64.98,88,43
312247,DOM BOSCO,MG,85.33,2026,85.33,2026_S1,10,2024,69.03,88,53
330450,RIO DAS FLORES,RJ,85.17,2025,85.17,2024_S2,19,2023,68.88,89,48
431515,PROGRESSO,RS,85.17,2025,85.83,2025_S2,11,2023,76.33,87,64
240895,RIO DO FOGO,RN,85.08,2025,85.83,2025_S2,19,2023,64.32,87,42
352150,IRAPUÃ,SP,85.08,2025,85.83,2025_S2,10,2024,75.13,87,62
250980,MULUNGU,PB,85.0,2026,87.5,2025_S2,13,2024,73.95,92,63
312680,FREI GASPAR,MG,85.0,2026,85.0,2026_S1,25,2025,56.95,89,39
251110,PEDRA LAVRADA,PB,85.0,2026,85.0,2026_S1,21,2024,55.35,86,33
351810,GUARANTÃ,SP,85.0,2024,85.83,2024_S2,8,2022,81.5,87,76
292410,PEDRÃO,BA,85.0,2025,87.5,2025_S2,8,2022,77.58,89,67
280650,SANTA ROSA DE LIMA,SE,85.0,2026,85.0,2026_S1,19,2024,63.15,87,50
171665,PEQUIZEIRO,TO,84.92,2025,87.5,2025_S2,12,2024,64.58,91,42
211190,SUCUPIRA DO NORTE,MA,84.67,2025,86.83,2025_S2,10,2024,71.37,89,59
240140,BAÍA FORMOSA,RN,84.67,2026,85.17,2025_S2,11,2024,67.75,87,53
520396,BURITINÓPOLIS,GO,84.67,2025,86.0,2025_S2,23,2024,64.55,89,49
420490,DESCANSO,SC,84.58,2025,85.0,2025_S1,10,2022,76.67,87,68
430330,CAIBATÉ,RS,84.44,2021,86.33,2021_S1,12,2023,78.88,88,72
241255,SÃO MIGUEL DO GOSTOSO,RN,84.33,2026,84.33,2026_S1,17,2023,63.88,85,40
351920,IACRI,SP,84.33,2025,85.0,2025_S2,14,2024,71.42,88,58
312015,CRISÓLITA,MG,84.25,2025,86.33,2025_S2,16,2024,67.97,90,53
411240,JAPURÁ,PR,84.17,2025,84.67,2025_S2,11,2024,75.05,88,67
317115,VERMELHO NOVO,MG,84.0,2026,84.0,2026_S1,21,2023,54.82,85,35
110003,CABIXI,RO,84.0,2026,85.0,2025_S2,15,2024,70.23,86,60
280200,DIVINA PASTORA,SE,84.0,2026,84.0,2026_S1,16,2024,51.43,86,27
320200,DORES DO RIO PRETO,ES,84.0,2026,84.17,2025_S2,16,2024,62.43,86,42
353750,PEREIRAS,SP,84.0,2026,84.0,2026_S1,18,2023,59.32,85,39
315300,PRATINHA,MG,84.0,2026,86.33,2023_S2,17,2024,76.9,88,58
220253,CARAÚBAS DO PIAUÍ,PI,83.92,2025,85.33,2025_S2,22,2024,59.3,87,39
430045,ALEGRIA,RS,83.92,2025,84.17,2025_S1,15,2023,72.23,87,54
310850,BOTUMIRIM,MG,83.92,2025,85.0,2025_S2,12,2023,72.02,87,61
220455,GUARIBAS,PI,83.75,2025,83.83,2025_S2,22,2024,62.65,87,47
315360,PRUDENTE DE MORAIS,MG,83.67,2026,83.67,2026_S1,14,2024,60.52,87,40
170830,GOIANORTE,TO,83.67,2024,84.5,2024_S2,10,2023,75.95,87,66
220920,SANTA FILOMENA,PI,83.33,2025,83.83,2025_S2,33,2024,57.2,86,40
355390,TARABAI,SP,83.33,2025,83.33,2024_S2,19,2024,68.45,88,53
251040,OLHO DÁGUA,PB,83.33,2026,83.33,2026_S1,16,2023,59.05,85,35
352070,INDIAPORÃ,SP,83.33,2026,83.67,2025_S2,16,2025,74.23,86,63
220555,LAGOA ALEGRE,PI,83.33,2026,85.67,2025_S2,24,2024,53.25,87,30
412575,SÃO PEDRO DO IGUAÇU,PR,83.33,2025,85.33,2025_S2,11,2022,72.8,88,61
353160,MONTE CASTELO,SP,83.08,2023,85.67,2024_S1,21,2024,77.5,89,60
220245,CAPITÃO GERVÁSIO OLIVEIRA,PI,83.08,2025,87.83,2025_S1,21,2023,57.68,95,30
110100,GOVERNADOR JORGE TEIXEIRA,RO,83.0,2026,83.33,2025_S2,19,2025,51.05,85,28
353770,PIACATU,SP,83.0,2026,84.17,2025_S2,11,2024,69.2,87,61
312260,DOM JOAQUIM,MG,82.92,2025,83.17,2025_S1,8,2025,74.92,86,65
220010,AGRICOLÂNDIA,PI,82.75,2025,83.5,2025_S2,13,2023,73.85,86,63
240850,OURO BRANCO,RN,82.67,2024,84.5,2024_S2,7,2022,78.45,86,72
510343,CURVELÂNDIA,MT,82.67,2026,82.67,2026_S1,20,2024,57.8,85,43
210430,GODOFREDO VIANA,MA,82.67,2026,82.67,2026_S1,19,2024,54.03,84,35
291870,LAFAIETE COUTINHO,BA,82.67,2026,83.67,2025_S2,20,2024,53.77,84,34
150100,AVEIRO,PA,82.67,2026,82.67,2025_S2,15,2025,57.63,86,40
412862,ALTO PARAÍSO,PR,82.67,2025,83.5,2025_S2,18,2024,61.92,85,37
311870,COQUEIRAL,MG,82.58,2025,84.67,2025_S2,10,2023,72.0,86,58
430050,ALPESTRE,RS,82.42,2025,84.67,2025_S1,10,2021,76.93,86,64
412290,SALTO DO ITARARÉ,PR,82.33,2026,82.33,2025_S2,12,2024,65.1,85,54
220910,SANTA CRUZ DO PIAUÍ,PI,82.33,2026,82.33,2026_S1,24,2024,52.57,84,37
315415,REDUTO,MG,82.33,2026,82.33,2026_S1,20,2024,55.53,84,40
251320,SANTA CRUZ,PB,82.33,2026,82.33,2026_S1,12,2025,65.13,84,50
430620,CRUZEIRO DO SUL,RS,82.33,2025,84.0,2024_S2,11,2022,76.97,86,67
170190,ARAGUACEMA,TO,82.25,2025,83.67,2025_S2,13,2024,67.57,85,55
171430,NAZARÉ,TO,82.17,2025,82.33,2025_S2,16,2023,68.45,87,55
170110,APARECIDA DO RIO NEGRO,TO,82.08,2025,82.83,2025_S2,10,2024,74.32,86,66
313410,ITUETA,MG,82.08,2024,84.5,2024_S1,46,2022,59.33,88,14
316060,SANTO HIPÓLITO,MG,82.08,2024,83.33,2024_S2,14,2025,75.05,84,64
221005,SÃO JOSÉ DO DIVINO,PI,82.0,2026,82.0,2026_S1,16,2023,54.48,84,31
251275,RIACHÃO DO BACAMARTE,PB,82.0,2026,82.0,2026_S1,27,2025,37.13,83,18
410790,FLORESTA,PR,82.0,2026,82.0,2026_S1,20,2023,52.73,84,33
171780,PONTE ALTA DO BOM JESUS,TO,81.92,2025,83.67,2025_S2,10,2024,67.37,85,55
251207,POÇO DE JOSÉ DE MOURA,PB,81.92,2025,82.83,2025_S2,6,2024,75.42,84,68
421225,PASSO DE TORRES,SC,81.92,2025,83.17,2025_S2,15,2025,60.45,90,43
432067,SINIMBU,RS,81.83,2024,83.83,2024_S2,11,2024,78.92,86,74
316390,SÃO PEDRO DA UNIÃO,MG,81.83,2024,83.67,2024_S2,7,2024,78.07,85,72
240280,CORONEL EZEQUIEL,RN,81.83,2025,82.33,2025_S2,19,2024,62.33,84,38
220205,CABECEIRAS DO PIAUÍ,PI,81.83,2025,83.67,2025_S2,14,2024,65.62,85,49
352630,LAGOINHA,SP,81.75,2025,83.0,2024_S2,8,2024,76.02,84,65
260740,ITACURUBA,PE,81.67,2025,82.0,2025_S1,15,2024,69.45,85,57
241210,SÃO JOÃO DO SABUGI,RN,81.67,2026,81.67,2026_S1,11,2025,66.8,84,58
520753,FAINA,GO,81.67,2026,81.67,2025_S2,14,2022,62.63,84,43
172049,SÃO VALÉRIO,TO,81.5,2025,83.0,2025_S2,15,2024,64.47,86,51
171070,ITAGUATINS,TO,81.42,2025,81.5,2025_S2,19,2024,61.0,84,40
431580,ROCA SALES,RS,81.42,2025,82.0,2025_S2,17,2024,67.1,85,54
410865,GOIOXIM,PR,81.33,2026,81.33,2026_S1,9,2024,72.48,82,64
250355,CACIMBAS,PB,81.33,2026,81.33,2026_S1,18,2025,44.57,86,22
310440,ARGIRITA,MG,81.33,2026,81.33,2026_S1,14,2024,60.07,82,39
520915,GOUVELÂNDIA,GO,81.33,2026,81.33,2026_S1,11,2025,69.98,82,62
210407,FEIRA NOVA DO MARANHÃO,MA,81.25,2025,82.0,2025_S2,12,2024,65.72,85,47
421150,NOVA TRENTO,SC,81.17,2025,81.33,2025_S2,11,2024,72.47,86,63
170740,ESPERANTINA,TO,81.17,2025,82.33,2025_S2,14,2024,69.52,85,57
430175,BARÃO DO TRIUNFO,RS,81.08,2025,81.17,2025_S2,10,2023,71.17,84,56
140040,NORMANDIA,RR,81.08,2025,81.83,2025_S2,16,2024,61.4,85,42
500280,CARACOL,MS,81.0,2026,81.17,2025_S2,10,2023,74.73,83,65
316300,SÃO JOSÉ DA SAFIRA,MG,81.0,2026,81.0,2026_S1,68,2021,44.82,82,6
270780,ROTEIRO,AL,81.0,2026,81.0,2026_S1,22,2025,53.27,83,39
430003,ACEGUÁ,RS,81.0,2026,81.0,2026_S1,13,2025,64.62,82,52
315840,SANTANA DE CATAGUASES,MG,80.92,2025,82.0,2025_S2,13,2024,65.38,84,51
314625,PADRE CARVALHO,MG,80.92,2025,81.83,2025_S2,5,2022,77.1,83,69
421810,TIMBÉ DO SUL,SC,80.75,2025,82.0,2025_S1,17,2024,65.72,84,52
170130,ARAGOMINAS,TO,80.67,2026,80.67,2026_S1,18,2024,51.42,83,34
221020,SÃO JOSÉ DO PIAUÍ,PI,80.67,2026,80.67,2026_S1,23,2024,51.75,82,31
312180,DIONÍSIO,MG,80.67,2026,80.67,2026_S1,9,2025,69.78,83,62
310500,BALDIM,MG,80.67,2026,80.67,2026_S1,13,2023,64.42,81,47
316590,SENADOR MODESTINO GONÇALVES,MG,80.56,2021,81.67,2021_S1,5,2022,74.68,83,65
353230,NATIVIDADE DA SERRA,SP,80.42,2025,82.33,2025_S2,11,2023,73.55,84,62
250390,CAMALAÚ,PB,80.33,2026,80.33,2026_S1,18,2025,51.62,82,33
314840,PAULISTAS,MG,80.33,2026,80.5,2025_S2,10,2023,61.53,83,47
351980,ICÉM,SP,80.33,2026,82.17,2025_S1,36,2025,73.45,87,51
110007,CORUMBIARA,RO,80.08,2025,81.33,2025_S2,12,2024,66.55,84,53
171750,PIUM,TO,80.08,2025,83.33,2025_S2,13,2023,63.3,85,47
220300,CRISTALÂNDIA DO PIAUÍ,PI,80.0,2026,80.0,2026_S1,26,2024,52.3,82,33
120042,RODRIGUES ALVES,AC,80.0,2026,80.0,2026_S1,17,2025,51.97,83,35
240530,BOA SAÚDE,RN,80.0,2026,81.67,2025_S2,13,2024,61.75,83,46
250270,BORBOREMA,PB,80.0,2026,80.0,2026_S1,14,2024,64.38,82,52
170560,CONCEIÇÃO DO TOCANTINS,TO,80.0,2026,82.83,2025_S2,13,2025,76.22,85,71
315440,RESSAQUINHA,MG,80.0,2026,80.17,2025_S2,13,2023,69.53,82,59
432195,TRINDADE DO SUL,RS,79.92,2024,81.0,2025_S2,11,2025,77.38,83,72
251170,PILÕEZINHOS,PB,79.67,2026,79.67,2026_S1,10,2024,75.23,83,70
310390,ARAÚJOS,MG,79.67,2026,79.67,2026_S1,10,2025,71.17,84,64
510624,NOVA UBIRATÃ,MT,79.67,2026,80.5,2025_S2,14,2023,58.23,82,43
280690,SÃO FRANCISCO,SE,79.58,2025,79.83,2025_S2,8,2023,73.03,83,66
293075,SÍTIO DO MATO,BA,79.42,2025,81.83,2025_S2,8,2024,71.78,83,60
290440,BREJOLÂNDIA,BA,79.33,2026,79.33,2026_S1,29,2023,71.27,81,49
520980,HIDROLINA,GO,79.17,2025,79.33,2025_S1,9,2023,70.9,80,63
315940,SANTA RITA DE IBITIPOCA,MG,79.17,2024,81.5,2025_S1,10,2025,75.67,82,70
210955,RIBAMAR FIQUENE,MA,79.08,2024,79.5,2024_S2,18,2023,66.75,81,51
351190,CLEMENTINA,SP,79.08,2024,80.67,2024_S2,13,2023,68.33,82,55
110070,CAMPO NOVO DE RONDÔNIA,RO,79.0,2023,93.0,2024_S1,61,2024,63.32,103,27
220265,CAXINGÓ,PI,79.0,2026,79.83,2025_S2,33,2024,30.62,87,4
311115,CAMPO AZUL,MG,79.0,2026,81.67,2025_S2,11,2025,64.57,84,51
412395,SANTA MÔNICA,PR,79.0,2026,79.0,2025_S2,17,2024,63.32,80,49
315880,SANTANA DO JACARÉ,MG,79.0,2026,80.67,2025_S2,8,2024,70.38,81,63
431210,MATA,RS,79.0,2026,79.0,2026_S1,8,2023,70.03,80,62
431860,SÃO JOSÉ DO OURO,RS,78.92,2025,79.5,2024_S1,7,2026,77.87,80,71
355320,TAIÚVA,SP,78.92,2025,80.5,2025_S2,14,2024,62.47,83,44
510618,NOVA LACERDA,MT,78.83,2024,81.5,2024_S2,60,2025,64.92,84,19
220191,BOM PRINCÍPIO DO PIAUÍ,PI,78.67,2026,78.67,2026_S1,28,2024,47.2,82,29
220987,SÃO JOÃO DA FRONTEIRA,PI,78.67,2026,78.67,2026_S1,20,2024,45.78,82,28
220680,NOSSA SENHORA DOS REMÉDIOS,PI,78.67,2025,79.67,2025_S2,14,2023,59.67,81,38
310163,ALFREDO VASCONCELOS,MG,78.67,2026,80.0,2025_S2,14,2022,63.48,81,44
315040,PIEDADE DOS GERAIS,MG,78.67,2026,79.0,2025_S2,13,2024,60.3,81,47
220180,BOCAINA,PI,78.58,2025,79.33,2025_S2,7,2023,69.03,81,61
251590,SERRARIA,PB,78.44,2021,82.0,2021_S1,7,2021,75.55,82,69
314440,NATÉRCIA,MG,78.42,2025,78.67,2025_S2,11,2023,69.47,80,57
320290,ITARANA,ES,78.42,2025,82.0,2025_S2,12,2025,61.22,83,47
354105,PRATÂNIA,SP,78.33,2026,78.67,2025_S2,34,2025,58.18,81,44
350055,ÁGUAS DE SANTA BÁRBARA,SP,78.33,2025,79.33,2025_S1,13,2024,65.32,81,49
150410,MAGALHÃES BARATA,PA,78.33,2025,78.67,2025_S2,9,2022,72.97,81,64
522190,VARJÃO,GO,78.33,2026,78.33,2026_S1,18,2024,53.5,83,26
412880,XAMBRÊ,PR,78.33,2026,78.33,2026_S1,10,2025,69.47,80,62
351420,DOLCINÓPOLIS,SP,78.25,2025,80.67,2025_S2,14,2024,62.75,82,47
150775,SAPUCAIA,PA,78.0,2026,78.67,2025_S2,11,2023,62.88,80,50
421200,PALMA SOLA,SC,78.0,2026,78.33,2024_S2,8,2023,71.3,80,61
430150,AUGUSTO PESTANA,RS,77.92,2025,78.67,2025_S2,8,2022,72.5,80,63
314467,NOVA BELÉM,MG,77.83,2025,78.0,2025_S1,9,2024,67.25,81,56
110180,VALE DO PARAÍSO,RO,77.83,2024,79.67,2025_S1,10,2022,73.9,80,64
291020,DOM MACEDO COSTA,BA,77.78,2021,79.33,2021_S1,8,2021,73.65,81,68
421450,RIO DO CAMPO,SC,77.75,2025,78.0,2025_S1,10,2024,70.88,80,62
351130,CEDRAL,SP,77.75,2025,78.83,2025_S2,8,2024,68.02,81,57
317030,UMBURATIBA,MG,77.67,2026,77.67,2026_S1,13,2025,51.82,78,31
220670,NAZARÉ DO PIAUÍ,PI,77.67,2026,79.5,2024_S1,28,2024,64.5,88,50
210592,LAGOA DO MATO,MA,77.67,2026,80.0,2025_S2,20,2024,52.25,83,34
430970,HUMAITÁ,RS,77.58,2025,78.83,2025_S2,8,2026,74.63,80,70
250053,ALCANTIL,PB,77.33,2026,77.67,2025_S2,9,2024,59.73,79,43
270350,JACUÍPE,AL,77.33,2026,77.33,2026_S1,22,2025,54.75,79,45
313260,ITAMARATI DE MINAS,MG,77.33,2026,78.33,2025_S2,12,2023,58.68,79,41
353370,OCAUÇU,SP,77.17,2025,77.67,2025_S2,10,2024,68.13,80,60
292225,MUQUÉM DO SÃO FRANCISCO,BA,77.0,2026,78.83,2025_S2,11,2023,55.5,81,32
500350,DOURADINA,MS,77.0,2026,77.0,2026_S1,18,2024,57.42,80,48
313810,LASSANCE,MG,77.0,2026,77.0,2026_S1,12,2023,59.93,79,46
312240,DIVISA NOVA,MG,76.83,2025,78.67,2025_S1,12,2023,68.13,81,54
315090,PIRANGUÇU,MG,76.83,2025,79.17,2025_S1,13,2024,65.93,81,53
420417,CERRO NEGRO,SC,76.67,2026,77.17,2025_S2,14,2024,57.53,78,41
352950,MENDONÇA,SP,76.67,2026,76.67,2026_S1,17,2023,62.88,78,41
430340,CAIÇARA,RS,76.58,2025,77.5,2025_S1,14,2024,64.02,79,52
353830,PIQUEROBI,SP,76.58,2025,76.83,2025_S2,12,2023,63.77,78,45
411290,JUNDIAÍ DO SUL,PR,76.25,2025,76.33,2025_S1,17,2024,60.6,79,47
354040,POPULINA,SP,76.17,2023,76.83,2023_S2,35,2024,70.5,77,42
251445,SÃO JOSÉ DOS RAMOS,PB,76.17,2025,77.33,2025_S2,10,2024,62.73,79,50
520017,ÁGUA FRIA DE GOIÁS,GO,76.17,2025,76.5,2025_S1,19,2024,62.25,79,50
316160,SÃO GERALDO DA PIEDADE,MG,76.08,2025,77.0,2025_S2,14,2023,61.92,78,46
410335,BRAGANEY,PR,76.08,2025,76.67,2025_S2,9,2024,63.7,81,51
412860,VERÊ,PR,76.0,2025,76.0,2025_S1,7,2022,69.27,79,61
412545,SÃO JOSÉ DAS PALMEIRAS,PR,75.92,2025,76.33,2025_S2,11,2023,65.42,78,52
312083,CUPARAQUE,MG,75.67,2026,75.67,2026_S1,18,2025,56.13,77,36
310700,BIQUINHAS,MG,75.67,2026,75.67,2026_S1,33,2025,43.1,77,34
210923,PRESIDENTE MÉDICI,MA,75.67,2026,77.67,2025_S2,7,2025,68.5,78,62
313835,LEME DO PRADO,MG,75.5,2025,75.83,2025_S1,9,2024,62.15,79,48
313640,JOAQUIM FELÍCIO,MG,75.5,2025,77.17,2025_S1,7,2025,72.57,78,68
351680,GASTÃO VIDIGAL,SP,75.42,2024,78.33,2024_S2,15,2025,66.58,81,53
412450,SANTO INÁCIO,PR,75.33,2026,75.83,2025_S2,10,2025,64.83,77,56
420440,CORONEL FREITAS,SC,75.33,2026,75.33,2026_S1,10,2025,68.87,76,64
353960,PLANALTO,SP,75.33,2026,75.67,2025_S2,8,2025,66.75,77,58
310530,BANDEIRA DO SUL,MG,75.33,2026,77.17,2025_S2,13,2022,58.73,79,40
150549,PALESTINA DO PARÁ,PA,75.17,2024,75.5,2024_S2,29,2024,59.97,86,42
431402,PARAÍSO DO SUL,RS,75.11,2021,78.67,2021_S1,10,2023,72.32,80,66
432253,VALE DO SOL,RS,75.0,2026,75.17,2025_S2,11,2024,61.0,77,45
310550,BARÃO DE MONTE ALTO,MG,75.0,2026,78.83,2025_S2,14,2023,60.3,83,45
521971,SANTO ANTÔNIO DA BARRA,GO,75.0,2026,75.0,2026_S1,7,2025,62.6,75,55
316080,SÃO BENTO ABADE,MG,74.83,2025,76.33,2025_S2,10,2022,66.98,78,55
420040,ÁGUA DOCE,SC,74.75,2023,76.0,2021_S1,6,2022,71.93,78,59
220255,CARIDADE DO PIAUÍ,PI,74.67,2026,74.67,2026_S1,13,2023,51.57,76,31
220560,LANDRI SALES,PI,74.67,2025,74.83,2025_S1,12,2024,59.77,76,45
351460,DUMONT,SP,74.67,2026,74.67,2026_S1,9,2024,63.68,77,51
210975,SANTA FILOMENA DO MARANHÃO,MA,74.67,2021,76.67,2021_S1,5,2021,72.25,77,67
251272,PEDRO RÉGIS,PB,74.67,2026,76.33,2025_S2,14,2025,62.65,80,53
521565,PALESTINA DE GOIÁS,GO,74.67,2026,74.67,2025_S2,10,2025,57.88,77,44
430360,CAMBARÁ DO SUL,RS,74.42,2025,75.83,2025_S1,18,2023,59.42,77,41
432147,TIRADENTES DO SUL,RS,74.42,2025,74.67,2025_S2,10,2024,65.82,77,54
412035,PRANCHITA,PR,74.33,2026,74.33,2026_S1,21,2024,54.23,76,43
220480,IPIRANGA DO PIAUÍ,PI,74.25,2025,75.83,2025_S1,12,2024,66.42,77,60
313430,ITUMIRIM,MG,74.08,2025,76.33,2025_S2,10,2024,66.27,78,60
410895,GUAMIRANGA,PR,74.0,2025,76.17,2025_S2,11,2025,64.45,80,55
310870,BRÁS PIRES,MG,74.0,2025,74.17,2024_S2,11,2024,59.33,77,41
270360,JAPARATINGA,AL,74.0,2026,74.0,2026_S1,17,2023,52.57,77,35
240630,LAGOA DE PEDRAS,RN,74.0,2026,74.67,2025_S2,20,2025,47.23,77,31
250780,JUNCO DO SERIDÓ,PB,74.0,2025,74.0,2025_S1,11,2023,59.37,76,43
250260,IGARACY,PB,74.0,2026,74.0,2026_S1,14,2024,52.42,76,34
510880,NOVA GUARITA,MT,74.0,2026,76.33,2025_S2,10,2025,60.48,78,48
522119,TEREZÓPOLIS DE GOIÁS,GO,73.92,2025,74.67,2025_S2,24,2024,50.2,76,31
432185,TRÊS PALMEIRAS,RS,73.83,2025,76.17,2025_S2,8,2025,68.33,77,62
351885,GUATAPARÁ,SP,73.83,2024,75.83,2024_S2,11,2024,61.62,79,46
354700,SANTA MARIA DA SERRA,SP,73.75,2025,74.67,2025_S2,13,2024,60.82,78,50
220667,MORRO DO CHAPÉU DO PIAUÍ,PI,73.67,2026,73.67,2026_S1,20,2025,34.55,78,13
291260,IBIQUERA,BA,73.67,2026,73.67,2026_S1,7,2023,60.75,75,48
500480,JAPORÃ,MS,73.58,2024,76.67,2024_S1,24,2024,66.22,86,56
221093,SUSSUAPARA,PI,73.33,2026,73.33,2026_S1,17,2023,47.43,75,30
270060,BARRA DE SÃO MIGUEL,AL,73.33,2026,73.33,2026_S1,18,2024,54.0,74,39
411310,KALORÉ,PR,73.17,2025,73.5,2025_S2,4,2023,70.07,75,66
317075,VARJÃO DE MINAS,MG,73.08,2025,73.17,2025_S2,12,2023,62.23,75,50
353410,ORIENTE,SP,73.08,2025,73.33,2024_S1,10,2023,68.57,75,62
241370,SÍTIO NOVO,RN,73.08,2025,73.83,2025_S1,9,2023,59.57,75,44
313868,LUISLÂNDIA,MG,73.0,2026,73.0,2026_S1,15,2024,44.4,75,22
420620,GRAVATAL,SC,73.0,2024,74.0,2024_S2,14,2023,65.43,77,55
312630,FORTALEZA DE MINAS,MG,72.92,2025,74.0,2025_S2,9,2024,63.98,75,55
421740,SCHROEDER,SC,72.92,2025,75.17,2025_S2,13,2023,53.67,76,32
410740,ENÉAS MARQUES,PR,72.89,2021,73.67,2021_S1,11,2022,67.35,76,58
250810,LAGOA,PB,72.75,2025,73.17,2025_S1,7,2024,65.17,75,58
312580,FERNANDES TOURINHO,MG,72.67,2026,74.5,2025_S2,12,2025,58.35,76,48
261210,SALGADINHO,PE,72.67,2026,72.67,2026_S1,17,2024,47.12,74,28
315100,PIRANGUINHO,MG,72.67,2026,72.83,2025_S2,14,2023,54.97,75,37
241300,SÃO VICENTE,RN,72.67,2026,72.67,2026_S1,8,2024,61.12,74,54
355310,TAIAÇU,SP,72.67,2026,73.83,2024_S2,8,2022,66.12,75,55
220730,PAES LANDIM,PI,72.67,2026,72.83,2025_S2,26,2024,42.02,75,15
520552,COLINAS DO SUL,GO,72.67,2026,73.33,2025_S2,21,2023,45.28,75,23
354790,SANTO ANTÔNIO DA ALEGRIA,SP,72.58,2025,73.17,2025_S2,11,2024,59.53,75,50
354200,QUINTANA,SP,72.42,2025,73.83,2025_S2,8,2024,63.0,75,54
312070,CRUZEIRO DA FORTALEZA,MG,72.33,2025,74.83,2025_S2,10,2024,59.53,77,47
510337,COTRIGUAÇU,MT,72.33,2026,72.33,2026_S1,13,2024,52.38,74,41
520090,AMORINÓPOLIS,GO,72.33,2025,73.67,2025_S1,8,2023,65.93,75,59
251490,SÃO MAMEDE,PB,72.33,2026,74.0,2021_S1,12,2021,67.67,79,60
521990,SÃO FRANCISCO DE GOIÁS,GO,72.33,2026,73.67,2025_S2,16,2023,63.5,75,52
250840,LASTRO,PB,72.17,2025,73.33,2025_S2,11,2024,58.37,74,48
250407,CARAÚBAS,PB,72.17,2025,74.0,2025_S2,8,2025,60.55,75,50
314545,OLHOS-DÁGUA,MG,72.0,2026,72.0,2026_S1,15,2024,53.15,73,34
412400,SANTANA DO ITARARÉ,PR,72.0,2024,76.83,2024_S1,19,2024,67.15,79,60
430740,ESMERALDA,RS,72.0,2026,72.0,2025_S2,11,2023,59.15,73,48
431930,SÃO PAULO DAS MISSÕES,RS,71.92,2024,73.17,2024_S2,12,2023,67.28,75,59
171510,NOVO ACORDO,TO,71.83,2025,72.0,2025_S1,11,2024,57.68,74,45
315520,RIO ESPERA,MG,71.83,2025,72.0,2025_S2,6,2024,68.1,74,62
241350,SERRINHA,RN,71.67,2026,71.67,2026_S1,9,2025,59.33,72,50
250937,MATO GROSSO,PB,71.67,2026,71.67,2026_S1,33,2025,30.88,74,10
315760,SANTA FÉ DE MINAS,MG,71.67,2026,74.83,2025_S2,17,2024,46.0,76,29
310760,BOM JESUS DA PENHA,MG,71.67,2026,71.67,2026_S1,12,2023,60.77,74,51
313070,INDIANÓPOLIS,MG,71.67,2026,71.67,2026_S1,6,2022,69.03,74,65
521030,ISRAELÂNDIA,GO,71.67,2025,73.5,2024_S2,18,2023,57.2,75,36
510035,ALTO BOA VISTA,MT,71.58,2025,73.0,2025_S1,8,2021,69.6,74,63
241080,RIACHO DE SANTANA,RN,71.5,2025,72.83,2025_S2,11,2024,59.92,74,47
261510,TEREZINHA,PE,71.33,2026,71.33,2026_S1,16,2024,46.4,73,32
110060,CACAULÂNDIA,RO,71.33,2026,71.33,2026_S1,15,2023,49.97,73,35
221135,VÁRZEA BRANCA,PI,71.33,2026,71.33,2026_S1,17,2024,41.53,75,26
411550,MARUMBI,PR,71.25,2024,74.0,2024_S2,8,2021,67.98,75,57
411342,LIDIANÓPOLIS,PR,71.25,2025,73.17,2025_S1,14,2024,55.95,75,40
431415,PAVERAMA,RS,71.25,2024,73.33,2024_S2,11,2023,59.92,74,41
412270,SABÁUDIA,PR,71.17,2025,74.67,2024_S2,29,2025,62.12,77,41
412460,SÃO CARLOS DO IVAÍ,PR,71.17,2025,77.83,2025_S1,34,2025,64.0,80,33
270540,MONTEIRÓPOLIS,AL,71.11,2021,73.33,2021_S1,8,2021,64.68,75,59
351720,GUAIÇARA,SP,71.08,2022,72.33,2023_S2,30,2024,63.17,77,42
510619,NOVA SANTA HELENA,MT,71.0,2026,71.0,2026_S1,9,2025,62.05,71,56
314770,PASSA TEMPO,MG,71.0,2021,71.67,2021_S1,6,2026,69.33,73,61
310220,ALVARENGA,MG,71.0,2026,71.0,2026_S1,15,2025,47.13,72,32
110175,VALE DO ANARI,RO,71.0,2025,72.67,2025_S1,12,2024,59.65,74,46
171855,RIACHINHO,TO,71.0,2026,72.17,2025_S2,9,2023,61.22,74,51
291590,ITANAGRA,BA,70.83,2025,74.5,2025_S2,15,2025,58.13,77,39
211178,SERRANO DO MARANHÃO,MA,70.83,2024,76.83,2024_S1,43,2024,52.68,80,10
240840,OLHO DÁGUA DO BORGES,RN,70.75,2023,76.83,2024_S1,30,2024,64.77,78,48
317110,VERÍSSIMO,MG,70.67,2026,70.67,2026_S1,15,2025,51.93,74,41
520055,ALTO HORIZONTE,GO,70.67,2026,70.67,2026_S1,14,2022,56.55,72,35
315810,SANTA MARIA DO SALTO,MG,70.67,2026,70.67,2026_S1,17,2025,49.3,73,34
313867,LUISBURGO,MG,70.67,2026,71.5,2025_S2,9,2022,57.18,74,43
220465,ILHA GRANDE,PI,70.58,2025,71.83,2025_S2,17,2024,56.48,75,41
420450,CORUPÁ,SC,70.58,2025,71.5,2025_S1,13,2023,55.08,76,35
412280,SALGADO FILHO,PR,70.5,2025,71.33,2025_S1,9,2022,67.03,72,60
354270,RESTINGA,SP,70.42,2023,84.17,2024_S1,87,2024,54.38,87,0
352060,INDIANA,SP,70.42,2025,71.83,2025_S2,6,2021,64.12,74,56
411090,ITAGUAJÉ,PR,70.33,2021,73.67,2021_S1,8,2021,61.5,75,53
520455,CALDAZINHA,GO,70.33,2025,72.0,2025_S2,16,2024,48.32,73,30
510380,FIGUEIRÓPOLIS DOESTE,MT,70.33,2026,70.33,2026_S1,7,2024,62.72,71,57
220275,COLÔNIA DO GURGUÉIA,PI,70.33,2026,72.67,2025_S2,10,2025,60.12,74,47
210462,GOVERNADOR LUIZ ROCHA,MA,70.25,2024,70.33,2024_S2,31,2024,59.3,83,48
430370,CAMPINA DAS MISSÕES,RS,70.17,2025,71.17,2025_S1,11,2024,59.28,72,48
240680,LAJES PINTADAS,RN,70.0,2026,73.17,2025_S2,15,2025,51.77,75,38
410785,FLOR DA SERRA DO SUL,PR,70.0,2026,71.33,2025_S2,9,2025,54.0,73,40
410655,CORUMBATAÍ DO SUL,PR,70.0,2025,70.33,2024_S2,6,2022,66.7,72,60
431198,MARIANA PIMENTEL,RS,69.92,2025,70.5,2024_S2,13,2023,58.93,72,46
432135,TAVARES,RS,69.92,2025,71.17,2025_S1,10,2024,66.47,73,63
311547,CATUTI,MG,69.92,2025,71.67,2025_S2,13,2024,50.8,73,33
240490,ITAÚ,RN,69.75,2025,72.5,2025_S2,21,2024,59.52,77,42
352770,LUIZIÂNIA,SP,69.67,2026,69.67,2026_S1,8,2025,63.23,74,56
410965,HONÓRIO SERPA,PR,69.67,2026,70.83,2025_S2,11,2023,53.38,72,39
510310,COCALINHO,MT,69.67,2026,69.67,2026_S1,9,2025,59.33,71,52
210237,CACHOEIRA GRANDE,MA,69.67,2026,69.67,2026_S1,26,2024,39.18,71,16
421230,PAULO LOPES,SC,69.58,2025,71.5,2025_S2,15,2023,57.72,74,43
431447,PINHAL GRANDE,RS,69.5,2025,70.17,2025_S1,6,2023,65.95,72,58
521810,PORTELÂNDIA,GO,69.33,2026,69.33,2026_S1,12,2024,58.28,70,52
500625,NOVO HORIZONTE DO SUL,MS,69.33,2024,69.67,2024_S2,7,2025,65.63,71,55
411345,LINDOESTE,PR,69.33,2026,70.17,2025_S2,12,2024,57.0,71,46
314537,NOVORIZONTE,MG,69.33,2025,71.17,2025_S2,14,2024,51.27,73,35
354480,SALES,SP,69.33,2024,70.5,2025_S1,28,2025,62.75,74,46
421850,TREZE TÍLIAS,SC,69.33,2021,69.5,2021_S2,7,2022,65.75,71,62
315733,SANTA CRUZ DE MINAS,MG,69.33,2026,70.83,2025_S2,10,2025,58.15,72,49
420425,COCAL DO SUL,SC,69.25,2025,69.5,2025_S1,11,2024,58.63,71,49
420125,APIÚNA,SC,69.25,2024,72.0,2024_S2,12,2022,66.4,73,60
420640,GUARACIABA,SC,69.17,2024,70.0,2025_S2,8,2021,66.08,71,58
210663,MATÕES DO NORTE,MA,69.08,2023,74.0,2023_S2,58,2024,42.67,80,16
314875,PEDRA BONITA,MG,69.08,2024,75.67,2024_S1,27,2024,60.33,82,44
411860,PAULA FREITAS,PR,69.0,2026,69.0,2026_S1,14,2025,46.2,71,29
422000,BALNEÁRIO RINCÃO,SC,69.0,2026,69.0,2026_S1,29,2024,26.05,74,0
315610,RITÁPOLIS,MG,69.0,2026,69.0,2026_S1,9,2024,55.28,70,46
250625,GADO BRAVO,PB,68.83,2025,69.67,2025_S2,11,2023,59.85,73,50
420470,CUNHA PORÃ,SC,68.67,2021,68.67,2021_S1,9,2022,57.2,70,49
410090,AMAPORÃ,PR,68.33,2026,68.33,2026_S1,12,2022,57.05,71,45
352265,ITAPIRAPUÃ PAULISTA,SP,68.33,2026,68.33,2026_S1,13,2024,48.22,70,30
251400,SÃO JOÃO DO CARIRI,PB,68.33,2026,68.33,2026_S1,11,2025,49.58,69,33
270080,BELÉM,AL,68.33,2026,69.33,2025_S2,16,2023,49.93,72,29
150276,CUMARU DO NORTE,PA,68.17,2025,69.17,2025_S2,15,2024,52.03,71,38
520520,CATURAÍ,GO,68.0,2026,68.67,2025_S2,13,2024,49.43,73,30
432026,SEGREDO,RS,68.0,2026,68.0,2026_S1,12,2021,58.82,69,47
520480,CAMPO ALEGRE DE GOIÁS,GO,68.0,2026,68.0,2026_S1,10,2025,53.22,69,45
421895,URUPEMA,SC,68.0,2026,68.0,2026_S1,14,2024,49.78,71,37
211023,SANTANA DO MARANHÃO,MA,68.0,2026,68.83,2025_S2,17,2024,46.98,71,34
430673,DOUTOR MAURÍCIO CARDOSO,RS,67.92,2024,69.5,2024_S2,12,2022,59.52,71,43
316447,SÃO SEBASTIÃO DO ANTA,MG,67.67,2026,67.67,2026_S1,13,2023,47.78,68,33
314030,MARLIÉRIA,MG,67.67,2026,67.67,2026_S1,12,2024,47.12,72,33
220985,SÃO JOÃO DA CANABRAVA,PI,67.67,2026,67.67,2026_S1,9,2025,53.55,69,44
510680,PORTO DOS GAÚCHOS,MT,67.67,2026,67.67,2026_S1,9,2023,59.22,68,54
350820,BURITIZAL,SP,67.58,2024,70.0,2024_S2,33,2025,58.88,71,37
292975,SAUBARA,BA,67.58,2024,68.5,2024_S1,21,2024,49.88,71,19
311460,CARRANCAS,MG,67.5,2024,67.67,2024_S2,6,2021,62.73,68,55
270110,BRANQUINHA,AL,67.44,2021,71.67,2021_S1,9,2021,56.95,72,49
220277,COLÔNIA DO PIAUÍ,PI,67.33,2026,67.33,2026_S1,25,2024,36.0,70,13
521410,MUTUNÓPOLIS,GO,67.33,2025,69.33,2025_S2,9,2022,61.17,70,48
410754,ESPIGÃO ALTO DO IGUAÇU,PR,67.33,2026,68.33,2025_S2,16,2023,43.05,72,24
521960,SANTA TEREZA DE GOIÁS,GO,67.33,2025,68.5,2025_S2,8,2022,58.12,71,47
410610,CONSELHEIRO MAIRINCK,PR,67.08,2025,67.67,2025_S1,11,2024,54.2,70,39
350430,AVAÍ,SP,67.0,2026,67.0,2026_S1,8,2023,55.88,68,41
330095,COMENDADOR LEVY GASPARIAN,RJ,67.0,2026,68.0,2024_S2,22,2024,51.62,72,37
210725,NOVA COLINAS,MA,67.0,2025,67.5,2025_S2,9,2023,58.17,71,49
312738,GOIANÁ,MG,66.92,2025,70.0,2025_S1,15,2023,54.05,72,37
421545,SANGÃO,SC,66.75,2025,67.67,2025_S2,11,2023,62.15,69,53
510390,GENERAL CARNEIRO,MT,66.67,2026,68.83,2025_S2,15,2024,53.45,71,42
270270,FELIZ DESERTO,AL,66.58,2025,67.83,2025_S2,9,2022,55.88,69,46
412535,SÃO JORGE DO PATROCÍNIO,PR,66.56,2021,67.33,2021_S2,17,2022,50.63,69,34
350340,AREALVA,SP,66.5,2025,67.33,2025_S1,12,2024,57.85,68,49
410730,DOUTOR CAMARGO,PR,66.33,2025,66.33,2025_S1,12,2024,54.07,67,43
315060,PIRACEMA,MG,66.33,2026,66.33,2026_S1,7,2025,57.53,67,51
312310,DORES DE GUANHÃES,MG,66.25,2025,66.33,2025_S1,8,2022,59.52,68,50
220970,SÃO FRANCISCO DO PIAUÍ,PI,66.25,2025,66.67,2025_S1,6,2024,57.42,68,50
351925,IARAS,SP,66.25,2025,68.5,2025_S2,9,2025,59.43,71,53
210197,BOA VISTA DO GURUPI,MA,66.17,2025,68.0,2025_S2,11,2024,55.8,69,48
520355,BONFINÓPOLIS,GO,66.0,2023,69.0,2024_S1,32,2024,53.62,74,40
241310,SENADOR ELÓI DE SOUZA,RN,66.0,2026,66.0,2026_S1,15,2025,44.33,68,30
292070,MARAÚ,BA,66.0,2026,66.0,2026_S1,18,2023,39.73,69,20
520547,CHAPADÃO DO CÉU,GO,66.0,2026,66.83,2025_S2,11,2025,47.98,70,31
170390,CASEARA,TO,65.92,2025,67.33,2025_S2,10,2024,53.68,69,41
220027,ALEGRETE DO PIAUÍ,PI,65.92,2025,66.67,2025_S2,13,2024,52.92,68,38
270580,OLHO DÁGUA DO CASADO,AL,65.78,2021,67.67,2021_S1,55,2022,30.13,68,7
430810,FELIZ,RS,65.75,2025,66.0,2025_S1,10,2022,56.88,69,45
250415,CASSERENGUE,PB,65.67,2026,65.67,2026_S1,14,2024,40.17,66,24
171890,SANTA ROSA DO TOCANTINS,TO,65.58,2024,66.33,2024_S1,26,2024,48.03,70,31
354510,SALMOURÃO,SP,65.58,2025,65.67,2025_S1,4,2026,62.5,68,59
420800,ITÁ,SC,65.5,2025,67.17,2025_S2,9,2023,53.8,69,42
241445,TRIUNFO POTIGUAR,RN,65.42,2025,65.67,2025_S1,14,2024,48.82,69,34
291077,FEIRA DA MATA,BA,65.33,2026,65.33,2026_S1,13,2024,49.92,67,38
291125,GAVIÃO,BA,65.33,2026,65.33,2026_S1,12,2025,43.15,66,29
410300,BOA ESPERANÇA,PR,65.25,2024,66.5,2025_S1,10,2023,59.72,68,53
220170,BERTOLÍNIA,PI,65.25,2025,67.0,2025_S2,15,2024,45.82,69,31
354740,SANTA RITA DOESTE,SP,65.17,2025,65.83,2025_S2,8,2024,56.5,68,48
500490,JARAGUARI,MS,65.17,2025,65.33,2025_S2,15,2023,52.47,68,38
420740,IMBUIA,SC,65.17,2025,66.17,2025_S2,9,2026,59.0,68,52
430080,ANTÔNIO PRADO,RS,65.08,2025,66.67,2025_S1,7,2022,57.17,69,44
352120,IPORANGA,SP,65.08,2025,65.83,2025_S1,13,2024,55.62,68,46
316557,SENADOR AMARAL,MG,65.0,2026,65.0,2026_S1,23,2024,39.5,66,21
430540,CHIAPETTA,RS,65.0,2024,66.67,2024_S2,8,2025,59.03,69,52
431500,PORTO LUCENA,RS,65.0,2026,65.0,2025_S1,8,2024,60.95,68,56
313610,JOANÉSIA,MG,64.83,2025,66.0,2025_S2,13,2023,53.42,69,40
110143,NOVA UNIÃO,RO,64.83,2025,65.5,2025_S1,13,2024,51.78,67,39
220285,CORONEL JOSÉ DIAS,PI,64.75,2025,64.83,2025_S2,11,2024,49.25,66,35
412217,RIO BRANCO DO IVAÍ,PR,64.75,2024,65.5,2024_S2,12,2023,57.9,68,48
412627,SAUDADE DO IGUAÇU,PR,64.67,2026,64.67,2026_S1,10,2025,52.88,65,47
421440,RIO DAS ANTAS,SC,64.67,2026,64.67,2026_S1,12,2024,55.17,66,47
120032,JORDÃO,AC,64.67,2026,64.67,2026_S1,13,2025,44.32,66,32
241040,PUREZA,RN,64.67,2026,66.0,2025_S2,12,2025,44.22,68,28
411870,PAULO FRONTIN,PR,64.67,2026,66.67,2025_S2,9,2024,51.58,69,39
352650,LAVÍNIA,SP,64.58,2023,65.67,2025_S2,4,2021,63.33,66,59
520993,INACIOLÂNDIA,GO,64.5,2025,65.17,2025_S2,7,2025,62.93,68,59
420770,IPUMIRIM,SC,64.42,2023,66.17,2023_S2,8,2023,61.88,68,55
220194,BOQUEIRÃO DO PIAUÍ,PI,64.42,2025,64.83,2025_S1,10,2024,56.92,67,51
355440,TERRA ROXA,SP,64.42,2025,67.83,2025_S1,13,2025,56.93,69,49
352300,ITAPURA,SP,64.33,2021,64.5,2021_S2,6,2025,61.68,65,53
311480,CARVALHOS,MG,64.33,2026,64.33,2025_S2,17,2024,42.77,66,23
251430,SÃO JOSÉ DE CAIANA,PB,64.33,2026,64.33,2026_S1,15,2024,50.3,65,38
411000,IGUARAÇU,PR,64.33,2026,64.33,2026_S1,12,2024,45.87,66,33
220342,DOMINGOS MOURÃO,PI,64.33,2025,64.67,2025_S2,18,2024,51.97,66,43
220965,SÃO FRANCISCO DE ASSIS DO PIAUÍ,PI,64.17,2025,64.17,2025_S1,10,2023,51.2,66,32
350075,ALAMBARI,SP,64.17,2025,64.33,2025_S2,9,2022,54.9,68,42
316105,SÃO FÉLIX DE MINAS,MG,64.08,2025,64.33,2025_S1,18,2023,44.05,66,24
410670,CRUZEIRO DO SUL,PR,64.08,2022,64.17,2022_S1,6,2024,59.07,65,48
411745,OURO VERDE DO OESTE,PR,64.08,2025,66.0,2025_S1,10,2024,56.32,68,46
430245,BOQUEIRÃO DO LEÃO,RS,64.0,2026,65.0,2024_S2,10,2023,58.85,67,51
312825,GUARACIAMA,MG,64.0,2026,64.0,2026_S1,18,2024,40.9,65,19
241000,PILÕES,RN,64.0,2026,64.0,2026_S1,5,2025,57.62,65,54
316045,SANTO ANTÔNIO DO RETIRO,MG,64.0,2025,65.17,2025_S2,9,2023,53.87,66,44
314345,MONTEZUMA,MG,64.0,2026,64.67,2025_S2,11,2022,49.78,65,36
316910,TOLEDO,MG,64.0,2026,64.0,2026_S1,14,2025,42.52,65,25
317043,UNIÃO DE MINAS,MG,64.0,2024,64.17,2024_S1,10,2022,59.03,67,51
412670,TAMBOARA,PR,63.83,2023,68.17,2024_S1,16,2024,59.72,70,53
310665,BERIZAL,MG,63.83,2025,64.17,2025_S2,8,2023,53.88,66,45
430870,GAURAMA,RS,63.78,2021,64.0,2021_S1,5,2025,58.45,65,49
313870,LUMINÁRIAS,MG,63.75,2025,63.83,2025_S1,13,2024,54.73,65,43
353290,NOVA EUROPA,SP,63.67,2025,64.17,2025_S2,13,2024,53.3,66,43
171700,PINDORAMA DO TOCANTINS,TO,63.67,2025,65.0,2025_S1,10,2024,58.03,66,53
314190,MINDURI,MG,63.58,2025,65.17,2025_S2,6,2025,57.9,66,52
221062,SEBASTIÃO BARROS,PI,63.58,2025,65.33,2025_S2,21,2024,40.87,67,25
314230,MOEDA,MG,63.5,2025,64.33,2025_S2,6,2022,57.57,65,48
270370,JARAMATAIA,AL,63.5,2024,65.5,2024_S1,32,2024,56.27,73,41
312190,DIVINÉSIA,MG,63.42,2025,64.33,2025_S1,11,2022,48.33,66,32
355635,VARGEM,SP,63.42,2025,63.5,2025_S2,8,2024,56.83,67,50
351905,HOLAMBRA,SP,63.33,2025,64.67,2025_S1,10,2023,53.68,69,36
312440,ESPÍRITO SANTO DO DOURADO,MG,63.33,2025,64.5,2025_S2,13,2023,47.08,66,29
251276,RIACHÃO DO POÇO,PB,63.33,2026,63.33,2026_S1,16,2025,33.5,64,14
170370,BREJINHO DE NAZARÉ,TO,63.33,2026,63.33,2026_S1,10,2024,51.48,66,39
510665,PONTAL DO ARAGUAIA,MT,63.33,2026,64.33,2025_S2,15,2022,48.92,66,32
354610,SANTA CLARA DOESTE,SP,63.33,2026,64.0,2025_S2,8,2025,57.15,66,52
240185,CAIÇARA DO NORTE,RN,63.33,2026,63.83,2025_S2,10,2024,51.92,66,38
420243,BOCAINA DO SUL,SC,63.33,2026,63.33,2025_S2,12,2024,44.77,66,33
432252,VALE VERDE,RS,63.33,2026,63.33,2026_S1,9,2024,50.63,64,45
220208,CAJUEIRO DA PRAIA,PI,63.17,2025,64.5,2025_S2,11,2024,52.12,66,42
521525,NOVO PLANALTO,GO,63.17,2025,64.5,2025_S2,13,2022,47.4,67,27
431970,SÃO VALENTIM,RS,63.11,2021,63.33,2021_S2,8,2022,59.52,65,52
312737,GOIABEIRA,MG,63.0,2025,63.67,2024_S2,15,2023,52.32,66,33
421227,PASSOS MAIA,SC,62.92,2025,65.5,2025_S1,7,2021,59.87,66,53
421270,PETROLÂNDIA,SC,62.75,2025,63.83,2025_S2,10,2024,52.52,66,43
430783,EUGÊNIO DE CASTRO,RS,62.75,2025,64.5,2025_S1,13,2024,53.25,66,45
412160,RENASCENÇA,PR,62.67,2026,64.33,2025_S2,9,2025,54.83,65,47
270590,OLHO DÁGUA GRANDE,AL,62.67,2026,65.17,2025_S2,11,2023,51.52,67,43
171195,LAGOA DO TOCANTINS,TO,62.33,2025,62.67,2025_S1,9,2024,54.08,64,47
313652,JOSÉ GONÇALVES DE MINAS,MG,62.33,2026,62.83,2025_S2,16,2025,38.1,65,22
431171,MAÇAMBARÁ,RS,62.33,2026,62.33,2026_S1,17,2026,47.18,69,38
355290,TACIBA,SP,62.33,2024,62.67,2024_S1,13,2023,57.38,63,50
353280,NOVA ALIANÇA,SP,62.25,2025,62.67,2025_S1,9,2022,55.62,63,47
251315,SANTA CECÍLIA,PB,62.25,2025,64.0,2025_S2,16,2023,48.43,66,30
171250,MARIANÓPOLIS DO TOCANTINS,TO,62.17,2025,64.33,2025_S2,11,2023,52.17,66,41
315053,PINGO DÁGUA,MG,62.08,2025,62.83,2025_S2,14,2022,50.0,66,31
355535,UBARANA,SP,62.08,2025,62.33,2025_S2,12,2023,46.77,64,31
350230,ANHEMBI,SP,62.08,2025,62.67,2025_S2,10,2023,52.4,64,40
241330,SERRA DE SÃO BENTO,RN,61.92,2025,63.5,2025_S2,7,2022,56.2,64,49
316830,TAQUARAÇU DE MINAS,MG,61.75,2025,63.17,2024_S2,8,2024,53.3,66,43
313055,IMBÉ DE MINAS,MG,61.67,2026,61.67,2026_S1,20,2024,40.38,63,27
240870,PARAÚ,RN,61.67,2025,62.83,2025_S2,9,2024,53.3,65,45
316980,TURVOLÂNDIA,MG,61.67,2026,61.67,2026_S1,8,2024,49.27,64,39
221140,VÁRZEA GRANDE,PI,61.67,2025,63.33,2025_S2,9,2024,48.78,66,37
430320,CACIQUE DOBLE,RS,61.67,2026,61.67,2026_S1,8,2023,52.0,62,44
241355,SERRINHA DOS PINTOS,RN,61.58,2025,63.33,2025_S2,9,2024,50.62,65,40
353510,PALMARES PAULISTA,SP,61.58,2024,63.0,2021_S1,8,2021,58.05,63,52
220115,BAIXA GRANDE DO RIBEIRO,PI,61.5,2025,62.17,2025_S2,13,2023,48.17,64,35
316120,SÃO FRANCISCO DE PAULA,MG,61.5,2025,63.33,2025_S2,7,2025,55.42,65,51
314920,PEDRINÓPOLIS,MG,61.5,2025,62.33,2025_S2,7,2021,57.3,64,52
510160,BARÃO DE MELGAÇO,MT,61.42,2025,63.17,2025_S2,12,2024,48.22,66,30
520280,AVELINÓPOLIS,GO,61.33,2026,62.17,2025_S2,13,2025,42.47,64,29
171884,SANDOLÂNDIA,TO,61.33,2026,61.33,2026_S1,18,2024,40.23,63,27
311020,CAJURI,MG,61.33,2026,61.33,2026_S1,14,2023,37.75,65,22
313590,JESUÂNIA,MG,61.17,2024,65.17,2024_S1,20,2024,50.6,71,37
316560,SENADOR CORTES,MG,61.17,2025,61.83,2025_S2,6,2021,54.6,63,44
270340,JACARÉ DOS HOMENS,AL,61.08,2024,63.0,2024_S1,26,2024,54.78,67,41
250435,CATURITÉ,PB,61.0,2026,61.0,2026_S1,14,2024,34.75,61,14
240290,CORONEL JOÃO PESSOA,RN,61.0,2026,61.0,2026_S1,10,2025,46.7,62,38
510757,RONDOLÂNDIA,MT,61.0,2026,61.0,2026_S1,17,2024,34.85,61,17
291165,GUAJERU,BA,61.0,2026,61.0,2026_S1,9,2023,45.27,64,36
317107,VEREDINHA,MG,61.0,2026,61.0,2026_S1,12,2023,48.75,62,39
410410,CAMPO DO TENENTE,PR,61.0,2026,61.0,2026_S1,17,2024,28.53,65,14
150175,BREJO GRANDE DO ARAGUAIA,PA,60.83,2024,63.17,2024_S2,21,2024,52.58,72,43
353270,NIPOÃ,SP,60.83,2025,61.17,2025_S2,5,2023,57.32,62,53
314550,OLÍMPIO NORONHA,MG,60.83,2025,61.0,2025_S1,8,2023,48.2,62,35
312040,CRISTIANO OTONI,MG,60.75,2025,62.17,2025_S1,9,2025,55.73,63,48
355495,TUIUTI,SP,60.67,2024,66.67,2024_S1,23,2023,45.8,69,23
315730,SANTA BÁRBARA DO TUGÚRIO,MG,60.5,2025,62.33,2025_S1,8,2023,52.97,63,42
350150,ALVINLÂNDIA,SP,60.5,2025,61.33,2025_S2,9,2021,55.97,62,47
314655,PAI PEDRO,MG,60.5,2025,61.33,2025_S1,8,2025,51.23,63,43
431070,ITATIBA DO SUL,RS,60.42,2024,63.17,2025_S1,11,2025,57.63,66,50
312740,GONÇALVES,MG,60.42,2025,60.83,2025_S2,9,2023,55.25,63,48
500525,LAGUNA CARAPÃ,MS,60.33,2026,61.5,2025_S2,9,2025,52.93,64,48
310925,BUGRE,MG,60.33,2026,60.33,2026_S1,18,2023,42.67,62,26
353990,POLONI,SP,60.25,2024,61.0,2024_S2,11,2023,53.88,63,43
352540,JERIQUARA,SP,60.0,2026,61.17,2025_S2,7,2022,51.42,62,43
220217,CAMPO LARGO DO PIAUÍ,PI,60.0,2026,60.0,2026_S1,14,2025,39.3,63,28
354810,SANTO ANTÔNIO DO JARDIM,SP,59.89,2021,63.67,2021_S1,11,2021,56.62,65,53
251220,PRATA,PB,59.67,2026,59.67,2026_S1,9,2023,44.67,60,33
421470,RIO DOS CEDROS,SC,59.67,2026,59.83,2025_S2,14,2024,48.08,61,38
353570,PARAÍSO,SP,59.67,2026,59.83,2025_S1,29,2025,47.65,63,34
350310,ARANDU,SP,59.5,2025,60.0,2025_S1,9,2023,52.62,62,44
241105,TIBAU,RN,59.33,2026,59.33,2026_S1,20,2025,27.03,63,3
430090,ARATIBA,RS,59.33,2026,60.0,2021_S1,11,2021,57.02,61,50
411722,NOVA SANTA ROSA,PR,59.33,2026,61.5,2025_S2,9,2025,52.17,63,41
314640,PAINEIRAS,MG,59.25,2023,60.83,2024_S1,14,2024,54.8,62,44
315020,PIEDADE DE PONTE NOVA,MG,59.17,2024,65.5,2024_S1,19,2024,56.8,67,48
352960,MERIDIANO,SP,59.08,2024,61.0,2024_S2,14,2023,48.37,63,36
241240,SÃO JOSÉ DO SERIDÓ,RN,59.0,2026,60.17,2025_S2,10,2025,46.52,62,36
430490,CASCA,RS,59.0,2025,59.5,2025_S1,8,2024,57.7,63,50
313730,LAGOA DOS PATOS,MG,59.0,2026,59.0,2026_S1,10,2025,47.77,61,38
241475,VENHA-VER,RN,59.0,2025,60.0,2025_S2,8,2023,51.22,61,44
280380,MALHADA DOS BOIS,SE,59.0,2026,60.0,2025_S2,13,2024,45.15,63,36
315645,ROSÁRIO DA LIMEIRA,MG,59.0,2026,59.0,2026_S1,10,2025,40.67,60,30
411695,NOVA ESPERANÇA DO SUDOESTE,PR,59.0,2026,59.0,2026_S1,9,2025,49.18,60,43
170307,BARRA DO OURO,TO,59.0,2026,59.0,2026_S1,8,2024,46.45,61,41
292220,MUNIZ FERREIRA,BA,59.0,2026,60.17,2025_S2,16,2024,35.53,61,20
412175,RESERVA DO IGUAÇU,PR,59.0,2026,59.0,2026_S1,16,2025,35.25,61,23
270180,CARNEIROS,AL,58.92,2025,60.0,2025_S1,11,2024,51.18,63,43
313657,JOSENÓPOLIS,MG,58.92,2025,59.0,2025_S2,5,2022,50.95,60,40
316790,TABULEIRO,MG,58.83,2024,66.0,2024_S1,29,2024,49.45,70,37
312010,COUTO DE MAGALHÃES DE MINAS,MG,58.75,2024,60.33,2024_S2,7,2025,56.62,61,47
211227,TUFILÂNDIA,MA,58.75,2025,59.33,2025_S2,8,2024,51.45,61,43
251060,OURO VELHO,PB,58.75,2025,59.0,2025_S2,22,2024,45.3,60,38
270900,TANQUE DARCA,AL,58.67,2025,61.33,2025_S1,8,2025,56.13,63,52
211195,SUCUPIRA DO RIACHÃO,MA,58.5,2025,59.17,2025_S1,17,2024,38.38,61,20
420765,IPORÃ DO OESTE,SC,58.44,2021,59.67,2021_S1,6,2021,51.32,60,43
171245,LUZINÓPOLIS,TO,58.42,2025,59.0,2025_S2,9,2024,51.82,60,43
412130,RANCHO ALEGRE,PR,58.33,2026,58.33,2026_S1,16,2023,38.08,60,25
350715,BOM SUCESSO DE ITARARÉ,SP,58.33,2026,58.5,2025_S2,7,2025,49.92,60,41
420560,GALVÃO,SC,58.33,2026,58.5,2025_S2,8,2025,50.83,60,44
410780,FLORAÍ,PR,58.25,2025,59.17,2025_S1,9,2024,52.05,61,45
172030,SÃO SEBASTIÃO DO TOCANTINS,TO,58.25,2025,59.0,2025_S2,9,2024,41.12,60,23
352700,LINDÓIA,SP,58.25,2024,58.33,2024_S2,12,2024,51.83,64,42
432050,SERTÃO,RS,58.25,2025,59.33,2025_S2,6,2024,52.58,61,46
420170,ASCURRA,SC,58.17,2025,61.0,2025_S2,10,2025,47.58,62,37
170270,AURORA DO TOCANTINS,TO,58.17,2025,59.0,2025_S2,12,2024,42.67,62,30
354010,PONGAÍ,SP,58.08,2025,58.17,2025_S1,5,2024,54.0,60,51
311810,CONGONHAS DO NORTE,MG,58.0,2026,58.0,2026_S1,10,2024,46.75,59,39
421000,LUIZ ALVES,SC,58.0,2026,58.67,2025_S2,13,2024,39.12,62,26
220202,BURITI DOS MONTES,PI,58.0,2026,60.33,2025_S2,11,2024,39.95,61,30
210905,PORTO RICO DO MARANHÃO,MA,58.0,2026,58.0,2026_S1,11,2024,44.87,61,33
431220,MAXIMILIANO DE ALMEIDA,RS,58.0,2023,58.17,2023_S1,6,2025,56.05,59,49
355230,SUD MENNUCCI,SP,58.0,2021,59.67,2021_S1,8,2022,53.33,60,50
430570,CONDOR,RS,57.92,2025,58.0,2025_S1,6,2025,51.82,61,42
521200,JAUPACI,GO,57.75,2025,58.83,2025_S2,9,2023,47.95,60,35
412110,QUINTA DO SOL,PR,57.75,2025,58.17,2025_S2,8,2026,55.05,60,51
410130,ANTÔNIO OLINTO,PR,57.67,2026,58.67,2025_S2,10,2025,42.48,60,30
510395,GLÓRIA DOESTE,MT,57.67,2026,57.67,2026_S1,11,2024,44.4,58,30
430845,FORTALEZA DOS VALOS,RS,57.67,2026,57.67,2026_S1,9,2022,49.68,58,40
355200,SILVEIRAS,SP,57.56,2021,60.17,2024_S1,18,2024,55.82,64,46
313065,INDAIABIRA,MG,57.5,2025,58.5,2025_S2,9,2024,49.6,60,41
350370,ARIRANHA,SP,57.5,2024,58.5,2024_S2,7,2023,51.27,59,41
431449,PINHEIRINHO DO VALE,RS,57.5,2024,57.67,2024_S1,9,2023,51.2,60,41
351890,GUZOLÂNDIA,SP,57.42,2024,59.5,2024_S2,9,2024,53.45,63,47
220155,BELA VISTA DO PIAUÍ,PI,57.33,2026,57.33,2026_S1,17,2024,30.97,59,7
211157,SÃO PEDRO DOS CRENTES,MA,57.17,2023,58.67,2024_S1,28,2024,46.92,63,15
314120,MATUTINA,MG,57.0,2026,57.67,2025_S2,6,2022,47.3,59,37
430755,ESTAÇÃO,RS,57.0,2025,58.67,2025_S2,6,2021,50.27,59,43
430807,FAZENDA VILANOVA,RS,57.0,2026,59.17,2025_S2,11,2023,45.35,61,31
314360,MORRO DA GARÇA,MG,57.0,2026,57.0,2025_S1,18,2024,41.55,60,28
220280,CONCEIÇÃO DO CANINDÉ,PI,57.0,2026,57.83,2025_S2,28,2024,28.97,60,11
220635,MILTON BRANDÃO,PI,57.0,2026,57.0,2026_S1,17,2025,36.9,58,28
410773,FERNANDES PINHEIRO,PR,57.0,2025,57.83,2025_S1,7,2024,48.85,60,38
420120,ANTÔNIO CARLOS,SC,56.92,2024,59.33,2024_S2,9,2024,48.68,60,37
500310,CORGUINHO,MS,56.83,2025,58.0,2025_S2,13,2024,44.7,59,26
420915,JOSÉ BOITEUX,SC,56.75,2025,57.33,2025_S1,5,2023,54.88,59,52
314370,MORRO DO PILAR,MG,56.75,2024,56.83,2023_S2,9,2023,52.88,59,46
354025,PONTALINDA,SP,56.67,2026,57.0,2025_S2,13,2024,40.7,59,28
150250,CHAVES,PA,56.67,2024,68.83,2024_S1,34,2024,46.7,72,31
410900,GUAPIRAMA,PR,56.67,2026,57.5,2025_S2,12,2023,35.6,59,17
521056,ITAGUARI,GO,56.67,2026,56.67,2026_S1,10,2024,42.7,60,30
354460,SABINO,SP,56.58,2023,58.17,2024_S2,8,2025,55.9,60,49
313680,JURAMENTO,MG,56.5,2025,56.5,2025_S1,11,2024,42.6,60,31
430220,BOA VISTA DO BURICÁ,RS,56.42,2025,57.0,2024_S2,6,2025,52.97,59,47
420410,CAXAMBU DO SUL,SC,56.33,2026,56.33,2026_S1,7,2023,47.12,57,37
412540,SÃO JOSÉ DA BOA VISTA,PR,56.33,2026,57.0,2025_S2,19,2022,41.27,59,21
316610,SENHORA DO PORTO,MG,56.33,2025,56.33,2025_S1,6,2025,52.9,59,48
171240,LIZARDA,TO,56.25,2025,56.83,2025_S2,7,2022,50.5,58,42
240690,LUCRÉCIA,RN,56.25,2025,56.83,2024_S2,7,2024,50.43,59,43
520485,CAMPO LIMPO DE GOIÁS,GO,56.17,2024,58.67,2024_S2,8,2022,47.6,60,37
354690,SANTA LÚCIA,SP,56.17,2024,59.33,2024_S2,35,2025,51.67,61,24
355690,VISTA ALEGRE DO ALTO,SP,56.17,2025,56.33,2025_S2,7,2024,48.98,58,42
430530,CHAPADA,RS,56.08,2025,57.17,2025_S2,7,2023,48.75,58,41
312733,GAMELEIRAS,MG,56.0,2026,56.0,2026_S1,10,2025,43.67,59,36
521925,SANTA FÉ DE GOIÁS,GO,56.0,2026,56.0,2026_S1,9,2024,38.45,57,27
412530,SÃO JORGE DO IVAÍ,PR,56.0,2024,58.67,2024_S1,10,2024,52.77,62,48
421917,VARGEM BONITA,SC,56.0,2026,56.0,2026_S1,11,2022,41.42,57,22
241500,VILA FLOR,RN,56.0,2026,56.83,2025_S2,17,2025,41.3,59,31
171280,MAURILÂNDIA DO TOCANTINS,TO,56.0,2025,56.67,2025_S2,10,2023,44.4,57,33
291900,LAJEDINHO,BA,56.0,2026,56.0,2026_S1,12,2024,43.13,57,32
170320,BERNARDO SAYÃO,TO,55.67,2026,55.67,2026_S1,15,2024,35.55,57,15
171090,ITAPIRATINS,TO,55.67,2025,57.67,2025_S2,7,2023,43.92,59,33
431190,MARCELINO RAMOS,RS,55.67,2021,57.67,2021_S1,5,2021,53.12,59,44
510735,SÃO JOSÉ DO XINGU,MT,55.67,2026,56.33,2025_S2,12,2025,48.25,57,43
110147,PRIMAVERA DE RONDÔNIA,RO,55.67,2026,55.67,2026_S1,14,2024,33.78,56,24
352830,MAGDA,SP,55.58,2025,56.33,2025_S1,64,2025,51.22,86,22
220690,NOVO ORIENTE DO PIAUÍ,PI,55.42,2025,56.0,2025_S2,9,2024,49.77,58,44
220669,MURICI DOS PORTELAS,PI,55.33,2026,56.33,2025_S2,13,2023,39.98,58,23
240150,BARCELONA,RN,55.33,2026,55.33,2026_S1,18,2024,30.15,58,17
354805,SANTO ANTÔNIO DO ARACANGUÁ,SP,55.33,2026,57.83,2025_S2,9,2025,44.13,59,34
351519,ESPÍRITO SANTO DO TURVO,SP,55.25,2025,56.17,2024_S2,10,2022,51.07,58,43
430513,CERRO BRANCO,RS,55.17,2025,56.17,2025_S2,8,2023,46.4,57,37
317065,VARGEM GRANDE DO RIO PARDO,MG,55.0,2026,55.0,2026_S1,6,2023,44.37,55,36
315330,PRESIDENTE KUBITSCHEK,MG,55.0,2025,55.17,2025_S1,8,2026,51.1,57,45
220980,SÃO GONÇALO DO PIAUÍ,PI,55.0,2026,55.0,2026_S1,15,2024,34.82,58,25
220272,COCAL DOS ALVES,PI,55.0,2026,57.17,2025_S2,13,2021,30.28,60,10
411300,JUSSARA,PR,54.92,2025,56.0,2025_S2,7,2023,44.68,57,32
430695,ENTRE RIOS DO SUL,RS,54.92,2024,55.0,2024_S1,6,2025,53.58,56,50
411170,JABOTI,PR,54.92,2024,56.17,2025_S2,7,2025,50.58,59,43
351430,DOURADO,SP,54.83,2024,59.33,2024_S2,56,2025,45.88,61,5
310360,ARANTINA,MG,54.83,2025,55.5,2025_S1,10,2024,45.22,57,33
353400,ONDA VERDE,SP,54.75,2025,55.83,2025_S2,11,2023,38.75,58,23
311205,CANTAGALO,MG,54.67,2026,54.67,2026_S1,14,2023,35.45,56,23
250870,MÃE DÁGUA,PB,54.67,2026,54.67,2026_S1,11,2023,37.35,57,24
240750,MAXARANGUAPE,RN,54.67,2026,54.67,2026_S1,9,2025,38.8,55,27
316440,SÃO SEBASTIÃO DA BELA VISTA,MG,54.67,2026,55.0,2025_S2,7,2023,46.68,56,38
170305,BANDEIRANTES DO TOCANTINS,TO,54.67,2026,55.67,2025_S2,8,2025,44.23,57,35
210055,AMAPÁ DO MARANHÃO,MA,54.42,2024,63.0,2024_S1,59,2024,37.93,71,5
270530,MINADOR DO NEGRÃO,AL,54.33,2025,54.83,2025_S1,4,2022,52.65,56,50
520940,GUARANI DE GOIÁS,GO,54.33,2026,54.33,2025_S2,6,2023,50.27,56,44
520630,CRISTIANÓPOLIS,GO,54.33,2026,54.33,2026_S1,18,2025,32.33,56,20
220130,BARREIRAS DO PIAUÍ,PI,54.33,2026,55.17,2025_S2,15,2024,35.25,56,23
430410,CAMPOS BORGES,RS,54.33,2026,54.33,2026_S1,6,2025,47.73,55,42
350040,ÁGUAS DA PRATA,SP,54.33,2026,54.33,2026_S1,5,2025,51.27,56,46
431910,SÃO MARTINHO,RS,54.0,2026,54.0,2026_S1,7,2024,40.15,56,34
354250,REGINÓPOLIS,SP,53.92,2025,54.0,2025_S2,7,2024,49.17,56,45
241170,SÃO BENTO DO TRAIRÍ,RN,53.92,2025,55.33,2025_S1,7,2023,47.55,57,38
420213,BELA VISTA DO TOLDO,SC,53.83,2025,55.67,2025_S2,12,2024,43.07,58,35
354650,SANTA ERNESTINA,SP,53.75,2025,54.33,2025_S1,8,2024,44.87,55,35
280500,PEDRA MOLE,SE,53.67,2026,54.67,2025_S2,9,2024,43.83,56,34
410755,FAROL,PR,53.67,2025,55.5,2025_S1,8,2024,46.75,58,39
522130,TRÊS RANCHOS,GO,53.67,2026,53.67,2026_S1,11,2024,37.15,55,23
412310,SANTA AMÉLIA,PR,53.67,2026,53.67,2026_S1,9,2025,46.77,55,40
310680,BIAS FORTES,MG,53.5,2025,54.5,2025_S1,11,2024,45.48,56,38
171500,NOVA ROSALÂNDIA,TO,53.5,2025,55.83,2025_S2,9,2023,43.15,57,30
350240,ANHUMAS,SP,53.33,2026,53.33,2026_S1,11,2024,43.02,54,36
430544,CHUVISCA,RS,53.33,2025,53.67,2024_S2,9,2022,48.72,55,41
171570,PALMEIRANTE,TO,53.33,2026,53.33,2026_S1,12,2025,34.43,56,24
430063,AMARAL FERRADOR,RS,53.33,2024,53.5,2024_S2,8,2023,48.7,55,39
241320,SENADOR GEORGINO AVELINO,RN,53.33,2026,53.33,2026_S1,20,2024,29.83,55,12
521520,NOVO BRASIL,GO,53.33,2025,54.83,2025_S2,9,2023,41.4,57,32
522230,VILA PROPÍCIO,GO,53.33,2026,53.33,2026_S1,19,2025,35.25,55,21
421530,SALETE,SC,53.25,2025,54.17,2025_S2,8,2026,46.98,55,39
313540,JECEABA,MG,53.25,2024,53.5,2024_S2,6,2023,50.77,54,47
350830,CABRÁLIA PAULISTA,SP,53.17,2025,53.83,2025_S2,10,2024,45.35,55,39
431862,SÃO JOSÉ DOS AUSENTES,RS,53.08,2025,55.5,2025_S1,8,2025,47.7,57,36
421160,NOVA VENEZA,SC,53.0,2026,53.0,2026_S1,9,2023,44.83,54,36
220605,MASSAPÊ DO PIAUÍ,PI,53.0,2026,53.0,2026_S1,10,2024,35.12,54,20
350350,AREIAS,SP,53.0,2026,53.0,2026_S1,6,2024,49.43,55,45
316695,SERRANÓPOLIS DE MINAS,MG,52.92,2025,53.17,2025_S1,5,2023,50.43,54,47
431310,NOVA PALMA,RS,52.89,2021,53.0,2021_S2,8,2026,48.15,53,36
421510,RODEIO,SC,52.83,2025,55.33,2025_S2,11,2024,45.98,57,39
420150,ARMAZÉM,SC,52.83,2025,53.67,2025_S2,13,2024,42.22,55,33
510268,CAMPOS DE JÚLIO,MT,52.75,2025,53.83,2025_S1,10,2024,41.13,55,27
350060,ÁGUAS DE SÃO PEDRO,SP,52.75,2025,53.17,2025_S1,10,2021,42.1,54,27
520465,CAMPINAÇU,GO,52.67,2026,52.67,2026_S1,12,2023,38.08,55,25
432290,VIADUTOS,RS,52.56,2021,54.0,2021_S1,7,2021,47.7,55,41
430430,CÂNDIDO GODÓI,RS,52.56,2021,53.17,2021_S2,7,2024,49.12,55,46
430670,DONA FRANCISCA,RS,52.56,2021,53.67,2021_S1,7,2025,48.83,54,45
171850,RECURSOLÂNDIA,TO,52.42,2025,52.67,2025_S1,10,2023,42.2,56,30
421940,WITMARSUM,SC,52.42,2025,52.83,2025_S2,9,2026,47.37,55,38
520460,CAMPESTRE DE GOIÁS,GO,52.33,2026,52.33,2026_S1,13,2025,34.0,55,20
355550,UBIRAJARA,SP,52.33,2025,52.67,2025_S2,13,2024,42.35,54,34
316165,SÃO GERALDO DO BAIXIO,MG,52.33,2026,52.67,2024_S1,13,2024,48.72,54,41
420860,JABORÁ,SC,52.25,2024,52.83,2025_S1,6,2025,50.12,54,44
431245,MORRO REDONDO,RS,52.25,2025,55.0,2025_S1,12,2023,44.63,57,35
431053,ITAARA,RS,52.17,2024,54.83,2025_S1,11,2023,45.48,56,36
160005,SERRA DO NAVIO,AP,52.0,2026,52.0,2026_S1,8,2024,47.95,54,41
240760,MESSIAS TARGINO,RN,52.0,2024,57.5,2024_S1,19,2024,47.37,59,40
280520,PINHÃO,SE,52.0,2026,52.33,2025_S2,9,2024,42.7,53,36
410712,DIAMANTE DO SUL,PR,52.0,2026,54.17,2025_S2,14,2024,38.32,56,28
250420,CATINGUEIRA,PB,52.0,2026,53.33,2025_S2,8,2023,40.95,54,30
220435,GEMINIANO,PI,52.0,2026,52.0,2026_S1,11,2024,28.0,55,16
352780,LUPÉRCIO,SP,51.92,2025,52.0,2025_S1,8,2023,44.23,53,36
522155,TURVELÂNDIA,GO,51.92,2025,53.33,2025_S1,11,2023,44.95,54,36
354210,RAFARD,SP,51.83,2025,53.0,2025_S1,12,2024,39.68,54,23
150658,SANTA MARIA DAS BARREIRAS,PA,51.78,2021,51.83,2021_S2,9,2022,47.27,53,39
354960,SÃO JOSÉ DO BARREIRO,SP,51.67,2026,53.33,2021_S1,5,2021,49.23,54,45
311960,CORONEL PACHECO,MG,51.58,2025,52.33,2024_S2,5,2023,48.67,53,43
421700,SÃO LUDGERO,SC,51.5,2025,52.17,2025_S2,7,2024,43.75,53,35
313830,LEANDRO FERREIRA,MG,51.33,2026,51.33,2026_S1,7,2025,40.97,53,35
350080,ALFREDO MARCONDES,SP,51.33,2026,51.33,2025_S2,12,2024,35.82,54,24
315900,SANTANA DO RIACHO,MG,51.33,2025,53.0,2025_S2,9,2024,43.25,54,32
431360,PAIM FILHO,RS,51.33,2026,51.33,2026_S1,6,2024,43.95,54,39
430187,BARRA DO QUARAÍ,RS,51.17,2025,52.0,2024_S2,12,2023,40.95,55,28
313390,ITAVERAVA,MG,51.08,2025,51.5,2025_S1,6,2025,48.62,53,42
351400,DOBRADA,SP,51.08,2025,51.5,2025_S2,7,2024,45.25,52,38
411065,IRACEMA DO OESTE,PR,51.0,2026,51.0,2026_S1,13,2022,42.98,52,29
510685,PORTO ESTRELA,MT,51.0,2025,54.17,2025_S1,14,2025,44.63,55,39
355460,TIMBURI,SP,51.0,2026,51.33,2025_S2,6,2025,45.38,53,41
315950,SANTA RITA DO ITUETO,MG,51.0,2026,51.0,2026_S1,14,2024,35.23,53,21
430975,IBARAMA,RS,51.0,2025,51.0,2025_S1,6,2022,46.43,54,37
220515,JACOBINA DO PIAUÍ,PI,51.0,2026,51.0,2026_S1,9,2025,31.0,52,17
315737,SANTA CRUZ DE SALINAS,MG,50.92,2025,51.17,2025_S1,8,2023,43.25,52,36
411729,NOVO ITACOLOMI,PR,50.92,2025,52.17,2025_S1,10,2023,43.63,53,31
411005,IGUATU,PR,50.92,2025,51.5,2025_S1,11,2024,36.32,54,21
353040,MIRASSOLÂNDIA,SP,50.83,2023,53.17,2023_S2,34,2024,38.8,54,19
412010,PORTO AMAZONAS,PR,50.75,2025,52.17,2025_S2,10,2022,38.32,53,23
353220,NARANDIBA,SP,50.67,2026,50.83,2025_S2,29,2024,45.87,55,26
210015,ÁGUA DOCE DO MARANHÃO,MA,50.67,2026,51.17,2025_S2,14,2024,36.85,52,29
411630,MUNHOZ DE MELO,PR,50.67,2025,52.33,2025_S1,13,2024,40.62,53,31
251720,VIEIRÓPOLIS,PB,50.67,2026,51.67,2025_S2,10,2025,31.78,53,13
310375,ARAPORÃ,MG,50.67,2026,50.67,2026_S1,8,2025,42.71,51,36
240640,LAGOA DE VELHOS,RN,50.67,2026,50.67,2026_S1,12,2023,33.3,52,19
171150,JAÚ DO TOCANTINS,TO,50.58,2025,51.5,2025_S1,9,2023,35.85,54,21
520050,ALOÂNDIA,GO,50.5,2025,51.0,2025_S2,7,2026,48.45,52,43
351710,GLICÉRIO,SP,50.33,2026,50.33,2026_S1,6,2025,43.88,51,39
420768,IPUAÇU,SC,50.25,2025,50.5,2025_S1,7,2025,46.78,53,40
110145,PARECIS,RO,50.08,2025,51.0,2025_S1,10,2024,38.32,52,23
521839,PROFESSOR JAMIL,GO,50.0,2021,51.67,2021_S1,6,2024,44.83,52,41
316810,TAPIRA,MG,50.0,2026,50.0,2026_S1,9,2024,39.97,50,30
250380,CALDAS BRANDÃO,PB,50.0,2026,51.17,2023_S2,21,2024,46.53,55,34
171870,RIO DOS BOIS,TO,50.0,2026,50.0,2026_S1,9,2024,30.95,51,18
522145,TROMBAS,GO,50.0,2026,50.0,2026_S1,6,2023,40.08,51,32
315370,QUARTEL GERAL,MG,50.0,2026,50.0,2026_S1,8,2025,38.97,50,34
411325,LARANJAL,PR,50.0,2026,51.0,2025_S2,9,2021,44.62,53,37
420250,BOM JARDIM DA SERRA,SC,49.92,2025,50.0,2025_S2,5,2024,45.43,51,39
251350,SANTANA DE MANGUEIRA,PB,49.75,2025,50.83,2025_S2,11,2023,41.35,52,33
171395,MURICILÂNDIA,TO,49.67,2026,51.33,2025_S2,10,2025,33.9,52,24
170386,CARIRI DO TOCANTINS,TO,49.67,2026,49.67,2026_S1,11,2025,36.27,53,25
160021,CUTIAS,AP,49.67,2026,49.67,2026_S1,10,2023,38.08,53,27
220955,SÃO BRAZ DO PIAUÍ,PI,49.67,2026,50.33,2025_S2,15,2024,29.58,53,13
150746,SÃO JOÃO DA PONTA,PA,49.67,2026,49.67,2026_S1,7,2023,40.4,51,34
412125,RAMILÂNDIA,PR,49.67,2026,49.67,2026_S1,6,2021,43.28,50,38
312500,EWBANK DA CÂMARA,MG,49.58,2025,52.5,2025_S2,14,2024,32.23,54,20
420985,LINDÓIA DO SUL,SC,49.33,2021,50.67,2021_S1,4,2021,46.88,51,44
411040,INDIANÓPOLIS,PR,49.33,2025,50.17,2024_S2,6,2023,44.12,52,35
250020,AGUIAR,PB,49.33,2026,49.33,2026_S1,14,2024,35.3,50,25
352215,ITAOCA,SP,49.33,2026,50.17,2025_S2,5,2024,43.2,51,39
313570,JEQUITIBÁ,MG,49.25,2025,50.67,2025_S2,11,2024,34.48,52,20
171630,PAU DARCO,TO,49.25,2025,49.5,2025_S2,18,2024,36.75,50,28
520357,BONÓPOLIS,GO,49.25,2025,51.5,2025_S2,11,2024,34.1,53,19
352560,JOÃO RAMALHO,SP,49.17,2025,49.5,2025_S2,7,2023,42.75,51,37
410275,BELA VISTA DA CAROBA,PR,49.0,2026,50.67,2025_S2,6,2025,46.18,53,41
314020,MARIPÁ DE MINAS,MG,49.0,2026,49.0,2026_S1,6,2021,41.33,49,32
250535,DAMIÃO,PB,49.0,2026,49.0,2026_S1,10,2025,30.27,49,21
211125,SÃO JOSÉ DOS BASÍLIOS,MA,49.0,2026,49.0,2026_S1,17,2024,26.75,50,13
315620,ROCHEDO DE MINAS,MG,49.0,2026,49.0,2026_S1,9,2023,36.47,53,26
352580,JÚLIO MESQUITA,SP,49.0,2026,49.0,2026_S1,7,2024,44.7,50,41
421840,TREZE DE MAIO,SC,48.92,2025,51.0,2025_S2,9,2023,41.97,52,33
421910,VARGEÃO,SC,48.92,2024,50.17,2024_S1,8,2024,42.15,53,35
241190,SÃO FRANCISCO DO OESTE,RN,48.83,2025,49.67,2024_S2,11,2024,41.72,51,34
311010,CAIANA,MG,48.75,2025,49.0,2025_S2,8,2024,43.95,51,38
411660,NOVA AMÉRICA DA COLINA,PR,48.75,2025,48.83,2025_S1,7,2022,39.2,50,27
421505,RIO RUFINO,SC,48.67,2026,48.83,2025_S2,10,2022,35.4,50,16
220273,COIVARAS,PI,48.67,2026,48.67,2026_S1,16,2025,24.78,51,13
251050,OLIVEDOS,PB,48.67,2026,48.67,2026_S1,14,2024,32.25,50,19
120039,PORTO WALTER,AC,48.67,2026,49.17,2025_S2,8,2025,36.55,52,28
220937,SANTA ROSA DO PIAUÍ,PI,48.67,2026,48.67,2026_S1,10,2024,37.02,49,28
410045,ALTAMIRA DO PARANÁ,PR,48.67,2026,48.67,2026_S1,25,2025,33.52,50,22
316805,TAPARUBA,MG,48.67,2026,48.67,2026_S1,11,2024,28.12,51,16
310720,BOCAINA DE MINAS,MG,48.58,2025,48.83,2025_S2,6,2022,44.63,50,35
240933,SANTA MARIA,RN,48.58,2024,51.17,2024_S1,24,2024,42.73,58,34
351560,FERNANDO PRESTES,SP,48.33,2023,48.67,2023_S2,15,2024,42.28,50,30
170105,ANGICO,TO,48.33,2026,48.33,2026_S1,7,2025,40.53,49,33
220755,PAQUETÁ,PI,48.33,2026,48.33,2026_S1,15,2025,26.87,51,13
510830,UNIÃO DO SUL,MT,48.33,2026,49.83,2024_S1,22,2024,43.67,53,31
431912,SÃO MARTINHO DA SERRA,RS,48.33,2025,50.17,2025_S1,9,2023,39.53,52,27
520160,ARAÇU,GO,48.33,2026,48.33,2026_S1,9,2023,34.83,49,24
110148,SÃO FELIPE DOESTE,RO,48.33,2026,48.33,2026_S1,12,2025,33.08,49,23
500390,FIGUEIRÃO,MS,48.33,2026,48.33,2026_S1,9,2025,37.53,50,31
521377,MONTIVIDIU DO NORTE,GO,48.33,2025,48.33,2025_S1,7,2023,41.75,50,34
354620,SANTA CRUZ DA CONCEIÇÃO,SP,48.25,2025,48.5,2025_S2,12,2023,30.82,51,12
220105,ASSUNÇÃO DO PIAUÍ,PI,48.25,2025,49.0,2025_S2,12,2024,35.4,50,23
240790,MONTE DAS GAMELEIRAS,RN,48.08,2025,48.33,2025_S1,6,2024,42.2,49,37
431260,MUÇUM,RS,48.0,2024,48.5,2024_S2,9,2025,45.68,49,40
410337,BRASILÂNDIA DO SUL,PR,48.0,2025,48.67,2025_S2,7,2023,40.68,51,31
310330,ARACITABA,MG,48.0,2025,49.0,2025_S1,10,2023,38.07,51,25
251392,SÃO BENTINHO,PB,48.0,2026,48.0,2026_S1,14,2023,31.98,48,11
352660,LAVRINHAS,SP,48.0,2025,48.5,2025_S2,7,2024,41.12,49,36
250939,MATURÉIA,PB,48.0,2026,48.0,2026_S1,10,2022,36.25,50,22
352080,INÚBIA PAULISTA,SP,48.0,2025,49.17,2025_S1,7,2023,44.1,50,38
352820,MACEDÔNIA,SP,48.0,2025,48.67,2025_S2,8,2024,39.55,52,33
250660,IBIARA,PB,48.0,2023,53.5,2024_S1,25,2024,43.37,58,33
311760,CONCEIÇÃO DO PARÁ,MG,47.83,2025,49.0,2025_S2,6,2024,39.4,49,30
410165,ARAPUÃ,PR,47.83,2025,48.17,2025_S2,8,2022,39.15,50,28
311995,CÓRREGO FUNDO,MG,47.75,2025,48.33,2025_S2,11,2024,37.03,49,26
411360,LOBATO,PR,47.67,2026,47.67,2026_S1,6,2022,40.97,50,34
520735,EDEALINA,GO,47.67,2025,49.33,2025_S2,8,2025,40.57,50,34
420080,ANCHIETA,SC,47.67,2025,47.67,2025_S1,8,2024,40.25,49,33
241180,SÃO FERNANDO,RN,47.67,2026,48.5,2025_S2,8,2021,38.47,49,30
420520,ERVAL VELHO,SC,47.67,2021,48.0,2021_S1,5,2022,44.22,49,40
210620,LUÍS DOMINGUES,MA,47.5,2025,48.5,2025_S2,9,2024,35.82,50,26
420005,ABDON BATISTA,SC,47.5,2025,48.33,2025_S1,7,2024,41.18,50,34
241142,SANTANA DO SERIDÓ,RN,47.5,2025,48.0,2025_S1,7,2022,41.08,51,32
510885,NOVA MARILÂNDIA,MT,47.33,2026,47.33,2026_S1,8,2024,41.73,48,36
510726,SANTO AFONSO,MT,47.33,2026,47.33,2026_S1,6,2026,36.3,50,28
421460,RIO DO OESTE,SC,47.33,2025,48.17,2024_S2,4,2023,45.1,49,42
500797,TAQUARUSSU,MS,47.25,2025,47.33,2025_S1,6,2023,38.88,49,31
412382,SANTA LÚCIA,PR,47.08,2025,47.5,2025_S2,11,2024,38.58,50,32
350090,ALTAIR,SP,47.0,2022,48.33,2022_S1,27,2024,43.2,49,20
520750,ESTRELA DO NORTE,GO,47.0,2026,48.5,2025_S2,12,2024,31.25,50,22
411230,JAPIRA,PR,47.0,2026,47.0,2026_S1,11,2023,34.55,50,25
353690,PEDRANÓPOLIS,SP,47.0,2025,48.0,2025_S2,10,2024,35.52,49,27
150690,SANTARÉM NOVO,PA,47.0,2026,47.0,2026_S1,15,2024,29.63,49,10
412065,QUARTO CENTENÁRIO,PR,47.0,2026,47.0,2026_S1,8,2024,34.88,48,28
220211,CAMPO ALEGRE DO FIDALGO,PI,47.0,2026,50.33,2025_S1,19,2025,37.75,59,25
354450,RUBINÉIA,SP,46.92,2025,47.0,2025_S2,6,2024,40.9,48,33
431242,MORMAÇO,RS,46.92,2025,47.0,2024_S2,4,2022,42.75,49,37
210565,JUNCO DO MARANHÃO,MA,46.67,2026,46.67,2026_S1,12,2023,27.17,47,14
172000,SANTA TEREZINHA DO TOCANTINS,TO,46.67,2026,47.0,2025_S2,8,2024,36.13,51,29
251203,POÇO DANTAS,PB,46.67,2026,46.67,2026_S1,11,2025,35.38,49,29
354900,SÃO FRANCISCO,SP,46.5,2023,47.83,2024_S2,8,2025,45.47,51,41
220960,SÃO FÉLIX DO PIAUÍ,PI,46.5,2025,46.67,2025_S2,15,2022,36.68,48,17
354360,RIFAINA,SP,46.5,2023,46.5,2023_S1,37,2024,33.22,48,9
510890,NOVA MARINGÁ,MT,46.42,2025,46.83,2025_S1,7,2023,41.27,48,32
352870,MARABÁ PAULISTA,SP,46.33,2025,49.0,2025_S2,10,2025,36.9,52,30
251380,SANTA TERESINHA,PB,46.25,2025,46.5,2025_S2,7,2024,40.02,49,32
353210,MURUTINGA DO SUL,SP,46.25,2023,47.33,2023_S2,27,2024,36.97,48,21
240160,BENTO FERNANDES,RN,46.17,2025,48.5,2025_S2,9,2025,37.15,51,30
251410,SÃO JOÃO DO TIGRE,PB,46.0,2026,47.17,2025_S2,7,2022,39.58,48,33
411545,MARQUINHO,PR,46.0,2026,46.0,2026_S1,5,2024,41.37,47,37
210635,MARAJÁ DO SENA,MA,46.0,2026,46.0,2026_S1,10,2023,29.37,47,18
314880,PEDRA DO ANTA,MG,45.92,2025,46.5,2025_S2,12,2023,36.53,48,28
521805,PORTEIRÃO,GO,45.83,2025,47.0,2025_S2,15,2024,31.37,48,17
110026,RIO CRESPO,RO,45.67,2026,45.67,2026_S1,10,2024,30.17,47,22
316780,SOLEDADE DE MINAS,MG,45.67,2026,46.17,2025_S2,7,2023,42.52,48,38
420310,CAIBI,SC,45.67,2026,45.67,2026_S1,5,2022,35.92,47,30
411585,MERCEDES,PR,45.67,2025,46.0,2025_S2,6,2024,39.45,47,33
510336,CONQUISTA DOESTE,MT,45.67,2024,48.5,2025_S1,31,2025,39.47,51,19
240040,ÁGUA NOVA,RN,45.67,2026,45.67,2026_S1,9,2023,37.63,46,29
250153,BARAÚNA,PB,45.67,2026,45.67,2026_S1,15,2024,23.43,47,8
430697,EREBANGO,RS,45.58,2025,47.17,2024_S2,7,2025,42.72,49,36
312695,FREI LAGONEGRO,MG,45.58,2025,46.83,2025_S2,13,2023,32.9,48,20
431055,ITACURUBI,RS,45.56,2021,46.33,2021_S2,7,2025,42.95,47,37
310770,BOM JESUS DO AMPARO,MG,45.56,2021,45.67,2021_S1,5,2025,41.42,47,36
351590,FLOREAL,SP,45.5,2025,45.67,2025_S2,4,2022,42.38,47,38
311535,CATAS ALTAS,MG,45.42,2024,47.33,2024_S1,9,2024,43.62,49,40
354840,SANTÓPOLIS DO AGUAPEÍ,SP,45.42,2024,49.33,2024_S2,30,2025,39.47,55,19
320180,DIVINO DE SÃO LOURENÇO,ES,45.33,2026,45.5,2025_S2,7,2024,38.0,46,32
520650,CROMÍNIA,GO,45.33,2025,46.0,2025_S2,9,2024,38.22,48,30
170330,BOM JESUS DO TOCANTINS,TO,45.0,2026,45.0,2026_S1,9,2023,30.38,46,21
430865,GARRUCHOS,RS,45.0,2024,46.0,2024_S1,6,2025,42.15,47,36
350770,BRAÚNA,SP,45.0,2025,45.17,2025_S2,5,2023,40.32,47,35
421920,VIDAL RAMOS,SC,45.0,2026,45.0,2026_S1,6,2024,36.45,46,29
522015,SÃO LUIZ DO NORTE,GO,44.92,2024,49.0,2024_S1,30,2024,35.58,56,22
421875,TUNÁPOLIS,SC,44.92,2025,45.17,2025_S1,5,2022,41.48,46,37
421520,ROMELÂNDIA,SC,44.75,2025,46.83,2025_S2,7,2025,42.62,48,40
311210,CAPARAÓ,MG,44.75,2025,46.17,2025_S2,8,2023,38.55,48,30
510454,ITANHANGÁ,MT,44.67,2026,44.67,2026_S1,10,2025,29.28,47,23
170382,CACHOEIRINHA,TO,44.67,2026,44.67,2026_S1,6,2023,36.13,45,31
172010,SÃO BENTO DO TOCANTINS,TO,44.67,2026,47.67,2024_S1,18,2024,42.35,49,31
520145,APARECIDA DO RIO DOCE,GO,44.67,2025,44.83,2025_S1,9,2023,37.75,48,31
352890,MARIÁPOLIS,SP,44.5,2025,46.0,2025_S2,7,2024,38.82,48,33
510452,IPIRANGA DO NORTE,MT,44.33,2026,44.33,2026_S1,7,2025,31.82,46,22
355420,TEJUPÁ,SP,44.33,2026,44.33,2026_S1,14,2024,36.37,45,30
421189,PAINEL,SC,44.33,2026,44.33,2026_S1,5,2025,35.43,47,30
520960,HEITORAÍ,GO,44.33,2025,45.33,2025_S2,10,2024,33.07,47,23
410315,BOM JESUS DO SUL,PR,44.33,2025,44.5,2025_S2,7,2024,36.37,45,29
220865,QUEIMADA NOVA,PI,44.33,2026,44.33,2026_S1,8,2025,30.78,49,24
431575,RIOZINHO,RS,44.25,2025,45.67,2025_S2,8,2024,36.15,47,23
313450,ITUTINGA,MG,44.08,2025,44.5,2025_S1,8,2024,36.28,46,29
314585,ORATÓRIOS,MG,44.0,2026,44.33,2025_S2,11,2024,28.3,45,16
251480,SÃO JOSÉ DOS CORDEIROS,PB,44.0,2026,44.0,2026_S1,16,2025,28.08,45,21
431455,PIRAPÓ,RS,44.0,2026,44.0,2026_S1,5,2024,38.9,45,36
314315,MONTE FORMOSO,MG,44.0,2024,51.5,2024_S1,23,2024,38.15,53,26
171880,SAMPAIO,TO,44.0,2025,45.33,2025_S2,9,2022,32.27,47,21
354710,SANTA MERCEDES,SP,43.92,2025,44.67,2025_S2,7,2022,37.47,46,31
315480,RIO ACIMA,MG,43.92,2025,44.5,2025_S2,11,2024,31.67,45,19
251520,SÃO SEBASTIÃO DO UMBUZEIRO,PB,43.83,2025,44.33,2025_S2,5,2024,36.12,46,28
431642,SAGRADA FAMÍLIA,RS,43.67,2026,44.17,2025_S2,10,2025,34.13,46,28
220460,HUGO NAPOLEÃO,PI,43.67,2026,43.67,2026_S1,15,2024,26.6,45,15
420050,ÁGUAS DE CHAPECÓ,SC,43.5,2025,43.83,2025_S1,10,2024,38.3,46,33
316000,SANTO ANTÔNIO DO AVENTUREIRO,MG,43.5,2025,44.33,2025_S2,9,2024,35.1,45,29
352490,JAMBEIRO,SP,43.42,2025,43.5,2025_S2,12,2024,30.02,45,14
220360,ELISEU MARTINS,PI,43.33,2026,43.33,2026_S1,7,2024,35.62,44,28
171830,PRAIA NORTE,TO,43.33,2026,43.33,2026_S1,7,2024,31.75,44,23
410845,FOZ DO JORDÃO,PR,43.33,2026,43.33,2026_S1,10,2025,33.1,44,27
140002,AMAJARI,RR,43.33,2026,43.33,2026_S1,13,2022,22.98,45,3
412788,TUNAS DO PARANÁ,PR,43.17,2025,43.5,2025_S1,9,2024,33.98,44,23
431160,LIBERATO SALZANO,RS,43.0,2021,43.0,2021_S1,4,2024,39.02,45,35
354280,RIBEIRA,SP,43.0,2026,43.17,2025_S2,8,2023,35.05,47,22
510724,SANTA CARMEM,MT,43.0,2026,43.83,2025_S2,9,2024,34.63,45,29
420950,LAURENTINO,SC,43.0,2021,44.0,2021_S1,7,2021,38.85,45,32
311740,CONCEIÇÃO DE IPANEMA,MG,43.0,2026,43.17,2025_S2,12,2024,26.87,45,17
314225,MIRAVÂNIA,MG,43.0,2025,45.33,2025_S2,10,2024,36.23,47,24
314250,MONJOLOS,MG,43.0,2026,43.0,2026_S1,7,2024,37.22,45,31
510810,TESOURO,MT,43.0,2023,44.5,2022_S2,8,2026,39.97,45,32
420610,GRÃO PARÁ,SC,42.92,2025,44.0,2025_S2,8,2026,37.02,45,31
421540,SALTO VELOSO,SC,42.92,2024,43.17,2024_S1,4,2022,40.7,44,37
420090,ANGELINA,SC,42.83,2025,43.67,2024_S2,10,2023,36.6,46,28
353330,NOVA LUZITÂNIA,SP,42.78,2021,45.0,2024_S1,27,2024,39.47,48,21
312600,FLORESTAL,MG,42.67,2025,43.33,2025_S2,6,2024,37.17,45,31
521935,SANTA ISABEL,GO,42.67,2026,43.83,2025_S2,15,2023,32.3,45,20
411340,LEÓPOLIS,PR,42.67,2026,42.67,2026_S1,10,2024,27.2,44,18
421145,NOVA ITABERABA,SC,42.5,2025,43.17,2025_S2,5,2024,38.83,44,35
221090,SOCORRO DO PIAUÍ,PI,42.33,2026,42.33,2026_S1,13,2024,27.7,43,14
315740,SANTA CRUZ DO ESCALVADO,MG,42.33,2025,43.5,2025_S2,9,2023,31.5,45,21
313790,LAMIM,MG,42.17,2025,42.83,2025_S2,10,2022,35.8,45,27
431407,PASSO DO SOBRADO,RS,42.0,2025,43.17,2025_S1,6,2021,39.63,44,35
220995,SÃO JOÃO DA VARJOTA,PI,42.0,2026,42.0,2026_S1,14,2024,21.12,45,9
312530,FARIA LEMOS,MG,42.0,2026,43.17,2025_S2,8,2024,32.0,44,24
421223,PARAÍSO,SC,42.0,2024,43.33,2024_S1,5,2024,38.63,44,35
211065,SÃO DOMINGOS DO AZEITÃO,MA,42.0,2026,42.0,2025_S2,13,2024,26.73,44,18
313200,ITACAMBIRA,MG,42.0,2026,43.33,2025_S2,7,2025,32.15,44,23
412665,SULINA,PR,42.0,2026,42.0,2026_S1,5,2024,39.32,44,36
522108,TERESINA DE GOIÁS,GO,42.0,2026,42.83,2025_S2,7,2024,36.22,44,31
241060,RAFAEL GODEIRO,RN,42.0,2026,43.33,2025_S2,11,2024,29.98,45,18
521305,MIMOSO DE GOIÁS,GO,41.75,2025,42.17,2025_S2,6,2023,35.33,43,26
431244,MORRINHOS DO SUL,RS,41.67,2024,43.33,2024_S2,14,2022,30.4,45,11
240375,FERNANDO PEDROZA,RN,41.58,2025,42.0,2025_S2,7,2024,36.78,44,31
315640,ROMARIA,MG,41.58,2024,42.67,2024_S2,6,2025,39.4,43,33
240950,PEDRA GRANDE,RN,41.56,2021,42.67,2021_S1,8,2024,36.3,43,29
220210,CAMPINAS DO PIAUÍ,PI,41.33,2026,42.67,2025_S2,12,2023,28.43,44,15
311520,CONCEIÇÃO DA BARRA DE MINAS,MG,41.33,2025,42.33,2025_S2,5,2024,35.92,43,30
240165,BODÓ,RN,41.33,2026,41.33,2026_S1,6,2024,35.58,42,28
220950,SANTO INÁCIO DO PIAUÍ,PI,41.33,2026,41.33,2026_S1,7,2023,33.32,42,26
220090,AROAZES,PI,41.33,2026,42.0,2025_S2,5,2024,32.95,43,27
250410,CARRAPATEIRA,PB,41.33,2026,41.33,2026_S1,7,2025,30.93,42,25
351015,CANITAR,SP,41.33,2025,41.83,2025_S1,11,2023,33.82,44,23
315970,SANTA ROSA DA SERRA,MG,41.25,2025,41.33,2025_S2,8,2023,32.72,42,22
430630,DAVID CANABARRO,RS,41.25,2023,41.5,2023_S1,5,2025,39.13,42,33
431477,PONTÃO,RS,41.0,2026,41.0,2026_S1,7,2025,28.98,41,20
353970,PLATINA,SP,41.0,2026,41.17,2025_S2,12,2025,30.42,44,23
410685,CRUZMALTINA,PR,41.0,2026,41.0,2026_S1,10,2023,29.58,42,15
220271,COCAL DE TELHA,PI,41.0,2026,41.67,2025_S2,9,2023,34.52,42,28
317047,URUANA DE MINAS,MG,41.0,2026,41.33,2025_S2,10,2023,30.35,42,17
280190,CUMBE,SE,41.0,2026,41.0,2026_S1,8,2025,28.67,42,22
241380,TABOLEIRO GRANDE,RN,40.92,2025,42.83,2025_S2,6,2024,34.92,44,30
430915,GRAMADO XAVIER,RS,40.92,2024,41.33,2024_S2,7,2022,38.85,42,30
220556,LAGOA DO BARRO DO PIAUÍ,PI,40.83,2025,41.0,2025_S2,10,2024,37.58,42,32
310040,ACAIACA,MG,40.83,2024,40.83,2024_S1,9,2023,35.17,42,27
351010,CÂNDIDO RODRIGUES,SP,40.75,2025,41.33,2025_S1,9,2024,36.0,43,30
510715,RESERVA DO CABAÇAL,MT,40.67,2024,42.5,2025_S1,30,2025,38.6,48,15
220380,FLORES DO PIAUÍ,PI,40.67,2026,40.83,2025_S2,9,2024,26.58,42,17
431085,JABOTICABA,RS,40.67,2026,41.0,2025_S2,5,2023,35.03,43,28
251030,NOVA PALMEIRA,PB,40.67,2025,40.83,2025_S2,4,2023,37.12,43,33
171515,NOVO ALEGRE,TO,40.58,2025,41.83,2025_S2,7,2023,35.83,43,29
510269,CANABRAVA DO NORTE,MT,40.58,2025,42.17,2025_S1,6,2025,37.55,43,31
210470,GRAÇA ARANHA,MA,40.44,2021,41.0,2021_S1,6,2022,39.02,42,35
421080,MELEIRO,SC,40.33,2025,40.67,2024_S1,4,2022,37.37,42,30
312150,DESTERRO DO MELO,MG,40.33,2025,40.83,2025_S2,5,2024,34.2,42,29
410185,ARIRANHA DO IVAÍ,PR,40.33,2026,40.33,2026_S1,10,2021,32.85,42,22
220675,NOSSA SENHORA DE NAZARÉ,PI,40.33,2026,40.33,2026_S1,10,2024,27.83,41,21
431090,JACUTINGA,RS,40.11,2021,42.0,2021_S1,6,2022,36.45,43,31
420220,BENEDITO NOVO,SC,40.08,2023,41.0,2023_S2,7,2026,38.15,43,33
220045,ALVORADA DO GURGUÉIA,PI,40.0,2026,40.0,2026_S1,12,2024,27.38,41,19
317060,VARGEM BONITA,MG,40.0,2026,40.0,2026_S1,10,2024,36.82,41,31
421568,SANTA TEREZINHA DO PROGRESSO,SC,40.0,2022,40.67,2022_S1,4,2022,37.03,42,30
316443,SÃO SEBASTIÃO DA VARGEM ALEGRE,MG,40.0,2023,40.83,2023_S1,6,2022,37.77,42,33
353000,MIRA ESTRELA,SP,40.0,2025,41.33,2025_S2,6,2022,31.9,42,22
220173,BETÂNIA DO PIAUÍ,PI,40.0,2026,40.0,2026_S1,14,2024,22.07,42,7
350300,ARAMINA,SP,40.0,2026,41.67,2024_S2,14,2025,32.35,44,23
171840,PRESIDENTE KENNEDY,TO,39.89,2021,40.0,2021_S1,5,2025,37.67,41,35
421860,TROMBUDO CENTRAL,SC,39.83,2025,40.67,2025_S2,11,2024,32.05,42,25
251615,SOSSÊGO,PB,39.75,2025,39.83,2025_S2,13,2024,25.07,42,10
352110,IPEÚNA,SP,39.75,2025,40.33,2025_S2,9,2023,34.9,42,27
241025,PORTO DO MANGUE,RN,39.67,2026,39.67,2026_S1,13,2024,19.2,41,7
353310,NOVA GUATAPORANGA,SP,39.67,2025,40.67,2025_S2,7,2021,35.02,42,30
313040,IJACI,MG,39.67,2026,39.67,2026_S1,5,2024,30.88,41,23
354550,SANDOVALINA,SP,39.67,2025,41.67,2025_S2,8,2024,28.95,42,20
220400,FRANCINÓPOLIS,PI,39.67,2024,41.0,2024_S2,8,2024,34.65,43,29
421725,SÃO PEDRO DE ALCÂNTARA,SC,39.67,2026,39.67,2026_S1,12,2025,18.68,41,6
420160,ARROIO TRINTA,SC,39.58,2025,39.67,2025_S1,8,2024,33.15,41,27
421335,PONTE ALTA DO NORTE,SC,39.5,2025,40.33,2025_S2,6,2023,34.82,41,28
251470,SÃO JOSÉ DO SABUGI,PB,39.5,2024,39.5,2024_S1,5,2023,38.53,41,35
313280,ITAMBÉ DO MATO DENTRO,MG,39.44,2021,41.33,2021_S1,6,2023,38.35,42,34
421935,VITOR MEIRELES,SC,39.44,2021,44.0,2021_S1,8,2021,37.95,44,33
240590,JOÃO DIAS,RN,39.42,2025,40.0,2025_S2,4,2023,33.23,41,29
280250,GENERAL MAYNARD,SE,39.33,2026,39.33,2026_S1,15,2025,17.72,40,10
351800,GUARANI DOESTE,SP,39.33,2026,39.33,2026_S1,7,2024,32.03,41,24
430980,IBIAÇÁ,RS,39.33,2025,39.5,2025_S2,5,2023,34.68,41,28
310080,AGUANIL,MG,39.25,2025,39.5,2025_S2,8,2022,35.07,41,25
280730,TELHA,SE,39.17,2025,41.17,2025_S1,8,2025,31.37,42,22
220209,CALDEIRÃO GRANDE DO PIAUÍ,PI,39.17,2025,39.5,2025_S2,6,2023,32.73,40,25
251440,SÃO JOSÉ DE ESPINHARAS,PB,39.08,2025,39.83,2025_S2,6,2022,31.72,42,24
420060,ÁGUAS MORNAS,SC,39.08,2025,39.17,2025_S2,14,2024,27.35,41,17
211085,SÃO FRANCISCO DO BREJÃO,MA,39.0,2024,41.17,2024_S1,22,2024,30.63,46,16
420287,BRUNÓPOLIS,SC,39.0,2026,39.0,2026_S1,6,2022,33.53,39,29
431303,NOVA ESPERANÇA DO SUL,RS,39.0,2024,40.0,2024_S1,5,2024,37.35,41,33
312470,ESTRELA DO INDAIÁ,MG,39.0,2026,39.0,2026_S1,5,2025,33.97,40,27
430635,DEZESSEIS DE NOVEMBRO,RS,39.0,2026,39.0,2026_S1,7,2024,33.58,39,28
312720,FUNILÂNDIA,MG,39.0,2026,39.0,2026_S1,9,2024,29.35,41,21
521540,OURO VERDE DE GOIÁS,GO,39.0,2026,39.0,2026_S1,8,2023,26.98,41,17
510185,BOM JESUS DO ARAGUAIA,MT,39.0,2026,39.0,2026_S1,9,2024,22.8,40,8
430550,CIRÍACO,RS,38.92,2024,39.83,2024_S2,7,2025,36.23,42,31
310980,CACHOEIRA DOURADA,MG,38.92,2024,42.67,2024_S1,12,2024,34.87,44,29
421310,PIRATUBA,SC,38.83,2025,40.0,2025_S2,5,2022,35.83,41,31
350730,BORACÉIA,SP,38.75,2024,40.5,2025_S1,24,2025,32.22,42,18
220885,RIACHO FRIO,PI,38.67,2025,39.33,2025_S1,10,2024,30.68,42,24
432232,TURUÇU,RS,38.67,2026,38.67,2026_S1,8,2021,27.4,41,11
140028,IRACEMA,RR,38.67,2026,38.67,2026_S1,13,2024,22.07,40,11
421960,XAVANTINA,SC,38.67,2024,39.67,2025_S1,6,2026,36.17,41,30
220777,PATOS DO PIAUÍ,PI,38.67,2026,38.67,2026_S1,10,2023,26.75,42,18
140070,UIRAMUTÃ,RR,38.67,2025,41.67,2025_S2,14,2025,29.97,46,20
520015,ADELÂNDIA,GO,38.58,2025,39.33,2025_S2,8,2024,32.93,41,25
353625,PARISI,SP,38.58,2025,39.83,2025_S1,7,2025,33.83,41,25
351120,CATIGUÁ,SP,38.58,2025,40.5,2025_S2,10,2024,33.37,42,25
430637,DILERMANDO DE AGUIAR,RS,38.58,2024,40.17,2025_S1,7,2025,34.7,42,29
420775,IRACEMINHA,SC,38.42,2025,38.83,2025_S2,7,2024,34.02,42,30
220600,MARCOS PARENTE,PI,38.33,2026,38.33,2026_S1,14,2024,22.85,39,12
250650,GURJÃO,PB,38.33,2026,38.33,2026_S1,6,2024,26.2,40,18
431406,PASSA SETE,RS,38.33,2026,38.33,2026_S1,6,2025,31.52,40,25
310960,CACHOEIRA DA PRATA,MG,38.33,2026,38.33,2025_S2,12,2024,29.98,40,23
421635,SÃO JOÃO DO ITAPERIÚ,SC,38.33,2026,38.33,2026_S1,10,2023,20.97,40,8
431430,PEJUÇARA,RS,38.33,2025,39.0,2025_S2,5,2022,33.43,40,25
410920,GUARACI,PR,38.33,2026,38.33,2026_S1,6,2024,31.68,40,23
311900,CORDISLÂNDIA,MG,38.33,2026,38.83,2025_S2,8,2024,32.15,41,26
420110,ANITÁPOLIS,SC,38.25,2025,38.33,2025_S1,9,2024,28.37,39,19
430265,BROCHIER,RS,38.25,2024,39.17,2024_S2,6,2025,34.25,41,27
312675,FRANCISCÓPOLIS,MG,38.17,2023,38.5,2023_S1,23,2024,27.48,40,16
241470,VÁRZEA,RN,38.08,2025,39.0,2025_S2,7,2025,31.08,41,26
410220,ATALAIA,PR,38.0,2026,39.17,2025_S2,9,2024,28.27,40,19
412030,PORTO VITÓRIA,PR,38.0,2021,42.33,2021_S1,9,2021,33.6,43,30
251593,SERTÃOZINHO,PB,38.0,2026,38.0,2025_S2,9,2024,22.82,39,13
316320,SÃO JOSÉ DO ALEGRE,MG,37.92,2025,38.67,2025_S1,8,2022,33.75,40,27
311250,CAPIM BRANCO,MG,37.75,2025,39.83,2025_S2,9,2024,29.57,41,21
316700,SERRANOS,MG,37.67,2025,39.0,2025_S2,9,2024,25.37,40,12
431520,PUTINGA,RS,37.67,2026,37.67,2026_S1,3,2021,34.25,38,32
310380,ARAPUÁ,MG,37.67,2024,38.67,2025_S1,5,2022,34.27,39,28
412865,VIRMOND,PR,37.58,2025,38.0,2025_S2,5,2022,35.03,40,30
430367,CAMPESTRE DA SERRA,RS,37.58,2023,37.83,2023_S2,8,2022,33.9,39,25
220795,NOVA SANTA RITA,PI,37.42,2024,41.0,2024_S2,11,2024,27.0,44,11
430260,BRAGA,RS,37.42,2024,38.17,2024_S2,8,2023,33.12,40,27
311720,CONCEIÇÃO DAS PEDRAS,MG,37.33,2025,37.67,2025_S2,7,2024,31.9,39,27
510385,GAÚCHA DO NORTE,MT,37.33,2026,37.33,2025_S2,6,2025,32.05,39,26
317140,VIEIRAS,MG,37.33,2026,37.33,2026_S1,18,2024,19.78,38,9
430705,ERNESTINA,RS,37.33,2026,37.33,2026_S1,6,2025,29.43,38,25
315390,RAPOSOS,MG,37.33,2026,37.83,2025_S2,11,2022,28.48,39,16
421070,MATOS COSTA,SC,37.25,2025,37.5,2025_S2,12,2021,33.95,42,29
430087,ARARICÁ,RS,37.17,2025,37.67,2025_S1,11,2023,28.3,39,15
420270,BOTUVERÁ,SC,37.08,2025,37.33,2025_S1,6,2023,29.38,38,22
316140,SÃO FRANCISCO DO GLÓRIA,MG,37.0,2026,37.0,2026_S1,10,2025,25.23,37,17
350140,ÁLVARO DE CARVALHO,SP,37.0,2026,37.0,2026_S1,6,2024,28.32,37,22
171800,PORTO ALEGRE DO TOCANTINS,TO,37.0,2026,37.0,2026_S1,6,2024,29.35,38,24
221170,WALL FERRAZ,PI,37.0,2026,37.0,2026_S1,7,2023,25.43,38,17
240880,PARAZINHO,RN,37.0,2025,38.33,2025_S1,7,2025,32.02,39,27
220559,LAGOA DO SÍTIO,PI,37.0,2026,37.0,2026_S1,14,2025,14.62,38,2
431842,SÃO JOÃO DA URTIGA,RS,36.83,2025,37.33,2025_S2,4,2024,31.68,38,27
430560,COLORADO,RS,36.83,2025,37.17,2025_S2,8,2024,32.62,38,29
355120,SARUTAIÁ,SP,36.78,2021,37.17,2021_S2,6,2025,32.68,39,27
312850,GUARARÁ,MG,36.78,2021,37.0,2021_S1,5,2022,34.45,37,29
431349,NOVO BARREIRO,RS,36.75,2024,39.17,2024_S2,8,2024,31.8,40,25
353420,ORINDIÚVA,SP,36.75,2024,38.33,2024_S2,9,2023,30.3,39,20
250855,LOGRADOURO,PB,36.67,2026,36.67,2026_S1,10,2025,20.2,38,13
350020,ADOLFO,SP,36.67,2026,38.17,2025_S2,26,2025,24.62,39,13
353090,MOMBUCA,SP,36.5,2023,37.17,2023_S1,23,2023,28.4,46,15
315930,SANTA RITA DE JACUTINGA,MG,36.5,2025,36.83,2025_S1,9,2023,25.83,39,16
430235,BOM PRINCÍPIO,RS,36.44,2021,39.0,2021_S1,7,2021,34.45,40,28
421315,PLANALTO ALEGRE,SC,36.33,2026,36.33,2026_S1,5,2025,24.18,37,17
430607,CRISTAL DO SUL,RS,36.33,2026,36.33,2026_S1,9,2024,27.93,38,22
432375,VITÓRIA DAS MISSÕES,RS,36.33,2026,36.33,2025_S2,6,2023,29.43,38,24
311980,CÓRREGO DANTA,MG,36.33,2026,36.33,2026_S1,7,2024,32.97,37,29
270490,MAR VERMELHO,AL,36.33,2026,36.33,2026_S1,18,2025,22.72,40,15
355255,SUZANÁPOLIS,SP,36.33,2026,36.33,2026_S1,5,2024,31.38,39,27
241070,RIACHO DA CRUZ,RN,36.33,2026,36.33,2026_S1,9,2022,26.08,37,16
420665,GUATAMBÚ,SC,36.33,2024,36.83,2024_S2,7,2023,32.2,38,25
520710,DIORAMA,GO,36.08,2025,37.17,2025_S2,9,2024,31.55,38,27
313925,MAMONAS,MG,36.08,2025,36.17,2025_S1,4,2024,31.75,38,26
431275,NOVA ALVORADA,RS,36.08,2023,36.17,2023_S2,5,2025,34.35,37,30
220585,MADEIRO,PI,36.0,2026,36.0,2026_S1,12,2024,18.33,38,8
354930,SÃO JOÃO DO PAU DALHO,SP,36.0,2026,36.0,2026_S1,5,2023,31.58,37,27
220695,NOVO SANTO ANTÔNIO,PI,36.0,2026,36.0,2026_S1,13,2024,22.83,37,14
520670,DAMIANÓPOLIS,GO,36.0,2023,36.33,2023_S1,7,2022,33.93,38,30
420660,GUARUJÁ DO SUL,SC,36.0,2026,38.33,2021_S1,7,2021,32.72,39,29
350110,ALTO ALEGRE,SP,35.89,2021,41.33,2021_S1,10,2021,32.63,42,28
431030,ILÓPOLIS,RS,35.83,2024,36.33,2024_S1,7,2023,33.05,38,29
314890,PEDRA DO INDAIÁ,MG,35.75,2025,37.0,2025_S1,8,2024,31.03,38,25
315500,RIO DOCE,MG,35.67,2026,36.17,2025_S2,9,2025,21.77,38,11
313530,JAPARAÍBA,MG,35.67,2026,35.67,2026_S1,6,2022,26.65,36,19
220900,RIO GRANDE DO PIAUÍ,PI,35.67,2026,35.67,2025_S2,14,2024,22.57,38,12
316460,SÃO SEBASTIÃO DO OESTE,MG,35.67,2026,35.83,2025_S2,20,2022,25.28,37,12
421567,SANTA TEREZINHA,SC,35.67,2025,37.67,2025_S2,6,2025,29.98,39,23
522100,TAQUARAL DE GOIÁS,GO,35.67,2025,38.33,2025_S2,10,2025,26.8,40,20
420555,FREI ROGÉRIO,SC,35.67,2026,35.67,2026_S1,9,2023,28.3,37,17
221039,SÃO MIGUEL DO FIDALGO,PI,35.67,2025,36.0,2025_S1,9,2023,29.18,36,22
220157,BELÉM DO PIAUÍ,PI,35.67,2026,35.67,2026_S1,6,2024,23.38,38,16
170388,CARMOLÂNDIA,TO,35.67,2026,37.17,2025_S2,7,2024,26.0,38,18
410347,CAFEZAL DO SUL,PR,35.44,2021,35.5,2021_S2,14,2024,30.18,36,18
500510,JATEÍ,MS,35.44,2021,36.0,2021_S1,5,2023,34.07,36,31
410115,ÂNGULO,PR,35.33,2026,35.33,2026_S1,8,2021,29.72,38,21
412015,PORTO BARREIRO,PR,35.33,2026,36.17,2025_S2,6,2025,30.83,38,26
171370,MONTE SANTO DO TOCANTINS,TO,35.33,2026,35.33,2026_S1,8,2022,24.68,40,16
221063,SEBASTIÃO LEAL,PI,35.33,2026,35.33,2026_S1,11,2025,18.77,38,8
220095,AROEIRAS DO ITAIM,PI,35.33,2026,35.33,2026_S1,15,2025,9.95,37,1
420190,AURORA,SC,35.33,2026,35.33,2026_S1,7,2023,28.0,36,22
251278,RIACHO DE SANTO ANTÔNIO,PB,35.33,2026,36.17,2025_S2,11,2024,19.6,37,7
353100,MONÇÕES,SP,35.17,2023,38.0,2024_S1,28,2024,28.12,41,11
315870,SANTANA DO GARAMBÉU,MG,35.0,2025,36.17,2025_S1,6,2025,32.67,37,29
354180,QUEIROZ,SP,35.0,2021,35.0,2021_S1,20,2024,27.14,36,14
412033,PRADO FERREIRA,PR,34.67,2025,35.17,2025_S2,7,2022,29.92,37,22
521580,PALMELO,GO,34.67,2026,34.83,2025_S2,4,2024,32.1,36,27
520660,CUMARI,GO,34.67,2026,34.67,2026_S1,6,2024,26.08,35,20
250220,BOM JESUS,PB,34.67,2026,34.67,2026_S1,6,2024,23.35,35,18
314130,MEDEIROS,MG,34.67,2026,34.67,2026_S1,9,2024,22.63,36,14
352910,MARINÓPOLIS,SP,34.67,2025,35.5,2025_S1,5,2024,32.33,37,28
510670,PONTE BRANCA,MT,34.58,2023,36.17,2024_S1,10,2024,32.62,39,29
315010,PIAU,MG,34.58,2025,35.33,2025_S2,9,2023,27.28,36,19
314940,PEDRO TEIXEIRA,MG,34.56,2021,37.33,2021_S1,13,2025,29.85,38,21
354920,SÃO JOÃO DAS DUAS PONTES,SP,34.5,2024,35.5,2024_S1,5,2023,32.87,36,29
353320,NOVA INDEPENDÊNCIA,SP,34.33,2026,35.5,2025_S2,9,2024,27.33,36,20
420680,IBICARÉ,SC,34.33,2026,35.67,2025_S2,5,2025,29.77,37,24
500627,PARAÍSO DAS ÁGUAS,MS,34.33,2026,35.83,2025_S2,11,2021,23.78,36,9
431620,RONDINHA,RS,34.33,2021,34.33,2021_S1,4,2023,30.12,35,22
411030,INAJÁ,PR,34.33,2026,34.33,2026_S1,13,2024,21.17,35,11
510100,ARAGUAIANA,MT,34.25,2025,34.5,2025_S2,5,2024,30.1,37,25
430070,ANTA GORDA,RS,34.17,2025,34.5,2025_S1,3,2021,32.93,35,28
220327,CURRAL NOVO DO PIAUÍ,PI,34.0,2026,34.0,2026_S1,8,2023,18.95,37,10
170755,FÁTIMA,TO,34.0,2026,34.33,2025_S2,5,2023,30.12,36,26
430781,ESTRELA VELHA,RS,34.0,2026,34.0,2026_S1,7,2024,27.05,36,22
410105,ANAHY,PR,34.0,2026,34.0,2026_S1,5,2024,28.72,35,24
352115,IPIGUÁ,SP,33.92,2025,35.5,2024_S2,8,2023,27.97,37,18
411640,NOSSA SENHORA DAS GRAÇAS,PR,33.83,2025,34.0,2025_S1,8,2024,26.35,35,20
353215,NANTES,SP,33.75,2025,35.17,2025_S1,6,2024,27.82,36,22
210135,BACURITUBA,MA,33.75,2025,35.5,2025_S2,12,2025,26.22,40,20
355130,SEBASTIANÓPOLIS DO SUL,SP,33.67,2023,36.17,2023_S2,8,2023,30.93,37,26
411965,PITANGUEIRAS,PR,33.67,2026,33.67,2026_S1,8,2024,19.05,35,12
150640,SANTA CRUZ DO ARARI,PA,33.67,2026,35.33,2024_S2,9,2024,27.3,37,17
410304,BOA VENTURA DE SÃO ROQUE,PR,33.67,2026,33.83,2025_S2,8,2024,29.35,34,23
251570,SERRA GRANDE,PB,33.67,2026,33.67,2026_S1,9,2025,20.82,34,14
220375,FARTURA DO PIAUÍ,PI,33.67,2026,33.67,2026_S1,10,2025,22.13,37,13
431532,QUEVEDOS,RS,33.67,2026,33.67,2026_S1,6,2024,29.25,35,26
354830,SANTO EXPEDITO,SP,33.5,2025,34.17,2024_S1,12,2023,27.97,38,20
315470,RIBEIRÃO VERMELHO,MG,33.42,2025,33.67,2025_S1,11,2024,24.38,34,15
351580,FLORA RICA,SP,33.42,2022,33.67,2021_S1,5,2025,31.63,35,23
421090,MODELO,SC,33.42,2025,33.83,2025_S2,5,2024,30.32,34,26
420543,FORMOSA DO SUL,SC,33.42,2025,34.0,2025_S1,3,2021,30.6,34,26
353284,NOVA CANAÃ PAULISTA,SP,33.33,2026,34.0,2025_S2,6,2023,26.02,35,18
420127,ARABUTÃ,SC,33.25,2024,33.83,2024_S1,5,2025,30.75,34,24
314750,PASSABÉM,MG,33.25,2025,33.83,2025_S1,8,2024,24.0,34,15
170825,FORTALEZA DO TABOCÃO,TO,33.08,2024,35.5,2024_S1,23,2024,26.18,42,17
220117,BARRA DALCÂNTARA,PI,33.08,2025,33.67,2025_S2,6,2024,25.03,34,19
220177,BOA HORA,PI,33.0,2026,33.67,2025_S2,10,2025,20.95,37,9
315910,SANTANA DOS MONTES,MG,33.0,2026,33.0,2026_S1,4,2021,29.95,35,23
431290,NOVA BASSANO,RS,33.0,2026,33.0,2026_S1,7,2022,24.02,33,14
520360,BRAZABRANTES,GO,33.0,2026,33.0,2026_S1,14,2024,14.22,37,2
221010,SÃO JOSÉ DO PEIXE,PI,32.92,2025,33.83,2025_S2,7,2023,23.38,35,13
410340,CAFEARA,PR,32.83,2024,33.33,2024_S2,4,2021,31.57,35,29
510719,RIBEIRÃOZINHO,MT,32.75,2025,34.0,2024_S2,9,2023,25.8,35,17
251300,SALGADINHO,PB,32.67,2026,32.67,2026_S1,10,2024,19.97,35,10
280700,SÃO MIGUEL DO ALEIXO,SE,32.67,2026,32.67,2026_S1,7,2024,24.63,34,18
430957,HERVEIRAS,RS,32.67,2026,32.67,2026_S1,7,2025,24.07,34,18
354030,PONTES GESTAL,SP,32.58,2025,33.67,2025_S2,5,2022,27.42,35,22
280010,AMPARO DE SÃO FRANCISCO,SE,32.5,2025,33.5,2025_S1,4,2022,30.6,34,27
251100,PEDRA BRANCA,PB,32.5,2025,33.17,2025_S2,7,2024,25.2,34,19
251460,SÃO JOSÉ DO BONFIM,PB,32.5,2025,33.67,2025_S2,9,2024,22.58,36,15
220100,ARRAIAL,PI,32.42,2025,33.67,2025_S2,7,2023,23.78,35,16
171525,NOVO JARDIM,TO,32.33,2026,32.33,2026_S1,7,2024,26.25,33,22
251560,SERRA DA RAIZ,PB,32.33,2026,32.33,2026_S1,8,2024,22.57,34,16
432215,TUNAS,RS,32.33,2025,32.83,2025_S1,4,2023,30.58,34,28
220552,JÚLIO BORGES,PI,32.33,2026,32.33,2026_S1,10,2025,17.98,33,9
221035,SÃO LOURENÇO DO PIAUÍ,PI,32.33,2026,32.33,2026_S1,7,2024,23.83,33,19
520310,BALIZA,GO,32.33,2026,33.83,2025_S2,16,2022,24.27,36,12
311040,CAMACHO,MG,32.17,2022,32.67,2021_S1,8,2024,29.87,35,25
430805,FAXINALZINHO,RS,32.11,2021,33.33,2021_S1,6,2025,29.9,34,22
241160,SÃO BENTO DO NORTE,RN,32.08,2025,32.17,2025_S2,7,2024,23.37,33,15
311220,CAPELA NOVA,MG,32.08,2025,32.67,2024_S2,4,2023,28.97,33,24
411435,MANFRINÓPOLIS,PR,32.0,2026,32.0,2026_S1,5,2024,22.9,32,17
521590,PALMINÓPOLIS,GO,32.0,2026,32.33,2025_S2,15,2024,23.1,34,14
311990,CÓRREGO DO BOM JESUS,MG,32.0,2026,32.0,2026_S1,6,2025,28.07,33,25
220775,PASSAGEM FRANCA DO PIAUÍ,PI,32.0,2026,32.0,2026_S1,12,2024,16.42,33,7
314420,NACIP RAYDAN,MG,31.83,2024,37.0,2024_S1,42,2023,21.72,57,7
313000,IBITURUNA,MG,31.83,2023,32.5,2023_S2,15,2024,26.8,33,18
421507,RIQUEZA,SC,31.75,2025,32.0,2025_S2,5,2023,27.48,32,24
430085,ARAMBARÉ,RS,31.67,2026,31.67,2026_S1,9,2024,17.93,32,10
160025,ITAUBAL,AP,31.67,2026,33.83,2025_S2,10,2024,19.78,35,10
355465,TORRE DE PEDRA,SP,31.67,2025,31.67,2025_S1,4,2024,29.78,33,26
311540,CATAS ALTAS DA NORUEGA,MG,31.67,2026,31.67,2026_S1,4,2022,30.17,33,27
421915,VARGEM,SC,31.67,2026,31.67,2026_S1,6,2023,27.65,33,23
431445,PINHAL,RS,31.42,2024,32.5,2025_S1,5,2024,28.67,34,24
315530,RIO MANSO,MG,31.33,2024,32.33,2024_S2,6,2022,27.7,33,21
316360,SÃO JOSÉ DO MANTIMENTO,MG,31.33,2026,31.33,2026_S1,7,2024,20.83,32,13
431043,IPÊ,RS,31.33,2026,31.33,2026_S1,7,2024,25.68,33,22
251398,SÃO FRANCISCO,PB,31.33,2026,31.33,2026_S1,6,2022,20.15,32,12
432060,SEVERIANO DE ALMEIDA,RS,31.33,2026,31.33,2026_S1,4,2022,27.7,33,24
314900,PEDRA DOURADA,MG,31.33,2025,32.33,2025_S2,7,2024,23.82,33,19
430185,BARRA DO GUARITA,RS,31.33,2026,32.17,2025_S2,7,2025,22.75,33,17
311560,CEDRO DO ABAETÉ,MG,31.33,2026,31.33,2026_S1,5,2024,27.88,32,26
171845,PUGMIL,TO,31.25,2025,31.5,2025_S2,5,2021,25.28,32,17
412590,SÃO PEDRO DO PARANÁ,PR,31.17,2025,31.5,2025_S1,6,2024,28.78,32,25
250340,CACIMBA DE AREIA,PB,31.08,2024,31.17,2024_S2,4,2022,28.22,33,23
350200,ANALÂNDIA,SP,31.0,2024,33.17,2024_S2,8,2025,27.32,34,23
351090,CÁSSIA DOS COQUEIROS,SP,31.0,2026,32.5,2025_S2,8,2025,25.75,33,21
172025,SÃO SALVADOR DO TOCANTINS,TO,31.0,2025,31.33,2025_S1,3,2022,27.87,32,24
431339,NOVO CABRAIS,RS,31.0,2026,31.0,2026_S1,7,2024,20.95,32,14
410322,BOM SUCESSO DO SUL,PR,31.0,2026,31.17,2025_S1,6,2025,25.73,33,18
353715,PEDRINHAS PAULISTA,SP,31.0,2021,31.67,2025_S2,7,2022,27.28,34,23
430005,ÁGUA SANTA,RS,30.92,2025,31.5,2025_S1,7,2024,26.6,33,21
431041,INHACORÁ,RS,30.92,2024,31.5,2024_S2,6,2022,27.47,33,21
221038,SÃO MIGUEL DA BAIXA GRANDE,PI,30.92,2025,31.0,2025_S1,8,2024,26.33,32,23
432340,VILA MARIA,RS,30.89,2021,31.0,2021_S1,5,2024,27.43,31,20
220530,JERUMENHA,PI,30.83,2025,31.83,2025_S2,7,2021,25.18,34,14
432030,SELBACH,RS,30.83,2025,31.0,2025_S1,9,2022,27.6,32,23
510450,INDIAVAÍ,MT,30.67,2023,32.5,2023_S2,9,2025,28.08,34,23
430645,DOIS LAJEADOS,RS,30.67,2026,31.17,2025_S1,4,2025,27.53,33,24
220005,ACAUÃ,PI,30.67,2026,30.67,2026_S1,10,2025,19.63,31,14
431400,PARAÍ,RS,30.67,2025,31.0,2025_S2,7,2024,25.82,32,22
221160,VILA NOVA DO PIAUÍ,PI,30.67,2026,30.67,2026_S1,7,2024,18.98,31,10
431344,NOVO TIRADENTES,RS,30.67,2025,30.83,2025_S1,9,2023,25.12,32,16
170360,BRASILÂNDIA DO TOCANTINS,TO,30.67,2026,31.17,2025_S2,9,2023,24.2,32,18
220545,JOCA MARQUES,PI,30.67,2026,30.67,2026_S1,7,2021,22.2,33,15
412635,SERRANÓPOLIS DO IGUAÇU,PR,30.67,2025,30.83,2025_S2,5,2022,26.0,33,19
521690,PILAR DE GOIÁS,GO,30.58,2025,31.33,2025_S2,8,2024,17.8,33,2
170389,CARRASCO BONITO,TO,30.5,2025,31.0,2025_S2,9,2024,23.72,32,19
240510,JANDAÍRA,RN,30.44,2021,31.0,2021_S1,6,2025,28.6,31,24
260545,FERNANDO DE NORONHA,PE,30.42,2024,33.83,2024_S2,12,2024,21.3,37,11
420030,AGRONÔMICA,SC,30.33,2026,30.33,2026_S1,3,2023,25.12,31,19
421575,SÃO BERNARDINO,SC,30.33,2026,30.33,2026_S1,4,2024,25.75,31,22
430515,CERRO GRANDE,RS,30.33,2026,30.33,2026_S1,5,2024,24.92,31,21
170625,CRIXÁS DO TOCANTINS,TO,30.33,2026,30.33,2026_S1,5,2021,23.53,31,18
354720,SANTANA DA PONTE PENSA,SP,30.25,2025,31.83,2024_S2,13,2024,23.85,33,17
312550,SÃO GONÇALO DO RIO PRETO,MG,30.11,2021,30.33,2021_S2,9,2025,27.63,31,21
431342,NOVO MACHADO,RS,30.08,2024,30.67,2024_S2,4,2024,26.57,32,22
220935,SANTANA DO PIAUÍ,PI,30.0,2026,30.83,2025_S2,7,2024,19.97,32,12
311190,CANA VERDE,MG,30.0,2026,30.0,2026_S1,6,2024,21.05,31,16
350315,ARAPEÍ,SP,30.0,2022,31.5,2022_S2,20,2023,22.98,32,11
311787,CONFINS,MG,30.0,2026,30.17,2024_S2,7,2024,22.42,31,12
220860,PRATA DO PIAUÍ,PI,30.0,2026,30.0,2026_S1,12,2024,17.83,31,8
412135,RANCHO ALEGRE DOESTE,PR,30.0,2026,30.0,2026_S1,8,2024,21.52,31,15
351650,GABRIEL MONTEIRO,SP,30.0,2023,30.33,2023_S2,15,2024,25.92,33,18
314040,MARMELÓPOLIS,MG,29.92,2025,30.0,2025_S2,5,2021,27.0,31,22
421003,LUZERNA,SC,29.89,2021,32.33,2021_S1,6,2021,24.52,33,21
421180,OURO,SC,29.67,2021,30.33,2021_S1,6,2021,25.15,34,22
353325,NOVAIS,SP,29.67,2026,29.67,2026_S1,4,2025,25.75,30,23
521260,MAIRIPOTABA,GO,29.58,2025,30.33,2025_S2,6,2022,21.82,31,13
420760,IPIRA,SC,29.44,2021,29.5,2021_S2,3,2022,28.38,30,26
412610,SÃO TOMÉ,PR,29.42,2025,29.5,2025_S2,7,2024,22.13,30,13
251070,PASSAGEM,PB,29.33,2026,29.33,2026_S1,6,2024,19.77,30,13
160055,PRACUÚBA,AP,29.33,2026,29.33,2026_S1,7,2023,22.15,31,14
220990,SÃO JOÃO DA SERRA,PI,29.33,2026,30.17,2025_S2,5,2023,26.03,32,22
312170,DIOGO DE VASCONCELOS,MG,29.33,2026,29.33,2026_S1,7,2023,15.4,33,8
431845,SÃO JOSÉ DAS MISSÕES,RS,29.25,2025,29.83,2025_S2,3,2021,25.85,30,22
421265,PESCARIA BRAVA,SC,29.25,2025,30.0,2025_S1,14,2024,15.2,30,2
420445,CORONEL MARTINS,SC,29.08,2023,29.5,2023_S2,3,2023,27.97,31,26
411845,PATO BRAGADO,PR,29.08,2025,29.33,2025_S2,6,2024,24.78,31,20
316265,SÃO JOÃO DO PACUÍ,MG,29.08,2023,35.0,2024_S1,15,2024,25.88,36,20
120043,SANTA ROSA DO PURUS,AC,29.0,2026,29.0,2026_S1,11,2024,10.18,32,2
220527,JATOBÁ DO PIAUÍ,PI,29.0,2026,29.0,2026_S1,7,2024,18.23,32,12
521480,NOVA AURORA,GO,29.0,2026,29.33,2021_S1,4,2023,27.8,30,25
421590,SÃO BONIFÁCIO,SC,29.0,2025,29.5,2025_S2,6,2024,22.67,31,15
220665,MORRO CABEÇA NO TEMPO,PI,29.0,2026,29.0,2026_S1,6,2023,16.33,29,6
430495,CASEIROS,RS,28.83,2025,30.17,2025_S2,5,2025,25.92,31,22
351610,FLORÍNEA,SP,28.83,2024,29.67,2024_S2,6,2025,25.5,31,21
241490,VIÇOSA,RN,28.67,2026,28.67,2026_S1,8,2024,17.15,29,9
431403,PARECI NOVO,RS,28.67,2026,28.67,2026_S1,5,2022,22.03,30,14
411535,MARIPÁ,PR,28.67,2026,30.33,2025_S2,9,2025,19.68,31,13
410753,ENTRE RIOS DO OESTE,PR,28.67,2026,28.67,2026_S1,5,2023,23.08,30,20
431846,SÃO JOSÉ DO HERVAL,RS,28.67,2026,28.67,2026_S1,3,2023,24.65,29,21
353450,OSCAR BRESSANE,SP,28.67,2021,29.67,2022_S1,5,2022,25.12,31,18
171888,SANTA MARIA DO TOCANTINS,TO,28.5,2025,29.0,2025_S2,4,2024,23.55,30,19
313080,INGAÍ,MG,28.42,2025,28.67,2025_S2,7,2022,24.08,30,15
170510,CHAPADA DA NATIVIDADE,TO,28.42,2024,28.67,2024_S1,4,2021,26.65,30,24
430155,ÁUREA,RS,28.33,2026,29.0,2025_S2,4,2021,26.0,29,23
270090,BELO MONTE,AL,28.33,2026,28.33,2026_S1,9,2024,20.27,31,16
311590,CHÁCARA,MG,28.33,2025,29.0,2025_S2,6,2024,25.9,30,23
251465,SÃO JOSÉ DO BREJO DO CRUZ,PB,28.33,2026,28.33,2026_S1,13,2024,13.08,30,5
220551,JUAZEIRO DO PIAUÍ,PI,28.33,2026,28.33,2026_S1,7,2024,16.07,29,8
170600,COUTO MAGALHÃES,TO,28.25,2025,28.67,2025_S2,8,2024,19.33,30,11
420415,CELSO RAMOS,SC,28.22,2021,28.67,2022_S1,4,2022,26.07,30,22
290740,CATOLÂNDIA,BA,28.17,2024,28.83,2025_S1,5,2022,24.6,30,17
170410,CENTENÁRIO,TO,28.17,2025,28.33,2025_S2,4,2024,24.32,30,21
520420,CACHOEIRA DE GOIÁS,GO,28.17,2025,30.33,2025_S2,7,2025,19.45,31,12
430632,DERRUBADAS,RS,28.08,2024,29.0,2024_S2,5,2025,27.12,30,23
171110,ITAPORÃ DO TOCANTINS,TO,28.08,2025,28.17,2025_S1,4,2023,21.88,29,16
421140,NOVA ERECHIM,SC,28.0,2026,28.0,2026_S1,5,2025,24.75,29,22
350995,CANAS,SP,28.0,2026,28.83,2025_S2,6,2026,22.18,32,17
432065,SILVEIRA MARTINS,RS,27.75,2023,28.5,2023_S1,5,2023,25.07,30,19
311620,CHIADOR,MG,27.75,2025,28.33,2025_S2,8,2022,22.67,29,15
316225,SÃO JOÃO DA LAGOA,MG,27.67,2023,31.67,2024_S1,12,2024,24.08,33,17
431205,MARQUES DE SOUZA,RS,27.67,2026,27.67,2025_S2,5,2024,23.5,29,19
354515,SALTINHO,SP,27.67,2025,29.17,2025_S2,9,2025,19.2,31,10
521878,RIO QUENTE,GO,27.67,2026,27.67,2026_S1,10,2024,18.98,29,13
431213,MATO CASTELHANO,RS,27.58,2024,28.0,2022_S1,3,2022,26.73,29,24
521490,NOVA ROMA,GO,27.58,2025,30.33,2025_S2,7,2023,19.28,31,11
316230,SÃO JOÃO DA MATA,MG,27.5,2023,28.67,2023_S1,10,2023,23.02,30,18
410395,CAMPINA DO SIMÃO,PR,27.5,2025,27.67,2025_S2,5,2023,23.77,30,20
354110,PRESIDENTE ALVES,SP,27.42,2024,28.33,2024_S2,6,2024,23.78,30,19
510835,VALE DE SÃO DOMINGOS,MT,27.33,2025,29.17,2025_S1,22,2025,18.88,34,9
521973,SANTO ANTÔNIO DE GOIÁS,GO,27.33,2026,27.33,2026_S1,8,2025,20.63,28,16
240190,CAIÇARA DO RIO DO VENTO,RN,27.33,2026,27.33,2026_S1,10,2024,17.85,28,12
311470,CARVALHÓPOLIS,MG,27.33,2026,27.33,2025_S2,7,2023,19.37,28,12
410657,CRUZEIRO DO IGUAÇU,PR,27.33,2026,27.33,2026_S1,8,2023,17.78,28,9
421300,PINHEIRO PRETO,SC,27.33,2026,27.5,2025_S2,5,2025,21.52,29,18
350500,BARÃO DE ANTONINA,SP,27.33,2025,28.33,2025_S2,6,2025,23.92,30,20
350890,CAIABU,SP,27.25,2025,28.67,2025_S1,6,2024,25.05,29,22
351270,CORUMBATAÍ,SP,27.25,2025,27.67,2025_S1,5,2022,23.32,28,18
221150,VERA MENDES,PI,27.0,2026,27.0,2026_S1,12,2024,15.57,28,7
432370,VISTA GAÚCHA,RS,27.0,2026,27.0,2026_S1,2,2021,25.67,27,23
520680,DAMOLÂNDIA,GO,26.78,2021,27.17,2025_S2,10,2022,21.53,28,14
354440,RUBIÁCEA,SP,26.75,2024,28.83,2024_S2,9,2024,24.92,32,21
310130,ALAGOA,MG,26.67,2026,27.0,2025_S1,6,2023,21.65,28,16
220415,FRANCISCO MACEDO,PI,26.67,2026,26.67,2026_S1,6,2024,16.23,28,11
421490,RIO FORTUNA,SC,26.5,2025,26.5,2025_S1,3,2024,24.23,28,22
521205,JESÚPOLIS,GO,26.5,2025,26.67,2025_S2,8,2023,17.05,28,7
420315,CALMON,SC,26.42,2025,29.33,2025_S2,9,2025,23.58,31,19
314960,PEQUI,MG,26.42,2025,27.17,2025_S1,6,2024,21.57,28,17
521340,MOIPORÁ,GO,26.42,2025,26.83,2025_S2,6,2023,20.45,28,14
251740,ZABELÊ,PB,26.33,2026,26.33,2026_S1,13,2025,13.98,29,8
314490,NOVA MÓDICA,MG,26.33,2021,28.33,2021_S1,5,2021,21.27,29,18
431057,ITAPUCA,RS,26.33,2026,26.5,2025_S2,4,2025,21.02,28,17
521920,SANTA CRUZ DE GOIÁS,GO,26.33,2024,26.67,2024_S2,3,2023,24.2,28,22
251335,SANTA INÊS,PB,26.33,2026,27.17,2025_S2,7,2023,18.43,28,9
316820,TAPIRAÍ,MG,26.33,2026,27.83,2025_S2,6,2025,23.47,29,19
352885,MARAPOAMA,SP,26.33,2026,26.33,2026_S1,6,2023,23.95,28,21
431675,SANTA CLARA DO SUL,RS,26.33,2026,26.5,2025_S2,3,2022,22.42,28,18
251394,SÃO DOMINGOS DO CARIRI,PB,26.33,2026,26.33,2026_S1,8,2023,16.95,27,8
420180,ATALANTA,SC,26.17,2024,27.0,2024_S2,4,2021,22.73,28,16
510740,SÃO PEDRO DA CIPA,MT,26.17,2025,26.17,2025_S1,8,2024,18.25,28,11
172130,TUPIRATINS,TO,26.08,2025,26.83,2025_S2,7,2022,20.32,29,13
411740,OURIZONA,PR,26.0,2026,26.0,2026_S1,11,2024,20.03,27,14
352725,LOURDES,SP,26.0,2024,26.67,2024_S2,3,2022,22.67,27,16
350745,BOREBI,SP,25.92,2025,26.0,2025_S2,7,2023,18.18,27,10
351330,CRUZÁLIA,SP,25.92,2023,27.0,2023_S2,20,2024,21.18,28,7
220207,CAJAZEIRAS DO PIAUÍ,PI,25.92,2025,26.67,2025_S2,7,2024,18.0,27,12
431112,JAQUIRANA,RS,25.92,2024,26.33,2024_S2,6,2025,22.42,28,15
270740,PORTO DE PEDRAS,AL,25.83,2024,28.17,2024_S1,18,2024,22.93,33,14
421535,SALTINHO,SC,25.67,2026,26.17,2025_S2,4,2022,21.97,27,17
241430,TIMBAÚBA DOS BATISTAS,RN,25.67,2026,25.67,2026_S1,5,2023,21.03,26,17
240390,FRANCISCO DANTAS,RN,25.67,2026,25.67,2026_S1,5,2023,17.6,26,11
430597,COXILHA,RS,25.67,2023,26.83,2023_S2,5,2024,24.4,28,21
314660,PAIVA,MG,25.5,2025,26.67,2025_S2,8,2023,19.13,27,11
210730,NOVA IORQUE,MA,25.42,2025,26.0,2025_S2,5,2024,19.18,27,13
312340,DORESÓPOLIS,MG,25.33,2026,25.33,2026_S1,5,2025,18.22,26,15
412420,SANTO ANTÔNIO DO CAIUÁ,PR,25.33,2026,25.33,2026_S1,12,2024,17.78,26,8
313500,JAGUARAÇU,MG,25.33,2026,25.33,2026_S1,3,2022,19.82,27,15
314950,PEQUERI,MG,25.33,2026,25.33,2026_S1,7,2021,19.67,28,15
312990,IBITIÚRA DE MINAS,MG,25.33,2026,25.33,2026_S1,8,2022,21.85,26,17
312640,FORTUNA DE MINAS,MG,25.33,2026,25.33,2026_S1,8,2024,16.68,26,9
522026,SÃO MIGUEL DO PASSA QUATRO,GO,25.08,2025,25.67,2025_S2,4,2021,19.87,27,14
412430,SANTO ANTÔNIO DO PARAÍSO,PR,25.08,2023,25.67,2023_S2,7,2024,23.22,27,19
421260,PERITIBA,SC,25.08,2025,26.0,2025_S2,4,2023,20.05,27,15
522180,URUTAÍ,GO,25.0,2026,25.0,2026_S1,7,2025,16.78,27,11
171900,SANTA TEREZA DO TOCANTINS,TO,25.0,2026,25.67,2025_S2,8,2025,20.38,27,14
431142,LAJEADO DO BUGRE,RS,25.0,2026,25.83,2025_S2,7,2024,19.52,26,14
432085,TABAÍ,RS,25.0,2026,25.0,2026_S1,11,2022,16.88,27,5
312000,CÓRREGO NOVO,MG,25.0,2025,26.0,2025_S2,4,2023,18.97,27,14
220590,MANOEL EMÍDIO,PI,25.0,2026,25.0,2025_S2,5,2023,17.9,25,12
420980,LEOBERTO LEAL,SC,25.0,2026,25.17,2025_S2,5,2025,22.78,26,19
431065,ITATI,RS,25.0,2026,25.0,2026_S1,6,2023,13.9,26,7
410810,FLÓRIDA,PR,25.0,2026,25.17,2025_S2,7,2024,19.63,27,13
171200,LAJEADO,TO,25.0,2026,26.33,2025_S2,9,2024,18.9,29,12
430955,HARMONIA,RS,24.92,2025,25.67,2025_S1,6,2023,19.35,26,13
411573,MATO RICO,PR,24.92,2025,25.83,2025_S2,6,2024,18.53,27,13
430165,BARÃO,RS,24.83,2025,25.67,2025_S1,6,2024,21.22,26,19
250205,BERNARDINO BATISTA,PB,24.75,2025,26.0,2025_S1,6,2025,21.5,27,17
353205,MOTUCA,SP,24.67,2026,24.67,2026_S1,5,2023,16.65,27,12
411925,PINHAL DE SÃO BENTO,PR,24.67,2026,24.67,2026_S1,8,2024,16.92,26,6
316640,SERITINGA,MG,24.67,2026,24.67,2026_S1,9,2024,17.23,26,13
220735,PAJEÚ DO PIAUÍ,PI,24.67,2026,25.67,2025_S2,9,2025,10.58,27,0
220410,FRANCISCO AYRES,PI,24.67,2025,25.17,2025_S2,3,2021,22.43,26,19
351385,DIRCE REIS,SP,24.58,2025,24.67,2025_S2,4,2022,19.85,26,14
250135,ASSUNÇÃO,PB,24.5,2025,24.67,2025_S2,6,2024,17.6,25,10
412863,DOUTOR ULYSSES,PR,24.33,2026,24.33,2026_S1,10,2025,10.52,26,5
510779,SANTO ANTÔNIO DO LESTE,MT,24.33,2024,24.67,2024_S2,4,2022,22.95,25,18
210180,BENEDITO LEITE,MA,24.08,2025,24.83,2025_S1,6,2023,19.93,25,15
432218,TUPANCI DO SUL,RS,24.08,2024,24.67,2024_S2,3,2024,21.45,25,19
250620,FREI MARTINHO,PB,24.08,2025,25.0,2024_S2,5,2024,20.65,26,15
220793,PEDRO LAURENTINO,PI,24.0,2026,24.83,2025_S2,9,2024,12.05,26,4
210545,JATOBÁ,MA,24.0,2024,25.67,2024_S2,8,2024,19.83,29,13
251675,TENÓRIO,PB,24.0,2026,24.0,2026_S1,8,2025,13.4,25,6
411160,IVATUBA,PR,24.0,2025,24.5,2025_S2,6,2024,17.33,26,10
310070,ÁGUA COMPRIDA,MG,24.0,2026,24.0,2025_S2,9,2025,15.43,25,8
353657,PAULISTÂNIA,SP,24.0,2025,24.0,2025_S1,6,2023,21.07,25,17
210193,BERNARDO DO MEARIM,MA,24.0,2026,24.0,2026_S1,9,2025,10.37,24,3
522028,SÃO PATRÍCIO,GO,23.92,2024,24.33,2024_S1,8,2022,19.43,26,11
521645,PEROLÂNDIA,GO,23.83,2025,26.0,2025_S1,7,2025,21.57,27,19
420215,BELMONTE,SC,23.75,2024,24.0,2021_S1,3,2021,23.05,25,21
421185,OURO VERDE,SC,23.75,2025,24.0,2025_S1,7,2023,17.75,25,11
431643,SALDANHA MARINHO,RS,23.75,2025,24.5,2025_S2,3,2023,20.27,25,17
172097,TALISMÃ,TO,23.67,2026,23.67,2026_S1,8,2024,13.73,25,8
211167,SÃO ROBERTO,MA,23.67,2025,25.33,2025_S2,7,2024,14.68,26,9
432350,VISTA ALEGRE,RS,23.58,2023,24.5,2023_S1,4,2024,20.23,25,14
172093,TAIPAS DO TOCANTINS,TO,23.58,2025,23.83,2025_S1,7,2023,18.03,25,12
431300,NOVA BRÉSCIA,RS,23.5,2025,24.33,2025_S1,5,2022,20.8,26,16
354925,SÃO JOÃO DE IRACEMA,SP,23.42,2025,23.5,2025_S2,6,2023,16.7,25,7
431505,PORTO MAUÁ,RS,23.42,2024,24.0,2024_S1,5,2021,20.28,25,14
421055,MAREMA,SC,23.33,2026,23.33,2026_S1,8,2025,15.37,25,11
351492,ELISIÁRIO,SP,23.33,2026,23.33,2026_S1,3,2022,19.05,24,15
352790,LUTÉCIA,SP,23.25,2025,24.0,2025_S2,6,2024,19.42,25,17
431333,NOVA RAMADA,RS,23.25,2024,23.5,2024_S2,4,2025,22.0,24,19
431215,MATO LEITÃO,RS,23.17,2024,24.0,2023_S2,6,2025,21.33,25,17
150125,BANNACH,PA,23.17,2025,23.67,2025_S2,4,2023,20.7,24,17
251455,SÃO JOSÉ DE PRINCESA,PB,23.0,2026,23.0,2026_S1,9,2024,10.48,24,2
251274,RIACHÃO,PB,23.0,2026,23.0,2026_S1,5,2023,19.68,24,15
421710,SÃO MARTINHO,SC,22.92,2023,24.5,2023_S2,7,2024,20.95,26,18
355520,TURIÚBA,SP,22.75,2025,23.0,2024_S2,4,2024,21.17,24,18
431113,JARI,RS,22.67,2021,23.33,2021_S1,6,2024,21.38,24,17
521600,PANAMÁ,GO,22.67,2026,23.33,2025_S2,8,2025,14.05,24,10
220080,ANTÔNIO ALMEIDA,PI,22.67,2026,22.67,2026_S1,4,2024,14.67,23,11
250590,EMAS,PB,22.67,2026,23.0,2025_S2,6,2023,17.25,24,11
520945,GUARINOS,GO,22.67,2026,22.67,2026_S1,10,2024,14.3,23,8
421205,PALMEIRA,SC,22.67,2026,23.67,2025_S2,6,2025,18.48,24,13
431087,JACUIZINHO,RS,22.67,2026,22.83,2025_S2,4,2023,15.88,24,8
171180,JUARINA,TO,22.58,2025,23.0,2025_S2,5,2023,16.0,23,9
431531,QUATRO IRMÃOS,RS,22.42,2023,23.0,2023_S2,5,2024,20.28,24,16
314540,OLARIA,MG,22.42,2025,23.67,2025_S1,7,2024,16.0,25,9
430461,CANUDOS DO VALE,RS,22.33,2026,22.33,2026_S1,4,2024,17.0,23,14
421240,PEDRAS GRANDES,SC,22.33,2025,22.67,2025_S1,6,2023,17.73,24,13
521945,SANTA RITA DO NOVO DESTINO,GO,22.33,2026,22.33,2026_S1,7,2023,16.6,24,12
420515,DOUTOR PEDRINHO,SC,22.25,2025,22.67,2025_S2,5,2024,17.68,24,14
310320,ARAÇAÍ,MG,22.0,2026,22.0,2026_S1,5,2024,13.48,23,8
353380,ÓLEO,SP,22.0,2026,22.0,2025_S2,5,2024,16.23,23,12
421985,ZORTÉA,SC,22.0,2026,22.0,2026_S1,5,2025,14.32,22,11
431261,MUITOS CAPÕES,RS,21.75,2024,22.5,2024_S2,5,2022,17.23,24,11
420917,JUPIÁ,SC,21.67,2026,22.33,2025_S2,4,2023,18.22,23,14
172015,SÃO FÉLIX DO TOCANTINS,TO,21.67,2025,21.67,2025_S1,5,2023,18.05,23,14
412020,PORTO RICO,PR,21.67,2026,21.83,2025_S1,9,2021,18.48,24,14
421755,SERRA ALTA,SC,21.67,2026,21.67,2026_S1,5,2025,18.15,22,15
410270,BARRA DO JACARÉ,PR,21.58,2024,22.33,2021_S1,5,2025,20.7,23,18
430745,ESPERANÇA DO SUL,RS,21.44,2021,23.0,2021_S1,5,2022,17.65,23,13
431595,ROLADOR,RS,21.33,2026,21.33,2026_S1,5,2025,17.27,22,13
172085,SUCUPIRA,TO,21.33,2025,22.67,2025_S1,4,2023,17.87,24,13
240615,JUNDIÁ,RN,21.33,2026,22.5,2025_S2,7,2024,15.0,24,9
171720,PIRAQUÊ,TO,21.33,2026,21.33,2026_S1,7,2025,12.95,22,9
221037,SÃO LUIS DO PIAUÍ,PI,21.33,2026,21.33,2026_S1,9,2024,13.95,22,8
240960,PEDRA PRETA,RN,21.33,2026,21.5,2023_S2,4,2023,19.63,23,16
110090,CASTANHEIRAS,RO,21.17,2022,21.5,2022_S2,5,2024,19.12,23,15
420510,DONA EMMA,SC,21.17,2022,21.33,2022_S1,4,2023,20.35,22,18
350335,ARCO-ÍRIS,SP,21.17,2025,21.67,2025_S2,6,2023,15.93,23,10
310610,BELMIRO BRAGA,MG,21.11,2021,21.67,2022_S1,8,2024,18.85,23,14
412040,PRESIDENTE CASTELO BRANCO,PR,21.0,2024,24.33,2025_S1,11,2025,18.4,26,14
431513,POUSO NOVO,RS,21.0,2026,21.0,2026_S1,3,2024,19.52,21,18
220779,PAU DARCO DO PIAUÍ,PI,21.0,2026,21.0,2026_S1,9,2024,6.23,23,0
432132,TAQUARUÇU DO SUL,RS,21.0,2021,21.0,2021_S1,5,2025,19.23,22,13
251710,VÁRZEA,PB,21.0,2025,21.33,2025_S1,3,2022,16.8,22,12
312735,GLAUCILÂNDIA,MG,21.0,2026,21.0,2026_S1,4,2022,17.52,22,13
431535,QUINZE DE NOVEMBRO,RS,20.92,2024,21.0,2024_S2,4,2025,17.83,22,14
420253,BOM JESUS,SC,20.92,2025,22.0,2025_S2,6,2022,19.43,23,16
310310,ANTÔNIO PRADO DE MINAS,MG,20.83,2025,21.33,2025_S2,8,2023,14.45,23,7
412360,SANTA INÊS,PR,20.78,2021,21.0,2021_S1,4,2022,19.28,21,17
355715,ZACARIAS,SP,20.58,2025,21.83,2025_S2,4,2022,15.05,22,11
430107,ARROIO DO PADRE,RS,20.5,2024,22.0,2025_S1,6,2023,17.0,23,12
421625,SÃO JOÃO DO OESTE,SC,20.5,2023,20.83,2023_S1,3,2021,19.55,21,16
270700,PINDOBA,AL,20.44,2021,20.67,2021_S1,6,2024,16.95,21,9
432237,UNISTALDA,RS,20.42,2024,20.67,2024_S2,5,2025,17.3,21,15
316730,SILVEIRÂNIA,MG,20.33,2025,20.5,2025_S1,5,2024,16.97,23,13
312460,ESTRELA DALVA,MG,20.33,2025,20.83,2024_S2,4,2024,17.48,22,13
432183,TRÊS FORQUILHAS,RS,20.33,2025,21.0,2025_S2,8,2023,15.1,23,8
170025,ABREULÂNDIA,TO,20.33,2026,20.33,2026_S1,4,2025,16.18,21,14
355695,VITÓRIA BRASIL,SP,20.25,2025,20.33,2025_S2,8,2024,16.22,22,12
431650,SALVADOR DO SUL,RS,20.25,2023,22.67,2021_S1,7,2021,18.95,23,15
431775,SANTO ANTÔNIO DO PLANALTO,RS,20.11,2021,20.17,2021_S2,4,2026,19.07,21,15
430205,BENJAMIN CONSTANT DO SUL,RS,20.08,2024,20.33,2024_S1,3,2022,19.62,21,18
430355,CAMARGO,RS,20.08,2025,20.17,2025_S1,3,2022,18.37,21,16
520929,GUARAÍTA,GO,20.0,2025,20.5,2025_S2,5,2024,16.58,21,11
520393,BURITI DE GOIÁS,GO,20.0,2026,20.5,2025_S2,4,2023,15.78,21,11
510183,BOA ESPERANÇA DO NORTE,MT,20.0,2025,20.0,2025_S2,2,2026,19.4,20,18
351530,ESTRELA DO NORTE,SP,20.0,2026,20.67,2025_S2,5,2023,16.03,22,12
351495,EMBAÚBA,SP,20.0,2024,20.5,2023_S2,4,2023,17.73,21,14
420285,BRAÇO DO TROMBUDO,SC,19.92,2024,20.67,2024_S2,3,2021,18.48,21,13
421415,PRINCESA,SC,19.92,2024,20.5,2024_S1,3,2024,18.53,22,16
421775,SUL BRASIL,SC,19.92,2025,20.0,2025_S1,2,2022,18.73,21,17
522070,SÍTIO DABADIA,GO,19.75,2025,20.17,2024_S2,4,2022,15.97,23,8
510776,SANTA RITA DO TRIVELATO,MT,19.67,2026,19.67,2026_S1,5,2025,14.33,21,9
312280,DOM VIÇOSO,MG,19.67,2026,19.67,2025_S2,4,2025,16.57,21,13
316090,SÃO BRÁS DO SUAÇUÍ,MG,19.67,2021,21.0,2021_S1,5,2025,18.45,21,15
431442,PICADA CAFÉ,RS,19.67,2026,20.33,2025_S2,5,2025,15.98,22,12
420785,IRATI,SC,19.67,2024,20.5,2024_S2,5,2025,16.85,21,13
431280,NOVA ARAÇÁ,RS,19.67,2026,20.17,2025_S2,4,2024,16.72,21,14
521225,LAGOA SANTA,GO,19.67,2021,21.0,2021_S1,4,2022,13.95,21,10
250530,CURRAL VELHO,PB,19.67,2026,19.67,2026_S1,6,2023,10.3,21,2
431200,MARIANO MORO,RS,19.58,2025,20.0,2025_S2,3,2021,18.18,21,16
421730,SAUDADES,SC,19.56,2021,20.33,2021_S1,3,2022,17.53,21,14
430465,CAPÃO DO CIPÓ,RS,19.5,2025,20.17,2025_S1,4,2022,16.88,21,13
351685,GAVIÃO PEIXOTO,SP,19.5,2025,20.83,2025_S1,6,2024,13.38,22,7
311500,CASCALHO RICO,MG,19.5,2025,20.67,2025_S1,5,2025,16.8,22,12
315213,PONTO CHIQUE,MG,19.42,2025,19.67,2025_S2,3,2021,17.12,20,15
352750,LUCIANÓPOLIS,SP,19.42,2025,20.17,2025_S2,3,2021,16.5,21,13
521290,MARZAGÃO,GO,19.33,2025,19.5,2025_S2,2,2021,18.23,20,16
314570,OLIVEIRA FORTES,MG,19.33,2026,19.33,2026_S1,4,2025,15.33,20,13
522157,UIRAPURU,GO,19.33,2026,19.33,2026_S1,4,2022,11.48,21,3
421885,UNIÃO DO OESTE,SC,19.33,2026,19.33,2026_S1,5,2022,16.67,20,14
510120,ARAGUAINHA,MT,19.33,2023,19.83,2024_S1,14,2024,15.62,22,8
316050,SANTO ANTÔNIO DO RIO ABAIXO,MG,19.17,2024,19.5,2024_S1,4,2022,17.15,22,13
431937,SÃO PEDRO DO BUTIÁ,RS,19.17,2025,19.33,2025_S2,3,2022,16.95,20,14
250933,MATINHAS,PB,19.08,2025,20.0,2025_S2,6,2024,11.22,21,4
431237,MONTE ALEGRE DOS CAMPOS,RS,19.0,2026,19.33,2025_S2,8,2023,14.05,20,7
355365,TAQUARAL,SP,19.0,2026,19.0,2025_S2,5,2023,15.85,19,12
220225,CANAVIEIRA,PI,19.0,2026,19.0,2026_S1,8,2023,9.68,20,1
220710,OLHO DÁGUA DO PIAUÍ,PI,19.0,2026,19.0,2026_S1,6,2025,9.77,20,4
316750,SIMÃO PEREIRA,MG,18.67,2026,18.67,2026_S1,8,2024,14.4,19,10
410302,BOA ESPERANÇA DO IGUAÇU,PR,18.67,2026,18.67,2026_S1,4,2025,15.37,19,13
430223,BOA VISTA DO INCRA,RS,18.67,2026,18.67,2026_S1,6,2023,14.05,20,8
521950,SANTA ROSA DE GOIÁS,GO,18.67,2026,18.67,2026_S1,5,2021,12.98,19,4
432320,VICTOR GRAEFF,RS,18.58,2024,18.67,2024_S2,4,2023,17.0,19,14
421410,PRESIDENTE NEREU,SC,18.5,2025,19.33,2025_S1,4,2024,17.87,20,16
430655,DOM PEDRO DE ALCÂNTARA,RS,18.5,2025,19.67,2025_S2,9,2023,11.38,21,1
220385,FLORESTA DO PIAUÍ,PI,18.5,2025,18.83,2025_S2,4,2023,15.8,19,13
312790,GRUPIARA,MG,18.42,2025,20.0,2025_S1,5,2025,16.27,21,14
220535,JOÃO COSTA,PI,18.33,2026,18.33,2026_S1,12,2025,7.05,20,4
411590,MIRADOR,PR,18.33,2026,18.33,2025_S1,6,2024,12.52,19,7
420517,ENTRE RIOS,SC,18.33,2026,19.17,2025_S2,7,2025,10.82,20,6
220558,LAGOA DO PIAUÍ,PI,18.33,2026,18.33,2026_S1,6,2025,8.6,22,3
311850,CONSOLAÇÃO,MG,18.33,2026,18.33,2026_S1,4,2025,12.97,20,9
421020,MAJOR GERCINO,SC,18.33,2026,18.33,2021_S2,3,2021,17.45,20,16
412085,QUATRO PONTES,PR,18.33,2026,19.0,2024_S2,3,2024,16.03,19,13
420208,BANDEIRANTE,SC,18.25,2025,18.5,2025_S2,3,2023,16.87,20,14
420055,ÁGUAS FRIAS,SC,18.17,2025,18.67,2025_S1,5,2026,16.95,19,12
270620,PALESTINA,AL,18.17,2024,19.83,2024_S1,8,2024,16.77,23,13
421430,RANCHO QUEIMADO,SC,18.08,2025,18.17,2024_S2,5,2024,14.72,19,11
355530,TURMALINA,SP,18.0,2026,18.0,2025_S1,4,2024,14.42,19,10
420435,CORDILHEIRA ALTA,SC,18.0,2026,18.0,2026_S1,7,2025,12.63,20,10
240480,IPUEIRA,RN,17.92,2024,18.0,2024_S2,4,2023,15.65,19,13
510530,LUCIARA,MT,17.83,2025,18.0,2024_S2,4,2022,15.72,19,12
251396,SÃO DOMINGOS,PB,17.67,2026,17.67,2026_S1,5,2024,10.43,18,7
350720,BORÁ,SP,17.67,2026,17.67,2026_S1,17,2025,10.64,20,3
411830,PARANAPOEMA,PR,17.67,2025,18.0,2025_S1,4,2021,14.3,19,9
432254,VALE REAL,RS,17.67,2026,18.0,2025_S2,3,2022,15.38,19,11
430583,COQUEIRO BAIXO,RS,17.5,2025,18.17,2025_S1,4,2024,15.17,19,13
430469,CAPITÃO,RS,17.42,2025,17.67,2025_S2,2,2022,15.5,18,14
350620,BENTO DE ABREU,SP,17.33,2026,17.67,2025_S2,4,2025,15.23,19,13
316580,SENADOR JOSÉ BENTO,MG,17.33,2023,18.0,2025_S2,3,2023,16.53,19,14
171270,MATEIROS,TO,17.33,2026,17.33,2026_S1,9,2026,10.75,23,7
431413,PAULO BENTO,RS,17.33,2026,17.33,2026_S1,2,2021,13.17,18,12
250375,CAJAZEIRINHAS,PB,17.33,2025,17.67,2025_S1,8,2024,12.07,19,6
430237,BOM PROGRESSO,RS,17.33,2021,18.67,2021_S1,4,2021,16.02,19,14
311970,CORONEL XAVIER CHAVES,MG,17.33,2025,18.0,2025_S1,3,2021,15.13,18,12
432023,SEDE NOVA,RS,17.25,2024,17.83,2024_S2,5,2023,14.75,19,12
431805,SÃO DOMINGOS DO SUL,RS,17.22,2021,17.67,2021_S1,2,2022,15.68,18,13
316310,SÃO JOSÉ DA VARGINHA,MG,17.17,2025,17.67,2025_S1,6,2024,15.02,19,13
350395,ASPÁSIA,SP,17.11,2021,18.0,2021_S1,4,2022,15.35,18,12
430537,CHARRUA,RS,17.08,2025,17.83,2025_S2,4,2024,12.15,18,8
220325,CURRALINHOS,PI,17.0,2026,18.0,2025_S2,6,2023,11.1,19,6
421555,SANTA HELENA,SC,17.0,2024,17.33,2024_S1,5,2023,15.45,18,12
354085,PRACINHA,SP,17.0,2026,17.0,2023_S2,3,2022,15.2,18,12
311380,CARMÉSIA,MG,17.0,2026,17.0,2026_S1,9,2024,9.8,17,4
240920,PASSAGEM,RN,16.83,2025,18.0,2025_S1,7,2024,13.0,18,10
431973,SÃO VALÉRIO DO SUL,RS,16.75,2023,17.5,2022_S2,5,2022,16.08,19,14
430055,ALTO ALEGRE,RS,16.67,2025,17.0,2025_S2,3,2024,13.6,17,10
316905,TOCOS DO MOJI,MG,16.67,2026,16.67,2026_S1,4,2022,12.68,18,8
410752,ESPERANÇA NOVA,PR,16.58,2023,16.67,2023_S2,4,2024,14.85,18,13
432225,TUPANDI,RS,16.58,2025,17.83,2025_S2,4,2021,14.03,19,9
420535,FLOR DO SERTÃO,SC,16.44,2021,17.0,2021_S1,3,2021,13.33,17,11
317220,WENCESLAU BRAZ,MG,16.42,2025,17.17,2025_S2,3,2023,13.4,18,11
240410,GALINHOS,RN,16.42,2025,17.33,2025_S2,5,2025,11.15,19,7
311690,COMENDADOR GOMES,MG,16.33,2026,17.0,2025_S2,4,2022,13.57,18,10
110146,PIMENTEIRAS DO OESTE,RO,16.33,2026,16.33,2026_S1,5,2024,12.23,17,9
354165,QUADRA,SP,16.33,2026,16.33,2026_S1,6,2022,10.47,18,7
420419,CHAPADÃO DO LAGEADO,SC,16.33,2026,16.33,2026_S1,4,2025,11.85,17,8
420757,IOMERÊ,SC,16.33,2023,17.0,2023_S2,3,2021,15.57,17,11
431267,NICOLAU VERGUEIRO,RS,16.17,2023,16.83,2023_S2,3,2023,15.37,18,13
430642,DOIS IRMÃOS DAS MISSÕES,RS,16.17,2022,17.0,2022_S2,4,2025,15.43,19,14
110155,TEIXEIRÓPOLIS,RO,16.17,2024,16.5,2024_S2,5,2023,12.65,17,8
420895,JARDINÓPOLIS,SC,16.17,2025,16.17,2025_S1,5,2024,11.37,17,6
421085,MIRIM DOCE,SC,16.11,2021,17.67,2021_S1,3,2021,15.25,18,13
355590,URU,SP,16.08,2025,16.17,2025_S1,3,2024,12.45,17,9
430511,CENTENÁRIO,RS,16.0,2021,16.0,2021_S1,1,2022,13.77,16,11
220915,SANTA CRUZ DOS MILAGRES,PI,16.0,2026,16.33,2025_S2,5,2024,11.82,17,8
520082,AMARALINA,GO,16.0,2025,17.5,2025_S2,4,2025,12.98,18,11
521160,IVOLÂNDIA,GO,15.92,2025,18.33,2025_S2,6,2025,12.18,19,9
421165,NOVO HORIZONTE,SC,15.83,2025,16.33,2025_S2,3,2026,13.47,17,10
432146,TIO HUGO,RS,15.75,2024,16.33,2024_S1,2,2022,14.32,17,12
316556,SEM-PEIXE,MG,15.67,2025,16.33,2025_S1,4,2024,12.93,17,9
520570,CÓRREGO DO OURO,GO,15.67,2025,15.83,2024_S2,4,2023,12.45,17,8
431697,SANTA MARGARIDA DO SUL,RS,15.67,2026,15.67,2026_S1,5,2025,5.93,19,0
431647,SALVADOR DAS MISSÕES,RS,15.67,2025,15.67,2025_S1,4,2023,12.25,17,7
220975,SÃO GONÇALO DO GURGUÉIA,PI,15.58,2025,15.67,2025_S2,4,2021,12.62,17,9
521487,NOVA IGUAÇU DE GOIÁS,GO,15.58,2025,16.33,2025_S2,5,2023,12.93,17,10
311310,CARANAÍBA,MG,15.5,2023,16.0,2023_S2,4,2024,14.48,17,12
412830,UNIFLOR,PR,15.42,2024,15.5,2024_S2,3,2022,13.42,17,10
521015,IPIRANGA DE GOIÁS,GO,15.33,2026,15.83,2025_S2,7,2023,11.32,17,7
431555,RIO DOS ÍNDIOS,RS,15.33,2024,15.67,2023_S2,3,2021,13.37,17,9
420920,LACERDÓPOLIS,SC,15.33,2026,15.33,2025_S2,2,2021,14.62,16,13
432163,TRÊS ARROIOS,RS,15.25,2025,16.0,2025_S2,3,2026,12.6,16,10
354625,SANTA CRUZ DA ESPERANÇA,SP,15.25,2024,15.67,2024_S2,6,2023,12.13,18,8
420675,IBIAM,SC,15.25,2024,15.83,2024_S1,3,2023,13.28,16,11
520690,DAVINÓPOLIS,GO,15.17,2024,16.83,2024_S2,6,2024,12.32,18,9
352200,ITAJU,SP,15.17,2024,15.33,2024_S1,4,2021,13.75,16,10
431695,SANTA MARIA DO HERVAL,RS,15.11,2021,16.0,2021_S1,5,2022,12.27,16,10
251365,JOCA CLAUDINO,PB,15.0,2026,15.0,2026_S1,4,2021,9.58,15,6
421125,MORRO GRANDE,SC,15.0,2025,16.0,2024_S2,4,2024,12.35,16,9
430595,COTIPORÃ,RS,15.0,2024,15.67,2024_S2,2,2021,14.18,16,13
510729,SÃO JOSÉ DO POVO,MT,15.0,2021,20.0,2021_S1,14,2021,8.15,22,5
315860,SANTANA DO DESERTO,MG,14.92,2025,15.5,2025_S2,3,2025,9.95,16,5
421390,PRESIDENTE CASTELLO BRANCO,SC,14.75,2025,15.17,2025_S2,5,2023,12.22,17,9
250485,COXIXOLA,PB,14.67,2026,14.67,2026_S1,5,2025,7.88,16,2
351512,EMILIANÓPOLIS,SP,14.67,2026,14.67,2026_S1,4,2025,11.12,16,9
420165,ARVOREDO,SC,14.67,2026,14.67,2023_S1,5,2022,13.03,15,9
352965,MESÓPOLIS,SP,14.67,2025,15.17,2025_S2,4,2023,11.35,16,8
430215,BOA VISTA DAS MISSÕES,RS,14.67,2025,15.17,2024_S2,4,2024,11.98,16,9
430195,BARRA FUNDA,RS,14.58,2024,15.0,2023_S2,3,2023,13.3,16,11
421795,TIGRINHOS,SC,14.58,2025,14.83,2024_S2,2,2022,13.67,16,12
350910,CAIUÁ,SP,14.56,2021,16.33,2024_S1,13,2024,12.1,18,5
431262,MULITERNO,RS,14.56,2021,14.67,2021_S1,3,2025,12.35,15,11
431417,PEDRAS ALTAS,RS,14.25,2024,14.5,2024_S1,4,2023,12.55,17,11
520120,ANHANGUERA,GO,14.0,2026,14.5,2024_S2,5,2024,9.48,15,4
250115,AREIA DE BARAÚNAS,PB,14.0,2026,14.0,2026_S1,5,2025,6.85,14,3
431247,MORRO REUTER,RS,14.0,2024,14.67,2024_S2,5,2022,10.62,15,6
171550,OLIVEIRA DE FÁTIMA,TO,14.0,2026,14.17,2025_S2,4,2025,10.88,16,8
354470,SAGRES,SP,14.0,2021,15.0,2021_S1,5,2023,12.28,17,8
210087,ARAGUANÃ,MA,13.92,2025,14.5,2025_S2,6,2025,7.6,16,1
350470,BALBINOS,SP,13.75,2025,14.17,2025_S1,3,2021,12.62,15,10
171889,SANTA RITA DO TOCANTINS,TO,13.67,2026,13.67,2025_S2,5,2025,8.63,15,5
431179,MARATÁ,RS,13.67,2024,13.83,2024_S2,5,2023,12.17,15,10
431173,MAMPITUBA,RS,13.58,2025,14.17,2024_S2,7,2024,8.07,16,1
312350,DOURADOQUARA,MG,13.58,2025,14.17,2025_S2,4,2022,10.13,15,5
312060,CRUCILÂNDIA,MG,13.5,2022,13.67,2022_S1,3,2023,12.83,14,11
431936,SÃO PEDRO DAS MISSÕES,RS,13.33,2026,14.17,2025_S2,6,2025,5.93,15,2
420945,LAJEADO GRANDE,SC,13.33,2026,13.33,2026_S1,4,2025,8.87,14,7
430585,COQUEIROS DO SUL,RS,13.33,2026,13.33,2026_S1,3,2021,10.15,14,4
220554,LAGOINHA DO PIAUÍ,PI,13.33,2026,13.33,2026_S1,6,2024,7.45,14,3
251385,SANTO ANDRÉ,PB,13.33,2026,13.33,2026_S1,4,2023,6.08,14,1
431844,SÃO JORGE,RS,13.08,2023,13.83,2023_S2,3,2023,12.45,14,11
430825,FLORIANO PEIXOTO,RS,13.0,2026,13.0,2025_S2,5,2024,10.18,13,7
170980,IPUEIRAS,TO,13.0,2026,13.17,2025_S2,2,2021,10.98,14,9
432330,VILA FLORES,RS,13.0,2025,13.33,2024_S2,3,2022,11.83,14,9
432255,VANINI,RS,13.0,2026,13.0,2026_S1,1,2021,10.77,13,10
412555,SÃO MANOEL DO PARANÁ,PR,13.0,2026,13.0,2026_S1,2,2024,8.25,14,6
250073,AMPARO,PB,13.0,2026,13.0,2026_S1,5,2024,8.52,13,4
420209,BARRA BONITA,SC,12.75,2024,14.0,2024_S1,4,2023,11.8,14,7
355570,UNIÃO PAULISTA,SP,12.67,2021,13.0,2021_S1,8,2024,9.83,13,5
411600,MIRASELVA,PR,12.67,2025,13.17,2025_S2,4,2024,9.92,14,7
220785,PAVUSSU,PI,12.67,2026,12.67,2026_S1,4,2024,4.98,13,1
430885,GENTIL,RS,12.67,2026,12.67,2026_S1,2,2022,10.0,13,9
171215,LAVANDEIRA,TO,12.58,2025,12.83,2025_S1,5,2025,9.03,16,3
312520,FAMA,MG,12.5,2025,12.83,2025_S2,2,2021,10.13,13,8
431301,NOVA CANDELÁRIA,RS,12.33,2026,12.33,2026_S1,3,2024,8.33,13,5
352585,JUMIRIM,SP,12.33,2026,12.33,2026_S1,4,2025,7.47,13,5
431335,NOVA ROMA DO SUL,RS,12.33,2026,12.33,2026_S1,3,2021,7.72,13,3
420075,ALTO BELA VISTA,SC,12.33,2026,13.0,2024_S1,3,2023,11.0,13,9
430587,CORONEL BARROS,RS,12.33,2026,12.33,2026_S1,3,2024,10.15,13,8
510617,NOVA NAZARÉ,MT,12.33,2026,13.0,2025_S2,3,2022,11.48,14,10
432032,SENADOR SALGADO FILHO,RS,12.33,2021,13.67,2021_S1,5,2024,11.13,14,8
221097,TANQUE DO PIAUÍ,PI,12.17,2025,12.67,2025_S2,7,2024,10.85,15,8
220525,JARDIM DO MULATO,PI,12.08,2024,12.5,2024_S2,6,2023,7.95,14,3
172125,TUPIRAMA,TO,12.08,2023,13.17,2023_S2,10,2024,9.38,14,4
431849,SÃO JOSÉ DO INHACORÁ,RS,12.0,2026,12.0,2025_S2,3,2024,7.55,12,4
421560,SANTA ROSA DE LIMA,SC,12.0,2026,12.0,2026_S1,3,2024,8.6,12,7
410910,GUAPOREMA,PR,12.0,2026,13.0,2021_S1,4,2021,9.13,14,7
421569,SANTIAGO DO SUL,SC,11.89,2021,12.0,2021_S1,3,2024,9.52,12,7
431848,SÃO JOSÉ DO HORTÊNCIO,RS,11.83,2022,12.83,2022_S1,3,2021,11.05,13,9
432149,TOROPI,RS,11.83,2023,12.17,2023_S2,4,2024,9.73,13,8
431795,SANTO EXPEDITO DO SUL,RS,11.75,2023,12.0,2023_S2,1,2021,10.88,12,9
510631,NOVO SANTO ANTÔNIO,MT,11.67,2025,12.33,2024_S2,3,2021,9.35,13,4
520815,GAMELEIRA DE GOIÁS,GO,11.67,2026,11.67,2026_S1,4,2023,7.12,12,3
251260,QUIXABA,PB,11.67,2026,11.67,2026_S1,2,2022,9.35,13,7
431673,SANTA CECÍLIA DO SUL,RS,11.58,2024,12.0,2024_S1,4,2021,10.45,12,7
431238,MONTE BELO DO SUL,RS,11.5,2024,12.0,2024_S1,4,2026,10.13,13,7
240550,JARDIM DE ANGICOS,RN,11.44,2021,12.0,2021_S1,3,2025,10.88,13,9
420325,CAPÃO ALTO,SC,11.33,2026,11.33,2026_S1,5,2022,5.92,12,1
522005,SÃO JOÃO DA PARAÚNA,GO,11.33,2022,11.33,2022_S1,2,2021,10.63,12,9
432057,SETE DE SETEMBRO,RS,11.33,2026,11.83,2025_S2,5,2024,6.3,12,4
430192,BARRA DO RIO AZUL,RS,11.33,2021,11.83,2022_S1,2,2021,10.6,12,9
431545,RELVADO,RS,11.25,2025,12.0,2025_S1,3,2023,10.33,12,9
521470,NOVA AMÉRICA,GO,11.25,2023,12.83,2023_S2,7,2024,9.65,15,7
521385,MORRO AGUDO DE GOIÁS,GO,11.0,2026,11.33,2025_S1,3,2025,8.23,13,6
431217,MATO QUEIMADO,RS,11.0,2026,11.0,2026_S1,3,2023,6.78,11,4
431975,SÃO VENDELINO,RS,10.92,2024,11.0,2024_S2,3,2025,9.7,12,7
431843,SÃO JOÃO DO POLÊSINE,RS,10.92,2025,12.17,2024_S2,4,2024,8.83,13,6
354323,RIBEIRÃO DOS ÍNDIOS,SP,10.75,2024,11.5,2024_S2,4,2023,8.72,13,5
431475,POÇO DAS ANTAS,RS,10.67,2024,11.5,2024_S2,3,2021,9.33,12,7
431517,PROTÁSIO ALVES,RS,10.58,2025,10.67,2025_S2,4,2023,6.8,11,3
420257,BOM JESUS DO OESTE,SC,10.58,2025,10.67,2025_S1,1,2022,9.77,11,9
430258,BOZANO,RS,10.5,2024,11.0,2024_S1,4,2022,9.27,11,7
432377,WESTFÁLIA,RS,10.33,2026,10.33,2026_S1,3,2023,8.1,11,6
431036,IMIGRANTE,RS,10.33,2025,10.67,2024_S2,4,2024,8.53,11,6
420519,ERMO,SC,10.25,2024,10.67,2024_S2,6,2023,7.52,12,0
411260,JARDIM OLINDA,PR,10.22,2021,10.67,2021_S1,3,2024,8.5,11,7
220887,RIBEIRA DO PIAUÍ,PI,10.0,2026,10.67,2021_S1,4,2021,6.65,11,4
170460,CHAPADA DE AREIA,TO,10.0,2026,10.0,2021_S1,2,2022,9.08,10,8
351565,FERNÃO,SP,10.0,2026,10.0,2026_S1,4,2024,7.52,10,4
520020,ÁGUA LIMPA,GO,10.0,2021,10.0,2021_S1,4,2022,7.05,10,5
220945,SANTO ANTÔNIO DOS MILAGRES,PI,10.0,2026,10.33,2025_S2,3,2024,5.5,11,2
431046,IPIRANGA DO SUL,RS,10.0,2022,10.0,2022_S1,1,2021,9.23,10,8
316490,SÃO SEBASTIÃO DO RIO VERDE,MG,9.67,2026,9.67,2026_S1,4,2025,7.1,11,6
430222,BOA VISTA DO CADEADO,RS,9.67,2026,9.67,2026_S1,4,2024,6.1,10,4
431507,PORTO VERA CRUZ,RS,9.67,2025,10.17,2025_S2,4,2025,8.27,12,7
431162,LINDOLFO COLLOR,RS,9.67,2026,9.67,2026_S1,4,2025,6.32,11,2
314780,PASSA VINTE,MG,9.67,2026,9.67,2026_S1,3,2025,8.12,10,7
310140,ALBERTINA,MG,9.5,2023,10.0,2021_S1,5,2024,8.48,11,5
431123,LAGOA BONITA DO SUL,RS,9.42,2024,10.17,2024_S2,4,2024,6.82,11,2
250057,ALGODÃO DE JANDAÍRA,PB,9.33,2026,9.33,2025_S1,7,2024,4.47,10,1
431861,SÃO JOSÉ DO SUL,RS,9.33,2026,9.33,2026_S1,8,2025,2.63,10,0
430485,CARLOS GOMES,RS,9.25,2024,9.5,2024_S2,1,2021,8.32,10,7
430912,GRAMADO DOS LOUREIROS,RS,9.0,2026,9.33,2025_S2,3,2025,5.68,10,3
251065,PARARI,PB,9.0,2026,9.0,2026_S1,2,2023,5.17,9,3
431514,PRESIDENTE LUCENA,RS,9.0,2026,9.0,2026_S1,5,2025,4.82,10,3
510774,SANTA CRUZ DO XINGU,MT,9.0,2026,9.0,2026_S1,6,2024,6.3,9,3
420475,CUNHATAÍ,SC,8.75,2022,9.17,2022_S2,3,2024,7.87,10,6
431075,IVORÁ,RS,8.5,2024,8.83,2024_S1,3,2025,7.63,9,6
431478,PONTE PRETA,RS,8.44,2021,8.67,2021_S1,2,2021,7.3,10,6
431308,NOVA PÁDUA,RS,8.33,2024,8.67,2024_S2,4,2025,6.65,10,4
355475,TRABIJU,SP,8.33,2021,9.0,2021_S1,3,2022,6.37,9,4
220630,MIGUEL LEÃO,PI,8.33,2026,8.33,2026_S1,6,2024,4.6,9,2
431454,PINTO BANDEIRA,RS,8.25,2025,9.17,2025_S2,4,2025,7.15,10,5
316480,SÃO SEBASTIÃO DO RIO PRETO,MG,8.17,2022,8.33,2022_S1,4,2024,6.77,9,4
431164,LINHA NOVA,RS,8.08,2025,9.0,2025_S2,2,2021,5.95,9,4
432335,VILA LÂNGARO,RS,8.0,2026,8.0,2026_S1,3,2022,6.87,9,6
421005,MACIEIRA,SC,8.0,2026,8.0,2026_S1,4,2026,5.82,10,3
220323,CURRAIS,PI,7.67,2026,7.67,2026_S1,3,2024,2.98,9,0
431446,PINHAL DA SERRA,RS,7.67,2026,7.67,2026_S1,3,2022,4.72,9,2
430675,DOUTOR RICARDO,RS,7.42,2024,7.83,2024_S2,2,2024,6.58,9,5
311490,CASA GRANDE,MG,7.33,2026,8.67,2021_S1,4,2025,6.38,9,4
430462,CAPÃO BONITO DO SUL,RS,7.33,2026,7.33,2026_S1,4,2023,4.32,8,2
510788,SERRA NOVA DOURADA,MT,7.25,2025,7.33,2025_S1,3,2022,4.28,8,1
430692,ENGENHO VELHO,RS,7.0,2021,7.5,2025_S2,2,2025,6.45,8,5
315380,QUELUZITO,MG,7.0,2025,7.0,2025_S1,2,2024,5.75,7,5
431755,SANTO ANTÔNIO DO PALMA,RS,6.92,2025,7.0,2025_S1,2,2024,5.12,7,4
431346,NOVO XINGU,RS,6.83,2025,7.0,2025_S2,3,2024,4.92,7,4
510645,PLANALTO DA SERRA,MT,6.83,2024,7.83,2024_S2,5,2024,3.95,10,0
430066,ANDRÉ DA ROCHA,RS,6.75,2025,7.17,2025_S2,2,2022,4.35,8,2
220198,BREJO DO PIAUÍ,PI,6.75,2025,6.83,2025_S2,3,2023,3.6,8,1
430786,FAGUNDES VARELA,RS,6.42,2024,6.83,2024_S2,3,2025,4.67,7,3
432162,TRAVESSEIRO,RS,6.33,2026,6.33,2026_S1,2,2023,4.0,7,2
421715,SÃO MIGUEL DA BOA VISTA,SC,6.33,2026,6.5,2025_S1,1,2023,4.93,7,4
430047,ALMIRANTE TAMANDARÉ DO SUL,RS,6.33,2026,6.33,2025_S1,3,2025,5.45,8,4
220855,PORTO ALEGRE DO PIAUÍ,PI,6.33,2026,6.33,2026_S1,2,2021,4.45,7,3
431935,SÃO PEDRO DA SERRA,RS,6.25,2025,7.0,2025_S1,2,2022,4.47,7,2
430925,GUABIJU,RS,6.25,2025,6.5,2025_S2,1,2022,5.47,7,4
411650,NOVA ALIANÇA DO IVAÍ,PR,6.22,2021,6.33,2021_S2,2,2022,4.5,7,2
211163,SÃO RAIMUNDO DO DOCA BEZERRA,MA,6.08,2025,6.5,2025_S2,3,2022,3.6,7,2
314580,ONÇA DE PITANGUI,MG,6.0,2022,6.5,2022_S2,2,2022,5.17,7,4
430613,CRUZALTENSE,RS,6.0,2026,6.0,2025_S2,2,2021,5.05,6,3
432045,SÉRIO,RS,6.0,2026,6.0,2025_S1,2,2024,3.87,6,2
431235,MONTAURI,RS,5.67,2021,6.0,2021_S1,1,2021,4.52,6,3
171865,RIO DA CONCEIÇÃO,TO,5.44,2021,5.67,2021_S2,4,2026,3.35,6,1
431127,LAGOA DOS TRÊS CANTOS,RS,5.11,2021,5.67,2021_S1,3,2025,3.78,6,2
431971,SÃO VALENTIM DO SUL,RS,5.0,2024,5.17,2025_S1,3,2023,4.15,6,3
432234,UBIRETAMA,RS,4.83,2025,4.83,2025_S1,1,2021,3.08,5,1
432360,VISTA ALEGRE DO PRATA,RS,4.83,2024,5.0,2023_S2,1,2021,4.12,5,3
221095,TAMBORIL DO PIAUÍ,PI,4.75,2023,5.0,2021_S1,1,2021,4.4,5,3
430057,ALTO FELIZ,RS,4.67,2024,5.0,2024_S1,2,2023,4.03,5,3
421187,PAIAL,SC,4.67,2025,4.83,2025_S2,2,2023,3.07,5,0
430843,FORQUETINHA,RS,4.58,2023,5.0,2021_S2,2,2021,4.1,5,3
430558,COLINAS,RS,4.33,2026,4.33,2026_S1,2,2024,2.13,5,1
353286,NOVA CASTILHO,SP,4.08,2023,4.5,2024_S2,3,2022,3.28,5,0
432235,UNIÃO DA SERRA,RS,4.0,2026,4.0,2026_S1,2,2025,2.38,5,1
354765,SANTA SALETE,SP,3.83,2025,4.0,2021_S1,2,2021,3.13,4,2
430225,BOA VISTA DO SUL,RS,3.67,2026,3.67,2026_S1,2,2022,2.28,4,1
431295,NOVA BOA VISTA,RS,3.67,2026,3.67,2026_S1,2,2024,1.57,4,1
432285,VESPASIANO CORRÊA,RS,3.0,2024,3.0,2024_S1,2,2023,1.98,3,1
421835,TREVISO,SC,3.0,2024,3.17,2024_S2,2,2024,2.52,4,2
431725,SANTA TEREZA,RS,2.5,2025,2.67,2025_S2,1,2021,1.43,3,1
430593,CORONEL PILAR,RS,2.0,2021,2.0,2021_S1,1,2022,1.18,2,0
316660,SERRA DA SAUDADE,MG,2.0,2021,2.0,2021_S1,1,2023,1.53,2,1
