"codigo_estado","codigo_municipio","qtd_membros","cadunico","bpc","pbf"
35,3535408,6650,6650,938,3930
42,4205431,843,843,95,337
31,3118403,10604,10604,1920,6156
29,2928901,22078,22078,1513,15428
31,3147808,988,988,99,564
27,2700201,10111,10111,1220,7958
52,5205208,3408,3408,403,1865
31,3126307,989,989,189,425
29,2933174,6827,6827,505,4793
29,2920908,9570,9570,1609,6257
23,2306702,14559,14559,1493,8853
28,2806404,6361,6361,678,5012
25,2516706,11850,11850,946,9571
43,4303673,900,900,94,410
52,5210604,2756,2756,312,1178
42,4216354,1597,1597,150,536
51,5106240,4459,4459,365,1186
31,3163706,18085,18085,2451,8213
29,2919801,29512,29512,3383,19495
26,2616308,17477,17477,2022,10608
31,3131703,34412,34412,3634,14089
24,2413102,5004,5004,375,3786
31,3154507,6305,6305,608,3686
42,4207650,2230,2230,163,663
23,2311264,15695,15695,1603,10222
24,2410900,6025,6025,563,3879
43,4304713,2558,2558,339,1540
26,2604155,12092,12092,964,8792
28,2805307,6143,6143,606,4364
31,3144656,7263,7263,566,4221
29,2918555,4298,4298,552,3162
31,3133204,5248,5248,941,1956
35,3507506,39071,39071,6027,19207
33,3304128,5674,5674,731,3475
41,4127502,11667,11667,1174,5947
31,3123601,10891,10891,1322,4768
35,3505708,107221,107221,10954,47317
43,4300208,1557,1557,252,761
31,3158300,3886,3886,370,1170
42,4209409,11319,11319,1512,4031
43,4304655,1590,1590,91,763
51,5100508,5264,5264,706,2902
13,1301100,24301,24301,2661,17901
24,2403301,5252,5252,539,3012
29,2929701,11959,11959,946,9124
35,3528809,4586,4586,381,1813
52,5213772,2990,2990,223,1846
15,1501501,49923,49923,6150,31691
32,3202306,17228,17228,1888,7896
22,2207793,3386,3386,244,2561
43,4310207,24637,24637,3720,8934
42,4201307,18968,18968,1892,7415
29,2933307,234219,234219,33760,128818
26,2613305,15233,15233,1797,11760
35,3501707,9140,9140,979,4085
43,4320677,2923,2923,228,1584
17,1715150,1281,1281,109,622
52,5203401,5547,5547,627,2457
43,4318507,15266,15266,2161,5098
21,2108108,15118,15118,1228,12511
41,4117800,8247,8247,829,4198
29,2927705,20722,20722,2167,13800
31,3119302,11686,11686,1530,5745
17,1708254,2893,2893,300,1538
50,5006903,8360,8360,1263,4368
43,4316303,3841,3841,281,913
24,2404853,6061,6061,622,3449
51,5107602,111417,111417,14503,36080
15,1508209,36749,36749,3935,28232
31,3127057,3794,3794,298,2873
31,3102902,5050,5050,691,2688
23,2302404,36132,36132,6332,24670
13,1302603,1110143,1110143,138376,709649
52,5218508,21015,21015,2069,6364
26,2612901,7359,7359,671,5826
52,5218789,2856,2856,184,905
29,2908002,13353,13353,2835,8526
35,3524709,9063,9063,1738,4530
13,1300508,28346,28346,1826,24194
26,2615201,7250,7250,703,5007
52,5221080,3159,3159,208,2066
43,4318408,9391,9391,959,4647
13,1300680,13501,13501,1378,11432
23,2309300,21277,21277,3005,12560
42,4202404,53748,53748,7372,19508
31,3164605,3912,3912,311,1981
43,4300851,2612,2612,282,1046
31,3104452,3788,3788,427,2313
31,3169109,3306,3306,394,1517
21,2103406,30857,30857,2433,24942
24,2410256,4395,4395,463,3080
31,3102209,3266,3266,412,1791
32,3203700,10041,10041,897,5398
23,2313252,6643,6643,598,3818
31,3150307,2059,2059,339,787
43,4303806,2026,2026,192,536
42,4211256,1231,1231,79,424
17,1707405,6890,6890,625,4738
51,5103304,9512,9512,1008,5415
52,5208608,30424,30424,3761,12641
43,4312401,16922,16922,2345,7583
51,5103353,16522,16522,1483,8975
35,3526506,1701,1701,279,655
41,4113452,3335,3335,345,1673
21,2104206,12915,12915,901,10333
41,4101655,1895,1895,227,917
26,2602506,6247,6247,507,4177
25,2510006,5991,5991,582,4206
35,3551900,5928,5928,566,2642
25,2509305,6784,6784,894,5138
17,1713601,4561,4561,503,2629
22,2203230,4855,4855,412,3323
31,3107505,3492,3492,528,1741
25,2512002,13400,13400,1155,10369
52,5213855,1867,1867,164,968
52,5212709,5814,5814,420,3885
41,4117503,19886,19886,2283,7560
17,1713700,1891,1891,194,1006
24,2413300,4354,4354,294,3419
22,2202729,5401,5401,532,3649
29,2921302,8082,8082,1033,5431
27,2703809,15110,15110,1742,11353
15,1505437,22496,22496,2165,15420
17,1700400,5451,5451,434,3234
26,2610806,16927,16927,1152,13735
52,5221577,1889,1889,130,1164
24,2403103,24270,24270,4614,12747
15,1506401,6667,6667,302,5576
21,2103125,7172,7172,408,6088
51,5107107,8323,8323,1044,2925
23,2305902,28169,28169,3168,18991
43,4310603,16507,16507,3056,6937
43,4306072,1856,1856,110,736
32,3202801,26125,26125,3186,15610
27,2709103,14068,14068,1334,10523
31,3167103,11630,11630,1823,6393
35,3546603,7551,7551,1488,2867
21,2111300,502790,502790,68313,319182
23,2305407,42187,42187,4708,31715
28,2806008,10864,10864,1083,7741
33,3303955,10615,10615,1291,6530
42,4206207,2449,2449,270,858
42,4213104,885,885,154,352
21,2105104,20995,20995,1482,18356
26,2600054,65886,65886,9258,43088
43,4311106,4020,4020,401,1886
35,3515608,1937,1937,188,721
41,4103503,4324,4324,712,1908
43,4314076,1802,1802,169,755
43,4305835,620,620,55,58
31,3136207,16461,16461,2879,9078
26,2609709,14828,14828,1296,10541
35,3500204,1857,1857,176,553
43,4308409,3355,3355,325,1616
43,4306973,1619,1619,134,898
29,2914000,39676,39676,4043,26272
24,2407500,7796,7796,493,5126
26,2605202,37298,37298,5214,25899
31,3125705,7235,7235,1413,3674
29,2914307,7249,7249,790,5167
42,4216206,12595,12595,2615,5254
43,4319406,7345,7345,916,3109
29,2925105,37583,37583,6334,24146
29,2924603,15715,15715,1314,11725
31,3160306,7609,7609,946,4619
22,2210359,3872,3872,277,2837
24,2410504,4137,4137,359,2502
41,4117453,2521,2521,265,733
25,2507309,11888,11888,1281,9187
25,2500908,8127,8127,623,6163
43,4314423,640,640,66,87
31,3138708,3093,3093,287,1256
31,3101607,30097,30097,3847,14830
43,4313656,6572,6572,1037,3555
52,5209150,2364,2364,265,1073
41,4110904,2322,2322,221,532
43,4322152,2201,2201,118,1124
43,4310538,2148,2148,299,643
13,1302504,83233,83233,10952,66143
41,4122008,6087,6087,514,1852
15,1504752,18876,18876,2161,12590
43,4309159,1845,1845,133,607
31,3150158,6800,6800,799,4351
43,4323770,583,583,49,81
17,1712454,2323,2323,324,1113
24,2400604,3943,3943,331,2537
41,4101507,37476,37476,5187,12431
25,2515807,5264,5264,534,3517
35,3546306,8982,8982,1125,4118
31,3124401,3898,3898,319,2441
35,3546207,1575,1575,232,588
22,2209872,4352,4352,381,3408
35,3520806,1180,1180,144,359
29,2914802,103316,103316,20967,55404
13,1304302,13203,13203,977,10617
35,3547205,740,740,90,192
28,2803906,9334,9334,808,6616
35,3527702,2677,2677,176,1303
51,5108303,2136,2136,209,1432
31,3143450,4798,4798,426,2879
31,3118106,2929,2929,302,1885
23,2304236,13946,13946,1532,9732
17,1715002,2374,2374,259,1117
35,3539400,4485,4485,510,1504
24,2413201,3037,3037,336,1945
25,2502102,4329,4329,421,3113
31,3165552,8016,8016,720,6082
43,4302808,13397,13397,2222,6112
52,5206909,1339,1339,90,533
52,5206503,2510,2510,302,1308
31,3122405,2708,2708,457,1232
52,5213053,1796,1796,209,905
29,2929370,7404,7404,668,5312
52,5214002,8691,8691,739,4416
41,4110409,2368,2368,199,567
35,3556404,12455,12455,1547,4611
35,3519204,2775,2775,322,1210
29,2931905,41237,41237,3023,31628
26,2608008,13781,13781,1143,10050
26,2603801,15188,15188,1851,11013
41,4105102,4918,4918,618,1831
26,2604205,24460,24460,2870,18829
17,1707306,2855,2855,338,1628
13,1300839,10179,10179,777,8650
52,5202502,5104,5104,452,2304
43,4316006,6068,6068,628,2145
43,4310850,2455,2455,206,647
42,4212056,855,855,146,398
31,3164209,5313,5313,474,3511
26,2615102,5600,5600,474,4325
24,2410009,2747,2747,196,1777
31,3136652,16206,16206,2010,7998
21,2111706,16534,16534,941,13710
29,2922730,6289,6289,514,4429
23,2300705,11606,11606,1040,6863
35,3526407,9752,9752,1086,4245
50,5002159,4492,4492,582,2175
43,4311429,1869,1869,114,988
43,4311007,11572,11572,2633,5957
41,4109302,4997,4997,883,1472
29,2906873,20877,20877,2325,14250
29,2930774,17878,17878,1564,11760
35,3508108,7475,7475,1084,3383
31,3162401,17106,17106,1795,11078
26,2608503,12938,12938,1144,8310
29,2906303,23688,23688,3409,16215
25,2511400,12370,12370,1400,9013
35,3532009,4547,4547,664,2022
41,4124301,1189,1189,122,384
43,4303004,30963,30963,4501,15720
26,2614006,15072,15072,1202,10415
29,2922854,5971,5971,388,4268
31,3109907,4185,4185,723,2125
31,3134707,7234,7234,1133,4689
42,4215604,417,417,57,109
35,3541208,4284,4284,448,1647
42,4204608,32333,32333,5532,14583
35,3528700,2197,2197,182,977
25,2509503,4677,4677,572,3326
35,3532504,3096,3096,521,1264
29,2931202,12431,12431,895,9747
24,2412203,30226,30226,3848,20337
29,2910206,3296,3296,351,1971
43,4306767,25376,25376,2303,11719
43,4311270,764,764,15,98
31,3113503,5459,5459,580,2301
35,3506359,32447,32447,3410,16025
29,2904852,13767,13767,1143,10680
51,5101258,6188,6188,848,2414
31,3101706,25075,25075,4641,15417
52,5202353,1969,1969,261,958
42,4219408,1171,1171,175,295
29,2909901,27082,27082,1624,20578
35,3537909,9078,9078,1431,3018
43,4323309,535,535,42,94
27,2700300,110979,110979,17168,76503
31,3141801,15840,15840,1689,8075
32,3203163,5165,5165,345,2716
25,2510303,2815,2815,297,1722
22,2204709,10590,10590,980,7272
29,2931103,5968,5968,423,4261
42,4206306,4412,4412,562,1939
29,2905008,13116,13116,1658,6510
26,2600104,28460,28460,3545,16725
29,2928406,23875,23875,1599,17766
31,3102407,3197,3197,426,1962
23,2303956,15966,15966,1968,10376
35,3531308,9147,9147,1671,3262
35,3514106,8242,8242,1098,3961
41,4112801,4393,4393,541,1764
52,5219209,1610,1610,143,794
51,5102793,5412,5412,725,1569
43,4317301,13411,13411,2597,6134
35,3515400,7746,7746,943,3240
23,2305209,13291,13291,1227,9203
21,2100154,9839,9839,577,7774
31,3151008,4417,4417,459,1812
42,4217303,2100,2100,94,577
17,1717008,3349,3349,340,1806
43,4320453,558,558,39,152
42,4203808,14470,14470,1988,5983
35,3503000,2227,2227,170,950
35,3521002,13569,13569,1655,6912
15,1503457,26956,26956,2199,21818
51,5106109,8086,8086,1066,4063
41,4123501,9255,9255,1471,3043
24,2409308,8403,8403,767,5446
29,2927002,27795,27795,2777,18574
50,5005251,3592,3592,366,1949
21,2100303,16069,16069,1272,12984
41,4107736,3660,3660,348,2054
35,3529302,17564,17564,2230,8977
11,1101450,2785,2785,199,1181
23,2301257,8900,8900,902,6066
31,3136553,2736,2736,389,1678
31,3151909,4984,4984,559,3093
29,2902500,11192,11192,662,8167
41,4120408,2150,2150,192,615
43,4309308,42385,42385,4671,18348
17,1718808,4240,4240,346,2889
27,2708501,19826,19826,2354,15216
33,3305158,8977,8977,1073,4770
22,2202133,4822,4822,428,2921
35,3524402,61993,61993,8530,24734
27,2707404,6589,6589,563,5069
31,3120151,3563,3563,372,2601
43,4300554,704,704,51,179
43,4322905,1171,1171,153,388
21,2111201,122113,122113,16525,74600
51,5107701,10203,10203,1264,5883
35,3527207,29146,29146,3514,15109
13,1302207,9273,9273,847,7729
43,4302402,4217,4217,335,1068
29,2925303,105788,105788,11588,63266
31,3170651,3639,3639,273,2067
35,3520608,2293,2293,234,1112
42,4215307,1289,1289,171,372
31,3157104,4384,4384,808,2184
43,4314035,833,833,78,306
23,2310704,23813,23813,3811,17199
22,2202406,9833,9833,768,6944
43,4302600,2037,2037,180,916
29,2922755,4672,4672,645,3375
28,2804458,6388,6388,463,4777
31,3125952,6792,6792,912,3978
31,3162302,1491,1491,159,889
31,3146503,2069,2069,422,791
31,3119807,1348,1348,169,443
31,3119104,11799,11799,2209,6975
43,4311734,1372,1372,158,710
41,4109658,3116,3116,264,1062
31,3161304,2860,2860,274,1229
35,3553609,3660,3660,477,1844
43,4304705,18223,18223,2722,6046
28,2803401,10831,10831,1350,8079
21,2102408,7869,7869,418,6127
42,4202131,2484,2484,239,1165
26,2608750,19969,19969,1707,12965
35,3508900,1373,1373,164,463
51,5107792,2619,2619,166,1363
41,4109906,4223,4223,526,1983
31,3104403,1905,1905,308,682
27,2702405,34256,34256,5245,23569
29,2912400,11350,11350,824,8280
42,4216255,406,406,87,107
51,5101001,1712,1712,244,795
15,1508159,31146,31146,3080,23939
31,3122108,2814,2814,377,1624
43,4322509,26083,26083,2879,12314
35,3506409,2627,2627,366,702
25,2512788,1970,1970,195,1242
41,4107405,2225,2225,258,1185
43,4303400,1901,1901,190,934
17,1703008,5492,5492,552,3390
21,2107456,11073,11073,654,9009
50,5003504,3808,3808,358,1341
29,2926103,11477,11477,705,8247
25,2505204,5277,5277,775,3727
43,4312351,584,584,35,25
26,2609154,14748,14748,1133,12175
13,1301001,25101,25101,3211,21019
43,4315172,321,321,60,148
41,4107603,10378,10378,1423,4656
23,2310852,17648,17648,2664,12080
29,2920452,9694,9694,557,7311
33,3302809,8518,8518,941,4543
15,1508357,12861,12861,1357,8874
29,2923605,13797,13797,1440,9220
25,2510659,1513,1513,97,723
52,5203807,3911,3911,322,1173
31,3144805,28817,28817,2336,11486
32,3202603,4514,4514,486,1821
31,3164803,636,636,81,372
23,2303808,17566,17566,1767,11019
42,4218202,4408,4408,763,1255
31,3122900,3138,3138,440,1361
42,4210555,470,470,49,188
25,2500536,3971,3971,414,2790
31,3140852,7060,7060,817,4434
14,1400282,5666,5666,481,4256
29,2917409,11635,11635,1025,5713
29,2912004,7723,7723,468,4112
31,3157252,6040,6040,657,4030
35,3510302,10129,10129,1064,5241
24,2408102,272800,272800,45717,181597
25,2508406,2476,2476,332,1813
13,1304401,16416,16416,1000,13902
41,4103370,2078,2078,284,592
31,3105707,3174,3174,392,1871
27,2708600,33954,33954,4407,23455
29,2922607,9351,9351,925,7570
52,5219712,2335,2335,352,657
32,3204351,8454,8454,715,4944
43,4303103,50328,50328,5273,20894
31,3127503,3942,3942,686,1825
43,4314779,1560,1560,103,532
31,3136520,2703,2703,292,1649
22,2205904,4145,4145,305,2917
35,3535705,1962,1962,155,616
31,3162450,10626,10626,949,7268
23,2306900,20636,20636,2717,12637
43,4301909,4422,4422,586,2064
15,1501204,26705,26705,1249,22804
35,3535002,3726,3726,443,1680
41,4125753,2938,2938,342,1554
31,3123403,615,615,98,348
41,4117602,22422,22422,2919,10176
27,2702108,13642,13642,1591,10906
22,2211357,4853,4853,330,3738
31,3101631,3817,3817,394,1542
31,3105509,3299,3299,463,1553
35,3537206,5462,5462,1002,2938
52,5204607,2710,2710,271,1400
35,3557105,27314,27314,4292,9597
41,4122305,8721,8721,1085,3212
15,1505494,5579,5579,521,4093
41,4107652,62673,62673,5646,25507
29,2929354,5505,5505,747,4000
24,2407005,6950,6950,736,4452
41,4117305,16912,16912,1451,7628
29,2914703,43595,43595,4926,28910
31,3166907,4083,4083,492,1209
43,4322376,817,817,103,557
42,4210902,792,792,138,270
15,1501576,11033,11033,1247,7308
43,4321600,22305,22305,4157,10880
15,1503903,36184,36184,3232,29221
43,4322327,1405,1405,197,490
32,3205002,224735,224735,28598,114845
42,4202008,26836,26836,3065,7779
31,3133006,5905,5905,698,2723
21,2102325,38262,38262,2969,28467
41,4126652,1084,1084,102,440
31,3148608,9666,9666,1238,6048
31,3110509,8623,8623,1089,4357
25,2511301,10173,10173,897,8143
25,2501575,6041,6041,556,4452
35,3549508,3892,3892,426,2083
25,2516003,18369,18369,2179,13798
31,3102704,6054,6054,696,4195
26,2616183,6152,6152,476,4632
41,4102505,5663,5663,768,2208
41,4127858,5531,5531,641,2814
43,4320404,3139,3139,240,861
35,3512209,11091,11091,1397,5345
31,3115805,4273,4273,774,2252
41,4122404,24378,24378,3189,8254
25,2505808,2602,2602,238,2033
22,2201200,36934,36934,2665,30346
31,3112653,2928,2928,451,1681
31,3100302,5927,5927,728,3769
35,3519006,4107,4107,566,2239
42,4205159,554,554,78,163
31,3108255,7798,7798,812,5246
31,3160108,1947,1947,340,847
21,2109056,5450,5450,185,4636
21,2106706,17125,17125,1169,14232
41,4114104,10046,10046,1258,3276
51,5101308,4944,4944,746,2169
35,3506003,98098,98098,13791,41045
43,4311601,2524,2524,105,857
42,4201703,1352,1352,231,587
23,2300101,8087,8087,734,5327
50,5002704,393707,393707,60674,145313
13,1300300,41771,41771,2400,37029
35,3501202,1660,1660,306,576
29,2919504,29514,29514,3230,18894
31,3125507,2252,2252,139,949
41,4124608,3135,3135,296,1295
31,3143302,194403,194403,27773,80692
23,2302602,45019,45019,7658,29973
35,3532058,1537,1537,128,683
42,4211603,2170,2170,231,973
35,3510708,4454,4454,929,1196
29,2932200,13825,13825,2263,8311
52,5203939,1834,1834,147,710
50,5000708,14969,14969,2321,6696
31,3119500,6486,6486,692,3625
15,1504950,18026,18026,1126,15299
31,3157401,2551,2551,190,1458
43,4319000,3232,3232,353,1181
52,5210307,1666,1666,282,802
43,4321907,7172,7172,764,3164
35,3556701,15202,15202,1902,5873
31,3102605,12036,12036,1614,4473
29,2904803,4998,4998,520,2978
29,2902054,9683,9683,798,7178
31,3140159,7373,7373,861,3722
41,4105409,7449,7449,811,3319
43,4314704,4244,4244,389,1766
35,3535903,1968,1968,295,837
41,4110003,1945,1945,243,737
25,2516904,9966,9966,831,6526
31,3136702,155476,155476,24556,69726
51,5106653,3847,3847,380,1469
35,3538303,1618,1618,205,882
35,3519501,3656,3656,326,2013
31,3125002,2544,2544,407,1428
43,4314472,2266,2266,223,671
31,3116001,3749,3749,280,2630
15,1506005,34693,34693,1750,27890
43,4301503,1917,1917,286,619
26,2607802,10987,10987,1084,6951
41,4128534,4188,4188,342,2132
31,3120904,34466,34466,5856,17689
29,2909109,12157,12157,693,8352
26,2600401,18946,18946,2411,13693
26,2603504,13620,13620,1362,10103
31,3153301,2213,2213,253,834
35,3518602,9437,9437,1377,4897
41,4119400,10496,10496,1443,4902
31,3114402,9269,9269,1076,3570
32,3205200,150542,150542,20656,71331
41,4124400,8343,8343,1327,3345
43,4322541,1988,1988,60,213
26,2611309,18189,18189,1900,13734
31,3144409,1786,1786,233,774
25,2513307,5203,5203,350,3719
52,5205000,5429,5429,512,2433
35,3514908,7107,7107,773,3733
35,3547809,182500,182500,18947,93398
31,3105202,3350,3350,471,1235
31,3105103,6723,6723,1121,3125
17,1703800,5621,5621,599,3288
29,2923050,6316,6316,440,5073
52,5208905,12214,12214,1503,5471
43,4311981,1363,1363,247,797
35,3548203,3117,3117,548,1122
29,2909604,15280,15280,1112,12086
42,4213609,6596,6596,1284,2117
35,3539608,2264,2264,259,641
51,5106281,3461,3461,349,1744
31,3164431,1836,1836,198,758
31,3104601,5462,5462,790,1863
35,3542909,3558,3558,427,1824
31,3125804,1977,1977,281,688
52,5207501,1933,1933,226,887
21,2103257,10483,10483,760,8146
29,2903607,13203,13203,976,9426
41,4116307,2516,2516,208,804
31,3129608,5020,5020,458,3331
11,1100205,248134,248134,34829,133153
41,4124053,10034,10034,2091,3638
41,4127957,3037,3037,351,915
17,1710508,5407,5407,456,3966
51,5107180,6055,6055,446,3338
52,5209606,2850,2850,257,1560
43,4302303,6827,6827,717,4110
43,4305934,164,164,14,37
17,1720309,3922,3922,289,2509
42,4210308,3610,3610,376,1579
35,3525805,2093,2093,166,1212
27,2703601,7940,7940,626,6400
50,5005681,13043,13043,2495,4997
24,2401453,21537,21537,2299,13217
52,5214838,6288,6288,611,3249
17,1718899,1403,1403,118,618
31,3107109,19869,19869,2635,7227
31,3143203,9188,9188,1326,3995
42,4203105,1665,1665,159,525
31,3158201,7444,7444,1277,4554
35,3528205,1308,1308,234,422
42,4217253,909,909,131,272
26,2601706,50644,50644,6772,34920
23,2304301,15026,15026,1705,9473
31,3145604,15383,15383,1693,6519
31,3111150,2783,2783,301,2068
22,2209005,4957,4957,277,3620
42,4210100,12944,12944,1728,4801
13,1304005,9755,9755,708,7933
35,3504107,34547,34547,6644,14090
31,3126406,1679,1679,227,787
51,5103056,4876,4876,489,2382
35,3504602,8319,8319,1112,2855
31,3101003,10100,10100,953,7260
31,3167202,70627,70627,10333,34272
29,2908408,51301,51301,4145,33369
41,4106902,400072,400072,50885,157836
41,4105003,5102,5102,705,1345
15,1507466,5143,5143,421,3655
41,4127007,4750,4750,426,2443
31,3113602,2940,2940,334,1466
51,5108006,4575,4575,506,1664
31,3168408,7451,7451,1131,4518
41,4127809,3409,3409,366,1461
52,5219308,15340,15340,2478,7154
26,2604700,11573,11573,915,9594
21,2107258,4058,4058,324,2857
22,2206803,7524,7524,376,6504
22,2209658,4959,4959,449,3769
31,3139300,15060,15060,2091,8914
43,4302238,877,877,56,492
24,2407401,5745,5745,572,3296
31,3154457,5134,5134,695,3149
43,4321956,3210,3210,221,875
22,2203107,8341,8341,852,6371
29,2903235,11160,11160,722,7680
31,3147006,36351,36351,4764,16547
43,4307831,1056,1056,170,408
50,5007703,4464,4464,863,1930
35,3530706,37973,37973,5195,15042
50,5008008,9726,9726,1262,3741
27,2702900,26960,26960,2202,22284
23,2313500,46522,46522,5274,37590
51,5106182,3957,3957,296,2034
31,3155306,2266,2266,192,1303
32,3200359,5224,5224,486,3223
31,3140308,2692,2692,414,1047
22,2204808,7144,7144,812,4465
31,3166303,5102,5102,334,3217
52,5215900,2356,2356,174,1109
42,4213302,2091,2091,411,612
43,4315404,6848,6848,486,4688
29,2917334,7794,7794,607,5395
13,1300409,14137,14137,1253,11476
35,3553856,3976,3976,427,2175
25,2512721,3823,3823,414,3137
21,2106508,19758,19758,1134,16675
35,3540705,11503,11503,1944,4211
35,3530300,14229,14229,2465,5197
43,4320008,47663,47663,5856,23927
52,5215801,1391,1391,198,563
31,3106705,183177,183177,17393,93517
43,4320503,1592,1592,188,658
24,2408607,3922,3922,423,2600
33,3302601,20145,20145,2443,11733
31,3126000,3593,3593,261,1234
28,2800506,12924,12924,1632,7765
35,3536109,2996,2996,386,1134
26,2614857,17924,17924,1854,12686
31,3145109,6909,6909,632,3692
35,3544806,3638,3638,437,1332
35,3532900,4265,4265,230,1031
25,2502300,3697,3697,327,2304
27,2704807,8107,8107,986,5873
33,3300407,57000,57000,6790,33656
28,2803807,2905,2905,393,1894
25,2510709,2063,2063,173,1316
31,3118809,16912,16912,1794,10883
31,3111101,9197,9197,1422,2049
51,5105176,5466,5466,444,2728
15,1507201,25101,25101,1866,20560
50,5007950,7716,7716,743,5081
29,2926004,31871,31871,2603,23352
29,2923902,8797,8797,831,6640
31,3172202,1053,1053,106,609
35,3541059,3190,3190,332,1540
26,2603900,15110,15110,1250,8802
17,1718006,2023,2023,202,1054
26,2615003,19189,19189,1756,13024
21,2111003,17722,17722,1015,14589
35,3516903,3214,3214,575,1065
35,3534609,9696,9696,1326,2986
31,3108404,6358,6358,864,2669
42,4216305,9370,9370,980,2662
21,2107001,7638,7638,549,5456
23,2305357,13871,13871,1525,9460
42,4211751,3647,3647,454,1391
21,2102036,20853,20853,1448,16214
35,3553658,858,858,107,240
43,4323358,620,620,50,54
29,2903805,14268,14268,785,10451
13,1303403,77972,77972,7203,64741
23,2309607,39328,39328,6604,23060
41,4116000,902,902,84,263
15,1500958,19136,19136,1349,15477
32,3204252,5285,5285,643,2765
25,2501005,11541,11541,1276,8297
17,1721109,6435,6435,505,4903
23,2307635,13333,13333,1651,9116
24,2403707,5569,5569,571,3091
23,2310803,10971,10971,1249,6619
35,3556958,739,739,153,154
24,2409506,3454,3454,250,2299
31,3149952,4955,4955,594,2214
31,3127404,1326,1326,278,465
43,4316733,644,644,59,143
43,4316451,5364,5364,628,3176
13,1302702,38299,38299,3978,29861
41,4100202,3795,3795,428,1486
43,4309050,2890,2890,440,993
24,2400802,8150,8150,1008,4823
29,2905503,10822,10822,538,8983
42,4202057,5936,5936,861,2505
29,2916906,8737,8737,788,5748
21,2102556,8455,8455,1285,5416
50,5005608,17909,17909,1783,11913
43,4310330,12961,12961,1939,5234
25,2515930,3182,3182,340,2162
22,2202802,4232,4232,354,3037
52,5204854,5709,5709,430,3644
52,5215231,50541,50541,7049,28114
31,3158706,1401,1401,153,890
33,3303500,448465,448465,48438,293577
41,4121901,8532,8532,985,3397
29,2905602,16817,16817,3694,9839
29,2921203,17815,17815,1642,11340
52,5218052,2817,2817,183,1120
42,4202701,1996,1996,108,387
29,2915304,5107,5107,975,3142
35,3525904,41208,41208,8864,20056
31,3113800,1457,1457,146,774
15,1505205,31617,31617,1563,28611
31,3127909,548,548,67,88
43,4303905,13413,13413,1329,2265
23,2311231,5366,5366,544,3127
31,3165701,4469,4469,521,2022
31,3161908,8203,8203,594,2161
25,2509800,6202,6202,499,4868
32,3202405,51091,51091,8277,20563
41,4107801,1308,1308,238,428
41,4123303,4572,4572,517,1648
17,1718840,3126,3126,229,1789
41,4117271,4517,4517,544,1207
12,1200351,16093,16093,597,13602
17,1707108,4461,4461,438,2557
11,1100023,43950,43950,6835,20072
27,2704302,449139,449139,62924,260791
41,4107009,6782,6782,686,3282
22,2207603,8649,8649,445,7216
26,2605004,16467,16467,2170,11153
26,2605301,27735,27735,2366,21471
29,2911402,13913,13913,1278,7470
23,2311900,12327,12327,1003,7832
27,2706000,8772,8772,778,7210
21,2110906,8568,8568,568,7241
22,2202026,6122,6122,378,4383
52,5210562,3299,3299,318,1292
31,3132701,14211,14211,1909,8949
51,5105903,9746,9746,1096,5206
35,3502309,3176,3176,290,1661
26,2613206,17333,17333,1661,12787
42,4204558,5820,5820,772,2804
42,4210407,2241,2241,313,871
50,5002209,11485,11485,1699,5283
15,1504455,22938,22938,1577,18033
31,3135001,1629,1629,186,615
31,3151206,31907,31907,3043,16862
33,3300902,7604,7604,990,4228
29,2930600,10555,10555,794,6685
24,2408953,9487,9487,564,7089
22,2205565,4066,4066,374,2518
43,4302659,828,828,118,374
41,4117057,7606,7606,334,5060
35,3544400,1689,1689,121,563
26,2601904,40356,40356,4363,28387
42,4214706,1455,1455,282,468
43,4305371,1521,1521,75,1020
29,2900207,13556,13556,885,11179
51,5102678,19534,19534,1719,5051
31,3172103,2925,2925,344,1633
43,4312427,929,929,122,402
29,2906824,12376,12376,993,9600
51,5107008,11250,11250,1360,6075
33,3301603,5166,5166,732,2808
29,2902658,10094,10094,766,6310
22,2207355,2367,2367,144,1409
35,3539509,11116,11116,1248,5129
26,2608305,12765,12765,1358,9088
35,3507001,15535,15535,2316,8831
35,3526209,16777,16777,2639,9006
35,3516200,82439,82439,14111,34669
25,2512077,3193,3193,207,1755
31,3119005,1918,1918,217,1186
27,2702355,20671,20671,1859,15683
35,3522158,2136,2136,227,1159
13,1301902,74285,74285,9027,56392
42,4219853,1035,1035,127,387
41,4107900,4791,4791,526,1582
43,4302584,440,440,78,166
33,3302452,5274,5274,463,1852
17,1706506,4478,4478,450,2874
26,2608404,11295,11295,951,8926
35,3527108,16805,16805,2816,8471
28,2804102,8339,8339,924,5031
31,3140530,6348,6348,473,3824
25,2506103,8385,8385,740,6422
16,1600238,5296,5296,616,3849
41,4103800,4776,4776,582,1449
27,2706208,4072,4072,325,2983
35,3538709,89850,89850,14754,37756
26,2614303,10731,10731,943,7722
15,1502103,107449,107449,7819,92250
31,3100906,13188,13188,1715,8598
52,5216452,1744,1744,168,525
42,4204178,2172,2172,288,1027
11,1101500,7673,7673,600,3015
31,3121407,2566,2566,376,1174
31,3150703,2309,2309,266,1277
15,1502707,27793,27793,4280,12276
26,2609907,47332,47332,6483,33491
15,1503705,35628,35628,2542,27137
43,4320230,1654,1654,133,352
51,5106232,8066,8066,715,3366
21,2101608,58642,58642,6075,42034
52,5222203,3168,3168,352,1701
26,2607307,24328,24328,2152,19383
29,2907202,55503,55503,3602,40948
31,3159407,1717,1717,305,824
31,3109105,5939,5939,641,1632
31,3121902,2427,2427,305,1076
31,3100807,2189,2189,197,1112
29,2916807,10568,10568,1561,7016
41,4103453,8371,8371,568,3150
17,1709807,1362,1362,112,544
35,3518107,3321,3321,363,1811
17,1709500,35597,35597,6569,13427
23,2308401,30249,30249,2967,21876
29,2913705,22939,22939,2666,16657
24,2410306,8398,8398,691,5578
25,2514305,4725,4725,281,3692
35,3541406,56671,56671,7544,25530
13,1302553,16111,16111,1340,11986
35,3526902,77733,77733,10068,36736
24,2403251,105253,105253,13271,60836
21,2100550,6445,6445,414,5005
41,4119954,14826,14826,2069,6605
22,2209500,3198,3198,220,1794
41,4105607,3762,3762,404,1244
35,3520442,6734,6734,787,1676
41,4101853,1409,1409,186,502
43,4312179,572,572,66,205
35,3510807,8023,8023,1780,4082
26,2613503,25786,25786,2632,18850
35,3519055,2131,2131,252,858
51,5104542,3534,3534,167,1738
31,3121506,1750,1750,189,925
35,3544251,7518,7518,822,3840
15,1501402,678883,678883,104497,389701
22,2206654,4173,4173,363,3199
35,3518909,2300,2300,318,703
43,4305116,1045,1045,43,142
53,5300108,918000,918000,116598,468758
29,2903953,8746,8746,867,5725
26,2608800,30295,30295,3121,22539
52,5205802,5987,5987,606,3211
42,4200507,2070,2070,212,867
14,1400050,11717,11717,981,9013
27,2708105,9594,9594,1135,6451
52,5212303,4512,4512,396,2668
35,3514957,692,692,75,267
25,2504108,1996,1996,188,1356
42,4204756,221,221,29,54
43,4312658,4752,4752,332,914
52,5208400,9277,9277,894,4849
31,3159902,9097,9097,632,4500
43,4300307,3452,3452,354,1168
41,4124202,1430,1430,152,404
50,5007802,4218,4218,393,1130
31,3137304,2931,2931,254,1661
35,3513207,2838,2838,434,827
41,4111209,5209,5209,511,2131
26,2613404,14787,14787,1403,11431
25,2508802,4189,4189,356,2894
43,4320859,1323,1323,142,694
43,4308052,1046,1046,106,507
28,2802601,5683,5683,388,4289
52,5212808,6085,6085,759,3001
26,2604304,8887,8887,718,6051
26,2613800,12654,12654,1825,8955
35,3503307,35457,35457,3563,15986
31,3149705,4538,4538,554,1990
51,5107156,1675,1675,120,700
41,4111001,3233,3233,334,1327
35,3502804,50862,50862,8167,22773
31,3157005,25127,25127,3573,11825
42,4202453,6699,6699,710,2858
41,4119905,118977,118977,13573,51087
35,3511003,9559,9559,1160,3665
23,2304657,11925,11925,1222,7790
31,3160959,4019,4019,425,1860
29,2917102,12407,12407,2062,7809
42,4218608,628,628,153,156
41,4125001,5609,5609,886,2012
17,1707009,10699,10699,1302,5269
13,1301308,19063,19063,1994,14536
43,4308201,4921,4921,433,1451
25,2501104,14309,14309,1669,10547
33,3304557,2076437,2076437,249088,1178509
31,3156205,1464,1464,261,736
35,3535309,7130,7130,921,3979
33,3302270,56694,56694,6228,38307
43,4304952,1369,1369,184,627
31,3131505,4417,4417,688,1290
51,5108501,5960,5960,542,1957
28,2801702,13751,13751,1644,10114
51,5108402,159796,159796,18517,74391
35,3515905,816,816,180,325
31,3144300,18509,18509,3803,7925
23,2312601,9218,9218,1245,6361
27,2701902,5777,5777,506,4642
26,2607901,350152,350152,52712,212997
31,3169000,8991,8991,1032,3633
22,2209203,4913,4913,461,3613
29,2901007,25494,25494,3364,14747
29,2900702,91042,91042,10607,58737
43,4309555,1447,1447,74,193
41,4118857,2858,2858,346,714
35,3550209,10484,10484,1973,5273
31,3160702,17566,17566,2905,7842
51,5100805,5004,5004,595,2046
31,3158805,2887,2887,236,1219
22,2203255,3920,3920,328,2734
32,3203502,13363,13363,1947,6102
35,3537008,6306,6306,688,2955
43,4323606,824,824,32,52
31,3142205,5743,5743,985,2584
35,3511508,7821,7821,1130,2414
51,5101605,5561,5561,309,3746
22,2206951,2690,2690,129,2010
29,2910909,4013,4013,523,2639
42,4217501,2901,2901,417,1074
41,4119509,50018,50018,5543,25231
25,2512101,21624,21624,3010,13815
31,3146206,5511,5511,501,3889
11,1100403,9325,9325,1084,3822
23,2308906,15691,15691,2323,11454
21,2105906,12196,12196,1467,9719
41,4103040,3857,3857,249,2106
43,4300505,2444,2444,238,845
35,3509502,307872,307872,37958,151576
35,3539103,9214,9214,892,5061
11,1100049,40560,40560,5288,16958
31,3103504,38247,38247,5140,17749
41,4119707,2655,2655,253,1160
41,4114708,2702,2702,470,1258
35,3522802,6590,6590,893,3818
29,2907905,14299,14299,1207,10500
52,5213400,1073,1073,94,414
41,4126306,8028,8028,918,2634
22,2208502,9694,9694,637,8291
23,2314003,29051,29051,3896,19847
22,2209807,3584,3584,344,2774
35,3545803,27166,27166,4609,12298
28,2801009,11830,11830,1790,7728
25,2508000,6719,6719,540,4676
35,3535804,6462,6462,937,3872
13,1300607,32940,32940,2678,27952
17,1710904,2682,2682,248,1529
25,2513927,3172,3172,275,2150
25,2504009,199817,199817,38205,103269
31,3156304,3554,3554,417,1464
42,4218954,1293,1293,155,743
11,1100106,26509,26509,4017,17525
29,2902401,9400,9400,1341,6995
52,5211008,4734,4734,630,2448
25,2514800,3155,3155,211,1754
21,2109759,5053,5053,489,3980
42,4220000,6211,6211,777,3119
12,1200500,36128,36128,4024,29577
15,1503507,25303,25303,2084,20213
31,3134202,43193,43193,8892,14326
17,1718709,2332,2332,254,1098
26,2607703,10369,10369,739,7019
26,2610202,18013,18013,1655,12779
25,2501906,11424,11424,1617,7867
21,2104057,19974,19974,2459,12724
41,4107306,2825,2825,280,737
22,2206308,1091,1091,94,623
35,3529609,1947,1947,269,522
26,2614709,9617,9617,918,7079
22,2208106,8904,8904,602,6241
43,4312203,2022,2022,161,763
52,5217104,10129,10129,1812,4419
17,1711803,2136,2136,233,831
25,2504504,4714,4714,391,3427
24,2411056,3908,3908,522,2350
31,3152204,28142,28142,3482,13686
17,1722107,6915,6915,715,4443
17,1714880,7470,7470,882,4221
31,3146008,6639,6639,2006,1914
29,2912301,9261,9261,1681,6848
31,3126802,4036,4036,382,2947
27,2702603,17708,17708,1602,13925
35,3525706,7465,7465,1662,2363
29,2914406,19824,19824,1271,13906
41,4121752,4547,4547,383,1940
22,2205508,29669,29669,2998,20194
29,2912806,6758,6758,657,3889
35,3504701,593,593,45,357
35,3542008,2651,2651,332,1318
21,2103000,88722,88722,10266,53582
42,4208906,27353,27353,3183,9079
42,4209300,55865,55865,8787,25275
35,3521408,4389,4389,484,1606
11,1100155,16602,16602,2528,6752
29,2900108,6095,6095,427,3620
27,2702504,8634,8634,620,6436
41,4101150,1380,1380,188,404
35,3536570,970,970,104,404
22,2206209,25520,25520,1704,21287
41,4115200,109385,109385,14267,32722
35,3515103,36208,36208,4946,15527
41,4106308,6765,6765,896,1701
35,3553955,5229,5229,561,2199
43,4312757,534,534,91,206
11,1100320,11099,11099,961,3714
31,3154606,143097,143097,15773,81221
41,4109807,22437,22437,3364,9110
43,4306924,670,670,23,454
21,2103174,13650,13650,774,11995
31,3108701,2412,2412,299,1554
25,2516409,5948,5948,497,4662
23,2304251,20079,20079,2166,15053
22,2203404,5231,5231,524,2855
17,1718881,1720,1720,178,891
11,1100601,3044,3044,366,1016
42,4205803,5820,5820,970,1841
43,4307401,2226,2226,176,619
41,4108502,6665,6665,831,3787
22,2209757,2137,2137,208,1691
26,2609501,19029,19029,2977,11010
31,3155603,19859,19859,1792,13991
31,3147204,7789,7789,971,2268
51,5106828,6082,6082,557,3463
28,2805000,2438,2438,211,1802
50,5005202,10811,10811,1303,6321
41,4127304,7543,7543,654,3064
21,2111763,12159,12159,1149,8948
42,4215075,1146,1146,147,439
32,3201100,7097,7097,770,3228
50,5007307,2946,2946,430,1024
43,4314464,921,921,90,475
52,5202601,1890,1890,292,678
43,4307864,172,172,27,46
41,4119251,1497,1497,140,659
33,3300233,20580,20580,2185,8746
17,1718865,4259,4259,446,2103
42,4214607,998,998,195,86
27,2705408,6295,6295,559,4782
35,3513405,24175,24175,3192,13400
15,1505536,130283,130283,10763,70502
15,1508001,51437,51437,4386,38810
31,3128709,16994,16994,2536,5929
52,5220454,70898,70898,8602,28461
17,1716505,7798,7798,935,3472
31,3129301,6382,6382,778,3264
43,4306700,1597,1597,131,598
29,2901700,8562,8562,514,6721
25,2514206,5768,5768,500,4110
35,3503950,1020,1020,153,261
29,2904605,39067,39067,4828,18326
35,3504800,2676,2676,487,887
32,3200508,5485,5485,535,2741
29,2920007,6326,6326,716,4544
26,2605905,14616,14616,1377,11566
17,1716208,8072,8072,485,5540
43,4322004,12787,12787,1336,5864
43,4312443,1309,1309,133,271
31,3142601,3134,3134,375,1648
29,2911006,6915,6915,1219,4301
35,3555307,725,725,84,266
35,3531506,4999,4999,701,2174
35,3552403,75354,75354,10162,37134
23,2309409,20897,20897,1917,16556
43,4300802,2672,2672,222,874
35,3537503,3207,3207,401,1129
15,1505601,6170,6170,808,4283
51,5107875,12190,12190,725,4051
15,1501782,33411,33411,2445,24339
21,2110104,22633,22633,1460,19153
42,4212601,871,871,81,51
17,1701309,4198,4198,385,2329
31,3154903,7385,7385,1089,2760
35,3513108,11427,11427,1346,4711
24,2403400,4546,4546,536,2791
24,2400901,5544,5544,484,3977
29,2909208,12761,12761,854,10591
43,4306007,6071,6071,552,888
21,2102002,25355,25355,1900,19909
31,3164407,2763,2763,306,927
43,4314209,4208,4208,721,2215
52,5200852,2825,2825,444,1297
31,3103603,1576,1576,213,951
25,2511608,6619,6619,491,5178
43,4311502,3205,3205,453,1698
31,3168804,3367,3367,407,1837
21,2106409,14560,14560,1378,12715
35,3512605,2086,2086,428,1000
21,2101970,6407,6407,377,5325
41,4119004,2843,2843,283,778
23,2301703,19191,19191,2254,11759
15,1506500,36807,36807,4785,24122
31,3100500,4952,4952,656,2878
22,2202000,15457,15457,1474,12008
26,2613107,25343,25343,2922,17960
24,2401859,4768,4768,301,3614
43,4319158,3075,3075,387,1834
31,3112505,4706,4706,410,2101
31,3123700,5638,5638,863,2859
31,3114204,5152,5152,930,1899
11,1101468,1870,1870,188,828
25,2506202,2333,2333,156,1580
31,3135605,5325,5325,656,3472
42,4201109,1125,1125,130,478
25,2501500,15316,15316,1324,11327
23,2305704,8917,8917,770,6306
41,4123204,1940,1940,294,647
52,5213756,5807,5807,628,1929
35,3523602,4429,4429,575,2306
31,3152105,22232,22232,3196,8332
35,3530102,7488,7488,1028,2989
25,2505238,5123,5123,734,3903
27,2704708,35484,35484,4849,24297
21,2104552,12870,12870,1373,8338
42,4204400,2572,2572,249,1238
33,3301405,10897,10897,1506,6991
16,1600279,27296,27296,2909,19607
52,5220686,4300,4300,468,2815
24,2409332,3968,3968,299,2952
15,1500131,5202,5202,480,3919
31,3147501,827,827,110,386
22,2206704,5647,5647,488,4068
52,5203609,2178,2178,302,981
35,3516101,1583,1583,142,701
33,3305208,46181,46181,5489,23595
33,3305802,75731,75731,8714,38785
35,3555406,39023,39023,5987,21803
23,2301505,4713,4713,517,2902
52,5220009,7493,7493,732,4301
42,4200705,3101,3101,354,1715
35,3515350,4199,4199,419,2035
43,4304358,5771,5771,432,2630
35,3547700,6750,6750,751,3345
35,3523107,165956,165956,20258,101110
43,4304853,588,588,47,116
35,3532405,7776,7776,960,4437
31,3165305,3290,3290,466,1757
31,3135704,2938,2938,398,1658
15,1507961,9782,9782,774,7464
29,2905701,164151,164151,16838,110270
24,2403756,2410,2410,326,1415
35,3536505,21224,21224,3444,10459
43,4307450,1515,1515,171,723
51,5107404,2587,2587,174,1066
31,3156452,2898,2898,316,1414
29,2917805,13893,13893,1172,11196
42,4218004,12231,12231,1500,5061
28,2801504,10001,10001,1199,6394
31,3136900,3470,3470,489,1271
22,2202901,19365,19365,2329,13093
29,2933257,4645,4645,711,2856
21,2105351,12140,12140,544,10253
35,3544202,4150,4150,644,1727
23,2311108,11913,11913,1693,8337
52,5204102,5373,5373,431,2119
35,3506607,14814,14814,1932,8325
29,2926301,22808,22808,2391,14825
15,1508050,12599,12599,997,8644
21,2101707,53137,53137,3773,42846
15,1505064,44803,44803,2438,34889
31,3168002,20225,20225,2885,10486
31,3120839,2586,2586,410,1586
42,4215653,3215,3215,464,1638
35,3507209,469,469,38,127
25,2506301,32985,32985,5187,21760
41,4120200,1542,1542,116,486
29,2925931,7437,7437,489,4602
31,3139805,4502,4502,726,2021
31,3129806,75850,75850,7367,34418
22,2201507,19403,19403,1749,14479
26,2612802,7248,7248,720,5179
35,3523503,7525,7525,991,3754
28,2804607,16973,16973,1721,12897
52,5213103,35044,35044,3177,11561
32,3202900,4266,4266,302,1763
31,3164704,22081,22081,3997,9754
29,2921609,6619,6619,563,4968
31,3129400,2807,2807,427,1428
31,3129103,2504,2504,458,1154
31,3163607,1797,1797,105,1219
42,4211892,1468,1468,190,501
21,2104107,10590,10590,762,7506
31,3124708,1207,1207,120,352
32,3204807,7722,7722,819,3996
42,4215505,6986,6986,778,3108
43,4312708,8018,8018,580,2846
32,3203106,6921,6921,774,3096
41,4125357,2540,2540,300,518
28,2801207,22963,22963,2106,16596
41,4109757,4276,4276,469,1622
35,3529005,57784,57784,9835,23420
31,3128808,4009,4009,369,2016
35,3544301,5059,5059,601,2308
23,2312106,14668,14668,1391,10156
52,5200902,1925,1925,265,1066
28,2805802,15082,15082,1521,11162
41,4104253,12148,12148,1346,4505
35,3513009,77933,77933,10621,32264
43,4312500,5783,5783,665,3333
29,2928109,30415,30415,2831,20168
11,1101484,3141,3141,250,636
35,3543253,4622,4622,498,1104
35,3532157,1130,1130,126,520
25,2505709,8641,8641,773,6281
42,4210803,1550,1550,175,666
35,3524105,10701,10701,1853,4905
11,1100452,13368,13368,1965,6458
25,2507408,5261,5261,536,3591
42,4212205,4576,4576,702,1824
21,2109601,28160,28160,2913,18648
43,4306452,453,453,48,121
25,2516755,2411,2411,138,1827
22,2208908,4250,4250,220,3080
52,5209457,1286,1286,154,579
21,2101806,3825,3825,189,2970
28,2802700,7047,7047,552,5628
25,2508604,11108,11108,1507,6817
25,2504074,3661,3661,242,2211
17,1716703,5415,5415,688,2772
23,2303659,7507,7507,604,6107
22,2203859,2178,2178,113,1306
35,3545159,1546,1546,244,401
17,1706258,1366,1366,160,523
35,3512902,3777,3777,561,1679
29,2929800,8586,8586,573,6510
43,4305009,2963,2963,453,1288
21,2107357,12494,12494,998,10200
31,3114006,4738,4738,422,1811
31,3100708,867,867,86,516
29,2921104,15373,15373,2875,9416
31,3121803,3717,3717,490,1985
35,3517000,3456,3456,389,1854
35,3556503,26525,26525,3478,13789
27,2707305,17045,17045,1710,13426
41,4122172,2858,2858,284,1660
52,5201306,10628,10628,1459,4506
35,3522307,51600,51600,8590,25061
24,2406700,7275,7275,954,4097
21,2102374,10687,10687,794,8626
21,2105658,4409,4409,293,3182
29,2911253,3959,3959,305,2752
42,4218855,794,794,61,150
25,2501708,4866,4866,352,3577
35,3556008,3871,3871,538,1132
42,4211454,1118,1118,108,452
43,4305207,3795,3795,594,933
31,3146255,3876,3876,343,2663
25,2507200,8253,8253,746,6236
51,5107776,4411,4411,375,2679
51,5106703,1035,1035,140,549
50,5003306,17749,17749,2545,7718
17,1705607,2878,2878,246,1686
52,5219258,2366,2366,218,1061
24,2400703,8200,8200,877,4875
35,3509007,29489,29489,3111,12614
31,3164506,6410,6410,769,3511
35,3522901,4702,4702,528,1636
31,3153806,621,621,60,213
31,3140407,1759,1759,186,1198
29,2916856,12599,12599,1355,8825
23,2304400,1208024,1208024,206246,746999
29,2920700,17492,17492,1271,13641
27,2707800,5159,5159,398,4453
15,1505908,30376,30376,2384,25610
29,2913457,8234,8234,657,6421
42,4217709,8066,8066,1358,3209
43,4301602,57513,57513,7887,31593
43,4308508,8035,8035,1102,2949
25,2512200,3392,3392,204,2165
22,2209302,4774,4774,316,3755
31,3138302,1250,1250,188,595
50,5000252,2933,2933,346,1183
35,3517802,3494,3494,357,1013
31,3142403,3198,3198,558,1514
31,3154002,11098,11098,1908,5866
24,2408805,4432,4432,320,3056
35,3503158,1956,1956,217,776
43,4305405,1728,1728,204,631
25,2514008,3423,3423,324,2052
29,2922805,6571,6571,596,5036
29,2909000,6490,6490,443,3603
29,2915502,14100,14100,2470,8688
23,2300150,11672,11672,1367,8022
41,4125506,112652,112652,11361,44325
41,4115507,1877,1877,249,788
26,2614501,40108,40108,4080,30208
31,3170057,7586,7586,818,3893
24,2404705,10820,10820,1013,5882
31,3132305,8038,8038,973,5934
33,3303856,15030,15030,1843,8687
43,4322301,1942,1942,236,551
29,2920502,18135,18135,2073,11132
31,3140100,3264,3264,499,1936
31,3155801,8000,8000,1194,3417
35,3505005,1838,1838,207,802
25,2514651,1439,1439,121,922
15,1506112,9372,9372,1087,7066
31,3171709,5756,5756,529,2804
35,3515194,1948,1948,186,514
31,3157500,3323,3323,490,1931
26,2600807,15063,15063,1900,11103
50,5006200,25339,25339,2367,9841
31,3148400,2746,2746,472,1707
21,2103158,9715,9715,430,8446
21,2103703,26057,26057,1500,20088
43,4321501,13895,13895,2360,6715
15,1501600,10435,10435,892,8160
27,2701357,5057,5057,527,3987
27,2706109,9912,9912,748,7986
43,4314787,867,867,33,66
41,4106209,8802,8802,898,3812
15,1501907,23140,23140,1960,19177
26,2605806,11373,11373,786,8909
22,2205201,13249,13249,1008,9722
41,4108700,3302,3302,358,1795
42,4219101,1325,1325,227,285
43,4306809,5123,5123,501,1833
42,4206652,2291,2291,237,862
35,3501806,2211,2211,333,898
23,2313005,11304,11304,1260,6556
35,3500105,7505,7505,1168,1985
43,4308458,1335,1335,169,514
31,3120805,7797,7797,1067,4056
29,2930105,50339,50339,5892,32104
21,2104602,9756,9756,735,7478
41,4113502,8828,8828,1275,2438
43,4306932,3097,3097,423,937
29,2910727,71172,71172,11731,37766
31,3127008,6434,6434,699,3155
31,3171030,5988,5988,552,3947
41,4120101,2274,2274,217,590
31,3134509,2085,2085,260,713
24,2405108,4814,4814,479,3321
51,5108857,1738,1738,186,577
29,2901403,11227,11227,797,7892
41,4116901,10821,10821,1130,4077
52,5208004,55482,55482,7304,28381
31,3158953,18763,18763,2337,7619
41,4116950,1993,1993,223,766
35,3532306,2744,2744,619,1274
52,5220504,3486,3486,356,1595
41,4128500,8395,8395,1066,4343
26,2612000,7986,7986,675,5617
29,2904506,8844,8844,603,6153
35,3532843,976,976,93,239
13,1302405,40413,40413,3504,32733
43,4310439,844,844,115,504
31,3147303,8366,8366,1120,2872
41,4111308,2165,2165,317,799
41,4107546,3177,3177,253,1878
25,2501153,1716,1716,102,1150
11,1100700,4799,4799,581,1774
35,3544509,1723,1723,213,476
43,4306130,683,683,60,72
31,3109600,1995,1995,201,658
42,4212403,985,985,91,249
41,4122651,3174,3174,332,1651
52,5200506,1227,1227,156,423
23,2313351,14637,14637,1194,11445
31,3126703,15618,15618,1843,9668
43,4301073,616,616,92,113
35,3506706,5527,5527,591,2413
29,2904209,8690,8690,788,5865
29,2906600,10354,10354,845,6399
31,3132800,1368,1368,184,676
25,2505105,13643,13643,1399,9969
31,3122355,5312,5312,708,3261
29,2921401,13403,13403,589,9981
31,3130309,2723,2723,341,1239
35,3525607,1948,1948,179,940
31,3114105,6366,6366,717,3239
29,2926400,23944,23944,1955,15407
35,3536406,4064,4064,476,2271
22,2200509,12739,12739,1135,9624
42,4201802,553,553,122,185
41,4115903,1352,1352,141,515
35,3533403,11540,11540,1731,5310
14,1400209,16263,16263,1657,12214
29,2931806,13105,13105,1518,9179
35,3540804,5221,5221,805,1850
51,5100359,3488,3488,247,1896
31,3149903,8689,8689,918,2497
35,3516309,83242,83242,9658,42216
23,2306108,19754,19754,2375,15235
43,4305157,1332,1332,128,523
35,3550704,33776,33776,3817,14797
25,2515302,37295,37295,7206,28492
42,4214151,623,623,94,238
43,4320552,2143,2143,270,1011
31,3125101,17701,17701,1846,4480
31,3170503,4479,4479,708,1418
31,3109204,5031,5031,817,3022
31,3163508,3864,3864,468,2463
43,4306205,4960,4960,294,1189
33,3302106,10516,10516,1483,5096
24,2414308,1708,1708,141,854
41,4123857,6472,6472,571,3366
35,3554300,9303,9303,886,5067
35,3511102,19314,19314,4314,7838
43,4322400,48777,48777,8782,25574
31,3104502,11320,11320,1942,6413
31,3127370,1840,1840,274,1021
42,4208203,51256,51256,6585,21429
25,2513653,2307,2307,167,1260
29,2917706,22088,22088,2119,13905
35,3523008,2638,2638,250,988
43,4313490,2754,2754,157,1109
21,2112852,6744,6744,524,5216
21,2111722,7219,7219,434,5428
31,3130655,4809,4809,428,3549
33,3300159,5225,5225,665,2657
31,3152600,2412,2412,313,896
42,4201000,3930,3930,431,2147
35,3514403,10983,10983,1891,4130
15,1506351,15415,15415,1932,9927
31,3109451,3692,3692,604,1721
31,3172004,19543,19543,2259,6366
35,3555356,1741,1741,296,731
27,2705606,8041,8041,914,5843
31,3135209,43925,43925,6341,28216
31,3148301,5389,5389,766,2869
41,4102208,2144,2144,169,569
31,3121001,4762,4762,398,2663
35,3544608,1981,1981,308,872
28,2801603,3802,3802,474,2543
23,2308351,9717,9717,954,6726
41,4115101,6104,6104,664,2353
29,2921005,33667,33667,3766,20058
24,2411429,2090,2090,198,953
52,5221551,2498,2498,243,1359
35,3525508,4036,4036,624,1690
35,3518800,508237,508237,50506,279634
52,5218300,18294,18294,2357,11102
22,2202554,4772,4772,351,3413
31,3170701,26358,26358,4059,12775
21,2105476,13681,13681,821,11057
29,2932705,16487,16487,2035,12898
22,2211506,3017,3017,198,1735
33,3304524,63544,63544,7785,31674
21,2100402,5215,5215,239,3979
41,4115002,3746,3746,376,1180
15,1507300,45115,45115,3025,33105
25,2513901,21477,21477,2680,15656
33,3301801,5770,5770,704,3533
31,3168309,2542,2542,409,1327
35,3555703,917,917,57,326
51,5107883,1356,1356,68,606
33,3300506,11197,11197,1644,5830
33,3301157,7671,7671,961,3888
22,2210979,2296,2296,181,1281
33,3306107,30151,30151,3686,18396
31,3117603,2427,2427,317,985
41,4104451,7040,7040,904,1991
51,5106778,6426,6426,675,3739
31,3141504,3557,3557,404,1840
43,4302352,1805,1805,137,432
31,3113305,16137,16137,1767,7810
42,4219606,375,375,81,131
29,2925907,20488,20488,1783,14977
42,4218756,1177,1177,123,173
42,4219150,1159,1159,121,318
21,2107308,3518,3518,195,2748
52,5201504,2393,2393,320,965
31,3120300,5093,5093,358,3681
24,2412609,12417,12417,1283,8069
31,3140209,1779,1779,239,621
17,1701101,3459,3459,388,1780
29,2928604,38221,38221,3332,27657
21,2109551,4718,4718,422,3099
43,4307807,9758,9758,723,3382
33,3301850,32817,32817,3926,18725
29,2925758,20542,20542,1837,16531
41,4112009,14236,14236,1540,6512
35,3503109,3159,3159,353,1359
22,2207207,5038,5038,345,3803
22,2207108,2495,2495,147,1506
32,3202504,9083,9083,742,2927
24,2401800,8852,8852,814,5405
29,2902005,12193,12193,911,7337
28,2805505,16285,16285,1673,11453
29,2928208,19335,19335,1745,12003
21,2112456,17304,17304,961,14583
25,2504900,12957,12957,1403,9949
11,1101609,4820,4820,515,1855
25,2514909,5183,5183,521,3595
31,3116902,1415,1415,104,724
31,3144359,5186,5186,564,2396
15,1507003,22732,22732,2628,17222
31,3152170,7632,7632,1075,4483
42,4213351,1536,1536,177,798
35,3513603,11237,11237,1632,6163
23,2307007,27413,27413,3710,17434
24,2413557,3856,3856,343,2399
31,3147956,3897,3897,431,2474
42,4205308,2658,2658,485,949
35,3508009,12120,12120,1579,8127
51,5105580,6937,6937,669,3776
42,4209102,112310,112310,15714,44279
23,2300507,8052,8052,1122,4116
29,2904050,13464,13464,892,9163
41,4103701,40997,40997,5552,13343
28,2801108,4101,4101,330,2912
43,4304408,16058,16058,1495,7932
41,4125456,2194,2194,207,849
29,2919405,9485,9485,807,5143
35,3503802,15337,15337,2232,6213
35,3548104,1676,1676,304,731
22,2201002,3847,3847,236,2537
33,3303104,7439,7439,973,4088
32,3201407,12140,12140,1211,5531
25,2512036,3557,3557,438,2159
31,3110608,10045,10045,1375,4015
27,2705903,4245,4245,331,3606
29,2916609,4849,4849,886,2766
22,2209906,4577,4577,282,3392
31,3103009,5354,5354,691,2277
35,3504503,25233,25233,3661,12513
35,3533205,2022,2022,162,872
29,2909703,9642,9642,781,6610
29,2917508,51206,51206,4693,33401
23,2307601,34239,34239,4568,21869
43,4309803,1260,1260,180,514
31,3125309,1918,1918,216,1153
43,4319711,321,321,44,100
41,4103206,2872,2872,469,706
21,2108801,12132,12132,1006,9139
33,3300456,258367,258367,27461,174500
42,4205605,1198,1198,167,690
41,4100905,2884,2884,268,1351
24,2403806,6926,6926,780,3831
22,2201804,2785,2785,279,1749
29,2911808,15107,15107,2060,10372
21,2105500,18020,18020,1948,11991
26,2604502,15308,15308,1594,11897
23,2307502,23324,23324,2133,14980
27,2701407,21282,21282,3120,13754
32,3204559,15176,15176,1077,6556
51,5103908,4315,4315,330,2744
51,5106299,5788,5788,744,2052
35,3520301,16902,16902,2199,10534
51,5106158,8017,8017,601,4148
33,3300258,18654,18654,1733,7537
24,2409209,2660,2660,147,1590
17,1720937,1425,1425,116,740
21,2108207,21024,21024,3029,13829
50,5005806,9306,9306,822,4447
52,5212501,116602,116602,15084,62804
33,3304805,16921,16921,1968,10714
52,5204508,42952,42952,5006,15368
42,4202206,1297,1297,174,463
31,3115201,1896,1896,139,1197
52,5209705,13650,13650,1550,6168
26,2610905,45317,45317,4261,34263
32,3205309,102818,102818,12481,52017
42,4218301,7316,7316,1106,2311
22,2202059,7547,7547,578,5548
21,2101731,8543,8543,980,7251
31,3121704,2253,2253,148,1311
41,4110508,6930,6930,677,2331
52,5222302,3762,3762,371,1824
17,1704600,1330,1330,106,657
31,3108909,5922,5922,852,1662
31,3105301,2340,2340,407,643
52,5215207,2105,2105,188,1048
52,5207907,8395,8395,648,4198
31,3112901,6038,6038,501,3724
43,4314753,673,673,49,37
43,4314548,298,298,35,122
23,2303931,9967,9967,1134,6564
31,3123106,3304,3304,327,1844
31,3119955,3063,3063,317,398
12,1200252,10918,10918,1653,7598
31,3138625,2905,2905,339,1033
15,1506195,19964,19964,1568,14162
32,3203320,25954,25954,3450,14845
22,2201150,8950,8950,412,7227
31,3115409,1635,1635,104,1147
42,4208450,10602,10602,1522,4182
27,2706604,4981,4981,682,3668
23,2305506,61837,61837,10223,38452
29,2919306,7001,7001,526,4971
33,3301702,431114,431114,51286,258225
43,4317202,22190,22190,2741,5673
43,4319703,1302,1302,168,242
29,2908507,20540,20540,1967,13877
31,3111903,2515,2515,228,1105
17,1720101,4652,4652,367,2900
31,3103108,809,809,77,373
35,3518305,14641,14641,1584,7015
31,3152303,6337,6337,622,3906
29,2924058,11300,11300,833,8234
31,3145000,5843,5843,595,2375
41,4108106,1340,1340,133,483
42,4202156,896,896,99,337
41,4105706,8026,8026,1085,3166
52,5205455,4338,4338,471,1998
31,3130101,18316,18316,2380,9819
31,3136801,2946,2946,288,1608
35,3513504,41895,41895,4606,21994
22,2201101,9282,9282,966,6939
31,3113206,10074,10074,1243,4799
25,2501401,7658,7658,662,6079
43,4300604,75929,75929,11087,39527
29,2903276,12577,12577,868,7897
31,3136579,2845,2845,194,1662
31,3151503,14672,14672,2006,6068
27,2709301,42409,42409,7055,28625
31,3145703,1021,1021,181,554
31,3120706,2758,2758,267,1143
52,5207808,4477,4477,526,1995
43,4314308,1793,1793,151,485
29,2909505,3606,3606,458,2196
29,2926657,6383,6383,567,4685
29,2918506,12955,12955,929,9862
17,1706100,4412,4412,541,2441
41,4120804,8106,8106,833,3376
43,4313037,2252,2252,182,613
17,1713205,11148,11148,1842,5049
29,2927804,4043,4043,579,2615
31,3148905,1773,1773,224,675
29,2914208,4779,4779,400,3336
17,1716307,3124,3124,304,1778
16,1600600,76715,76715,12639,50899
52,5214408,4197,4197,556,1954
41,4116703,3900,3900,503,1601
24,2412807,6090,6090,477,4420
27,2709152,28134,28134,4010,17693
43,4321105,6594,6594,1169,2597
15,1504976,8771,8771,943,5809
31,3135902,3351,3351,425,1830
35,3510104,1344,1344,125,444
29,2924108,4941,4941,360,3843
43,4301875,2298,2298,450,1287
25,2500502,10364,10364,1059,8198
52,5203559,5609,5609,779,2373
16,1600808,9912,9912,684,8243
33,3302403,91197,91197,10561,53212
43,4313805,3107,3107,266,1706
41,4116604,2325,2325,184,826
21,2107407,13646,13646,1570,10424
35,3554409,1883,1883,250,635
29,2922003,23666,23666,3149,12203
35,3501301,9819,9819,1030,5315
25,2503555,6344,6344,377,5290
31,3115003,1448,1448,147,679
25,2500775,6703,6703,681,4420
26,2613602,20287,20287,2208,13826
24,2414506,7602,7602,674,4959
21,2109700,4647,4647,317,3312
35,3518206,9682,9682,1628,4018
41,4125100,6220,6220,640,1989
21,2101004,19763,19763,1895,14490
21,2111508,26509,26509,2562,19662
24,2402501,7598,7598,575,5216
35,3505500,29230,29230,5511,12019
11,1100072,3311,3311,239,967
33,3302007,60016,60016,7265,39343
43,4322103,1338,1338,233,532
23,2309805,8903,8903,764,5905
22,2210607,28359,28359,2720,19239
31,3112703,9685,9685,1137,6086
41,4125803,4155,4155,428,1761
43,4305702,2079,2079,205,948
21,2102903,20673,20673,985,17570
35,3508405,12455,12455,2025,6033
51,5105234,3090,3090,319,1519
43,4301750,2306,2306,255,1203
12,1200104,18643,18643,1926,13428
31,3138609,8342,8342,1279,3794
31,3130002,1459,1459,185,756
31,3126505,5246,5246,400,2625
35,3543709,2913,2913,486,1703
25,2505501,2923,2923,319,1860
29,2905800,24074,24074,2688,18012
35,3520202,4952,4952,673,2289
25,2509156,6012,6012,1549,3843
41,4123824,1352,1352,238,587
43,4314902,436949,436949,53500,213321
41,4114906,4537,4537,741,2250
23,2309706,46281,46281,7321,29801
26,2612604,37947,37947,2239,30314
31,3163805,4082,4082,433,2455
29,2905909,22406,22406,1743,17345
31,3120003,1824,1824,259,1113
35,3548302,1372,1372,146,443
35,3518859,2727,2727,392,1517
51,5103379,4895,4895,347,2355
35,3502705,12278,12278,1798,6552
43,4313607,1815,1815,130,454
50,5008305,59075,59075,5544,21383
51,5104500,1366,1366,118,549
43,4321667,2277,2277,361,828
24,2411908,3193,3193,347,1788
43,4316709,3688,3688,459,1379
31,3151800,45879,45879,6589,14023
25,2501203,5639,5639,593,4282
22,2210201,5004,5004,502,3422
24,2401305,7995,7995,585,5642
41,4116802,3924,3924,446,1637
31,3118007,18739,18739,1810,6166
35,3536000,4294,4294,609,1932
35,3528908,1619,1619,155,712
29,2919603,9132,9132,562,6586
50,5005103,2061,2061,123,942
31,3149002,2142,2142,171,1119
35,3515509,19958,19958,3501,7426
33,3305307,4754,4754,544,2288
35,3547601,6722,6722,1262,2765
33,3300225,6211,6211,654,2663
21,2112001,6544,6544,600,4171
22,2200277,3327,3327,283,2422
51,5105150,15552,15552,2698,7286
31,3109006,13731,13731,1545,5410
31,3166956,3201,3201,234,1764
31,3160603,1812,1812,406,993
52,5214903,2310,2310,175,1228
28,2802205,4481,4481,445,3308
28,2802106,45136,45136,5983,28501
42,4216701,2997,2997,320,950
31,3136405,2915,2915,262,1618
52,5219738,5017,5017,370,2217
41,4128104,39056,39056,6176,13335
32,3203007,15074,15074,1478,7175
51,5102850,3347,3347,327,1399
22,2209153,2593,2593,142,1536
15,1500404,45945,45945,3684,37890
52,5206800,2334,2334,280,1072
41,4116109,6620,6620,626,2949
41,4106571,1628,1628,159,698
35,3545704,1798,1798,441,285
31,3115904,1844,1844,331,960
43,4310553,1778,1778,142,957
29,2929750,9946,9946,641,7831
21,2107100,15796,15796,1417,13238
29,2912202,14030,14030,981,9431
29,2912103,16610,16610,3276,10848
43,4319505,8258,8258,940,2705
51,5100201,12415,12415,1144,3065
31,3146701,3521,3521,442,1909
43,4322608,19547,19547,2241,8109
24,2407252,3316,3316,471,1838
29,2927903,8017,8017,1316,5519
35,3529807,4337,4337,515,2325
31,3132909,4055,4055,715,2188
32,3203130,7110,7110,782,2114
41,4101002,6545,6545,688,1343
41,4117206,2495,2495,391,754
24,2411700,3416,3416,250,2339
43,4302220,850,850,62,251
29,2906105,7720,7720,713,4937
29,2932457,11151,11151,622,8550
21,2101202,69922,69922,8914,49164
28,2804003,9882,9882,1032,6970
35,3552106,9715,9715,1499,4248
35,3519709,35384,35384,5647,21083
26,2609204,7719,7719,897,6054
35,3554755,979,979,98,400
31,3159704,1645,1645,257,949
15,1506302,18345,18345,1509,14635
52,5211503,39304,39304,4561,16051
43,4322350,148,148,17,61
22,2211209,15497,15497,1007,11998
31,3144706,7350,7350,871,3306
52,5219902,4176,4176,310,2307
16,1600501,22503,22503,1957,16772
41,4107256,3117,3117,451,963
52,5211701,2779,2779,308,983
28,2807204,5717,5717,687,4000
41,4108452,3013,3013,395,1644
52,5200258,125588,125588,12916,70495
35,3522604,14307,14307,2325,5601
22,2202455,3711,3711,368,2663
26,2616209,14108,14108,1215,10978
32,3203403,16267,16267,1445,8588
41,4126702,2324,2324,240,831
16,1600105,6744,6744,515,5739
35,3503604,3489,3489,367,1744
21,2101905,14703,14703,1495,10865
31,3131406,1959,1959,358,1045
51,5103106,3198,3198,248,1588
52,5218904,9695,9695,1175,3200
23,2300606,6893,6893,716,4378
31,3163409,2958,2958,383,1553
29,2919926,10667,10667,903,7404
28,2804805,124700,124700,16048,79767
35,3517406,9212,9212,1718,4964
35,3530607,148954,148954,18424,91968
43,4311304,9692,9692,1464,4961
23,2313807,15825,15825,1642,12726
21,2111672,4716,4716,276,3911
31,3137536,5242,5242,681,2177
22,2205540,2447,2447,222,1578
41,4113205,16215,16215,1667,6815
29,2924207,12020,12020,628,9176
28,2801900,2933,2933,239,2172
13,1304062,48319,48319,5818,39297
35,3556354,3441,3441,428,1275
26,2602803,37533,37533,3264,29588
41,4114351,1271,1271,120,258
35,3541703,5949,5949,483,2598
31,3143609,1898,1898,352,666
31,3144201,1956,1956,300,833
41,4111605,1046,1046,93,299
41,4126355,1600,1600,236,493
42,4208708,2669,2669,397,1085
42,4212254,3911,3911,527,2252
43,4318457,1475,1475,117,595
52,5201702,11214,11214,1245,5162
31,3153400,7159,7159,850,3142
21,2106375,9347,9347,519,7331
26,2610301,12413,12413,1195,8901
41,4115309,2622,2622,384,771
52,5205059,2138,2138,238,1255
23,2303501,50947,50947,7915,35848
28,2801405,14121,14121,1343,10403
35,3551801,8025,8025,1352,4655
42,4213708,2955,2955,669,931
25,2504306,18546,18546,2147,12379
31,3137106,3156,3156,276,1724
29,2921500,42274,42274,3868,30443
35,3536257,1775,1775,214,589
33,3304151,14131,14131,1681,7301
50,5005004,12423,12423,2619,4548
35,3541802,1401,1401,150,506
23,2311603,21738,21738,2687,14504
22,2204204,5586,5586,521,3251
31,3148806,2026,2026,249,1030
41,4120655,1805,1805,185,580
24,2400406,2435,2435,210,1397
33,3302304,4959,4959,681,2353
35,3524808,12913,12913,2880,4560
27,2706406,17067,17067,1653,11908
25,2508307,19133,19133,2456,12311
17,1703305,3592,3592,345,2594
23,2307106,21878,21878,2526,15081
43,4318200,7352,7352,851,3531
31,3138203,42592,42592,2987,13901
43,4301958,1478,1478,34,65
41,4108601,12131,12131,1637,5782
35,3500907,1547,1547,167,517
23,2305803,31443,31443,3031,23761
25,2509057,7432,7432,717,6193
52,5215603,17151,17151,2683,8837
31,3111002,7330,7330,1116,3187
52,5219357,2628,2628,279,1200
41,4107504,5118,5118,621,2067
31,3149101,5248,5248,604,2530
52,5220280,1470,1470,113,605
31,3142106,4858,4858,691,1975
11,1100338,15985,15985,1893,8985
31,3124609,1227,1227,237,665
31,3129905,1411,1411,204,601
29,2901502,7133,7133,525,5052
22,2203750,4693,4693,178,4062
51,5106174,3820,3820,205,2673
51,5107354,4548,4548,295,2914
26,2613701,66594,66594,9900,44701
17,1718501,3212,3212,309,2393
21,2102150,7970,7970,483,6698
35,3505351,4403,4403,407,2885
42,4205506,13784,13784,1802,5065
43,4309258,268,268,30,73
42,4204152,1140,1140,110,533
29,2911907,18174,18174,2346,12855
28,2805109,7549,7549,621,5963
23,2309458,19139,19139,2444,13025
26,2610004,38077,38077,4901,26857
29,2927507,18470,18470,1321,13627
35,3511607,5574,5574,809,1633
22,2209351,3401,3401,295,1762
35,3520905,4876,4876,521,2434
32,3204658,5579,5579,513,2854
25,2516151,3404,3404,296,2343
21,2103554,12093,12093,1098,9718
22,2207801,15704,15704,1054,11482
24,2409100,9619,9619,864,6566
15,1502954,21847,21847,2137,13169
35,3533007,6944,6944,982,2768
35,3545407,3628,3628,721,1540
29,2902807,19022,19022,1450,12314
43,4312302,2769,2769,143,1057
35,3552551,2039,2039,173,510
31,3148509,5262,5262,579,3630
51,5107578,2201,2201,151,878
24,2409902,7982,7982,838,5382
35,3512407,6903,6903,614,1175
35,3526605,3348,3348,355,1844
43,4308003,2344,2344,196,1217
29,2933059,11022,11022,662,7978
35,3554003,33819,33819,4238,17724
52,5216403,5430,5430,592,2054
29,2917904,7543,7543,625,5812
21,2106672,6218,6218,438,5252
35,3507456,1825,1825,165,630
11,1101005,5697,5697,431,3015
23,2308005,28706,28706,3702,18848
41,4117297,1850,1850,212,602
25,2508109,3643,3643,366,2521
41,4124806,4122,4122,394,1025
42,4212270,2250,2250,196,958
33,3300100,80323,80323,8848,45555
29,2922656,10257,10257,899,7507
31,3138104,4790,4790,405,2862
52,5209200,11236,11236,1272,6421
52,5200175,3451,3451,367,1281
43,4304614,654,654,51,149
24,2406205,5583,5583,535,3886
21,2105401,44805,44805,4660,31486
42,4207403,1308,1308,192,498
29,2900306,10704,10704,1246,8271
43,4313706,14849,14849,2327,7284
23,2303105,14819,14819,1658,8910
25,2505279,4521,4521,387,3811
26,2604007,49165,49165,6766,33203
31,3167707,3443,3443,443,2130
22,2202307,14033,14033,1175,10837
33,3301009,216354,216354,27994,146303
42,4211801,1082,1082,117,238
24,2412500,17626,17626,2159,11748
41,4100301,5316,5316,674,2975
21,2110856,6730,6730,399,4879
31,3160207,2511,2511,380,1467
43,4307005,27508,27508,3004,8472
41,4114807,16910,16910,1921,5569
43,4315552,1973,1973,86,763
21,2104081,10466,10466,916,9028
41,4103107,8387,8387,896,4526
31,3150000,2614,2614,320,1338
26,2601201,42478,42478,5471,29619
26,2608453,12631,12631,1337,8755
52,5217401,14573,14573,1535,5800
24,2408706,2782,2782,258,1587
52,5214051,3962,3962,367,1530
31,3162575,3994,3994,455,2077
26,2600708,26949,26949,3619,19335
43,4314175,1370,1370,105,527
35,3532801,2309,2309,374,823
15,1506104,8938,8938,1023,6652
31,3160009,2030,2030,354,1047
29,2923001,27654,27654,3675,16622
43,4319109,2166,2166,122,399
31,3117702,6671,6671,1081,2963
41,4126405,2969,2969,292,679
21,2112308,24588,24588,1933,18596
31,3117801,4920,4920,623,2007
21,2108454,15838,15838,1104,13009
42,4202909,18096,18096,2766,8275
43,4303301,1954,1954,154,555
43,4312377,1379,1379,211,686
35,3531100,25821,25821,4889,14505
31,3107604,2031,2031,210,1058
31,3116704,4165,4165,468,1832
23,2305654,8467,8467,959,5991
35,3503901,35712,35712,4217,18857
17,1714203,5842,5842,677,3153
41,4103404,1295,1295,166,381
31,3156502,4340,4340,464,2672
35,3535606,6980,6980,1255,3219
31,3116209,1888,1888,204,885
43,4306353,1525,1525,111,738
35,3500501,4223,4223,748,1303
15,1506138,45622,45622,6245,25726
43,4300109,4918,4918,591,2377
52,5206602,1500,1500,139,497
15,1502004,18362,18362,1137,15647
22,2205706,24825,24825,2524,18085
23,2305266,11126,11126,1307,7562
51,5103254,14771,14771,1130,5257
25,2513802,3651,3651,302,2628
29,2933505,16323,16323,1782,12654
24,2412005,68078,68078,8342,43617
35,3544103,19483,19483,1967,9791
35,3505906,16387,16387,2199,7563
25,2512903,16289,16289,2159,11727
43,4312252,4195,4195,419,2378
31,3109709,3604,3604,632,1381
21,2109205,9654,9654,671,8277
23,2310902,11648,11648,1084,6745
29,2927309,12575,12575,797,9486
35,3540309,1386,1386,139,349
26,2610400,15328,15328,1586,10662
27,2708402,26554,26554,2735,19933
52,5221197,5027,5027,497,3031
41,4117222,3547,3547,220,896
26,2605509,8887,8887,1209,5574
35,3544905,2614,2614,347,1101
31,3171501,2433,2433,422,1564
33,3304755,28661,28661,5391,18235
41,4107108,2386,2386,276,837
35,3545506,1838,1838,185,886
28,2804706,5045,5045,639,3232
43,4315602,90075,90075,11519,32472
41,4128625,1881,1881,270,901
35,3502754,9842,9842,1062,5428
26,2609006,16251,16251,3088,10896
22,2205250,3480,3480,237,2630
25,2511905,13242,13242,1041,9921
43,4309506,2065,2065,364,867
50,5002407,13690,13690,1672,6048
31,3130606,3075,3075,478,1103
51,5101209,631,631,96,310
43,4301305,9260,9260,1691,4239
21,2105450,6883,6883,347,5367
25,2517209,3804,3804,398,2373
42,4200804,1321,1321,138,354
42,4202107,15041,15041,1993,5779
42,4216404,2562,2562,404,1458
13,1303205,12672,12672,1821,9293
29,2931509,15629,15629,1316,9776
23,2311959,16319,16319,1358,10897
29,2928802,34624,34624,3369,21467
26,2602308,29053,29053,2978,21104
43,4310009,4805,4805,554,582
17,1713957,2731,2731,252,1465
43,4321832,1530,1530,138,791
43,4307203,2434,2434,235,955
22,2208403,40780,40780,6176,27514
24,2400505,9871,9871,1191,5967
24,2401008,26240,26240,3031,16807
43,4306759,961,961,35,134
35,3546256,933,933,98,234
31,3106903,7010,7010,1049,3467
21,2111102,17396,17396,1442,12721
31,3107208,2944,2944,471,1862
35,3510203,22618,22618,3216,11505
33,3304904,328872,328872,38066,183179
11,1100288,21772,21772,3309,6348
29,2929057,11669,11669,1195,7407
21,2111904,9039,9039,421,7390
26,2603702,16185,16185,2052,11556
29,2914604,47769,47769,4237,32322
17,1706001,4288,4288,409,2351
43,4301800,2052,2052,259,867
29,2901809,8144,8144,716,5931
43,4311130,1707,1707,109,950
31,3130408,3110,3110,319,1569
31,3156106,2787,2787,325,1098
26,2616506,10437,10437,1184,7946
42,4209904,1357,1357,329,380
43,4319125,1778,1778,133,947
32,3202652,8298,8298,775,3480
22,2206357,5491,5491,413,4076
41,4112603,954,954,57,328
31,3111309,5524,5524,678,2943
31,3139003,18685,18685,1870,7370
43,4305355,11698,11698,1140,4511
31,3154408,2678,2678,309,1481
43,4316204,1367,1367,82,588
26,2611101,223134,223134,25188,136411
43,4323408,1155,1155,86,295
50,5007935,6453,6453,689,2633
42,4213203,2064,2064,423,200
25,2515971,6314,6314,707,5243
35,3516507,1193,1193,118,299
31,3113107,1408,1408,136,799
35,3515004,125578,125578,13587,59570
33,3303005,15066,15066,1607,8841
23,2304509,11123,11123,1292,7399
31,3104007,34970,34970,5620,15897
24,2411809,2646,2646,174,1314
28,2803104,3589,3589,389,2375
42,4208005,2103,2103,232,986
23,2304350,16468,16468,3059,9283
32,3200201,14999,14999,1620,7604
31,3125903,4493,4493,703,2364
41,4115606,5409,5409,750,876
17,1703826,1731,1731,203,981
25,2506509,2681,2681,216,1800
31,3160801,2879,2879,330,1599
26,2613909,55909,55909,8675,35583
21,2111631,4736,4736,189,3899
35,3547502,7783,7783,1091,2686
41,4113429,2854,2854,245,875
22,2207934,2616,2616,180,1946
31,3145356,6866,6866,780,4532
31,3147600,6441,6441,947,1773
21,2108058,15402,15402,1002,12842
35,3533809,1009,1009,108,499
43,4314605,8976,8976,1133,3878
42,4210035,1133,1133,94,93
42,4202859,218,218,75,44
43,4321634,630,630,42,24
29,2902252,5975,5975,874,4114
21,2105005,24457,24457,2107,20346
17,1711902,7282,7282,722,4888
26,2605400,16378,16378,1502,13157
41,4113254,4605,4605,257,2643
21,2104701,5221,5221,395,3717
14,1400605,6298,6298,451,4328
27,2707602,9356,9356,1011,6867
31,3169901,39779,39779,5147,15063
22,2206753,3885,3885,322,2751
52,5218706,2666,2666,431,946
31,3155405,4721,4721,966,1696
31,3146107,27103,27103,2720,13038
35,3529708,8722,8722,1125,5116
41,4124004,2734,2734,361,1050
31,3100401,2289,2289,329,1116
35,3509908,6497,6497,801,4117
35,3537156,1273,1273,115,398
15,1508407,27465,27465,3023,17556
42,4201901,753,753,185,217
22,2201309,2866,2866,260,2155
28,2805604,21883,21883,1472,17998
31,3165602,1466,1466,249,522
35,3507100,9656,9656,1202,4900
21,2111573,4188,4188,411,2971
35,3536604,3133,3133,514,1693
31,3140555,6106,6106,699,4381
33,3302056,6197,6197,943,3250
17,1720655,3887,3887,324,2332
28,2801306,20387,20387,2955,14575
43,4317251,169,169,7,43
27,2705705,14054,14054,1504,10567
42,4200309,640,640,140,292
28,2806602,7858,7858,831,5819
17,1718303,5171,5171,525,3245
35,3541901,4571,4571,503,2024
13,1303536,22554,22554,2319,15694
52,5204250,4178,4178,429,1276
42,4208500,4333,4333,868,1598
15,1505809,53320,53320,5792,44149
21,2103505,26750,26750,1411,22467
17,1721257,1227,1227,134,559
31,3126901,6193,6193,1049,3474
35,3545001,7492,7492,856,3589
29,2930758,11338,11338,686,9190
43,4301008,6757,6757,385,1307
22,2211100,33016,33016,2928,26067
27,2707909,4851,4851,666,3400
52,5204003,4547,4547,567,2851
35,3524600,7978,7978,1374,4239
42,4205209,957,957,187,126
21,2111789,12071,12071,457,10229
31,3171071,4042,4042,308,1963
31,3161601,2450,2450,397,1429
29,2922102,14693,14693,800,11634
43,4323754,1492,1492,146,569
22,2202505,8271,8271,594,6937
24,2404804,1565,1565,102,606
29,2905206,35725,35725,3127,21347
51,5106224,18865,18865,1340,5290
13,1301654,13692,13692,1209,11662
26,2614600,22310,22310,2019,15747
41,4120309,2000,2000,173,978
35,3549953,7717,7717,1222,3812
31,3104809,2799,2799,445,1417
17,1717206,1980,1980,138,1148
31,3163201,2210,2210,253,889
29,2919553,57064,57064,3709,36846
43,4317954,756,756,67,181
23,2301901,49939,49939,7721,27645
25,2506608,4223,4223,318,2731
52,5218391,2700,2700,503,1094
24,2413003,4329,4329,338,2576
50,5006259,1692,1692,236,654
33,3306305,96477,96477,10182,48531
35,3540408,1841,1841,253,817
13,1303700,25864,25864,2111,19646
22,2200608,5253,5253,412,4018
42,4209805,928,928,80,403
31,3158904,5430,5430,379,3247
35,3511201,2258,2258,193,643
22,2209559,4165,4165,342,2888
35,3554656,1338,1338,217,740
24,2404200,18214,18214,2161,12860
52,5205307,8074,8074,651,4306
25,2503506,12025,12025,1273,8618
15,1505403,14547,14547,1239,11046
31,3127339,3962,3962,245,1906
15,1503044,13728,13728,1057,10038
52,5201108,141140,141140,19743,37065
21,2112100,19241,19241,1488,15197
42,4214409,2418,2418,367,942
29,2915007,11978,11978,717,9397
13,1301852,51666,51666,5624,39864
31,3124500,4660,4660,537,2251
42,4211306,26823,26823,2953,12910
42,4205902,12511,12511,1512,3922
32,3202009,4230,4230,396,1843
21,2104651,7910,7910,523,6529
14,1400100,200882,200882,29665,117730
43,4317905,2567,2567,275,1003
31,3142700,9606,9606,1078,6087
31,3104106,3220,3220,405,1001
26,2604403,10033,10033,932,7756
32,3204401,4590,4590,596,2067
29,2918001,93289,93289,19287,52640
29,2923407,16798,16798,1651,10098
27,2707701,62371,62371,8566,36757
21,2106805,11525,11525,464,9592
31,3159506,3521,3521,258,2596
24,2400208,40930,40930,5042,24276
12,1200328,8733,8733,542,7459
26,2605152,12731,12731,1221,7379
42,4213401,4824,4824,819,2030
23,2313757,13310,13310,1412,10127
41,4117107,5888,5888,629,2091
41,4122503,5142,5142,820,1736
15,1503804,26925,26925,3116,19179
29,2924306,15111,15111,1450,8882
29,2908309,10901,10901,1200,7072
29,2912905,14559,14559,3317,9025
25,2511509,8501,8501,1306,6593
22,2206407,6891,6891,611,4819
35,3549003,1109,1109,165,410
50,5003702,83926,83926,12382,39562
22,2207702,88082,88082,13965,54819
41,4112108,8457,8457,1123,3007
42,4209151,1962,1962,286,1156
35,3507704,2700,2700,170,1336
31,3163904,2135,2135,245,1104
31,3111200,21402,21402,2409,9175
26,2612208,40864,40864,5170,25693
35,3536802,2086,2086,370,946
24,2408508,4018,4018,356,1817
31,3165206,3353,3353,442,1225
35,3513306,849,849,86,335
23,2300754,32527,32527,3279,25512
35,3551207,2169,2169,291,885
22,2210409,13683,13683,944,9217
22,2208007,45501,45501,4670,29419
31,3127388,2440,2440,441,1046
31,3136959,4781,4781,438,2853
42,4203204,23876,23876,3132,9084
43,4313904,7710,7710,994,2760
35,3527900,1193,1193,124,422
35,3509403,7698,7698,1444,3664
31,3107000,1100,1100,155,630
11,1100262,1981,1981,222,744
23,2302008,15655,15655,1659,9649
43,4315958,1254,1254,175,407
25,2509404,10864,10864,895,8472
43,4317400,14691,14691,2440,5421
31,3168101,2102,2102,180,1275
21,2105609,12202,12202,825,9637
31,3141306,1962,1962,160,931
31,3167004,1044,1044,149,673
27,2705309,4213,4213,303,2881
31,3136306,23033,23033,3389,12591
31,3162922,18786,18786,2204,10693
41,4120002,4791,4791,594,2097
35,3530003,1327,1327,262,359
14,1400233,9231,9231,672,6870
52,5209952,7620,7620,797,3031
31,3150109,1301,1301,269,694
22,2205854,6715,6715,360,4954
41,4112405,3751,3751,318,1309
23,2305308,18026,18026,1943,12360
50,5004908,3276,3276,397,1093
22,2201051,6474,6474,444,4471
11,1100122,52671,52671,8374,21245
23,2301851,12713,12713,1389,8568
35,3534203,1662,1662,197,484
35,3515152,8034,8034,773,2893
35,3536901,1364,1364,128,250
31,3156700,47582,47582,5689,23429
22,2202251,2497,2497,142,1941
43,4313409,63968,63968,7555,26729
35,3554805,13289,13289,1884,6965
17,1720499,3235,3235,315,1770
43,4309571,756,756,85,493
50,5006408,4129,4129,683,2108
41,4111506,11624,11624,2295,2450
41,4106506,7885,7885,971,2938
42,4202503,2111,2111,203,1265
43,4304903,1829,1829,142,517
29,2906899,8096,8096,888,4741
41,4120705,3648,3648,525,1509
43,4313300,6539,6539,483,2046
17,1716653,3703,3703,396,1869
31,3138351,2740,2740,333,1269
43,4307708,29966,29966,3424,12600
15,1508126,18462,18462,1521,13120
29,2900801,19757,19757,2055,13363
43,4321493,1425,1425,68,348
31,3112307,25847,25847,3271,11211
51,5106455,2335,2335,197,1093
28,2806305,11085,11085,1215,8067
29,2925204,19770,19770,2333,13205
29,2925006,19322,19322,2521,12179
31,3142809,9164,9164,1386,4408
35,3503208,54875,54875,7712,23123
25,2512606,1464,1464,146,988
22,2205102,6995,6995,516,5106
43,4312054,1579,1579,144,267
35,3535200,3075,3075,491,1007
41,4123808,4131,4131,593,1141
31,3137007,9624,9624,1192,7044
23,2302909,13039,13039,1506,9200
31,3139250,4182,4182,234,2235
22,2210300,3961,3961,335,2965
21,2114007,31530,31530,3057,22577
35,3554904,2504,2504,358,787
41,4117404,1176,1176,185,320
26,2607653,24841,24841,3912,17399
26,2600906,13886,13886,1420,10254
50,5003157,13254,13254,1907,8870
15,1502806,31077,31077,1684,27100
31,3155702,7241,7241,843,3254
41,4116208,8241,8241,892,4336
35,3538105,4038,4038,521,1493
41,4123600,804,804,102,367
16,1600204,8342,8342,769,6328
41,4100400,48990,48990,5391,19140
31,3111507,4624,4624,756,2525
31,3162252,3811,3811,299,2166
35,3545100,2172,2172,237,957
33,3306206,14866,14866,1744,8729
24,2411205,23296,23296,3571,15884
26,2612554,11864,11864,1153,7531
31,3171006,6134,6134,799,2578
35,3509957,2999,2999,272,1607
23,2302206,39326,39326,4789,28645
52,5203500,10083,10083,985,4083
35,3541505,7681,7681,1366,3549
41,4121307,2152,2152,193,745
43,4300455,1544,1544,223,797
33,3302700,124840,124840,11126,42975
35,3526308,2186,2186,445,1067
15,1507755,3857,3857,290,2648
43,4321451,6592,6592,682,1773
24,2408409,2909,2909,302,1686
23,2311355,12148,12148,1190,8111
31,3147105,25876,25876,3567,9827
52,5204557,2485,2485,382,992
43,4315800,3799,3799,272,1022
42,4209854,1159,1159,186,265
31,3117108,4972,4972,540,2225
25,2507507,341277,341277,50408,210021
29,2927200,19560,19560,1833,14275
23,2304103,43670,43670,7183,28743
31,3169307,29164,29164,4234,12628
50,5004403,4260,4260,386,1299
26,2601508,7896,7896,730,6345
42,4209003,5184,5184,708,1646
41,4128302,1091,1091,88,378
41,4128005,11194,11194,1381,4648
41,4105805,88840,88840,9721,38019
31,3169059,1631,1631,177,964
24,2407203,14062,14062,1681,8847
35,3515806,687,687,101,235
43,4301651,1064,1064,96,84
31,3132404,29132,29132,4261,12932
51,5105507,8765,8765,619,4767
29,2924405,28437,28437,1930,23919
13,1303106,23623,23623,2498,19475
42,4211108,3932,3932,427,2314
31,3136504,5263,5263,829,3044
21,2106102,8379,8379,710,6344
29,2928307,7199,7199,481,5615
35,3504305,2159,2159,302,1204
27,2705200,11517,11517,1388,6591
24,2414605,11185,11185,955,6233
17,1708205,12060,12060,1406,6788
21,2109809,23574,23574,1794,18948
43,4314050,21533,21533,2080,9274
26,2601300,8409,8409,1272,5942
35,3505104,3294,3294,414,1694
52,5204300,6068,6068,976,1760
42,4211900,56422,56422,7496,22407
31,3109303,15666,15666,2250,7691
25,2501302,14780,14780,1341,11234
22,2205599,4596,4596,294,3213
31,3155207,2782,2782,287,1848
50,5006275,2343,2343,210,685
41,4115853,1669,1669,214,281
41,4103958,2692,2692,186,1275
28,2802403,8988,8988,684,6848
35,3557303,3242,3242,500,1463
29,2910859,15255,15255,1171,10970
32,3204955,4693,4693,484,1365
23,2310209,27798,27798,4309,19134
29,2924009,67862,67862,7921,44377
51,5103858,5007,5007,175,3439
35,3553104,2354,2354,323,1096
42,4215059,981,981,138,501
32,3205176,7668,7668,800,4551
11,1100379,4654,4654,503,1327
27,2701506,8209,8209,655,6743
15,1507805,17058,17058,935,13829
15,1500859,27271,27271,1768,20580
15,1501105,20614,20614,1077,19184
22,2207777,3937,3937,266,2506
31,3164001,3604,3604,651,1132
25,2515500,9783,9783,732,6687
35,3504008,27360,27360,3393,11762
35,3554706,3425,3425,413,1088
31,3127800,7916,7916,913,4740
43,4320305,1406,1406,148,417
35,3517901,4564,4564,658,1946
51,5104609,5593,5593,548,2482
41,4112702,6058,6058,833,2714
43,4304101,1628,1628,149,921
35,3513900,4055,4055,549,2400
21,2100477,21669,21669,1617,16781
31,3117207,1445,1445,145,963
43,4308854,649,649,41,142
17,1700301,3500,3500,473,1732
42,4211876,628,628,126,139
27,2701308,13432,13432,1628,10520
43,4310751,801,801,43,239
51,5104104,15571,15571,1891,9231
52,5219506,1832,1832,121,802
41,4124103,19790,19790,2314,8473
33,3301900,130038,130038,14153,73644
31,3107406,19573,19573,2099,8547
31,3110905,7617,7617,1095,3429
25,2513158,6373,6373,535,4590
32,3200300,5697,5697,524,2189
29,2908101,13821,13821,992,9446
29,2915106,10762,10762,1674,7572
29,2901155,12665,12665,838,9629
29,2925402,7598,7598,683,5526
15,1502509,18420,18420,1113,16706
43,4318432,1016,1016,89,428
31,3110400,1086,1086,131,499
27,2707008,1803,1803,199,1227
29,2908804,3453,3453,349,2249
35,3545605,6406,6406,403,1866
13,1300201,12208,12208,911,9807
43,4313359,156,156,39,71
15,1500305,38305,38305,2721,32463
25,2500577,2501,2501,200,2035
50,5000807,4225,4225,400,1604
24,2411106,2414,2414,246,1441
22,2200053,5199,5199,331,3718
21,2112407,28157,28157,1386,24138
31,3148756,5764,5764,387,4316
31,3134103,3897,3897,439,2275
27,2705507,17672,17672,2535,12435
23,2301208,22190,22190,3055,14333
29,2927408,1098135,1098135,150317,681524
41,4123006,5122,5122,531,2047
21,2102606,16295,16295,922,13177
29,2900900,4028,4028,689,2673
15,1507607,37210,37210,4378,27356
29,2906402,6518,6518,428,4260
29,2924652,6539,6539,467,4534
42,4202602,3451,3451,358,1914
23,2303402,12604,12604,1708,8315
11,1101757,6774,6774,552,3001
26,2604908,12822,12822,770,9646
29,2928000,29981,29981,2723,21812
43,4306106,17464,17464,3464,8650
41,4127908,3750,3750,381,1318
31,3112109,3287,3287,210,2471
32,3205150,5392,5392,423,2607
43,4311239,1111,1111,123,432
31,3125408,4238,4238,406,2100
23,2312205,33009,33009,2940,20519
23,2313906,10504,10504,1262,7325
12,1200336,16104,16104,1056,13627
31,3153608,5385,5385,584,2356
15,1502152,47947,47947,3184,28262
42,4212007,2582,2582,222,1281
43,4315156,1766,1766,173,786
43,4316600,2312,2312,450,564
26,2601052,13957,13957,1574,10588
11,1100809,17356,17356,2084,10215
35,3553302,8446,8446,887,3857
31,3105400,9067,9067,1111,4006
35,3557204,4480,4480,545,2290
22,2207009,28918,28918,2768,18722
51,5106851,1806,1806,254,861
42,4215208,1502,1502,192,403
13,1303601,11081,11081,600,9142
43,4309100,7342,7342,774,3232
43,4309209,90123,90123,12677,47098
31,3126752,2996,2996,306,2037
28,2800670,17603,17603,2203,11788
31,3108206,3160,3160,510,1193
24,2405801,24902,24902,2237,18154
35,3546504,2168,2168,185,923
42,4202305,21002,21002,2865,9661
31,3108305,7133,7133,1123,3577
52,5215652,1876,1876,268,794
24,2406601,8924,8924,600,6624
31,3152131,2855,2855,231,1935
43,4308805,4168,4168,323,1790
43,4312450,3619,3619,352,1292
50,5003751,7449,7449,729,2289
35,3521507,2714,2714,354,1257
26,2607752,17261,17261,2112,12089
43,4319372,636,636,69,164
22,2201606,7796,7796,559,5183
51,5107941,3957,3957,429,1588
31,3111804,4113,4113,679,1546
42,4207858,753,753,77,281
29,2904001,10506,10506,889,6955
35,3503406,3652,3652,370,1561
41,4108205,3174,3174,373,707
41,4100806,4360,4360,575,1876
22,2207306,3635,3635,420,2536
52,5207600,3403,3403,285,2167
21,2109239,5035,5035,365,3722
15,1506187,22367,22367,2684,14596
28,2800100,1774,1774,259,923
29,2932606,12264,12264,850,8095
41,4110656,1171,1171,185,317
35,3510609,138412,138412,14151,70743
35,3527603,4450,4450,613,2120
52,5212105,2759,2759,301,788
31,3153707,1772,1772,244,742
43,4304689,4590,4590,518,2473
41,4101606,9325,9325,1135,4248
29,2917003,26699,26699,2548,21110
41,4103305,3755,3755,417,1179
43,4316477,905,905,68,81
31,3148103,33008,33008,3614,15766
42,4207007,11021,11021,1377,5542
35,3501905,14077,14077,1753,5552
22,2201945,5292,5292,360,3896
15,1506583,14192,14192,945,8115
29,2902906,30123,30123,4203,17346
41,4128203,17866,17866,2379,7307
41,4113601,1938,1938,221,713
32,3200706,6314,6314,532,2840
31,3131000,3515,3515,460,2028
51,5108808,2290,2290,270,863
50,5001243,7065,7065,775,4279
29,2933604,37876,37876,2739,29504
27,2707503,15272,15272,1551,12720
41,4122701,3240,3240,345,1216
24,2413508,5811,5811,531,4053
24,2402808,4085,4085,335,2581
43,4317707,5876,5876,785,2980
25,2506905,16367,16367,3037,11853
41,4112959,3496,3496,446,1350
35,3511300,4150,4150,628,644
31,3118601,216928,216928,23430,110546
31,3108800,2802,2802,343,1427
43,4318499,1075,1075,38,62
29,2929602,13756,13756,1169,9246
31,3113008,12086,12086,1670,8321
25,2503753,3184,3184,208,2410
41,4109203,2403,2403,249,984
33,3306008,39869,39869,3662,20652
41,4103008,1937,1937,173,796
29,2929305,22694,22694,2144,13265
52,5221502,2788,2788,403,1016
16,1600402,22721,22721,1829,16519
41,4116059,3790,3790,408,1703
41,4114401,8276,8276,1035,3245
43,4315107,5536,5536,506,1974
52,5200555,4643,4643,313,1489
32,3201902,12107,12107,1047,4471
35,3528007,4829,4829,786,1320
52,5219753,43668,43668,6487,24432
31,3157302,2027,2027,256,964
31,3152907,3066,3066,496,1403
31,3167400,2607,2607,281,1613
31,3104205,15391,15391,1516,6252
24,2405900,2019,2019,171,1289
26,2610509,20940,20940,1880,15586
43,4319208,3188,3188,307,1896
35,3549300,995,995,80,290
52,5212600,1469,1469,176,735
41,4103057,4697,4697,544,2515
32,3204708,14179,14179,1762,5633
42,4202875,1163,1163,142,526
29,2911600,14488,14488,1230,8755
35,3514700,3302,3302,352,1629
23,2306801,8077,8077,652,4944
35,3544707,1184,1184,104,381
41,4118600,2416,2416,288,1001
31,3162955,11049,11049,1295,5524
43,4307815,1994,1994,96,840
29,2911857,9012,9012,802,6772
31,3101201,1828,1828,350,728
21,2112902,22214,22214,2405,17125
29,2911709,61314,61314,6999,35298
17,1703701,3503,3503,444,1734
31,3123502,553,553,85,251
31,3117306,13021,13021,1582,5978
22,2202174,6615,6615,291,5759
25,2504157,5430,5430,339,4165
31,3121209,3396,3396,337,1398
52,5203104,2264,2264,185,1123
41,4112306,2258,2258,208,809
31,3102050,3918,3918,396,2216
52,5209937,3458,3458,275,1151
23,2313609,25974,25974,2704,18921
42,4202099,632,632,41,235
32,3203056,17859,17859,2127,9425
41,4122206,19627,19627,2033,7421
42,4218251,4461,4461,587,2609
24,2406403,2383,2383,211,1530
32,3201209,73714,73714,9008,33164
27,2706802,13377,13377,1031,11273
51,5103007,11136,11136,1108,6506
24,2412302,7897,7897,806,5767
52,5200803,5354,5354,718,2781
52,5220157,3098,3098,370,1703
27,2703304,14653,14653,1579,11532
42,4213153,1276,1276,165,271
17,1700251,2028,2028,160,778
42,4202537,1300,1300,134,680
22,2206605,8210,8210,665,6043
31,3139904,7062,7062,916,4041
43,4319307,2455,2455,232,1001
29,2923803,19308,19308,1403,13884
31,3102001,6128,6128,887,3405
41,4106803,8374,8374,636,3814
41,4121406,5831,5831,816,1773
42,4219309,10940,10940,1389,3098
29,2901304,10282,10282,858,6869
21,2106755,14219,14219,1341,11221
13,1301506,14530,14530,1386,12454
31,3111606,12747,12747,1419,5629
31,3145406,1096,1096,205,511
43,4302378,1447,1447,114,650
24,2409704,4845,4845,494,3267
15,1501006,12088,12088,749,9542
43,4311700,1411,1411,303,485
31,3158003,4533,4533,553,2174
22,2209955,3812,3812,295,2627
22,2203800,3641,3641,234,2571
35,3529401,94718,94718,13555,53476
22,2207504,10378,10378,715,8303
35,3540606,13581,13581,1900,6522
42,4218509,1435,1435,223,486
31,3153004,1752,1752,268,987
52,5206305,2636,2636,306,1148
25,2512754,3990,3990,304,2771
43,4316105,4444,4444,304,1577
22,2204006,3905,3905,310,2196
51,5106216,4975,4975,487,1664
43,4304622,955,955,80,313
42,4216008,1871,1871,249,708
31,3124005,9940,9940,1188,4466
31,3135050,27430,27430,2532,17758
22,2209104,4612,4612,311,3320
29,2907806,20057,20057,2189,13471
23,2304806,4549,4549,582,2826
21,2110302,10840,10840,804,8904
22,2208858,4171,4171,330,3092
31,3124302,21715,21715,1746,13352
17,1721000,141831,141831,13756,59121
41,4113759,2918,2918,423,963
43,4318002,23384,23384,6050,7605
51,5104203,5854,5854,838,3006
29,2900504,6643,6643,585,4481
24,2404507,11916,11916,1052,6979
43,4321709,5538,5538,672,1802
43,4314803,10277,10277,1572,3927
52,5205109,31929,31929,4323,13814
25,2508703,2942,2942,220,1852
29,2902203,7361,7361,716,5571
52,5215405,2084,2084,201,1068
31,3134400,15592,15592,1975,8856
35,3555000,19913,19913,3032,7965
28,2807105,32474,32474,3346,23926
15,1504406,20114,20114,1839,15678
22,2209856,3607,3607,219,2448
42,4205100,452,452,67,182
31,3158102,3828,3828,422,2154
51,5107040,30713,30713,2735,10540
52,5207402,6580,6580,857,2580
22,2205953,8001,8001,645,6135
29,2915205,10850,10850,1965,7259
43,4314498,2415,2415,166,982
31,3113701,11622,11622,2085,5646
31,3133808,18058,18058,2410,7464
35,3547403,712,712,116,154
43,4316402,18460,18460,2466,11140
31,3167301,1404,1404,169,644
42,4215406,1152,1152,131,308
51,5105309,1895,1895,120,1172
42,4209458,810,810,54,215
21,2107902,14024,14024,730,11741
35,3540200,12292,12292,1328,5447
50,5002100,14004,14004,2664,7795
31,3143500,3385,3385,531,830
31,3152501,45946,45946,5427,19046
43,4320263,2988,2988,232,1655
31,3143401,7826,7826,1475,3514
52,5212907,1528,1528,166,559
21,2106003,8984,8984,893,5969
24,2404606,9277,9277,814,6819
42,4217907,2985,2985,304,772
41,4109401,78237,78237,9582,35527
35,3517307,2727,2727,303,1280
35,3504206,3959,3959,635,1316
29,2910305,5362,5362,607,3216
31,3107901,6715,6715,660,3342
43,4303558,1314,1314,92,140
51,5100409,6005,6005,721,2932
35,3543303,26388,26388,3571,12974
26,2600302,18993,18993,1716,13706
17,1705508,19760,19760,2653,10669
21,2104909,8114,8114,540,6082
35,3512100,3719,3719,382,1555
41,4119152,46791,46791,4872,16610
51,5107305,7894,7894,963,3996
22,2203271,5009,5009,262,3666
25,2505006,6022,6022,560,4338
35,3523701,3129,3129,361,1791
23,2312700,15819,15819,2251,10415
43,4301859,1959,1959,129,430
11,1100189,13514,13514,1916,4231
25,2509370,2273,2273,290,1638
41,4117701,9742,9742,986,3700
35,3548609,4722,4722,682,1638
35,3554508,10840,10840,1059,3642
35,3514205,1397,1397,118,567
25,2512747,2568,2568,170,1578
42,4216503,9299,9299,812,3878
42,4202438,1644,1644,199,890
31,3170578,4497,4497,624,2734
35,3506300,4732,4732,550,2260
43,4304606,162392,162392,13381,59229
31,3113909,5586,5586,661,3053
22,2201572,2661,2661,177,1823
31,3154804,4957,4957,404,2064
41,4115804,11768,11768,1693,3036
29,2924702,7603,7603,845,4704
31,3165537,15240,15240,1601,6238
35,3550506,3094,3094,353,1283
52,5203575,2419,2419,174,1396
29,2910057,44066,44066,4790,31356
24,2400307,8638,8638,570,6454
35,3533700,2108,2108,293,1204
51,5106265,3803,3803,368,1879
35,3542701,3167,3167,428,1509
22,2209401,4655,4655,386,3132
21,2103802,14676,14676,1532,11466
43,4322806,3615,3615,465,767
52,5214861,4550,4550,691,2336
43,4303707,1570,1570,161,303
31,3164100,3325,3325,503,2249
23,2311702,14368,14368,1816,8995
41,4111100,1803,1803,285,193
31,3144375,2398,2398,226,1433
35,3525300,34014,34014,4690,13262
25,2506806,13582,13582,1172,10902
35,3527306,10276,10276,1409,4812
31,3132206,5688,5688,430,2249
42,4203709,4932,4932,452,3233
43,4321808,7972,7972,1111,2916
21,2105948,7071,7071,514,5129
42,4202578,444,444,45,207
31,3105004,4345,4345,483,2472
35,3514304,2703,2703,231,1336
21,2102804,15576,15576,2186,10926
17,1715101,2959,2959,309,1923
22,2202091,4938,4938,300,3415
43,4316758,1201,1201,94,103
11,1100031,2720,2720,305,985
11,1100015,11685,11685,1347,5134
42,4207577,547,547,102,173
25,2513000,2071,2071,150,1768
29,2900405,11980,11980,818,9067
43,4313375,14680,14680,1183,8695
50,5001508,4099,4099,642,2081
23,2306603,18070,18070,2140,12979
41,4118105,4085,4085,355,1474
17,1721208,15696,15696,3033,9411
21,2102309,17305,17305,689,14489
31,3154150,4939,4939,433,1986
41,4103222,1787,1787,145,409
26,2606101,22570,22570,2036,17240
15,1504703,58804,58804,4004,49003
29,2913606,99169,99169,14922,61754
33,3304409,9307,9307,1021,5064
21,2110203,25944,25944,2228,21892
25,2509339,3862,3862,356,2651
31,3152006,14317,14317,2667,7421
41,4126207,3758,3758,366,1933
52,5210000,26791,26791,3173,9789
41,4108007,7438,7438,721,3549
31,3162005,11533,11533,1433,6399
43,4309001,8241,8241,936,3914
22,2202778,5522,5522,408,3825
35,3553708,16907,16907,2088,8386
42,4201273,857,857,91,238
31,3155900,2795,2795,476,1724
43,4314159,2277,2277,317,870
43,4302501,2979,2979,424,1259
43,4306056,4228,4228,476,1888
42,4206702,4077,4077,817,990
29,2904308,9089,9089,928,6482
43,4313508,15648,15648,2088,8430
21,2101939,3894,3894,317,2834
35,3532827,5376,5376,702,3077
31,3159209,3593,3593,573,1219
42,4204004,3778,3778,458,1607
29,2908606,18558,18558,1767,15064
31,3130200,3589,3589,566,1172
17,1720200,8876,8876,791,6350
28,2800209,13079,13079,1713,8836
15,1505635,9039,9039,658,5709
26,2607000,18513,18513,756,16652
35,3503356,1110,1110,106,471
29,2911105,18953,18953,1343,12697
24,2404309,9085,9085,1001,5626
43,4312104,1845,1845,205,833
15,1501253,2678,2678,146,1742
11,1100056,7392,7392,878,3466
41,4111704,2714,2714,256,1364
26,2605459,486,486,46,172
42,4211207,4179,4179,500,1273
31,3161106,40573,40573,4578,25905
51,5107065,10534,10534,542,5694
31,3136108,2441,2441,301,1425
22,2210623,3902,3902,319,2831
50,5006002,11385,11385,1093,4160
15,1507458,17398,17398,1555,12440
28,2800605,21311,21311,2475,12915
42,4210506,4037,4037,623,1181
43,4316808,32747,32747,2926,14351
26,2607109,3757,3757,307,2453
31,3165107,2732,2732,418,1482
31,3115508,8203,8203,1277,4214
31,3158508,3471,3471,676,2002
52,5204409,8770,8770,1500,2487
15,1506807,246828,246828,29106,154505
42,4215109,2034,2034,324,799
35,3503703,2042,2042,203,771
21,2110658,6550,6550,417,4959
43,4302055,1551,1551,54,1172
17,1718402,2056,2056,312,1010
51,5104906,5064,5064,625,3092
51,5107768,2377,2377,83,931
17,1719004,2135,2135,236,1007
43,4315701,14614,14614,1935,8737
23,2304459,11284,11284,1261,7430
35,3525409,1788,1788,242,825
15,1504505,24529,24529,1595,22553
31,3119609,1376,1376,227,476
35,3506508,26802,26802,4116,11648
25,2510600,2779,2779,193,1531
41,4108304,127627,127627,21099,56753
31,3123858,3781,3781,517,2109
41,4100608,6371,6371,754,3144
13,1304104,17530,17530,1394,14236
29,2919900,5798,5798,453,4909
31,3103405,22110,22110,3416,10642
51,5101407,9970,9970,937,5960
41,4126108,2200,2200,204,734
41,4107702,2591,2591,387,1051
43,4315206,1128,1128,111,203
31,3111705,2875,2875,335,1766
41,4113304,9219,9219,1704,4082
17,1720903,10400,10400,859,6737
23,2307403,17602,17602,2386,12100
24,2403608,39753,39753,4658,26175
22,2204907,6162,6162,442,4543
31,3116159,9763,9763,922,6465
24,2413805,2020,2020,213,1259
25,2512408,10882,10882,837,7092
27,2702207,4127,4127,435,2617
41,4120358,1941,1941,268,805
25,2502201,2057,2057,136,1296
29,2929107,15505,15505,1422,11731
22,2206670,4752,4752,377,3716
29,2918753,9515,9515,755,6593
41,4101051,1637,1637,166,598
31,3122454,7097,7097,650,4788
31,3161403,2955,2955,383,924
31,3171204,58985,58985,5884,30770
31,3110004,12500,12500,2011,6668
42,4208955,666,666,56,239
25,2512507,33219,33219,3995,22239
25,2505303,1763,1763,79,1268
31,3163300,2635,2635,332,1601
24,2405405,5687,5687,399,4269
43,4306734,1304,1304,197,353
24,2414803,10024,10024,1034,6130
26,2606200,54129,54129,6546,36024
23,2300804,6358,6358,634,4801
13,1303304,15400,15400,1841,12638
17,1703883,2035,2035,273,1145
42,4214201,2070,2070,289,849
35,3529906,12339,12339,1827,6925
35,3546801,18449,18449,2798,10748
43,4310405,2799,2799,355,1327
15,1504422,77181,77181,10197,51538
51,5100300,8107,8107,1022,2734
31,3145877,6615,6615,532,3950
22,2205581,3857,3857,239,2763
21,2110609,21581,21581,1396,18103
17,1703073,3805,3805,370,2409
26,2607950,7943,7943,782,6062
51,5104807,13762,13762,1351,5419
24,2414209,10124,10124,981,6899
31,3116803,6394,6394,595,3784
15,1507979,14979,14979,963,10841
31,3146404,1893,1893,265,1045
42,4206405,1686,1686,243,279
35,3541000,91786,91786,16859,44848
22,2202539,4848,4848,391,3494
24,2403905,2490,2490,171,1080
32,3203346,6569,6569,615,1816
43,4318309,24055,24055,4618,9273
31,3155108,3506,3506,495,2280
33,3300951,4600,4600,345,2111
23,2301604,16810,16810,1965,12214
35,3524501,2308,2308,368,842
31,3138658,6864,6864,999,4185
26,2603306,7366,7366,621,5383
22,2203701,26979,26979,2858,21399
31,3118908,4652,4652,555,2626
52,5218003,21195,21195,3714,9248
21,2106904,22978,22978,2401,18973
29,2906709,20582,20582,2358,14818
50,5007976,2290,2290,145,958
21,2111748,9021,9021,580,7884
41,4109005,2699,2699,262,850
25,2500734,2266,2266,115,1421
31,3121308,3045,3045,579,1313
35,3532868,510,510,51,132
21,2101772,9082,9082,784,7356
43,4311122,1876,1876,204,1200
43,4315354,975,975,99,175
33,3304508,4981,4981,507,2782
15,1505106,43135,43135,4012,31945
29,2932309,10825,10825,2287,6891
31,3126109,19661,19661,3398,6274
28,2803500,70455,70455,8587,48419
41,4124509,1644,1644,200,267
31,3132503,19461,19461,2920,9776
24,2406304,6160,6160,390,4447
42,4201406,16795,16795,2866,6932
50,5002951,11939,11939,1010,4238
23,2306207,5721,5721,754,3274
43,4317004,4183,4183,388,2067
43,4304663,14779,14779,2296,7656
51,5107800,12253,12253,1376,6428
31,3147709,3399,3399,303,799
31,3151404,10205,10205,977,5913
24,2414100,8038,8038,803,5255
43,4321477,1788,1788,225,452
42,4214003,2382,2382,354,861
15,1500701,30940,30940,2169,25190
52,5204953,3712,3712,419,2249
31,3167509,1314,1314,181,633
41,4118204,54780,54780,6064,32105
50,5001003,12205,12205,1318,5202
12,1200138,9309,9309,1286,6469
43,4320701,4283,4283,645,1825
35,3537800,21762,21762,3129,12522
35,3508702,8198,8198,1261,3635
43,4320578,582,582,61,263
22,2207405,3469,3469,289,2489
25,2500809,13791,13791,1402,10832
43,4318903,15061,15061,2252,5084
43,4321352,2635,2635,179,1165
15,1505304,51302,51302,6410,38790
41,4126900,2978,2978,394,988
11,1101476,2378,2378,257,828
26,2604106,218529,218529,32193,129860
52,5211305,3306,3306,484,1209
51,5107206,2163,2163,355,1041
25,2503704,40084,40084,4376,29214
31,3135100,45697,45697,5787,21224
13,1301951,10185,10185,1210,8504
27,2701605,13519,13519,1261,11008
41,4111803,14818,14818,2313,8248
35,3530904,1864,1864,254,866
41,4104659,9406,9406,740,3384
31,3108552,9219,9219,1108,5378
31,3103900,2457,2457,406,1348
31,3139508,12366,12366,1467,6838
35,3548500,69875,69875,10700,36196
13,1303957,8710,8710,703,6896
43,4307302,3126,3126,371,1155
15,1500800,232252,232252,35545,135442
31,3170529,6676,6676,742,3884
35,3550407,9928,9928,1987,5047
23,2304905,8110,8110,1283,4526
29,2925709,9779,9779,935,6939
31,3168705,25612,25612,3932,11349
41,4101705,7921,7921,634,1902
29,2915403,5020,5020,549,3416
24,2402105,7652,7652,657,5299
15,1508035,25283,25283,2154,20609
43,4320800,14683,14683,1852,5919
15,1503101,31706,31706,2395,26994
27,2707107,18771,18771,2240,13971
41,4110102,15384,15384,1565,5645
21,2109403,10192,10192,759,8447
31,3141603,6220,6220,826,2500
31,3102852,5809,5809,662,3543
43,4305900,3776,3776,479,1876
43,4310504,3643,3643,414,1610
22,2202653,4795,4795,461,3823
41,4104055,2164,2164,295,938
31,3170602,1489,1489,143,495
26,2615607,26186,26186,2657,20008
16,1600253,7099,7099,324,5808
29,2904704,11353,11353,2250,6909
31,3151602,5273,5273,488,2577
29,2901601,7964,7964,613,6073
29,2928505,7257,7257,741,4920
27,2709004,4303,4303,455,3053
27,2707206,10719,10719,896,8302
25,2513984,2931,2931,284,1505
28,2804508,26406,26406,2387,18996
43,4323002,99266,99266,13986,50853
35,3520103,7309,7309,1065,3129
43,4315503,6893,6893,851,2835
31,3117836,6021,6021,492,3935
29,2923308,5710,5710,486,4180
15,1501303,80765,80765,7410,55136
31,3157609,2780,2780,269,1711
24,2404408,6723,6723,1020,4708
41,4104600,7766,7766,911,3218
26,2604601,16394,16394,2770,10688
31,3123007,3929,3929,582,1448
41,4125704,12822,12822,1790,4422
35,3500550,2571,2571,314,1310
43,4309605,4274,4274,578,1286
50,5005400,18247,18247,1969,5930
29,2916708,5386,5386,776,3564
31,3124104,46777,46777,5003,25171
24,2409407,18704,18704,2294,10454
25,2504033,5977,5977,1161,4622
31,3139607,14527,14527,2343,6061
35,3527256,1233,1233,139,427
31,3115607,625,625,87,210
23,2306405,85745,85745,11638,63559
31,3171402,2602,2602,201,1432
43,4304309,1241,1241,125,228
29,2921708,23139,23139,2541,15115
35,3546900,1792,1792,176,680
23,2302701,19298,19298,2423,11432
21,2104628,5370,5370,411,3789
32,3201001,9679,9679,877,5461
41,4111258,17586,17586,1392,9236
43,4309654,4402,4402,287,2415
22,2210508,10457,10457,728,8172
41,4116406,1396,1396,145,319
28,2802502,2440,2440,246,1554
24,2410108,9417,9417,770,6775
43,4313425,1064,1064,106,418
21,2110237,7029,7029,533,5639
35,3530409,1906,1906,336,827
35,3531803,29605,29605,3388,12872
41,4100459,2136,2136,191,750
31,3135456,4004,4004,577,2182
35,3547650,779,779,72,157
52,5216908,1325,1325,150,708
24,2402006,34057,34057,5126,18092
25,2509396,5438,5438,317,3958
31,3137700,13473,13473,1219,9003
15,1507953,54930,54930,5067,40986
42,4205357,728,728,53,96
50,5001904,13993,13993,1218,4725
31,3150208,2582,2582,309,985
31,3114550,2701,2701,454,1327
41,4127882,4287,4287,381,2247
29,2931004,15951,15951,1410,10952
26,2615904,6608,6608,563,4553
12,1200427,12686,12686,969,10563
42,4201653,585,585,82,184
31,3122306,66955,66955,8592,24983
52,5204706,7131,7131,801,3797
23,2310001,8083,8083,761,4724
35,3550308,3683133,3683133,414527,1715434
35,3507159,2331,2331,241,1441
43,4312955,340,340,14,65
43,4308904,3513,3513,569,975
35,3539707,1662,1662,184,972
35,3501152,3424,3424,607,1589
31,3151701,5372,5372,726,2015
21,2107704,14969,14969,876,12176
33,3305901,4531,4531,470,2833
27,2703403,4652,4652,380,3510
31,3101508,16760,16760,2044,7573
35,3517208,4334,4334,451,1871
41,4102802,6775,6775,945,2679
43,4306403,3635,3635,382,1018
35,3530508,16852,16852,3218,7950
43,4306957,1395,1395,164,525
31,3171303,27637,27637,3595,10802
24,2401404,6085,6085,694,3709
25,2512804,6668,6668,748,5166
52,5213806,20403,20403,2370,5479
31,3127701,112945,112945,17537,42501
43,4313086,145,145,8,73
43,4311809,9254,9254,941,3334
31,3138674,4683,4683,351,2703
32,3205036,8407,8407,1115,3329
31,3130903,15015,15015,1255,8969
35,3539202,6289,6289,1061,2234
26,2610103,5621,5621,451,4258
51,5104526,3569,3569,192,1946
31,3146750,4298,4298,578,2987
51,5106307,10588,10588,1038,4672
31,3133600,4691,4691,534,2289
25,2514701,3520,3520,235,1798
28,2805208,4513,4513,430,3252
31,3120102,3306,3306,304,1696
43,4310413,1073,1073,145,364
32,3201704,5673,5673,381,2802
35,3510401,15340,15340,2004,7395
35,3506904,4620,4620,717,2084
29,2901353,11417,11417,803,6822
41,4101309,3835,3835,283,2369
41,4106100,1799,1799,218,758
24,2406007,5034,5034,550,2644
31,3151305,5413,5413,781,2358
52,5209903,8379,8379,979,5481
35,3552908,3128,3128,257,1399
23,2312304,33256,33256,4437,23573
25,2512762,3908,3908,628,2811
43,4305975,1430,1430,210,209
52,5200159,1489,1489,222,635
41,4109500,5808,5808,331,4131
25,2509206,9565,9565,959,6871
22,2202208,31700,31700,4053,22311
33,3301207,8362,8362,1309,4666
41,4118907,4588,4588,764,1426
35,3516705,18182,18182,1646,7102
24,2410603,2433,2433,238,1358
31,3160900,1531,1531,169,636
31,3125200,1059,1059,98,564
29,2901957,6318,6318,895,4580
29,2920205,13015,13015,1012,9663
31,3147907,35513,35513,5332,16470
31,3156601,6022,6022,1027,2977
42,4207759,1060,1060,158,394
35,3541109,1427,1427,139,689
51,5107198,1283,1283,170,471
24,2413706,3878,3878,362,2317
26,2606507,14844,14844,1088,11771
27,2706901,26960,26960,3752,18101
31,3133501,7897,7897,971,3157
27,2700102,14966,14966,1843,10611
52,5204904,12701,12701,1228,7209
43,4319364,1007,1007,74,394
51,5103437,3209,3209,311,1496
17,1720978,1788,1788,160,676
50,5004502,6357,6357,940,2035
22,2201408,4672,4672,284,3458
35,3519600,15724,15724,2284,6982
15,1503077,19715,19715,1592,15425
22,2210904,3343,3343,264,2408
42,4200051,1513,1513,116,539
32,3201605,21364,21364,2240,11240
17,1722081,6568,6568,936,3956
24,2407609,3883,3883,294,2510
42,4217758,626,626,76,198
35,3529500,1908,1908,269,657
51,5106208,3321,3321,242,1031
22,2205003,8629,8629,589,5340
23,2305001,32638,32638,3914,24379
21,2103752,9465,9465,1031,5309
22,2204352,5373,5373,335,3731
27,2708907,10775,10775,1441,6202
24,2404903,4501,4501,407,2812
43,4308300,6485,6485,649,3428
35,3524006,14426,14426,1802,6551
31,3167806,1938,1938,215,885
52,5211206,14687,14687,2026,6717
51,5106257,10813,10813,1246,4027
31,3125606,5069,5069,706,3197
52,5212956,3404,3404,298,1556
26,2615409,29503,29503,3605,20981
35,3500600,913,913,120,192
52,5212204,10901,10901,1173,4836
26,2614808,17000,17000,1846,11645
22,2210953,2473,2473,136,1808
12,1200450,14514,14514,2138,10000
51,5103452,3960,3960,338,1812
52,5216007,1464,1464,115,555
35,3534302,7366,7366,1268,3560
31,3100104,2258,2258,436,1076
31,3170479,2513,2513,364,1260
28,2804300,5499,5499,592,4176
29,2910503,27406,27406,3116,19168
12,1200385,10639,10639,1651,7390
22,2202604,14538,14538,1185,10147
22,2207959,3651,3651,333,2872
52,5203302,14780,14780,1869,7786
26,2608602,10020,10020,1041,7085
35,3548054,3581,3581,363,1651
27,2705804,7169,7169,641,5615
41,4114005,6073,6073,941,2484
35,3550605,21628,21628,3377,10436
27,2706505,10113,10113,1184,7389
23,2308203,12202,12202,1590,7238
52,5200308,17986,17986,1887,10039
25,2514552,2653,2653,155,2059
17,1717909,4499,4499,423,2501
52,5204656,2300,2300,174,1527
31,3169505,4349,4349,578,2777
23,2310506,31146,31146,2896,20065
41,4101903,5756,5756,809,1856
31,3114501,8871,8871,764,3241
52,5214606,20884,20884,2550,7418
24,2412104,4346,4346,319,2250
41,4128401,4766,4766,603,2246
15,1505486,35598,35598,1842,27709
29,2926608,31299,31299,3489,23336
52,5200134,11419,11419,1652,4045
13,1304260,11732,11732,837,10160
29,2914901,17939,17939,1394,14133
43,4320354,2265,2265,318,1223
26,2602407,8296,8296,932,5987
35,3556107,5554,5554,666,1924
41,4120150,1541,1541,105,854
15,1503200,26407,26407,3279,19434
29,2907004,7353,7353,694,5674
31,3140704,13161,13161,2081,6990
35,3551504,15180,15180,1742,7107
33,3302502,136311,136311,14761,77037
22,2202703,21404,21404,3103,16756
31,3146552,4156,4156,277,2210
35,3544004,5733,5733,998,2177
31,3110103,3194,3194,246,1733
52,5210208,15075,15075,2752,4661
43,4322186,757,757,62,150
35,3504909,5803,5803,695,2540
35,3522505,96245,96245,10865,54346
51,5102694,2844,2844,227,1324
51,5101852,4802,4802,271,2475
35,3507803,7178,7178,1080,3357
24,2408300,24249,24249,2878,17206
32,3203353,6425,6425,599,2169
22,2200103,4285,4285,368,2772
41,4127205,4291,4291,691,1383
43,4319752,517,517,21,53
42,4203956,4720,4720,686,1127
41,4114203,10907,10907,1728,2114
23,2310605,8300,8300,602,6229
31,3135308,1720,1720,126,650
42,4205191,905,905,99,382
52,5219803,6070,6070,497,3692
13,1301159,16627,16627,1281,13687
15,1507409,12983,12983,1422,9528
25,2507606,6569,6569,481,5096
31,3133402,4451,4451,667,2308
52,5200605,5728,5728,532,2363
31,3120870,6338,6338,490,4525
41,4119657,1660,1660,139,636
29,2901106,14964,14964,1724,8708
27,2703205,17259,17259,2360,11326
23,2301802,4612,4612,327,2975
42,4216602,46364,46364,8195,21293
22,2205359,2368,2368,240,1675
51,5106315,1446,1446,82,836
41,4120507,4018,4018,581,1388
52,5200100,9504,9504,923,4084
31,3106101,1527,1527,196,458
24,2402402,5548,5548,576,2160
29,2918902,3740,3740,693,1992
50,5003900,1780,1780,221,813
31,3165800,729,729,103,293
35,3517703,6675,6675,906,3754
43,4310306,1051,1051,95,266
33,3303401,55689,55689,6384,25869
42,4207684,4386,4386,305,2618
35,3519105,4832,4832,464,2281
31,3112802,3944,3944,392,1384
41,4110805,6006,6006,595,2428
43,4314506,5585,5585,717,2943
25,2513505,3312,3312,283,2422
24,2408003,140501,140501,21888,75189
24,2414753,3281,3281,446,1957
22,2205573,5940,5940,505,3590
31,3126604,3273,3273,364,2017
31,3141108,14893,14893,1440,6914
25,2502151,4430,4430,397,2501
52,5210406,25481,25481,2371,10290
35,3513801,125951,125951,14934,67243
23,2313104,22074,22074,2013,12209
41,4112751,4099,4099,447,1777
41,4118451,2012,2012,212,567
35,3533254,2441,2441,189,951
31,3165560,1450,1450,110,694
29,2926509,10567,10567,662,8439
42,4215455,2781,2781,408,1347
23,2303006,13698,13698,1349,10754
31,3127305,3830,3830,605,2086
24,2412401,3849,3849,245,1268
15,1505502,65152,65152,7314,37336
29,2930907,9639,9639,760,5862
41,4123105,1903,1903,193,664
23,2307650,138022,138022,23366,88156
25,2504801,11265,11265,1256,8648
21,2111532,8947,8947,665,5912
21,2109106,24699,24699,2910,16626
52,5215009,5957,5957,497,2894
21,2100832,15241,15241,758,13239
32,3202108,12994,12994,2127,6330
35,3502200,10440,10440,1485,4526
31,3122801,1399,1399,147,810
31,3149150,6647,6647,1005,3885
17,1703602,1671,1671,168,824
52,5219100,3590,3590,445,1528
31,3102100,6596,6596,653,3787
50,5000609,25920,25920,3249,14263
25,2502607,4804,4804,382,3138
26,2602001,27150,27150,2266,21430
13,1303502,15021,15021,1589,13155
26,2600609,10263,10263,1048,7332
42,4205555,1103,1103,175,531
41,4113734,3763,3763,473,1733
31,3127073,4079,4079,366,2056
31,3106507,6774,6774,641,3427
15,1501956,16623,16623,844,14397
29,2920809,8471,8471,579,6588
32,3204500,6412,6412,514,3593
41,4118303,1343,1343,115,439
31,3160504,1314,1314,158,612
32,3202702,6929,6929,468,3494
43,4318622,1940,1940,182,1114
24,2401107,15303,15303,2360,9418
29,2916500,23734,23734,2241,18476
27,2700706,14062,14062,1341,11309
43,4305306,3559,3559,175,674
41,4102901,10065,10065,744,4560
52,5220207,14413,14413,1835,6561
26,2609303,12464,12464,1501,8805
17,1712009,1874,1874,229,802
26,2601805,9777,9777,1016,7181
31,3154101,4958,4958,867,1985
31,3135357,7017,7017,791,3891
41,4107157,2762,2762,339,1084
43,4300059,1276,1276,74,684
22,2205300,3571,3571,222,2540
22,2201903,17982,17982,1443,12712
31,3128303,6853,6853,749,3096
35,3533304,1736,1736,158,502
31,3103306,1427,1427,227,493
43,4305587,537,537,26,111
28,2800704,5996,5996,537,4439
32,3205010,16171,16171,1575,6306
31,3162500,30059,30059,3069,12912
52,5221858,72730,72730,8747,34782
15,1502301,43747,43747,3176,33798
31,3115458,6155,6155,792,4068
17,1715754,4246,4246,472,2235
12,1200013,10501,10501,1059,6865
25,2512309,14450,14450,1090,9811
41,4110953,6086,6086,743,1196
22,2202075,2386,2386,205,1544
41,4126256,34333,34333,5813,10376
35,3519907,3591,3591,446,1568
41,4121257,2567,2567,271,639
43,4305108,84608,84608,10184,36130
42,4213005,1297,1297,100,189
43,4306601,15191,15191,1988,7272
35,3548906,55095,55095,7800,25329
29,2919108,8021,8021,447,6005
15,1506906,6186,6186,447,4662
31,3170107,84781,84781,13499,42469
17,1702406,8282,8282,613,4975
25,2503605,4703,4703,489,3672
31,3110202,3204,3204,290,1363
25,2501609,9513,9513,803,6930
35,3554607,1409,1409,166,666
25,2504405,12992,12992,1053,10037
25,2517100,1978,1978,109,983
43,4323101,3057,3057,336,1881
29,2919207,98450,98450,13739,63692
11,1100254,12895,12895,1244,5774
17,1709302,12415,12415,1815,5998
35,3541604,8577,8577,1496,4966
21,2102705,12800,12800,1035,10314
29,2906857,8364,8364,597,4838
41,4121000,5942,5942,703,2346
28,2806701,51158,51158,7034,31870
35,3528502,36435,36435,4518,19375
52,5220702,2265,2265,158,1462
35,3530805,17596,17596,2944,6886
21,2100907,28821,28821,2319,23847
35,3535507,16678,16678,1505,8826
41,4119103,4062,4062,459,1628
43,4322558,513,513,63,97
43,4313391,1526,1526,117,638
31,3171600,8512,8512,780,4031
42,4218103,1789,1789,240,739
41,4104709,7781,7781,771,3271
21,2109908,52110,52110,6209,36254
29,2913200,18154,18154,2007,11598
29,2909802,36698,36698,3716,23750
35,3516408,60903,60903,6676,30582
27,2704500,22698,22698,1835,17715
32,3202454,11906,11906,1521,3492
43,4312476,845,845,99,224
28,2806206,15575,15575,1660,10839
13,1304203,57742,57742,6169,46839
31,3127354,2252,2252,163,1028
26,2609402,36836,36836,4786,25121
31,3155009,1407,1407,119,624
22,2204402,8708,8708,890,6720
51,5108956,4439,4439,459,2261
31,3169703,12796,12796,1399,5980
26,2601607,16257,16257,1116,13029
22,2210706,11062,11062,922,7257
35,3511706,5026,5026,631,2328
17,1711951,2607,2607,239,1456
26,2605103,26420,26420,1796,19711
31,3143708,1896,1896,312,1136
41,4121802,5038,5038,614,1969
24,2401503,2873,2873,283,1877
41,4125555,836,836,66,206
35,3509205,37770,37770,3353,18819
29,2919157,21498,21498,1627,14817
43,4323804,6602,6602,1045,2435
35,3555208,923,923,71,246
31,3160454,5441,5441,319,4167
35,3519303,13046,13046,1301,7468
31,3154705,1930,1930,164,731
25,2516805,6647,6647,500,4865
17,1701903,4354,4354,391,2466
22,2208551,2030,2030,73,1589
31,3116407,2323,2323,393,1114
52,5212006,1927,1927,283,819
29,2933455,10009,10009,780,6417
41,4126504,5064,5064,802,2111
35,3505807,7547,7547,775,2085
52,5207253,3557,3557,411,1645
35,3500758,2102,2102,384,785
24,2407104,50325,50325,6133,33161
42,4201257,1437,1437,324,520
31,3154309,9151,9151,1273,4248
21,2105922,7881,7881,410,6671
31,3131158,7927,7927,1107,3589
15,1508084,23609,23609,2354,10417
12,1200807,16010,16010,1623,11445
51,5100250,23293,23293,3488,10611
11,1100098,13583,13583,2496,5608
35,3548401,1872,1872,183,797
52,5205901,3740,3740,444,1849
25,2501807,57111,57111,11253,37265
31,3157708,4298,4298,523,2310
35,3540507,3639,3639,604,1572
43,4313003,1100,1100,65,160
35,3545209,26676,26676,3613,12524
29,2926202,17084,17084,1356,13466
31,3119708,1429,1429,132,492
28,2804409,11828,11828,1352,8366
41,4103602,10851,10851,1158,4235
43,4319604,8520,8520,1575,3326
35,3515129,1330,1330,101,454
42,4215554,710,710,85,80
31,3156007,7833,7833,1155,3938
31,3137205,20216,20216,2527,8105
23,2303907,9984,9984,1818,7080
25,2512705,13615,13615,1368,10471
43,4308433,966,966,43,122
52,5213905,2343,2343,270,832
31,3165008,5062,5062,494,2005
43,4313201,2341,2341,238,657
25,2513208,4510,4510,427,2762
31,3139409,34552,34552,4721,14558
27,2703759,8084,8084,705,6552
29,2908705,13755,13755,1231,7967
24,2414407,26164,26164,1920,19823
52,5211404,4873,4873,537,2045
31,3122009,13372,13372,1779,7598
26,2609808,13681,13681,818,10905
29,2918357,20190,20190,1657,13641
14,1400159,14288,14288,1177,11123
41,4103354,2509,2509,307,879
35,3548005,8106,8106,1091,3490
35,3552700,3841,3841,509,1733
51,5103957,1663,1663,172,899
21,2108603,56542,56542,5894,44245
35,3508504,27007,27007,3728,12502
25,2503308,7130,7130,599,4907
26,2612703,11708,11708,958,8459
35,3542305,2234,2234,428,1151
31,3144672,2707,2707,339,1689
11,1101492,9386,9386,681,4427
35,3538907,7971,7971,1102,3689
41,4104303,36573,36573,4560,13927
29,2921450,7770,7770,634,5350
13,1303007,17849,17849,964,14551
35,3501400,1852,1852,128,904
31,3151107,6172,6172,843,2659
51,5101902,8184,8184,742,3339
22,2206902,4265,4265,254,2874
31,3138500,2357,2357,492,1223
26,2608255,8806,8806,850,6519
33,3300803,29962,29962,3582,17311
21,2102754,8234,8234,728,6554
23,2311801,45983,45983,6201,25545
31,3135803,14582,14582,2550,8481
41,4104204,39570,39570,4576,16440
52,5202155,4789,4789,460,2512
31,3120607,2689,2689,291,1089
32,3200805,15379,15379,1831,6847
13,1302108,7203,7203,515,6052
35,3516804,1377,1377,213,485
31,3152402,7644,7644,1264,3966
42,4214904,437,437,82,104
17,1703909,3895,3895,301,2616
42,4205704,10035,10035,911,4439
29,2925600,11818,11818,801,8332
17,1712801,2675,2675,360,1645
42,4208302,17555,17555,1930,6961
24,2404101,1792,1792,133,1001
25,2510204,4470,4470,343,3464
52,5217302,14294,14294,1657,4810
22,2204105,3366,3366,227,2349
41,4122107,1763,1763,239,659
25,2504850,1654,1654,95,985
35,3532207,2330,2330,278,891
17,1716109,18170,18170,3265,6749
43,4314001,1153,1153,127,227
35,3528858,1084,1084,98,497
42,4201950,7205,7205,1009,3360
41,4102752,1799,1799,201,717
29,2918407,147650,147650,13153,104746
43,4321436,5125,5125,672,2478
43,4300661,552,552,45,107
43,4316907,86967,86967,11334,40174
35,3512506,3032,3032,341,1014
41,4115739,2249,2249,255,1244
26,2606309,6443,6443,552,4662
29,2923035,8903,8903,497,6539
23,2312502,4709,4709,405,2162
29,2924504,12236,12236,586,7563
26,2614402,4220,4220,547,2818
29,2922508,16170,16170,1739,11860
52,5219456,2135,2135,132,926
35,3543238,1086,1086,72,441
43,4314068,1866,1866,175,711
25,2513109,8344,8344,1235,5995
31,3130705,2361,2361,283,1229
15,1503606,78683,78683,10982,52041
17,1700707,5274,5274,689,2678
43,4302105,25075,25075,2036,5351
51,5107248,2769,2769,247,1025
28,2807600,19467,19467,2928,13421
43,4321626,669,669,28,47
41,4123402,4135,4135,449,838
52,5207105,1271,1271,146,446
42,4217550,524,524,52,127
43,4300646,3578,3578,432,1776
42,4211652,762,762,85,189
43,4306551,1010,1010,74,322
41,4111407,7332,7332,521,3358
42,4204509,2873,2873,301,1158
28,2802809,11883,11883,1045,8869
25,2511806,7513,7513,883,5083
29,2910602,23146,23146,2998,16948
52,5200209,1292,1292,96,655
22,2207900,29810,29810,3142,23526
42,4200754,306,306,59,61
51,5108204,1698,1698,296,795
50,5004007,5096,5096,558,1647
41,4114302,12241,12241,1395,4820
24,2414902,1831,1831,118,1083
28,2807402,38084,38084,4798,26532
42,4206900,2975,2975,544,857
52,5221007,2561,2561,186,915
31,3142007,9185,9185,1436,5416
41,4102406,13821,13821,1665,4462
21,2103604,43009,43009,4833,31538
29,2906006,56812,56812,4480,40443
29,2904902,21730,21730,2242,16133
25,2515005,5634,5634,452,4272
43,4302709,8716,8716,1087,4958
15,1503309,53065,53065,5452,42893
25,2501534,3993,3993,331,2801
51,5107925,40072,40072,3145,15663
41,4104105,4813,4813,387,2936
27,2701704,9480,9480,1600,6375
42,4200200,1604,1604,268,534
31,3115359,3163,3163,223,1281
31,3167608,13156,13156,1175,8554
52,5210158,1997,1997,163,960
27,2703106,19134,19134,2095,13936
22,2209708,4598,4598,291,3061
41,4121703,14082,14082,1626,7807
31,3130804,1139,1139,108,521
26,2616100,6776,6776,712,4473
27,2708303,12821,12821,2031,8688
31,3133105,5047,5047,659,1855
31,3156403,1023,1023,150,583
23,2303303,13340,13340,1283,8385
24,2401651,2714,2714,207,1687
31,3158607,1731,1731,241,761
42,4204905,1442,1442,237,504
43,4315909,3011,3011,260,1037
52,5213509,5542,5542,524,3589
43,4312625,899,899,54,328
31,3101300,1243,1243,146,855
35,3509700,12316,12316,2197,4172
22,2207553,3572,3572,289,2456
33,3304144,75487,75487,8763,49912
43,4306304,1396,1396,99,266
15,1502772,14892,14892,1593,10308
26,2608701,10316,10316,948,7930
31,3128501,2451,2451,374,1103
31,3128204,4855,4855,596,2643
21,2110005,41747,41747,3498,33076
26,2607406,3925,3925,302,2782
22,2208601,2722,2722,181,2013
23,2309508,16102,16102,1591,12333
22,2206696,5134,5134,453,4215
43,4315131,691,691,38,141
27,2700904,5785,5785,426,4667
35,3529658,829,829,89,288
31,3126950,2819,2819,318,1955
41,4123956,2087,2087,217,826
31,3112604,6817,6817,1007,2395
42,4205407,119148,119148,13958,36445
15,1502905,32257,32257,2902,27349
25,2508208,5394,5394,483,4377
43,4321329,991,991,107,291
11,1101807,3618,3618,350,1543
22,2202851,3803,3803,308,2937
42,4206009,4982,4982,564,2555
31,3162104,18118,18118,1503,7066
43,4310801,2671,2671,305,864
41,4127700,39674,39674,4809,10390
41,4127601,9111,9111,1044,4988
15,1503754,18740,18740,890,16114
24,2402303,15104,15104,1821,9471
33,3305505,63411,63411,6980,24525
22,2208304,19755,19755,3231,14363
31,3134004,9944,9944,1193,5849
35,3510906,983,983,169,435
26,2612471,9882,9882,924,6523
35,3547908,2945,2945,426,1543
35,3514007,3895,3895,286,1630
41,4112900,2356,2356,282,984
17,1705102,2574,2574,223,1357
21,2104305,6950,6950,373,5824
31,3112406,3117,3117,540,1730
41,4100103,3510,3510,364,1418
52,5210802,2478,2478,577,848
35,3552601,3892,3892,417,1654
12,1200054,8943,8943,854,7062
31,3133907,2681,2681,248,1662
21,2100600,28408,28408,1847,22206
41,4109708,12689,12689,1229,4033
52,5219001,4241,4241,440,1292
51,5107750,2138,2138,320,650
15,1500503,25659,25659,1799,20768
23,2312809,6042,6042,652,4209
31,3168903,2899,2899,468,1553
31,3116506,5024,5024,573,2732
28,2803708,5927,5927,535,3815
35,3556909,2660,2660,278,813
31,3143005,5499,5499,757,2280
31,3153509,4936,4936,482,2999
52,5210109,12983,12983,1200,6205
52,5221304,1535,1535,231,731
13,1303569,17198,17198,2467,12393
26,2609105,8837,8837,714,6637
35,3508603,11636,11636,1453,6482
35,3523206,20550,20550,2733,11487
35,3523404,27350,27350,3184,11738
35,3527009,2609,2609,352,991
41,4112207,2689,2689,344,907
41,4114500,7035,7035,771,3790
50,5003454,6356,6356,676,2041
33,3304706,19241,19241,2404,8915
17,1702158,3259,3259,349,1896
43,4314407,118215,118215,20146,58242
22,2201556,3729,3729,375,2281
31,3137809,11255,11255,1738,5062
43,4312674,692,692,60,267
29,2904407,6953,6953,616,4207
35,3534757,3600,3600,549,1126
13,1301209,56108,56108,4383,47785
52,5207352,2412,2412,233,982
21,2100436,16705,16705,1542,12631
27,2708808,25433,25433,2265,19052
43,4319356,313,313,32,41
29,2902708,38308,38308,3640,29923
52,5222005,7255,7255,732,2952
29,2905107,8493,8493,599,6634
25,2505907,2521,2521,130,2001
23,2311009,9159,9159,1019,6168
29,2924801,13449,13449,902,10729
35,3518503,4668,4668,711,1750
31,3106200,675341,675341,85785,322168
15,1504307,25439,25439,2358,20193
43,4311791,859,859,23,155
26,2615300,36370,36370,7940,21180
31,3169802,3003,3003,319,1693
29,2916203,6304,6304,1264,4295
23,2301307,17969,17969,2023,11639
22,2208809,14038,14038,830,10818
13,1300904,12220,12220,870,10516
23,2305332,10687,10687,1061,6810
33,3306156,6781,6781,665,4668
29,2902302,7206,7206,587,5777
43,4307906,15470,15470,1314,6697
17,1713304,8573,8573,1115,4708
26,2611002,24766,24766,2578,17874
52,5208301,4054,4054,354,2536
31,3126208,6342,6342,567,4172
25,2506400,10134,10134,822,7641
29,2933158,10330,10330,734,7586
51,5107958,37069,37069,4896,14891
17,1718659,1574,1574,112,892
35,3531407,8394,8394,1026,3441
27,2708204,5263,5263,542,3844
29,2918100,26623,26623,2198,19907
43,4315149,357,357,44,161
35,3533502,12402,12402,1800,4185
11,1101435,4468,4468,322,2196
42,4200101,9251,9251,765,4409
21,2108702,17240,17240,1433,13777
35,3532702,2438,2438,217,981
51,5103205,12003,12003,1694,4264
31,3164902,1070,1070,91,417
31,3171907,3007,3007,482,1530
29,2910750,14097,14097,1318,10166
41,4120333,2397,2397,247,815
29,2917300,16786,16786,1722,12693
43,4318705,83954,83954,8825,38960
52,5207535,3861,3861,408,1981
24,2410405,7494,7494,464,5166
31,3100203,9780,9780,1632,4181
31,3100609,8577,8577,1159,5860
52,5217708,8859,8859,1348,2684
31,3129509,8333,8333,1475,4384
43,4302204,1914,1914,170,496
17,1714302,3383,3383,428,1798
22,2203909,32710,32710,3974,18886
23,2303600,8162,8162,893,5263
41,4106704,2599,2599,218,786
23,2300408,11221,11221,953,8242
23,2304707,39513,39513,7013,28815
31,3162658,3082,3082,229,1659
41,4113809,2997,2997,214,988
43,4314100,63090,63090,8061,28703
31,3129202,2657,2657,364,925
29,2928703,57804,57804,6741,34016
28,2800407,8526,8526,931,5927
35,3514924,1025,1025,79,491
23,2312403,38424,38424,5055,24365
52,5205471,4786,4786,316,2067
43,4300570,304,304,15,49
15,1506203,29861,29861,3764,20674
35,3532603,3301,3301,669,1241
28,2803609,16975,16975,1836,10835
35,3540853,891,891,78,420
29,2903300,4931,4931,632,3561
52,5206404,6658,6658,722,2741
21,2105153,10911,10911,942,8745
35,3551009,108086,108086,12876,58901
31,3114303,12393,12393,1832,4775
31,3114600,1994,1994,278,538
17,1702109,82154,82154,14064,35396
43,4308706,1672,1672,182,327
17,1703842,6051,6051,789,3678
32,3204203,13031,13031,1846,6595
31,3141009,7696,7696,925,4912
32,3205069,10038,10038,599,4166
41,4128807,3521,3521,429,1341
52,5209804,1892,1892,307,904
42,4211009,2081,2081,228,228
42,4203907,3467,3467,475,1108
42,4202081,1149,1149,104,452
31,3149606,2521,2521,275,1267
41,4101408,47957,47957,6575,17152
15,1502756,24454,24454,2112,20334
29,2928950,6688,6688,468,4573
23,2306009,10045,10045,959,5944
27,2703700,4432,4432,320,3291
31,3118205,3058,3058,373,1326
41,4104907,34564,34564,3186,16679
35,3507605,50987,50987,7022,20559
35,3510005,10029,10029,1424,2970
24,2401909,3167,3167,227,2152
22,2202711,3758,3758,294,2803
23,2309904,5083,5083,599,3327
24,2406106,12150,12150,1287,7960
13,1300805,26956,26956,2050,22980
32,3200136,5873,5873,501,2943
31,3129707,5194,5194,670,2814
43,4301206,3897,3897,487,1628
31,3127602,5658,5658,747,2487
25,2514107,3652,3652,214,2287
32,3200102,16622,16622,1483,7563
35,3519402,3233,3233,534,1459
31,3137601,21687,21687,3186,9965
41,4115358,1819,1819,139,417
23,2308708,40572,40572,4481,26302
27,2700409,26130,26130,3969,19336
35,3506805,3778,3778,429,1765
23,2304954,17235,17235,2266,11412
25,2513406,9941,9941,1039,6496
42,4205175,2025,2025,87,1285
31,3128105,4903,4903,819,2339
22,2210375,1946,1946,190,1159
50,5004700,9966,9966,1088,3440
29,2923209,15744,15744,1709,10745
52,5208806,34939,34939,4321,15808
28,2806107,6694,6694,720,4713
22,2206001,3251,3251,158,2482
43,4310900,1108,1108,89,229
52,5206206,30431,30431,3191,16350
17,1701051,2035,2035,271,783
42,4205001,4133,4133,931,1892
50,5007505,3430,3430,430,1367
11,1101104,5606,5606,664,2412
31,3135407,2628,2628,208,1200
31,3171105,1656,1656,292,789
43,4307104,4516,4516,400,2343
26,2603108,15957,15957,1457,11643
31,3117009,5145,5145,535,3335
23,2308500,28902,28902,3482,20180
31,3159308,2335,2335,425,1211
23,2311405,50770,50770,8174,33991
35,3534906,2899,2899,456,1557
35,3519071,72569,72569,8936,34656
25,2505402,6782,6782,360,5101
35,3501004,7358,7358,766,3257
35,3539806,49787,49787,5476,26510
31,3134608,7573,7573,1129,4038
52,5210901,9167,9167,1430,2636
25,2504355,4949,4949,391,3217
43,4312807,875,875,78,196
27,2701209,7081,7081,768,5242
42,4215802,18547,18547,1616,5406
16,1600154,9860,9860,748,7592
22,2205276,4368,4368,202,3159
25,2507705,12726,12726,1310,9349
31,3158409,2472,2472,299,886
42,4215703,5936,5936,820,1882
43,4313011,1060,1060,67,59
23,2302800,53585,53585,7194,38040
23,2304285,29208,29208,5075,18508
29,2913408,11242,11242,939,6959
35,3509452,3082,3082,502,1443
35,3537305,16585,16585,2243,8994
25,2508901,28959,28959,6325,21033
26,2603207,22203,22203,2066,16726
41,4108908,3400,3400,360,1563
35,3508207,2564,2564,243,825
31,3118304,30231,30231,3633,11549
41,4104501,5053,5053,726,1794
43,4316501,585,585,54,155
24,2405603,9957,9957,1182,7366
42,4219507,9817,9817,1597,2842
31,3161700,3432,3432,464,1897
35,3550001,4224,4224,822,1973
31,3166600,338,338,28,75
41,4125308,2168,2168,258,568
52,5214804,1365,1365,100,432
31,3129004,3770,3770,347,1906
41,4115457,2717,2717,235,1638
29,2920403,11310,11310,1619,8146
35,3551603,7690,7690,1265,2626
22,2205524,4664,4664,378,3109
21,2111953,4138,4138,294,3015
51,5105200,5891,5891,633,2009
35,3516853,1764,1764,147,544
42,4207106,4536,4536,632,2202
43,4323457,2118,2118,246,1493
31,3157807,92823,92823,10861,49094
33,3302205,41988,41988,6177,19201
35,3523305,7304,7304,1226,4461
42,4219705,8529,8529,761,3125
22,2205409,10256,10256,761,7959
42,4209201,303,303,47,41
35,3546702,3936,3936,702,1350
31,3128006,16996,16996,2458,9399
15,1505551,6584,6584,630,4278
29,2910776,4633,4633,293,2668
43,4307609,8366,8366,1002,3783
22,2204550,4232,4232,324,3542
43,4309126,1787,1787,86,761
51,5101704,14811,14811,1646,7240
29,2922201,5298,5298,365,3456
15,1508100,56631,56631,6326,36136
42,4210852,771,771,76,111
31,3109501,5851,5851,716,1983
26,2607604,15530,15530,2281,11569
41,4103909,7548,7548,938,3166
42,4203154,2998,2998,278,1161
41,4124905,3446,3446,424,1496
42,4218905,3909,3909,411,1977
21,2101301,10806,10806,807,8558
35,3553401,10493,10493,1830,4348
17,1702000,4663,4663,606,1883
43,4313102,1705,1705,145,640
29,2933109,5846,5846,483,4162
52,5214507,15740,15740,2031,6782
15,1501451,15199,15199,1666,9538
35,3542107,3157,3157,341,1321
43,4320651,717,717,58,364
41,4102000,14279,14279,2079,3891
43,4305132,2284,2284,155,706
24,2406502,12648,12648,1223,7892
35,3509809,2199,2199,312,1372
24,2405207,3929,3929,443,2594
50,5002902,9911,9911,1996,3453
24,2402600,49819,49819,5050,33374
50,5002001,6691,6691,519,2652
31,3121258,5209,5209,515,3319
31,3124807,2699,2699,376,1292
29,2912707,14200,14200,2152,9698
29,2903003,11459,11459,822,7063
41,4120903,17655,17655,1918,8481
43,4305959,1318,1318,61,80
15,1500347,10460,10460,660,7414
35,3543105,2535,2535,308,1338
13,1304237,15727,15727,1530,13644
51,5105002,3822,3822,535,1335
43,4315313,621,621,84,173
41,4116505,578,578,43,172
31,3170909,14364,14364,1612,9917
32,3203908,25273,25273,2814,11213
35,3556602,3979,3979,531,1045
23,2313559,13996,13996,1859,10368
52,5218102,2211,2211,236,1076
25,2510907,8394,8394,725,6113
51,5107743,1453,1453,43,848
42,4211850,879,879,80,426
24,2409803,10698,10698,1114,7893
41,4109104,1062,1062,105,346
50,5007695,14564,14564,1630,3840
41,4126678,4973,4973,680,2167
31,3155504,4962,4962,566,2118
22,2206720,8553,8553,838,6438
33,3305703,9377,9377,885,6236
31,3163003,3074,3074,436,1975
52,5213087,13767,13767,2315,6200
22,2211407,3418,3418,253,2405
31,3170800,17112,17112,1892,8611
31,3117876,2443,2443,233,906
26,2611507,13376,13376,1421,10245
33,3301504,8625,8625,1127,4134
11,1100502,4792,4792,378,1585
35,3505609,13356,13356,1386,6974
32,3203304,8225,8225,959,4602
43,4317756,787,787,56,224
51,5108352,1752,1752,209,745
26,2615805,18410,18410,1289,14884
41,4104402,7379,7379,939,4455
29,2919058,5754,5754,614,3867
35,3552809,95716,95716,11817,41734
51,5105606,7254,7254,997,2370
24,2401701,7453,7453,824,4814
24,2412906,7843,7843,696,5083
43,4306320,1276,1276,66,231
43,4317558,1131,1131,30,75
41,4128633,4122,4122,241,2520
13,1301803,15193,15193,1282,14210
25,2500304,20213,20213,2454,14329
41,4110300,1902,1902,158,577
26,2616407,85878,85878,12113,57086
11,1101708,5662,5662,653,2773
31,3119906,1275,1275,268,513
22,2210383,1551,1551,111,931
22,2200459,4784,4784,430,3463
50,5003488,7249,7249,798,3958
29,2925808,18055,18055,1816,13625
43,4300877,2957,2957,250,1248
51,5100607,4521,4521,352,1458
31,3171808,5204,5204,922,1454
32,3204302,9054,9054,1378,4747
29,2925956,14920,14920,1165,11288
52,5208707,446949,446949,60903,190383
22,2205532,4928,4928,455,3546
31,3138401,24418,24418,3639,9730
27,2704005,17469,17469,2129,11980
29,2932101,14024,14024,1396,9694
25,2503100,4224,4224,327,2488
25,2511707,4642,4642,312,3727
31,3103702,4417,4417,593,2360
17,1718550,3223,3223,362,1772
42,4213807,2732,2732,335,1458
35,3531001,923,923,130,228
26,2608206,11099,11099,1131,8628
33,3304607,3818,3818,679,2164
26,2611705,18263,18263,1571,13008
26,2602902,122683,122683,15934,78465
43,4307054,849,849,85,248
35,3543402,137602,137602,22298,62737
29,2929206,27411,27411,2202,19119
35,3550100,12127,12127,1503,4569
42,4219358,1339,1339,157,676
35,3534005,1608,1608,286,586
29,2933406,6368,6368,501,4047
35,3543204,2335,2335,352,1013
43,4321006,2407,2407,424,515
29,2920601,29170,29170,2911,23604
31,3157336,4084,4084,395,2017
35,3549805,104109,104109,19285,46461
28,2807501,10102,10102,1048,6949
51,5102686,4215,4215,280,1216
24,2401602,4462,4462,271,2946
42,4203600,9096,9096,1676,1489
29,2924900,6576,6576,454,4255
50,5007901,26069,26069,2813,10641
12,1200179,8830,8830,896,5910
35,3520004,8317,8317,821,4655
25,2503803,4497,4497,413,3494
29,2913507,16092,16092,2525,11074
29,2930709,75031,75031,7925,49704
35,3513850,1145,1145,119,249
28,2800308,239781,239781,35000,141080
41,4106605,9503,9503,1589,2896
35,3543501,3502,3502,519,2039
25,2513968,2138,2138,186,1337
43,4310363,805,805,38,96
15,1508308,45024,45024,2632,38697
31,3110707,6586,6586,890,3101
35,3524303,22703,22703,3073,10388
29,2929909,33631,33631,2731,22668
22,2200905,3946,3946,230,2773
29,2910800,346593,346593,42058,193695
43,4305603,855,855,89,189
35,3548708,202803,202803,23934,102163
24,2402204,22362,22362,2617,16666
26,2602704,10791,10791,1097,8148
35,3502507,11974,11974,1760,4844
35,3525102,14106,14106,2055,6806
35,3522000,1263,1263,127,515
32,3205101,38042,38042,4164,19090
26,2611804,23362,23362,3228,16769
31,3164472,5557,5557,432,3845
33,3304102,9885,9885,1186,5904
43,4301107,6930,6930,892,3775
31,3154200,4648,4648,621,1891
11,1100130,20679,20679,2242,8871
31,3165909,3175,3175,291,1479
13,1303908,32723,32723,1631,28700
29,2918605,5978,5978,579,3196
31,3157203,12913,12913,1112,6739
15,1506559,16747,16747,1356,13616
35,3552007,3202,3202,375,1622
33,3303609,21573,21573,1700,14588
17,1701002,7293,7293,851,4524
11,1100304,40718,40718,5401,14665
43,4318804,12988,12988,2073,5871
21,2111078,14692,14692,994,11623
42,4209706,7281,7281,926,2774
28,2806503,3028,3028,451,1858
25,2500205,4520,4520,262,2623
29,2913309,5103,5103,359,3293
25,2502409,7987,7987,634,6038
43,4310462,292,292,35,36
25,2507804,5125,5125,438,3536
35,3556453,11142,11142,1994,4295
35,3553005,4744,4744,708,2292
21,2103208,62165,62165,5361,52037
31,3144508,4084,4084,440,1838
17,1702554,11178,11178,1161,6347
22,2203453,7196,7196,474,4972
23,2304269,7373,7373,659,4225
29,2915353,11497,11497,701,8103
31,3133709,5485,5485,561,1552
35,3551108,3536,3536,570,827
25,2511103,5216,5216,339,3257
21,2100501,7844,7844,697,5648
28,2803302,11523,11523,1137,7249
41,4108403,27021,27021,3505,6886
29,2907558,5777,5777,473,3752
31,3168200,942,942,117,400
22,2200806,2175,2175,158,1662
17,1712702,1878,1878,114,1079
23,2301950,17215,17215,2293,12891
32,3204005,10068,10068,891,5184
50,5007109,11196,11196,1018,3633
31,3150901,2596,2596,471,1254
42,4212809,9232,9232,1149,3813
11,1100080,9362,9362,786,6145
42,4208609,1209,1209,178,506
41,4104428,8626,8626,691,3309
26,2612406,14615,14615,1165,10993
35,3516002,3692,3692,415,1814
17,1709005,10192,10192,800,7156
33,3300605,19210,19210,2530,7751
43,4311759,3721,3721,421,1327
32,3200607,48702,48702,4865,21370
42,4204707,2302,2302,195,632
25,2500601,16258,16258,2056,10917
42,4212106,2990,2990,353,1140
17,1713809,3984,3984,529,2472
29,2916005,12201,12201,2101,7236
15,1502400,108959,108959,16705,62287
50,5004304,8292,8292,1027,3468
29,2916104,15253,15253,1604,11631
35,3520707,2083,2083,287,737
11,1100064,5319,5319,1035,1579
21,2108504,20769,20769,2003,16105
29,2926806,10299,10299,772,6668
29,2917607,33196,33196,5932,16285
31,3140506,6215,6215,692,3160
31,3134301,3204,3204,336,1901
22,2211704,3186,3186,185,2419
25,2514453,4581,4581,541,3473
21,2106607,23498,23498,1579,18539
29,2911204,18618,18618,3147,13540
52,5222054,4593,4593,425,1986
33,3305109,158461,158461,22902,103285
26,2614204,24747,24747,2471,19113
31,3142502,1332,1332,284,453
42,4207700,755,755,176,139
24,2403004,5565,5565,792,3094
29,2903409,14827,14827,1756,10463
35,3510500,53326,53326,8072,24465
23,2306256,33442,33442,4834,20281
42,4204350,1157,1157,90,544
17,1720150,1373,1373,133,706
43,4300703,1819,1819,94,276
23,2309201,14235,14235,1737,8842
15,1507508,12190,12190,1010,8846
42,4210050,427,427,39,156
23,2311207,7492,7492,863,4882
23,2302305,20917,20917,2536,15321
41,4118402,36058,36058,4777,12220
31,3145901,12915,12915,1393,5721
43,4304507,21719,21719,2909,11275
35,3549201,1274,1274,113,240
31,3105608,52058,52058,6398,22403
23,2313401,61409,61409,7656,43522
25,2509008,8975,8975,581,6432
28,2802007,3263,3263,422,2143
43,4319802,3501,3501,467,1935
42,4207205,3981,3981,449,2009
21,2103109,7763,7763,471,6385
31,3150406,2791,2791,275,1771
41,4124707,5717,5717,693,3005
41,4126272,3052,3052,301,1177
29,2930006,6486,6486,410,4491
35,3550902,4252,4252,751,1964
22,2204659,7800,7800,918,5906
31,3164308,2654,2654,315,1276
50,5003801,10577,10577,1373,3171
43,4309902,1892,1892,226,869
42,4206108,2138,2138,140,839
32,3201803,2819,2819,234,1437
31,3165404,3258,3258,449,1515
51,5102702,8631,8631,689,3957
25,2507002,14480,14480,1533,9800
35,3516606,2004,2004,392,747
26,2603454,81590,81590,13253,50893
15,1501709,89560,89560,9339,69093
43,4315057,683,683,119,294
17,1716604,6152,6152,656,3106
43,4305439,2699,2699,604,795
29,2932408,11134,11134,771,7973
23,2302503,28550,28550,4251,19996
41,4121505,7926,7926,594,4121
17,1703057,2138,2138,172,1091
31,3148707,15322,15322,2942,9533
41,4112504,6440,6440,952,2344
43,4316428,1804,1804,109,577
43,4301925,427,427,47,45
29,2909307,21181,21181,2038,13743
31,3152808,10145,10145,1307,4090
27,2703007,10438,10438,1521,7512
21,2102507,17241,17241,1229,14832
22,2211605,1974,1974,131,1355
31,3106606,4011,4011,391,2795
29,2917201,13949,13949,1370,9282
31,3118700,4939,4939,360,2276
29,2912608,3634,3634,254,2618
24,2405504,2266,2266,94,1763
29,2916302,6987,6987,1053,4774
23,2306553,33227,33227,3095,28203
27,2702801,9254,9254,1080,6490
31,3102506,2891,2891,330,1960
42,4217204,7422,7422,1045,2598
31,3133758,5159,5159,668,1568
41,4127106,15717,15717,2928,5570
22,2201176,3312,3312,130,2253
42,4217956,926,926,80,239
35,3546009,6547,6547,777,2888
21,2103307,76213,76213,7182,57577
15,1504000,25516,25516,1111,21975
52,5201454,1599,1599,187,523
26,2609600,201908,201908,32242,120642
15,1502608,10467,10467,982,7995
21,2102200,23627,23627,1590,20999
26,2603926,12670,12670,865,10574
29,2916401,43940,43940,6910,23714
29,2901205,17313,17313,1630,12357
43,4316956,753,753,49,199
35,3507902,5457,5457,765,1798
29,2907509,33341,33341,2994,21124
24,2413359,11386,11386,953,7761
33,3302254,13540,13540,1480,7551
43,4318481,498,498,32,71
41,4100707,5270,5270,727,2001
51,5103361,1848,1848,129,928
31,3166006,3111,3111,275,2052
35,3527405,6278,6278,780,2767
41,4125407,2973,2973,410,1159
35,3522109,58570,58570,8966,29968
35,3520426,10761,10761,1271,4582
23,2311306,62451,62451,11728,41764
22,2210656,7330,7330,550,5265
43,4312617,965,965,130,494
15,1502764,7561,7561,505,5682
31,3112208,2222,2222,267,1467
25,2500106,8035,8035,395,5126
23,2301109,44594,44594,7499,26657
21,2101350,4524,4524,252,3384
31,3153202,1818,1818,433,716
43,4317608,15159,15159,2112,6566
35,3552304,3692,3692,231,1097
21,2112274,5419,5419,377,4221
35,3500808,2154,2154,158,776
23,2307205,5889,5889,610,3564
35,3508306,2466,2466,252,858
17,1702703,2245,2245,164,1143
35,3512704,1524,1524,147,527
12,1200609,40653,40653,4726,34317
52,5218607,5743,5743,832,2000
51,5106752,20956,20956,2635,7695
21,2104800,53857,53857,3604,42372
26,2607505,20253,20253,1743,16092
24,2406155,3367,3367,262,2097
35,3537107,11095,11095,1233,4059
41,4119608,16994,16994,1854,7585
17,1718758,4189,4189,343,2819
35,3511409,6739,6739,827,2919
31,3114907,982,982,78,438
35,3515707,69687,69687,7979,39038
31,3150604,2454,2454,248,943
42,4208807,4410,4410,821,2117
29,2906907,15202,15202,1614,9781
35,3512803,12539,12539,2341,4838
35,3536703,14052,14052,1808,6009
35,3506102,22525,22525,3221,9457
43,4308250,672,672,43,145
42,4203006,28385,28385,3648,8133
22,2203420,3543,3543,285,2686
25,2513851,2242,2242,177,1251
41,4119301,17508,17508,1866,9602
42,4218806,2352,2352,358,728
23,2301000,56566,56566,8578,38706
29,2902609,13047,13047,935,9726
23,2300903,10836,10836,1089,7980
43,4305850,665,665,38,149
31,3144102,9497,9497,1163,3426
31,3143153,3214,3214,295,1927
31,3122504,2520,2520,389,863
22,2210052,4301,4301,522,3086
31,3121605,28458,28458,2605,12675
41,4117255,4250,4250,416,1494
43,4322251,502,502,58,228
17,1715507,1005,1005,76,468
27,2702702,2847,2847,365,2059
35,3551306,1915,1915,135,669
25,2515104,8298,8298,841,5042
31,3110806,2300,2300,293,1277
31,3166709,4412,4412,886,2028
31,3149804,6307,6307,732,3658
23,2308377,11094,11094,1003,8694
31,3150505,2887,2887,476,1292
41,4110706,21448,21448,2329,10438
17,1702208,19489,19489,2249,11657
23,2303709,221453,221453,32264,152685
26,2602209,25845,25845,2171,20543
29,2921906,8285,8285,511,5638
43,4321204,13559,13559,2352,6250
42,4208401,2925,2925,356,661
43,4318606,2000,2000,215,671
13,1300060,10207,10207,575,8263
43,4311254,3710,3710,268,2161
21,2111409,14189,14189,1236,10815
35,3523800,2704,2704,318,1084
43,4306502,5408,5408,598,2978
31,3132008,2953,2953,209,1736
26,2608107,18123,18123,1671,12786
51,5102603,10170,10170,516,8283
33,3304003,11051,11051,1584,6658
43,4312138,1305,1305,133,503
15,1502202,42332,42332,5463,29951
43,4308656,1820,1820,193,703
41,4105508,21954,21954,3335,7336
21,2105302,143139,143139,17077,81966
21,2111029,10609,10609,630,8812
25,2507101,13559,13559,2025,9782
26,2614105,24168,24168,2439,16293
52,5215256,2804,2804,283,1485
51,5102504,50414,50414,6759,26620
33,3301876,18257,18257,2113,8084
29,2906808,31676,31676,3084,23187
51,5106505,20391,20391,1945,12985
17,1712405,2563,2563,202,1579
21,2102358,9948,9948,779,7565
41,4122800,1325,1325,193,392
35,3502903,9602,9602,1486,4836
52,5201801,8105,8105,1068,4752
17,1702901,9120,9120,875,6380
22,2205557,9193,9193,984,6611
17,1703891,2831,2831,264,1730
35,3527801,2251,2251,193,775
41,4108551,1919,1919,318,708
22,2209450,1831,1831,294,1135
35,3552205,173856,173856,19008,86472
35,3552502,128269,128269,15972,68208
17,1715705,3757,3757,353,2113
31,3122207,4963,4963,620,3164
51,5106273,1908,1908,244,678
24,2407807,14863,14863,1443,10219
52,5208103,2703,2703,291,1477
51,5108907,2807,2807,198,1146
31,3161056,2317,2317,279,1306
27,2708709,7479,7479,670,4795
25,2516300,12382,12382,1173,7922
35,3501509,1486,1486,225,644
41,4105904,5465,5465,855,1516
31,3137502,6913,6913,971,3901
21,2111250,5300,5300,444,4014
51,5103601,4320,4320,473,2145
15,1503408,7977,7977,801,5804
25,2515609,1856,1856,215,1318
31,3157278,1786,1786,340,849
32,3204609,7129,7129,678,3234
29,2931301,10075,10075,625,8084
35,3540101,1038,1038,178,596
42,4200606,1141,1141,140,549
22,2210631,3406,3406,183,2372
42,4210001,2169,2169,251,711
21,2107803,23575,23575,1455,17259
21,2107605,16268,16268,1101,13257
27,2702553,13636,13636,1474,9016
29,2907707,8485,8485,496,6935
35,3528601,3487,3487,394,1422
31,3149507,1926,1926,179,776
51,5103700,5848,5848,423,3840
35,3540259,2236,2236,364,771
35,3509106,2353,2353,185,1325
27,2701100,8019,8019,855,5858
41,4128609,2007,2007,261,706
29,2907400,2901,2901,168,1941
35,3500402,2325,2325,299,702
21,2101400,62890,62890,8426,38627
21,2103901,9819,9819,601,8229
51,5105259,29898,29898,2558,11070
31,3115102,8768,8768,1296,3927
25,2513604,5170,5170,412,3312
43,4310108,13141,13141,971,4470
31,3123809,4860,4860,504,3061
43,4318101,8602,8602,1093,3851
43,4316436,1139,1139,103,183
27,2704203,19252,19252,1662,15582
31,3121100,3339,3339,467,1978
31,3132107,12020,12020,1709,7400
52,5208509,2473,2473,233,955
29,2910107,9898,9898,722,5700
24,2414704,3865,3865,269,2888
27,2704401,12950,12950,1283,9871
15,1501808,90693,90693,7591,77677
29,2900355,11030,11030,674,7964
43,4306379,1468,1468,175,719
15,1503093,19904,19904,2197,12835
41,4126009,4648,4648,659,2374
35,3555505,2144,2144,247,1165
25,2500700,11742,11742,1209,7862
29,2918308,10726,10726,1877,7257
14,1400456,21321,21321,1669,14991
31,3128600,3160,3160,335,1396
29,2925501,24488,24488,2945,16034
29,2920106,13349,13349,796,9811
42,4206751,798,798,80,380
35,3526704,32594,32594,4341,13610
35,3509601,24346,24346,3511,12231
31,3105905,12402,12402,967,5379
31,3137403,6802,6802,518,3023
43,4307500,5188,5188,553,2618
31,3101409,1152,1152,105,755
22,2206100,8438,8438,487,7302
15,1505700,23334,23334,1559,19250
29,2901908,11944,11944,1231,9754
35,3554102,78834,78834,12106,33114
50,5006309,20637,20637,3076,6824
43,4300406,27518,27518,6038,10239
24,2406908,3129,3129,236,1940
29,2920304,6582,6582,411,4068
21,2112704,31196,31196,4294,24904
31,3156809,8759,8759,1197,4612
50,5003108,2374,2374,428,946
43,4304630,25846,25846,3883,11740
29,2918803,15963,15963,1389,11752
23,2304277,5386,5386,323,2662
43,4310579,748,748,82,226
13,1300631,21707,21707,1985,18166
51,5104559,3098,3098,307,1241
42,4206504,11090,11090,1041,4412
21,2106359,5886,5886,282,5009
29,2931707,9977,9977,831,6968
29,2922409,15260,15260,1398,10410
29,2933208,33320,33320,3609,24611
43,4312385,112,112,11,46
43,4313334,615,615,89,158
25,2516201,45205,45205,6926,33213
41,4126801,6392,6392,820,1948
42,4204806,16185,16185,2083,6560
15,1500206,48878,48878,4020,40542
23,2305605,17745,17745,1459,12513
24,2411601,3228,3228,183,1507
35,3553203,1625,1625,232,625
24,2405009,6178,6178,568,4354
25,2516508,11297,11297,1099,8156
42,4200556,766,766,85,153
52,5209291,1822,1822,126,797
35,3509304,4089,4089,411,1374
41,4107207,10920,10920,1305,4239
35,3519808,3100,3100,314,1108
24,2402907,3359,3359,362,1982
35,3505203,9122,9122,1137,4381
13,1302306,22808,22808,1530,19143
35,3557006,30018,30018,3285,16214
41,4106456,3759,3759,355,2473
29,2918209,10566,10566,869,7752
31,3163102,2196,2196,231,887
31,3136009,10394,10394,1615,7640
43,4312153,1660,1660,143,554
16,1600709,12703,12703,1170,9359
35,3522208,83458,83458,9658,38757
52,5205406,8925,8925,1286,2947
52,5202809,1991,1991,235,902
26,2615706,11489,11489,1140,6415
35,3542800,2075,2075,195,1245
35,3517109,2250,2250,270,1048
29,2931053,13238,13238,1061,9023
43,4314027,2372,2372,219,1193
24,2410801,3254,3254,316,1868
31,3116605,10366,10366,1118,3563
42,4219176,1744,1744,208,559
43,4301057,5330,5330,713,2465
25,2506707,7691,7691,550,5849
29,2909406,9960,9960,669,6993
42,4216909,5102,5102,691,1672
31,3142304,2575,2575,297,1130
51,5107909,64844,64844,6971,17995
17,1717800,3313,3313,298,1818
41,4109609,24828,24828,2891,12158
42,4207502,8105,8105,1356,2851
50,5006606,64836,64836,12035,29117
31,3128907,5612,5612,471,2555
42,4204459,610,610,94,188
26,2601003,8100,8100,718,6230
27,2704609,8943,8943,601,6598
31,3128402,3939,3939,655,1833
41,4127965,7049,7049,660,2939
52,5205521,2970,2970,254,1620
35,3533601,2026,2026,302,1035
42,4201505,2009,2009,186,1027
43,4300901,1446,1446,164,294
33,3304110,8878,8878,1097,4783
28,2803005,31085,31085,2838,24541
29,2911501,5379,5379,674,3788
35,3555901,464,464,67,227
21,2101509,11778,11778,1060,9023
50,5000203,10056,10056,702,4389
31,3141900,1635,1635,210,886
42,4216057,2058,2058,307,907
29,2930303,14327,14327,887,8498
29,2930766,8548,8548,545,7027
31,3115474,4161,4161,242,2875
17,1712157,1279,1279,92,686
35,3540903,5234,5234,645,2807
22,2201770,5925,5925,348,5219
31,3104700,7828,7828,1092,4924
51,5105622,16201,16201,1445,7016
43,4321857,2730,2730,203,1016
14,1400704,13185,13185,371,11577
29,2919959,6019,6019,587,4079
25,2503001,14831,14831,2009,10655
29,2907608,12388,12388,966,7991
35,3531605,1884,1884,234,719
29,2915809,16295,16295,2850,10133
52,5211800,26019,26019,2807,12461
15,1507151,15102,15102,1694,11166
31,3117405,3004,3004,222,2127
42,4211058,4440,4440,690,1626
13,1302900,50108,50108,4298,43049
43,4312609,1639,1639,104,372
35,3551702,35910,35910,4316,16119
27,2706307,46085,46085,5820,33868
13,1300144,12469,12469,957,7715
33,3305406,9559,9559,1024,4983
31,3108503,3873,3873,399,2314
25,2515906,3797,3797,407,2873
43,4321402,6215,6215,620,3712
33,3304201,41634,41634,5046,20335
31,3104304,5588,5588,687,2566
29,2903201,82172,82172,9275,46750
43,4321303,8239,8239,1056,4373
22,2204600,2625,2625,206,1877
16,1600212,5108,5108,481,3725
25,2500403,15012,15012,1810,9678
42,4219200,1394,1394,151,527
41,4123709,4118,4118,420,1152
35,3537602,36736,36736,6599,18117
15,1500107,128689,128689,10947,98097
35,3530201,8649,8649,892,3025
26,2603405,5734,5734,531,3978
26,2606804,78205,78205,10651,49589
35,3556206,17018,17018,2625,7984
42,4215000,9233,9233,1194,3414
29,2911659,5942,5942,422,3179
43,4304804,2206,2206,346,688
22,2203008,5643,5643,497,4081
17,1702307,3883,3883,424,2033
33,3303708,19359,19359,2043,10031
22,2201929,5275,5275,465,3646
31,3169208,4874,4874,439,2762
52,5205497,51153,51153,5291,28415
24,2408201,21261,21261,1968,14613
41,4121109,2784,2784,219,734
31,3106408,4452,4452,423,2447
42,4207304,12479,12479,1558,5633
21,2105708,31230,31230,2231,25976
28,2804904,10424,10424,1336,6778
27,2702306,30587,30587,4529,21738
15,1502939,25812,25812,2329,16858
43,4317103,41484,41484,7933,21560
29,2907301,17636,17636,1990,11944
43,4312906,1410,1410,98,358
35,3543006,11684,11684,1320,7127
29,2924678,5779,5779,585,4490
52,5221908,2122,2122,281,914
43,4322855,550,550,27,46
17,1720804,7022,7022,634,4301
23,2301406,10948,10948,1193,7061
43,4318440,643,643,29,116
21,2109502,15512,15512,1497,10869
43,4313953,4978,4978,706,2724
22,2205151,4518,4518,223,3411
21,2104073,6580,6580,560,4752
26,2611533,6111,6111,499,3780
51,5107263,1653,1653,172,787
43,4311908,1885,1885,165,249
52,5220405,9661,9661,1292,3679
29,2923357,14008,14008,837,10740
43,4313060,6250,6250,530,2228
41,4113908,4105,4105,392,1860
35,3500709,10532,10532,1664,4439
35,3528106,3277,3277,410,1343
27,2705101,16250,16250,2290,11571
41,4103479,2218,2218,241,676
33,3302908,12369,12369,1507,7394
26,2601409,28558,28558,3356,21119
25,2517407,2106,2106,128,1252
43,4311205,7962,7962,1326,3453
22,2205516,4125,4125,253,2934
22,2204501,6919,6919,581,5253
31,3141207,1662,1662,227,535
15,1505031,18691,18691,2821,10202
31,3144904,2663,2663,282,1342
23,2312007,24023,24023,3011,17904
32,3202256,5730,5730,434,2579
31,3169356,13167,13167,2002,6152
31,3143807,3715,3715,431,1866
43,4310876,1355,1355,96,706
22,2203602,3492,3492,229,2269
29,2903904,44758,44758,5098,29704
24,2410207,5778,5778,643,3432
22,2201919,5204,5204,535,3901
26,2606002,91508,91508,13242,59904
52,5221700,8142,8142,967,4597
17,1703107,4099,4099,418,1919
41,4107553,1490,1490,218,579
21,2101251,12656,12656,1152,10010
51,5101803,36140,36140,3973,17202
23,2307700,67604,67604,11224,45851
17,1707652,2968,2968,345,1490
35,3525201,8900,8900,1841,4127
25,2510501,3009,3009,212,1809
24,2405702,7332,7332,1088,2718
25,2514503,13454,13454,985,10142
33,3303807,22189,22189,2513,12037
31,3141405,12925,12925,2416,6943
31,3116308,3859,3859,460,1940
31,3130051,7289,7289,758,4834
29,2910404,15471,15471,1866,10591
23,2313708,5637,5637,534,3744
42,4200903,1433,1433,154,536
15,1500602,74388,74388,9490,44128
15,1507904,18835,18835,1761,14554
21,2108900,12458,12458,960,10041
31,3161650,2186,2186,293,1247
31,3120409,2245,2245,311,1047
52,5211909,35955,35955,5487,14825
42,4203402,3949,3949,512,1777
50,5001102,32460,32460,4224,15727
31,3124203,12384,12384,1495,6779
21,2105989,5536,5536,393,4443
43,4320602,1443,1443,80,186
31,3134806,3844,3844,416,1483
25,2504207,3369,3369,198,2637
31,3170008,7998,7998,805,5975
31,3113404,31441,31441,4208,13813
15,1506161,11882,11882,1117,6677
12,1200435,6301,6301,193,5157
26,2603009,27397,27397,2141,20460
52,5215504,5543,5543,426,1228
29,2912509,10225,10225,1217,5878
21,2104008,13391,13391,1147,10988
41,4100509,5829,5829,1092,2027
29,2903706,10824,10824,1937,6961
35,3555109,4145,4145,654,1614
27,2703502,4329,4329,409,2914
31,3114808,2385,2385,320,1515
41,4117909,8820,8820,1183,3075
33,3305000,25942,25942,3152,14891
27,2706422,9024,9024,1032,6459
51,5102637,13410,13410,1312,3618
15,1504802,48521,48521,4295,38196
27,2706448,10302,10302,1323,6959
43,4311627,1947,1947,81,862
42,4212650,3269,3269,215,1678
42,4206801,749,749,116,267
31,3131307,86491,86491,11300,38943
35,3536307,5689,5689,727,2645
31,3145372,3696,3696,254,2095
42,4215687,1142,1142,79,298
43,4305504,1370,1370,106,466
42,4215356,1346,1346,107,603
35,3527504,1260,1260,79,391
21,2112506,45749,45749,3434,37004
35,3542503,2057,2057,213,781
41,4120606,21529,21529,2003,9673
31,3138005,3178,3178,432,1415
21,2111607,13763,13763,1469,9087
33,3305133,4176,4176,639,2255
21,2110500,24842,24842,2319,20239
31,3170438,2030,2030,226,1075
17,1705557,3721,3721,322,1843
52,5212253,1218,1218,173,688
43,4306429,1551,1551,120,407
31,3109253,2826,2826,334,1580
52,5217609,56471,56471,7246,32677
31,3146909,6977,6977,1239,3479
50,5003207,62399,62399,7706,30785
15,1501758,6113,6113,441,4336
25,2515203,2910,2910,191,1665
42,4201208,1845,1845,246,545
31,3129657,4650,4650,747,2700
43,4318465,840,840,74,531
35,3526100,8588,8588,1775,4575
35,3535101,3435,3435,213,1030
52,5220603,10516,10516,987,4682
43,4304697,1962,1962,87,160
21,2110039,16795,16795,1277,13563
35,3533106,1058,1058,98,498
52,5221601,18574,18574,3331,5321
35,3556800,6380,6380,600,1489
28,2807006,2913,2913,287,2031
35,3546405,11107,11107,1879,5873
31,3103207,1371,1371,137,551
25,2511202,22420,22420,3374,15436
42,4203253,1055,1055,139,368
35,3505302,9002,9002,971,3816
31,3159001,2639,2639,232,1582
35,3540002,6941,6941,800,1711
52,5200050,13643,13643,1520,7485
26,2604809,9411,9411,1104,6547
35,3531704,2268,2268,334,1197
25,2503407,3205,3205,129,2351
31,3159100,1802,1802,143,1306
51,5100102,3931,3931,392,2222
29,2906204,17750,17750,1318,13520
23,2308104,34538,34538,4219,23778
24,2401206,9995,9995,981,6641
29,2907103,24593,24593,1942,18880
22,2202117,3996,3996,397,3001
35,3502101,18630,18630,2370,8617
22,2210938,4624,4624,343,3203
43,4322525,1452,1452,159,533
43,4315008,1776,1776,181,511
21,2109007,15400,15400,1899,8268
43,4313441,1143,1143,128,400
31,3161205,3614,3614,287,1115
31,3117900,4813,4813,688,1805
42,4209508,1420,1420,219,469
28,2805406,24470,24470,1827,19483
52,5215306,6753,6753,674,2282
31,3102803,6630,6630,986,3562
43,4305801,2450,2450,220,1173
35,3525003,35286,35286,3674,12172
42,4211504,2890,2890,294,1146
21,2113009,20947,20947,2210,15353
13,1300029,14234,14234,723,11878
33,3301108,7618,7618,996,4294
25,2509107,16244,16244,1910,13014
35,3524907,2522,2522,261,1042
43,4311155,3457,3457,411,1916
23,2304608,5847,5847,540,4472
31,3170750,3192,3192,286,1739
22,2200202,12254,12254,971,8961
32,3200169,8233,8233,854,4597
23,2308609,14519,14519,1254,10144
42,4214508,1322,1322,261,347
31,3119203,5260,5260,686,3219
31,3152709,3281,3281,570,1385
26,2605608,15121,15121,1608,10577
24,2406809,4111,4111,312,2608
29,2922250,9813,9813,517,7467
26,2616001,13956,13956,1278,9719
26,2602605,37989,37989,4111,28530
31,3148202,3053,3053,486,1429
25,2509602,3564,3564,329,2594
31,3123304,2682,2682,479,1549
35,3539905,2529,2529,209,1049
31,3149408,1085,1085,218,544
22,2200301,9492,9492,641,6940
43,4309704,1355,1355,137,396
29,2930501,58249,58249,5524,39680
50,5007406,12137,12137,1703,5617
23,2310951,6987,6987,527,4277
31,3116100,7227,7227,666,4058
22,2205805,18464,18464,1498,14991
43,4322343,795,795,39,165
31,3139201,8970,8970,1549,5284
14,1400407,13696,13696,578,12373
11,1100346,8043,8043,894,4326
42,4203501,4085,4085,494,2546
31,3171154,3521,3521,397,1977
22,2204154,2433,2433,126,1445
31,3153905,3837,3837,402,1873
14,1400308,15978,15978,1403,12132
51,5103502,9866,9866,1210,3199
52,5204201,914,914,99,511
31,3123528,4929,4929,397,3153
31,3139706,4676,4676,398,2438
16,1600550,4272,4272,211,3393
29,2919702,11582,11582,1637,8242
31,3106309,13748,13748,1559,6336
26,2606705,6079,6079,580,3825
42,4217006,2065,2065,233,555
31,3157906,11780,11780,960,7337
29,2921054,8467,8467,628,5981
42,4212908,3399,3399,455,670
35,3526803,11030,11030,2226,5424
41,4118709,1943,1943,219,865
52,5221452,1930,1930,209,1115
41,4105300,3776,3776,455,563
21,2105963,10757,10757,723,8572
41,4114609,12698,12698,1568,3715
41,4117214,2706,2706,365,1001
29,2922706,10246,10246,1287,7303
25,2513943,2152,2152,180,1342
31,3110301,5132,5132,874,2522
32,3200904,23499,23499,2883,9615
26,2611606,607051,607051,110639,355244
43,4323507,1012,1012,105,292
31,3122470,2299,2299,279,1073
43,4303509,24312,24312,3310,12555
41,4104808,113593,113593,14784,35709
31,3112059,2950,2950,380,1623
31,3103801,856,856,125,399
41,4110052,1435,1435,156,372
15,1505007,9060,9060,1035,6336
41,4108650,4324,4324,428,2618
15,1500909,38516,38516,3400,31969
22,2205458,4709,4709,201,3807
41,4107538,950,950,123,226
42,4204202,52157,52157,6604,19000
25,2501351,3880,3880,294,2931
33,3300209,69148,69148,9013,39956
21,2106201,7362,7362,226,5849
21,2108009,13092,13092,733,10549
31,3138682,5327,5327,444,3491
52,5214705,2501,2501,203,910
26,2612109,4563,4563,338,3323
29,2929008,7509,7509,908,5276
35,3500303,12367,12367,1493,6324
43,4302451,2292,2292,171,1307
29,2915601,43987,43987,7789,23728
25,2502805,10095,10095,893,7643
21,2109452,22791,22791,2465,17500
35,3521150,1611,1611,354,819
41,4121356,1393,1393,150,443
41,4121604,3418,3418,364,346
31,3123205,5549,5549,781,1922
31,3138807,6742,6742,926,3163
29,2913804,11537,11537,788,8833
21,2100873,7516,7516,501,6268
17,1700350,3756,3756,533,1866
35,3547304,39718,39718,4195,18938
21,2112233,14425,14425,1691,9661
52,5219704,6449,6449,793,3821
31,3145059,5303,5303,607,3331
22,2201739,6394,6394,379,4106
29,2910701,46455,46455,4125,33187
43,4309753,1580,1580,189,665
28,2802908,57232,57232,8198,34719
31,3162948,3403,3403,465,1464
42,4217154,693,693,27,216
31,3153103,3321,3321,343,1721
21,2102077,9221,9221,1092,7135
21,2102101,24020,24020,2252,19929
29,2914109,7682,7682,470,4944
43,4306908,10664,10664,1437,5649
43,4314456,1281,1281,158,150
31,3145208,31277,31277,3598,11428
22,2203305,12487,12487,1069,9501
17,1718204,34955,34955,4754,15677
14,1400027,8442,8442,419,6813
21,2100709,18061,18061,1583,15523
42,4214102,572,572,51,145
26,2611200,9543,9543,654,7128
31,3106002,4585,4585,573,2113
31,3130556,5064,5064,303,3370
25,2515708,2678,2678,226,1835
29,2905156,9920,9920,915,7785
25,2502003,5496,5496,399,4154
28,2802304,11376,11376,1194,7257
24,2408904,14872,14872,2608,8017
31,3122603,2788,2788,295,1732
25,2511004,2730,2730,211,1766
35,3514809,7499,7499,1050,4185
42,4217402,2821,2821,347,729
35,3540754,8751,8751,1160,4774
35,3515202,2858,2858,378,920
51,5106190,2063,2063,237,549
31,3120508,3967,3967,594,2101
35,3534104,1509,1509,271,743
29,2930204,29001,29001,1480,24235
50,5004809,6962,6962,561,4892
21,2104503,6678,6678,557,5196
35,3542404,5743,5743,784,2389
32,3204104,13936,13936,2118,7117
27,2709400,16706,16706,2976,12422
22,2202109,4464,4464,346,2951
41,4111555,2982,2982,313,1215
43,4311643,504,504,30,53
17,1715259,1994,1994,187,1174
42,4201604,597,597,86,132
29,2930402,12013,12013,993,8159
31,3142908,11882,11882,1235,7359
35,3538204,5665,5665,840,1828
52,5214101,2283,2283,206,1354
35,3550803,3029,3029,527,913
42,4208104,4485,4485,751,2256
29,2906501,42826,42826,4623,32017
35,3533908,20926,20926,2344,7177
50,5002308,6291,6291,599,3027
21,2108306,23870,23870,1806,20355
52,5217203,6261,6261,948,2416
42,4211405,1253,1253,129,481
24,2414001,10212,10212,1035,7495
29,2931400,5442,5442,531,3854
43,4300638,2191,2191,177,1319
28,2806909,2535,2535,283,1837
43,4301404,3249,3249,426,1289
35,3501103,1573,1573,150,767
35,3517505,6184,6184,872,2147
25,2513703,80972,80972,16794,49388
31,3131604,3935,3935,444,2019
52,5214879,1255,1255,114,772
35,3519253,3130,3130,305,1547
22,2201960,5669,5669,566,4220
31,3131901,13376,13376,1678,5977
52,5216809,4251,4251,399,2163
16,1600535,15095,15095,1398,11003
42,4216107,2856,2856,383,1220
35,3549904,232229,232229,25930,91169
17,1720853,1272,1272,123,422
35,3539004,2122,2122,329,723
21,2108256,23238,23238,1323,19190
29,2913903,27451,27451,4896,18214
13,1300102,12514,12514,927,10482
31,3135076,3158,3158,437,1857
21,2101103,8845,8845,583,7593
52,5201405,171932,171932,28473,62134
35,3526001,6046,6046,878,3059
24,2413607,5448,5448,522,2992
17,1703867,2763,2763,262,915
27,2700508,12766,12766,1341,9745
22,2204303,7330,7330,732,5483
51,5105101,13184,13184,1840,6293
41,4117008,4627,4627,466,1433
29,2905305,14451,14451,840,10936
31,3157658,4948,4948,410,3845
41,4126603,8461,8461,1088,2935
43,4308607,3945,3945,417,1064
31,3141702,2738,2738,253,1316
23,2300309,32146,32146,3910,23265
15,1504059,24414,24414,2241,18960
42,4209177,1468,1468,79,357
23,2307254,15791,15791,1538,11182
17,1708304,3591,3591,284,1840
51,5103809,1567,1567,172,618
52,5200829,2395,2395,137,1061
43,4320206,5061,5061,517,1767
25,2509909,6652,6652,965,4511
25,2509701,25744,25744,2668,16716
41,4102604,5120,5120,636,2166
29,2913002,10241,10241,854,6874
35,3547106,1528,1528,148,541
23,2308807,6271,6271,769,4535
35,3536208,8637,8637,1304,3407
17,1718451,1815,1815,161,1002
52,5220108,14752,14752,2220,5707
29,2922052,10781,10781,603,8748
31,3160405,8935,8935,1265,2871
33,3305604,12448,12448,1592,6864
11,1100296,4353,4353,402,1726
23,2306306,34161,34161,4489,23558
41,4113007,2552,2552,282,697
21,2111805,13763,13763,834,10981
22,2208205,14660,14660,1008,11043
12,1200393,9715,9715,400,8124
41,4106555,2284,2284,186,757
42,4217808,3254,3254,475,1381
25,2508505,5393,5393,381,3893
25,2502508,13485,13485,1175,10482
26,2600500,34683,34683,2590,29811
35,3510153,3408,3408,256,1500
52,5208152,2115,2115,212,811
35,3515186,6517,6517,1227,2334
35,3554953,2917,2917,517,1077
24,2414456,3275,3275,238,2454
35,3502408,1948,1948,257,504
51,5106802,2153,2153,236,655
43,4304200,9856,9856,1131,4751
42,4202073,7130,7130,792,2596
43,4310702,1320,1320,197,393
35,3539301,17134,17134,2614,7110
31,3169406,19458,19458,2771,10167
27,2708956,10932,10932,968,8590
35,3525854,1205,1205,97,379
33,3305554,51367,51367,4658,34175
15,1504901,31365,31365,2294,26052
28,2807303,2830,2830,285,1919
31,3133303,12133,12133,2508,6124
41,4102307,6179,6179,633,2237
29,2932507,14025,14025,2204,8677
13,1302009,8849,8849,1076,6305
27,2701803,7592,7592,603,6142
29,2922300,21073,21073,1836,14930
29,2921807,8324,8324,915,4585
41,4111902,5967,5967,706,2234
31,3139102,2453,2453,435,925
50,5003256,16444,16444,1724,7361
29,2927101,9065,9065,382,7966
31,3102308,6552,6552,699,3683
43,4305454,7822,7822,1637,4124
41,4108320,3040,3040,410,1435
41,4118006,3928,3928,447,1193
41,4128658,1964,1964,191,633
31,3162609,6077,6077,700,3185
42,4204103,1628,1628,171,748
23,2307809,24007,24007,3222,17046
31,3170305,1810,1810,302,1098
35,3537404,6991,6991,1266,3288
29,2908200,14283,14283,1415,9353
35,3505401,4916,4916,715,2978
41,4122602,3716,3716,356,1165
29,2915908,5983,5983,391,4351
31,3136603,3450,3450,422,2121
32,3201308,186416,186416,20651,98583
35,3528403,13052,13052,2214,7155
27,2709202,18587,18587,1704,13873
35,3543600,1625,1625,227,697
31,3143104,10510,10510,2632,3710
29,2903508,14683,14683,1950,9660
17,1703206,2967,2967,268,1621
12,1200203,59986,59986,7110,47752
25,2503209,31114,31114,4040,21108
25,2513356,3024,3024,207,2408
22,2208650,6734,6734,418,4270
52,5205703,1317,1317,93,546
50,5002803,4009,4009,413,2021
23,2313203,19901,19901,1770,12984
52,5204805,3390,3390,315,1553
11,1100924,4990,4990,415,2641
31,3166808,6817,6817,508,3236
43,4315453,1069,1069,46,119
27,2700805,3791,3791,290,2435
31,3140803,6380,6380,860,2638
21,2112209,107562,107562,12453,71784
43,4309407,4483,4483,556,1832
23,2306504,14688,14688,2037,10330
35,3531902,10387,10387,1344,4786
35,3549607,2368,2368,282,1050
31,3134905,8932,8932,1208,2627
41,4105201,10388,10388,940,6668
35,3512308,6601,6601,845,2909
43,4307559,1335,1335,249,539
31,3122702,2461,2461,290,1012
28,2803203,24838,24838,3291,16806
29,2919009,3113,3113,257,2113
25,2506004,21806,21806,3452,14829
35,3543808,1509,1509,446,481
27,2702009,8613,8613,759,6033
29,2904753,19007,19007,1645,13951
24,2410702,2143,2143,215,1316
22,2203206,9160,9160,693,6348
31,3162906,12754,12754,1946,4556
27,2704104,15424,15424,1302,11896
41,4122909,2934,2934,315,1390
25,2510105,7422,7422,837,5718
35,3523909,46621,46621,5170,21775
31,3166501,3218,3218,477,1979
29,2913101,13735,13735,808,10651
35,3554201,1968,1968,244,1011
35,3532108,1866,1866,178,889
22,2208700,8198,8198,493,6072
35,3502606,2297,2297,323,717
35,3538501,4585,4585,652,2020
31,3104908,8304,8304,1297,4049
42,4215901,747,747,80,360
31,3144607,11621,11621,1327,5811
29,2911303,8945,8945,719,5249
42,4207809,3401,3401,488,826
42,4209607,3040,3040,300,1098
27,2700607,6187,6187,575,3901
22,2210003,13481,13481,1468,9729
35,3545308,16872,16872,2007,8542
29,2929503,24519,24519,2682,15000
29,2926707,9669,9669,939,6207
43,4319901,23370,23370,2300,11550
43,4310652,1429,1429,129,591
41,4102703,1553,1553,129,645
43,4301552,742,742,71,247
41,4125209,3721,3721,429,726
29,2918456,7351,7351,829,5343
31,3108107,3778,3778,382,2208
16,1600303,264637,264637,35305,179015
31,3159803,9614,9614,1434,3532
26,2605707,21996,21996,1933,16504
43,4305871,678,678,80,227
11,1100908,1860,1860,173,809
21,2112803,38172,38172,3234,31414
41,4101804,56739,56739,6405,22155
50,5006358,10034,10034,1253,7121
31,3137908,1907,1907,165,1063
31,3128253,3775,3775,327,2238
31,3138906,4870,4870,637,2916
23,2313302,35629,35629,4705,22162
31,3149309,20379,20379,2342,9304
23,2311504,15361,15361,1393,7316
31,3166105,1965,1965,264,1112
41,4118808,6072,6072,872,2432
31,3145802,1529,1529,147,688
41,4110607,6745,6745,1067,1755
42,4212502,8250,8250,1032,3715
22,2202737,3905,3905,348,2650
26,2615508,9800,9800,1173,6764
50,5005707,24602,24602,2713,10489
26,2612307,11033,11033,1195,8443
25,2514404,3130,3130,269,2068
24,2411007,3488,3488,397,1787
17,1717503,4334,4334,429,2097
31,3162203,2854,2854,385,904
23,2307908,9279,9279,1632,6887
35,3538600,8635,8635,1401,4244
35,3509254,13534,13534,2246,7130
42,4210209,1420,1420,69,706
43,4317806,6322,6322,1053,2047
41,4113403,2323,2323,236,768
52,5220264,2312,2312,250,853
35,3553807,9000,9000,1790,3679
51,5106000,2999,2999,536,1358
27,2706703,44341,44341,6117,30899
31,3106655,3611,3611,298,2475
31,3140605,3443,3443,570,1837
31,3168051,2450,2450,281,1617
33,3305752,18211,18211,2087,11508
41,4125605,17263,17263,1438,5703
41,4115705,19466,19466,2642,7744
29,2932804,11997,11997,787,8935
29,2929255,15060,15060,1273,9847
42,4215679,1645,1645,192,541
31,3145307,17345,17345,2207,11294
41,4128708,3084,3084,423,1439
29,2923100,17119,17119,1754,12920
35,3534401,250974,250974,22962,116931
51,5108600,8486,8486,755,4207
13,1301407,27380,27380,3758,23081
13,1300706,23128,23128,2868,18366
29,2932903,53620,53620,6433,38522
35,3515301,892,892,104,294
23,2310308,23658,23658,3141,13706
35,3521200,2590,2590,244,1360
24,2407708,9150,9150,944,6530
35,3549409,10468,10468,1938,4764
31,3161809,5140,5140,626,1697
26,2611408,8524,8524,898,5940
51,5107859,5997,5997,465,2371
25,2515401,9481,9481,626,7034
23,2309003,10607,10607,1137,6193
31,3150570,5513,5513,461,3355
21,2100808,13936,13936,1004,11862
31,3168606,66143,66143,10679,32465
43,4322533,3447,3447,210,1543
31,3115706,3288,3288,495,1971
41,4110078,7073,7073,744,2966
25,2502706,3641,3641,383,2656
35,3502002,1669,1669,192,734
24,2409605,2029,2029,166,1364
23,2312908,110816,110816,19947,64168
23,2305100,4947,4947,460,2875
21,2100956,22124,22124,1352,17988
21,2110807,3476,3476,356,2319
29,2931350,82605,82605,14360,37902
31,3145851,2371,2371,244,964
41,4121208,7449,7449,1087,2962
29,2932002,21542,21542,1516,15264
43,4300471,739,739,51,136
35,3538006,55962,55962,7676,29561
31,3150802,9822,9822,966,5145
50,5007208,15862,15862,2078,5863
24,2403202,5292,5292,602,2990
29,2922904,19002,19002,1706,13872
31,3131109,4737,4737,723,2116
41,4120853,899,899,103,192
42,4218350,729,729,52,349
41,4118501,24553,24553,2855,7807
35,3553500,4377,4377,509,2280
31,3169604,13386,13386,1888,7325
35,3534708,28690,28690,4555,12953
29,2914505,23627,23627,1525,17966
52,5213707,3881,3881,464,1510
35,3522703,7944,7944,1060,3823
11,1100940,9481,9481,958,3946
35,3507407,4713,4713,696,1658
41,4107124,2742,2742,238,1133
33,3303302,151536,151536,16203,79838
32,3200409,14292,14292,1634,7555
12,1200708,12558,12558,1519,9092
21,2105203,7983,7983,991,6111
25,2516607,11582,11582,862,8037
11,1101302,6532,6532,738,2396
32,3201506,45272,45272,5427,13705
35,3521705,9054,9054,1241,4194
52,5209101,13977,13977,1885,4794
35,3555604,3471,3471,563,842
17,1721307,1350,1350,167,527
15,1507474,16646,16646,1682,12487
26,2608057,10051,10051,737,7304
31,3145505,1964,1964,246,775
31,3157377,3264,3264,276,1659
13,1301704,39972,39972,4380,31443
29,2917359,7700,7700,468,4591
11,1101559,2760,2760,220,1057
22,2201988,3344,3344,205,2702
21,2108405,9918,9918,825,8012
12,1200302,27782,27782,4749,22451
26,2602100,31991,31991,3128,23825
43,4322202,10651,10651,1294,4983
26,2606903,9010,9010,770,6070
21,2111052,7331,7331,566,5567
11,1100148,9999,9999,972,4621
51,5106422,17376,17376,2796,9986
31,3127107,21172,21172,3461,8438
43,4300034,2247,2247,386,994
35,3520509,44179,44179,6798,14500
17,1718907,3884,3884,306,2150
42,4219002,3381,3381,247,1022
50,5000906,5888,5888,768,2420
23,2307304,172095,172095,29677,95227
25,2502904,4748,4748,587,3295
33,3303203,47521,47521,6938,28896
33,3302858,81733,81733,9874,52159
42,4217105,681,681,53,214
28,2806800,7383,7383,879,4988
26,2610608,39468,39468,4608,29186
25,2504702,4579,4579,369,3008
41,4123907,6787,6787,1038,2757
31,3145455,4405,4405,279,2955
42,4204301,10643,10643,2263,3921
26,2612505,69953,69953,8033,47211
21,2106300,10264,10264,804,7670
52,5215702,15174,15174,1497,5306
41,4128559,4133,4133,736,908
35,3557154,1503,1503,131,403
32,3203809,8056,8056,808,4694
41,4125902,1131,1131,117,286
22,2210391,2319,2319,202,1545
52,5201207,671,671,62,222
29,2929404,7878,7878,578,5221
43,4311718,2475,2475,271,1591
42,4210605,2763,2763,334,1145
35,3549706,13651,13651,2983,7568
26,2613008,36505,36505,4464,25562
29,2928059,8640,8640,1288,6200
31,3107703,3191,3191,337,1551
51,5108105,1688,1688,247,889
31,3135506,6758,6758,670,4242
35,3542602,25989,25989,4146,13505
43,4320321,934,934,134,302
21,2104677,17844,17844,1620,14167
41,4127403,6418,6418,1020,1892
26,2601102,64618,64618,6869,49221
31,3170206,214787,214787,31692,82371
31,3161007,7295,7295,1016,3277
42,4216800,4753,4753,669,2761
50,5002605,7857,7857,973,3317
24,2404002,3609,3609,381,2097
43,4314555,1297,1297,123,400
35,3521804,9096,9096,1525,4534
42,4212304,2348,2348,370,1155
21,2100055,61225,61225,6786,34156
35,3514601,3082,3082,324,1481
35,3512001,3993,3993,684,1501
50,5007554,3683,3683,375,1017
35,3546108,1391,1391,151,393
42,4203303,4180,4180,439,1181
21,2104404,11792,11792,900,9781
35,3548807,18964,18964,3395,6255
35,3541307,17490,17490,2107,6690
35,3524204,2708,2708,261,1055
51,5106372,9843,9843,1042,4388
29,2905404,11949,11949,944,9729
17,1707207,4854,4854,442,2872
15,1506708,24357,24357,2075,16397
43,4311403,23352,23352,1799,6077
41,4103156,1886,1886,167,731
31,3162559,8770,8770,584,5687
29,2914653,20769,20769,3622,15304
43,4323705,1135,1135,77,355
52,5218805,81640,81640,10503,35084
24,2407302,6645,6645,609,4177
17,1711100,1674,1674,144,747
35,3508801,5429,5429,666,3039
31,3127206,2900,2900,363,1479
25,2504603,22619,22619,2877,15134
21,2107209,9843,9843,954,8212
13,1301605,21988,21988,1410,19369
25,2510402,4968,4968,332,3722
31,3161502,5212,5212,588,2169
52,5213004,4910,4910,605,2509
33,3300936,7866,7866,822,4507
31,3123908,6158,6158,678,2115
31,3103751,2602,2602,237,1364
31,3159605,15595,15595,1345,4840
43,4301636,8776,8776,1410,4310
24,2413904,8109,8109,713,5878
17,1707702,5489,5489,659,3753
42,4212700,1218,1218,213,512
21,2109304,8611,8611,656,6735
31,3115300,24668,24668,3380,9664
41,4108957,3446,3446,297,1786
22,2200954,2138,2138,156,1601
43,4311775,3122,3122,289,1645
35,3518008,954,954,204,250
29,2900603,3457,3457,582,2195
43,4312005,912,912,57,116
32,3204054,15114,15114,2006,7446
43,4318051,557,557,46,37
41,4103024,812,812,90,371
24,2413409,4478,4478,569,2501
23,2310407,8630,8630,882,6034
42,4215752,1235,1235,110,285
43,4302907,5603,5603,825,3574
43,4302253,131,131,10,67
50,5005152,4493,4493,374,2237
26,2608909,34264,34264,4555,21924
25,2516102,10295,10295,847,6786
31,3124906,6345,6345,787,3071
23,2305233,56389,56389,7673,23622
24,2402709,7434,7434,745,4616
43,4305173,4400,4400,521,2329
35,3506201,1209,1209,101,459
15,1504604,30943,30943,1888,24817
43,4302006,3660,3660,416,1081
35,3549250,800,800,130,185
41,4115754,5781,5781,803,2593
23,2300200,46221,46221,5489,38127
27,2703908,3378,3378,425,2560
29,2930154,26977,26977,1971,18225
15,1505650,16453,16453,1046,12165
52,5221809,1997,1997,118,634
35,3511904,2896,2896,289,1174
41,4108809,14277,14277,2505,3557
43,4303608,2653,2653,276,861
42,4204251,2089,2089,266,721
50,5008404,3694,3694,387,1354
31,3147402,10148,10148,1432,5434
27,2701001,15216,15216,2240,11709
33,3300308,33526,33526,5225,18966
42,4206603,1275,1275,132,272
16,1600055,3457,3457,287,2551
31,3108602,20951,20951,2846,12634
22,2209609,2070,2070,169,1077
52,5220058,1045,1045,79,394
31,3107802,9462,9462,1135,5681
11,1100114,23972,23972,3476,9888
23,2304004,16462,16462,2121,11706
43,4315321,1633,1633,88,611
52,5219407,3330,3330,406,1620
52,5205513,14747,14747,1578,8452
41,4106852,1500,1500,209,753
35,3534807,4094,4094,438,2375
29,2931608,9095,9095,806,7421
31,3146602,804,804,158,409
52,5203203,6779,6779,520,2697
26,2606408,57081,57081,6175,40153
17,1720002,1804,1804,195,813
35,3517604,9816,9816,1560,4912
22,2210805,9298,9298,1069,6164
31,3130507,5508,5508,793,2013
31,3165503,4168,4168,576,2854
29,2930808,13396,13396,977,9791
43,4305124,2636,2636,492,1167
41,4107850,2284,2284,230,1153
29,2910008,8345,8345,1402,6082
35,3521101,2371,2371,212,873
35,3529203,8093,8093,1226,4418
22,2209377,3835,3835,222,2597
17,1720259,2122,2122,184,1110
22,2202083,6301,6301,475,3795
41,4119806,4393,4393,548,1764
41,4101200,9580,9580,1135,5969
31,3101805,4997,4997,650,2564
31,3118502,993,993,135,576
24,2414159,5279,5279,496,3438
25,2510808,56360,56360,9348,35915
31,3170404,32420,32420,5869,11824
24,2407906,2528,2528,234,1532
29,2915700,5287,5287,891,3926
41,4113700,165309,165309,25120,75061
24,2415008,2356,2356,265,1856
13,1303809,41613,41613,3169,36179
35,3556305,8404,8404,930,4066
43,4322707,8052,8052,722,4000
31,3162807,8225,8225,1366,4433
31,3114709,1523,1523,187,454
35,3531209,1568,1568,259,630
14,1400506,6059,6059,452,4231
43,4320107,8214,8214,522,3260
31,3144003,13542,13542,1681,7047
42,4217600,3543,3543,352,1102
35,3521903,4990,4990,647,2236
13,1302801,14915,14915,939,13104
41,4102109,8515,8515,1235,2879
22,2208874,3539,3539,138,2687
35,3549102,18828,18828,2720,6507
12,1200344,11298,11298,1025,8893
23,2314102,50399,50399,5649,39002
31,3149200,1616,1616,212,809
21,2112605,26154,26154,1974,21934
52,5211602,1865,1865,133,709
31,3106804,1930,1930,350,1137
42,4207601,1111,1111,93,245
52,5201603,2548,2548,213,1035
35,3547007,2666,2666,353,1059
22,2211001,396457,396457,55006,245557
43,4315750,1250,1250,120,523
42,4205456,6599,6599,724,2694
52,5216304,3978,3978,501,1411
52,5203962,2355,2355,254,1336
42,4212239,1309,1309,156,527
33,3301306,19730,19730,2755,9339
27,2708006,31263,31263,3318,22796
33,3304300,29236,29236,3053,17484
35,3542206,9246,9246,1383,4329
43,4303202,2451,2451,182,1087
22,2200400,27937,27937,3338,17575
24,2412708,4571,4571,463,3043
35,3529104,1016,1016,151,251
23,2310100,8517,8517,804,5332
31,3109808,955,955,133,333
28,2805901,6455,6455,783,4176
28,2804201,12443,12443,771,9941
22,2207751,3572,3572,162,2942
35,3507753,1894,1894,207,681
42,4214300,563,563,70,82
35,3553906,2141,2141,378,1006
35,3521606,2734,2734,382,1102
51,5108055,4948,4948,556,2021
29,2923506,7594,7594,602,5516
52,5212055,1641,1641,191,937
42,4200408,2031,2031,259,361
42,4213906,349,349,44,116
26,2612455,11195,11195,1070,7266
43,4308078,1892,1892,224,669
43,4308102,2493,2493,194,574
41,4104006,21301,21301,2158,9432
22,2205607,4328,4328,305,3422
52,5209408,2989,2989,263,1709
31,3146305,12347,12347,1812,7424
43,4309951,1536,1536,263,608
43,4304671,1476,1476,253,686
31,3107307,28105,28105,3024,17214
23,2308302,20529,20529,2130,13957
26,2610707,175546,175546,23950,107594
22,2207850,3435,3435,157,2799
42,4214805,11843,11843,1825,4967
24,2403509,6369,6369,469,4948
26,2607208,72613,72613,6274,49784
43,4321469,463,463,60,165
21,2105807,7409,7409,450,5565
22,2200707,6181,6181,601,4515
41,4124020,6605,6605,677,2692
42,4211702,3805,3805,359,2042
42,4213500,5772,5772,710,1776
43,4313466,604,604,35,122
32,3204906,74742,74742,8381,33960
41,4119202,3856,3856,399,2020
15,1503002,8220,8220,418,6425
43,4318424,1496,1496,120,190
31,3167905,2163,2163,398,845
25,2517001,6955,6955,794,4956
31,3148004,35962,35962,6222,15021
31,3131802,7110,7110,975,3677
35,3520400,13689,13689,1768,5045
29,2923704,25289,25289,1660,20674
29,2925253,15955,15955,1110,12602
28,2805703,16832,16832,2777,11481
13,1300086,9889,9889,706,8020
29,2903102,5179,5179,531,3515
15,1501725,15248,15248,1261,9883
31,3150539,3300,3300,409,1704
15,1506609,18509,18509,2361,12686
15,1507706,26504,26504,1486,22755
35,3543907,43204,43204,5788,16975
26,2611903,13910,13910,1290,9937
23,2304202,90259,90259,15580,52896
15,1504208,144183,144183,16762,89903
27,2705002,14918,14918,1786,12031
31,3120201,6526,6526,522,2337
23,2310258,23641,23641,2937,17653
50,5004106,6310,6310,995,2959
21,2106631,7594,7594,503,5804
29,2926905,6230,6230,492,3803
17,1711506,2340,2340,211,1020
35,3522406,35729,35729,5334,19905
22,2201705,3992,3992,340,2921
42,4202800,6301,6301,694,2774
23,2302057,12903,12903,2154,9721
33,3300704,99269,99269,12049,47703
43,4316972,1234,1234,151,617
35,3507308,2063,2063,189,802
22,2206050,4485,4485,367,3026
43,4318614,326,326,30,98
15,1502855,12834,12834,950,9638
25,2505352,4336,4336,326,3262
43,4323200,590,590,42,160
31,3165578,4398,4398,363,2967
35,3538808,9239,9239,1479,4994
31,3117504,11547,11547,1250,5849
23,2303204,23164,23164,3027,15618
21,2109270,15832,15832,1529,12759
35,3501608,38383,38383,5227,17068
25,2514602,3136,3136,252,1990
43,4315073,869,869,46,197
35,3551405,5043,5043,558,2844
42,4218707,19291,19291,2639,8022
22,2210102,2568,2568,148,1848
12,1200401,190234,190234,33505,123806
22,2211308,14750,14750,1435,8332
35,3555802,3240,3240,586,710
42,4204194,414,414,86,169
22,2202752,5381,5381,403,3963
11,1101203,4154,4154,348,1916
32,3202207,10596,10596,1272,4632
31,3162708,12604,12604,1614,7058
52,5219605,1810,1810,343,843
52,5203906,3645,3645,486,1305
22,2203354,5204,5204,456,4283
50,5000856,5864,5864,464,2330
41,4106407,12325,12325,2046,4381
31,3131208,10069,10069,1725,6056
33,3303906,114022,114022,15142,55584
21,2105427,16439,16439,1370,11027
35,3528304,1422,1422,248,339
35,3518701,94873,94873,13425,50420
27,2704906,2573,2573,277,1896
14,1400472,19406,19406,2120,13306
14,1400175,18430,18430,2042,13004
31,3166204,5789,5789,488,3678
35,3504404,5972,5972,667,3057
22,2200251,4714,4714,376,3216
25,2503902,5211,5211,323,3578
35,3534500,1060,1060,143,360
29,2933000,16804,16804,1368,11359
41,4110201,7016,7016,666,3560
29,2927606,11701,11701,1039,8135
22,2203503,8685,8685,589,5338
32,3201159,7962,7962,613,4575
32,3203205,59348,59348,7892,24284
24,2412559,8914,8914,513,5768
52,5221403,78185,78185,10132,30574
26,2600203,15386,15386,1460,10543
31,3111408,5090,5090,404,2229
35,3503505,1980,1980,247,1157
24,2411502,16010,16010,1700,11314
31,3109402,17451,17451,1561,10751
42,4207908,3726,3726,499,1680
31,3159357,3948,3948,577,2077
29,2918704,3457,3457,439,1767
21,2110401,16276,16276,1245,14060
41,4101101,8016,8016,863,3861
15,1507102,12929,12929,1549,9620
35,3541653,2132,2132,166,1128
29,2908903,19273,19273,1267,14453
17,1712504,2800,2800,327,1219
21,2100204,17260,17260,1037,13888
31,3101102,12894,12894,1554,6766
31,3143906,42679,42679,6499,17272
42,4210704,2300,2300,173,766
31,3132602,2193,2193,374,883
25,2508554,3451,3451,279,2700
23,2309102,8972,8972,795,6582
41,4106001,5122,5122,643,2727
50,5004601,11403,11403,868,3163
43,4317509,27055,27055,4067,10643
26,2606606,19010,19010,1540,14077
31,3119401,39354,39354,6180,15783
23,2302107,24551,24551,3154,17037
21,2110278,11478,11478,661,9925
31,3101904,7393,7393,915,3033
21,2107506,76271,76271,8885,51752
31,3142254,3260,3260,361,1774
32,3203601,3976,3976,588,1807
21,2104099,13778,13778,1139,11206
41,4107751,3914,3914,378,2292
42,4218400,1642,1642,256,600
31,3140902,13551,13551,1368,8842
25,2502052,2840,2840,178,1955
11,1101401,8173,8173,791,4177
22,2206506,6734,6734,482,4808
42,4215695,370,370,48,78
35,3518404,31050,31050,4535,16241
21,2110708,26949,26949,1741,20921
43,4314134,903,903,63,75
17,1707553,2332,2332,192,1229
25,2505600,4993,4993,350,3525
31,3156908,10375,10375,1487,3735
24,2400109,6262,6262,1042,3353
35,3521309,6398,6398,707,2319
21,2100105,6512,6512,490,5302
31,3140001,28570,28570,2041,15095
43,4301701,2704,2704,280,592
24,2405306,6443,6443,508,4777
31,3112000,6647,6647,661,2640
41,4107520,1029,1029,92,269
24,2411403,8962,8962,732,5182
15,1504109,6341,6341,700,4418
43,4304002,2484,2484,293,1124
43,4305447,2189,2189,249,791
41,4113106,2377,2377,191,1028
43,4302154,1078,1078,71,300
17,1704105,1565,1565,161,852
35,3514502,5034,5034,628,1778
32,3202553,7286,7286,507,5345
29,2902104,38188,38188,3396,28443
25,2507903,7606,7606,1465,5412
22,2209971,7157,7157,601,5707
51,5103403,258954,258954,33411,112011
35,3513702,7071,7071,1242,2042
29,2904100,15056,15056,1441,10212
52,5206701,2856,2856,224,1577
31,3108008,7133,7133,974,1665
23,2313955,13266,13266,1904,8585
51,5107297,1793,1793,191,392
41,4122156,10008,10008,652,4801
41,4115408,6911,6911,750,2854
35,3522653,2879,2879,295,2053
35,3537701,2139,2139,231,469
43,4319737,2025,2025,145,1266
43,4315305,14478,14478,2644,5983
21,2106326,16185,16185,1266,12880
35,3515657,782,782,79,377
25,2506251,7098,7098,821,5702
31,3166402,608,608,79,268
43,4320909,8550,8550,745,2449
26,2603603,6079,6079,795,4163
17,1710706,4128,4128,454,2815
31,3168507,6221,6221,870,3057
