codigo_ibge_6,codigo_ibge_7,codigo_uf,municipio,regiao,mesorregiao,uf,uf_municipio,estado,porte_pop_codigo,porte_pop_categoria,populacao_censo_2022
110001,1100015,11,Alta Floresta D'Oeste,Norte,LESTE RONDONIENSE,RO,RO-Alta Floresta D'Oeste,Rondônia,2,Pequeno II,22.516
110002,1100023,11,Ariquemes,Norte,LESTE RONDONIENSE,RO,RO-Ariquemes,Rondônia,3,Médio,111.148
110003,1100031,11,Cabixi,Norte,LESTE RONDONIENSE,RO,RO-Cabixi,Rondônia,1,Pequeno I,5.067
110004,1100049,11,Cacoal,Norte,LESTE RONDONIENSE,RO,RO-Cacoal,Rondônia,3,Médio,86.416
110005,1100056,11,Cerejeiras,Norte,LESTE RONDONIENSE,RO,RO-Cerejeiras,Rondônia,1,Pequeno I,16.088
110006,1100064,11,Colorado do Oeste,Norte,LESTE RONDONIENSE,RO,RO-Colorado do Oeste,Rondônia,1,Pequeno I,15.213
110007,1100072,11,Corumbiara,Norte,LESTE RONDONIENSE,RO,RO-Corumbiara,Rondônia,1,Pequeno I,7.052
110008,1100080,11,Costa Marques,Norte,MADEIRA-GUAPORE,RO,RO-Costa Marques,Rondônia,1,Pequeno I,19.255
110009,1100098,11,Espigão D'Oeste,Norte,LESTE RONDONIENSE,RO,RO-Espigão D'Oeste,Rondônia,2,Pequeno II,33.009
110010,1100106,11,Guajará-Mirim,Norte,MADEIRA-GUAPORE,RO,RO-Guajará-Mirim,Rondônia,2,Pequeno II,46.930
110011,1100114,11,Jaru,Norte,LESTE RONDONIENSE,RO,RO-Jaru,Rondônia,3,Médio,51.469
110012,1100122,11,Ji-Paraná,Norte,LESTE RONDONIENSE,RO,RO-Ji-Paraná,Rondônia,4,Grande,131.026
110013,1100130,11,Machadinho D'Oeste,Norte,LESTE RONDONIENSE,RO,RO-Machadinho D'Oeste,Rondônia,2,Pequeno II,41.724
110014,1100148,11,Nova Brasilândia D'Oeste,Norte,LESTE RONDONIENSE,RO,RO-Nova Brasilândia D'Oeste,Rondônia,1,Pequeno I,20.504
110015,1100155,11,Ouro Preto do Oeste,Norte,LESTE RONDONIENSE,RO,RO-Ouro Preto do Oeste,Rondônia,2,Pequeno II,35.445
110018,1100189,11,Pimenta Bueno,Norte,LESTE RONDONIENSE,RO,RO-Pimenta Bueno,Rondônia,2,Pequeno II,37.098
110020,1100205,11,Porto Velho,Norte,MADEIRA-GUAPORE,RO,RO-Porto Velho,Rondônia,4,Grande,548.952
110025,1100254,11,Presidente Médici,Norte,LESTE RONDONIENSE,RO,RO-Presidente Médici,Rondônia,1,Pequeno I,18.165
110026,1100262,11,Rio Crespo,Norte,LESTE RONDONIENSE,RO,RO-Rio Crespo,Rondônia,1,Pequeno I,3.843
110028,1100288,11,Rolim de Moura,Norte,LESTE RONDONIENSE,RO,RO-Rolim de Moura,Rondônia,3,Médio,55.748
110029,1100296,11,Santa Luzia D'Oeste,Norte,LESTE RONDONIENSE,RO,RO-Santa Luzia D'Oeste,Rondônia,1,Pequeno I,5.942
110030,1100304,11,Vilhena,Norte,LESTE RONDONIENSE,RO,RO-Vilhena,Rondônia,3,Médio,104.517
110032,1100320,11,São Miguel do Guaporé,Norte,LESTE RONDONIENSE,RO,RO-São Miguel do Guaporé,Rondônia,2,Pequeno II,23.147
110033,1100338,11,Nova Mamoré,Norte,MADEIRA-GUAPORE,RO,RO-Nova Mamoré,Rondônia,2,Pequeno II,32.184
110034,1100346,11,Alvorada D'Oeste,Norte,LESTE RONDONIENSE,RO,RO-Alvorada D'Oeste,Rondônia,1,Pequeno I,13.807
110037,1100379,11,Alto Alegre dos Parecis,Norte,LESTE RONDONIENSE,RO,RO-Alto Alegre dos Parecis,Rondônia,1,Pequeno I,13.268
110040,1100403,11,Alto Paraíso,Norte,LESTE RONDONIENSE,RO,RO-Alto Paraíso,Rondônia,1,Pequeno I,22.258
110045,1100452,11,Buritis,Norte,MADEIRA-GUAPORE,RO,RO-Buritis,Rondônia,2,Pequeno II,41.043
110050,1100502,11,Novo Horizonte do Oeste,Norte,LESTE RONDONIENSE,RO,RO-Novo Horizonte do Oeste,Rondônia,1,Pequeno I,8.125
110060,1100601,11,Cacaulândia,Norte,LESTE RONDONIENSE,RO,RO-Cacaulândia,Rondônia,1,Pequeno I,6.307
110070,1100700,11,Campo Novo de Rondônia,Norte,MADEIRA-GUAPORE,RO,RO-Campo Novo de Rondônia,Rondônia,1,Pequeno I,14.391
110080,1100809,11,Candeias do Jamari,Norte,MADEIRA-GUAPORE,RO,RO-Candeias do Jamari,Rondônia,2,Pequeno II,28.068
110090,1100908,11,Castanheiras,Norte,LESTE RONDONIENSE,RO,RO-Castanheiras,Rondônia,1,Pequeno I,2.923
110092,1100924,11,Chupinguaia,Norte,LESTE RONDONIENSE,RO,RO-Chupinguaia,Rondônia,1,Pequeno I,11.755
110094,1100940,11,Cujubim,Norte,MADEIRA-GUAPORE,RO,RO-Cujubim,Rondônia,1,Pequeno I,27.131
110100,1101005,11,Governador Jorge Teixeira,Norte,LESTE RONDONIENSE,RO,RO-Governador Jorge Teixeira,Rondônia,1,Pequeno I,7.130
110110,1101104,11,Itapuã do Oeste,Norte,MADEIRA-GUAPORE,RO,RO-Itapuã do Oeste,Rondônia,1,Pequeno I,10.819
110120,1101203,11,Ministro Andreazza,Norte,LESTE RONDONIENSE,RO,RO-Ministro Andreazza,Rondônia,1,Pequeno I,9.461
110130,1101302,11,Mirante da Serra,Norte,LESTE RONDONIENSE,RO,RO-Mirante da Serra,Rondônia,1,Pequeno I,10.691
110140,1101401,11,Monte Negro,Norte,LESTE RONDONIENSE,RO,RO-Monte Negro,Rondônia,1,Pequeno I,16.158
110143,1101435,11,Nova União,Norte,LESTE RONDONIENSE,RO,RO-Nova União,Rondônia,1,Pequeno I,6.822
110145,1101450,11,Parecis,Norte,LESTE RONDONIENSE,RO,RO-Parecis,Rondônia,1,Pequeno I,6.319
110146,1101468,11,Pimenteiras do Oeste,Norte,LESTE RONDONIENSE,RO,RO-Pimenteiras do Oeste,Rondônia,1,Pequeno I,2.127
110147,1101476,11,Primavera de Rondônia,Norte,LESTE RONDONIENSE,RO,RO-Primavera de Rondônia,Rondônia,1,Pequeno I,2.697
110148,1101484,11,São Felipe D'Oeste,Norte,LESTE RONDONIENSE,RO,RO-São Felipe D'Oeste,Rondônia,1,Pequeno I,4.962
110149,1101492,11,São Francisco do Guaporé,Norte,MADEIRA-GUAPORE,RO,RO-São Francisco do Guaporé,Rondônia,1,Pequeno I,21.088
110150,1101500,11,Seringueiras,Norte,LESTE RONDONIENSE,RO,RO-Seringueiras,Rondônia,1,Pequeno I,11.846
110155,1101559,11,Teixeirópolis,Norte,LESTE RONDONIENSE,RO,RO-Teixeirópolis,Rondônia,1,Pequeno I,4.160
110160,1101609,11,Theobroma,Norte,LESTE RONDONIENSE,RO,RO-Theobroma,Rondônia,1,Pequeno I,10.348
110170,1101708,11,Urupá,Norte,LESTE RONDONIENSE,RO,RO-Urupá,Rondônia,1,Pequeno I,11.081
110175,1101757,11,Vale do Anari,Norte,LESTE RONDONIENSE,RO,RO-Vale do Anari,Rondônia,1,Pequeno I,11.545
110180,1101807,11,Vale do Paraíso,Norte,LESTE RONDONIENSE,RO,RO-Vale do Paraíso,Rondônia,1,Pequeno I,6.490
120001,1200013,12,Acrelândia,Norte,VALE DO ACRE,AC,AC-Acrelândia,Acre,1,Pequeno I,15.721
120005,1200054,12,Assis Brasil,Norte,VALE DO ACRE,AC,AC-Assis Brasil,Acre,1,Pequeno I,7.649
120010,1200104,12,Brasiléia,Norte,VALE DO ACRE,AC,AC-Brasiléia,Acre,2,Pequeno II,27.123
120013,1200138,12,Bujari,Norte,VALE DO ACRE,AC,AC-Bujari,Acre,1,Pequeno I,10.572
120017,1200179,12,Capixaba,Norte,VALE DO ACRE,AC,AC-Capixaba,Acre,1,Pequeno I,12.280
120020,1200203,12,Cruzeiro do Sul,Norte,VALE DO JURUA,AC,AC-Cruzeiro do Sul,Acre,3,Médio,89.760
120025,1200252,12,Epitaciolândia,Norte,VALE DO ACRE,AC,AC-Epitaciolândia,Acre,1,Pequeno I,18.979
120030,1200302,12,Feijó,Norte,VALE DO JURUA,AC,AC-Feijó,Acre,2,Pequeno II,34.986
120032,1200328,12,Jordão,Norte,VALE DO JURUA,AC,AC-Jordão,Acre,1,Pequeno I,8.628
120033,1200336,12,Mâncio Lima,Norte,VALE DO JURUA,AC,AC-Mâncio Lima,Acre,1,Pequeno I,19.643
120034,1200344,12,Manoel Urbano,Norte,VALE DO ACRE,AC,AC-Manoel Urbano,Acre,1,Pequeno I,9.701
120035,1200351,12,Marechal Thaumaturgo,Norte,VALE DO JURUA,AC,AC-Marechal Thaumaturgo,Acre,1,Pequeno I,19.727
120038,1200385,12,Plácido de Castro,Norte,VALE DO ACRE,AC,AC-Plácido de Castro,Acre,1,Pequeno I,20.147
120039,1200393,12,Porto Walter,Norte,VALE DO JURUA,AC,AC-Porto Walter,Acre,1,Pequeno I,12.497
120040,1200401,12,Rio Branco,Norte,VALE DO ACRE,AC,AC-Rio Branco,Acre,4,Grande,419.452
120042,1200427,12,Rodrigues Alves,Norte,VALE DO JURUA,AC,AC-Rodrigues Alves,Acre,1,Pequeno I,19.767
120043,1200435,12,Santa Rosa do Purus,Norte,VALE DO ACRE,AC,AC-Santa Rosa do Purus,Acre,1,Pequeno I,6.893
120045,1200450,12,Senador Guiomard,Norte,VALE DO ACRE,AC,AC-Senador Guiomard,Acre,2,Pequeno II,23.446
120050,1200500,12,Sena Madureira,Norte,VALE DO ACRE,AC,AC-Sena Madureira,Acre,2,Pequeno II,47.168
120060,1200609,12,Tarauacá,Norte,VALE DO JURUA,AC,AC-Tarauacá,Acre,2,Pequeno II,43.730
120070,1200708,12,Xapuri,Norte,VALE DO ACRE,AC,AC-Xapuri,Acre,1,Pequeno I,19.866
120080,1200807,12,Porto Acre,Norte,VALE DO ACRE,AC,AC-Porto Acre,Acre,1,Pequeno I,19.141
130002,1300029,13,Alvarães,Norte,CENTRO AMAZONENSE,AM,AM-Alvarães,Amazonas,1,Pequeno I,16.396
130006,1300060,13,Amaturá,Norte,SUDOESTE AMAZONENSE,AM,AM-Amaturá,Amazonas,1,Pequeno I,11.934
130008,1300086,13,Anamã,Norte,CENTRO AMAZONENSE,AM,AM-Anamã,Amazonas,1,Pequeno I,14.292
130010,1300102,13,Anori,Norte,CENTRO AMAZONENSE,AM,AM-Anori,Amazonas,1,Pequeno I,21.937
130014,1300144,13,Apuí,Norte,SUL AMAZONENSE,AM,AM-Apuí,Amazonas,2,Pequeno II,22.739
130020,1300201,13,Atalaia do Norte,Norte,SUDOESTE AMAZONENSE,AM,AM-Atalaia do Norte,Amazonas,1,Pequeno I,20.868
130030,1300300,13,Autazes,Norte,CENTRO AMAZONENSE,AM,AM-Autazes,Amazonas,2,Pequeno II,41.005
130040,1300409,13,Barcelos,Norte,NORTE AMAZONENSE,AM,AM-Barcelos,Amazonas,1,Pequeno I,27.772
130050,1300508,13,Barreirinha,Norte,CENTRO AMAZONENSE,AM,AM-Barreirinha,Amazonas,2,Pequeno II,32.919
130060,1300607,13,Benjamin Constant,Norte,SUDOESTE AMAZONENSE,AM,AM-Benjamin Constant,Amazonas,2,Pequeno II,44.873
130063,1300631,13,Beruri,Norte,CENTRO AMAZONENSE,AM,AM-Beruri,Amazonas,2,Pequeno II,20.503
130068,1300680,13,Boa Vista do Ramos,Norte,CENTRO AMAZONENSE,AM,AM-Boa Vista do Ramos,Amazonas,2,Pequeno II,20.040
130070,1300706,13,Boca do Acre,Norte,SUL AMAZONENSE,AM,AM-Boca do Acre,Amazonas,2,Pequeno II,34.958
130080,1300805,13,Borba,Norte,SUL AMAZONENSE,AM,AM-Borba,Amazonas,2,Pequeno II,42.328
130083,1300839,13,Caapiranga,Norte,CENTRO AMAZONENSE,AM,AM-Caapiranga,Amazonas,1,Pequeno I,13.482
130090,1300904,13,Canutama,Norte,SUL AMAZONENSE,AM,AM-Canutama,Amazonas,1,Pequeno I,15.981
130100,1301001,13,Carauari,Norte,SUDOESTE AMAZONENSE,AM,AM-Carauari,Amazonas,2,Pequeno II,28.719
130110,1301100,13,Careiro,Norte,CENTRO AMAZONENSE,AM,AM-Careiro,Amazonas,2,Pequeno II,38.820
130115,1301159,13,Careiro da Várzea,Norte,CENTRO AMAZONENSE,AM,AM-Careiro da Várzea,Amazonas,1,Pequeno I,31.459
130120,1301209,13,Coari,Norte,CENTRO AMAZONENSE,AM,AM-Coari,Amazonas,3,Médio,86.713
130130,1301308,13,Codajás,Norte,CENTRO AMAZONENSE,AM,AM-Codajás,Amazonas,2,Pequeno II,29.691
130140,1301407,13,Eirunepé,Norte,SUDOESTE AMAZONENSE,AM,AM-Eirunepé,Amazonas,2,Pequeno II,36.121
130150,1301506,13,Envira,Norte,SUDOESTE AMAZONENSE,AM,AM-Envira,Amazonas,1,Pequeno I,20.748
130160,1301605,13,Fonte Boa,Norte,SUDOESTE AMAZONENSE,AM,AM-Fonte Boa,Amazonas,2,Pequeno II,16.409
130165,1301654,13,Guajará,Norte,SUDOESTE AMAZONENSE,AM,AM-Guajará,Amazonas,1,Pequeno I,17.193
130170,1301704,13,Humaitá,Norte,SUL AMAZONENSE,AM,AM-Humaitá,Amazonas,3,Médio,57.195
130180,1301803,13,Ipixuna,Norte,SUDOESTE AMAZONENSE,AM,AM-Ipixuna,Amazonas,2,Pequeno II,31.172
130185,1301852,13,Iranduba,Norte,CENTRO AMAZONENSE,AM,AM-Iranduba,Amazonas,3,Médio,49.718
130190,1301902,13,Itacoatiara,Norte,CENTRO AMAZONENSE,AM,AM-Itacoatiara,Amazonas,4,Grande,104.046
130195,1301951,13,Itamarati,Norte,SUDOESTE AMAZONENSE,AM,AM-Itamarati,Amazonas,1,Pequeno I,7.777
130200,1302009,13,Itapiranga,Norte,CENTRO AMAZONENSE,AM,AM-Itapiranga,Amazonas,1,Pequeno I,9.312
130210,1302108,13,Japurá,Norte,NORTE AMAZONENSE,AM,AM-Japurá,Amazonas,1,Pequeno I,1.755
130220,1302207,13,Juruá,Norte,SUDOESTE AMAZONENSE,AM,AM-Juruá,Amazonas,1,Pequeno I,15.495
130230,1302306,13,Jutaí,Norte,SUDOESTE AMAZONENSE,AM,AM-Jutaí,Amazonas,2,Pequeno II,13.462
130240,1302405,13,Lábrea,Norte,SUL AMAZONENSE,AM,AM-Lábrea,Amazonas,2,Pequeno II,47.685
130250,1302504,13,Manacapuru,Norte,CENTRO AMAZONENSE,AM,AM-Manacapuru,Amazonas,4,Grande,99.613
130255,1302553,13,Manaquiri,Norte,CENTRO AMAZONENSE,AM,AM-Manaquiri,Amazonas,1,Pequeno I,33.981
130260,1302603,13,Manaus,Norte,CENTRO AMAZONENSE,AM,AM-Manaus,Amazonas,5,Metrópole,2.255.903
130270,1302702,13,Manicoré,Norte,SUL AMAZONENSE,AM,AM-Manicoré,Amazonas,3,Médio,57.405
130280,1302801,13,Maraã,Norte,NORTE AMAZONENSE,AM,AM-Maraã,Amazonas,1,Pequeno I,18.298
130290,1302900,13,Maués,Norte,CENTRO AMAZONENSE,AM,AM-Maués,Amazonas,3,Médio,66.159
130300,1303007,13,Nhamundá,Norte,CENTRO AMAZONENSE,AM,AM-Nhamundá,Amazonas,2,Pequeno II,21.710
130310,1303106,13,Nova Olinda do Norte,Norte,CENTRO AMAZONENSE,AM,AM-Nova Olinda do Norte,Amazonas,2,Pequeno II,38.665
130320,1303205,13,Novo Airão,Norte,NORTE AMAZONENSE,AM,AM-Novo Airão,Amazonas,1,Pequeno I,20.395
130330,1303304,13,Novo Aripuanã,Norte,SUL AMAZONENSE,AM,AM-Novo Aripuanã,Amazonas,2,Pequeno II,26.443
130340,1303403,13,Parintins,Norte,CENTRO AMAZONENSE,AM,AM-Parintins,Amazonas,3,Médio,116.439
130350,1303502,13,Pauini,Norte,SUL AMAZONENSE,AM,AM-Pauini,Amazonas,1,Pequeno I,19.616
130353,1303536,13,Presidente Figueiredo,Norte,CENTRO AMAZONENSE,AM,AM-Presidente Figueiredo,Amazonas,2,Pequeno II,38.095
130356,1303569,13,Rio Preto da Eva,Norte,CENTRO AMAZONENSE,AM,AM-Rio Preto da Eva,Amazonas,2,Pequeno II,34.856
130360,1303601,13,Santa Isabel do Rio Negro,Norte,NORTE AMAZONENSE,AM,AM-Santa Isabel do Rio Negro,Amazonas,1,Pequeno I,26.566
130370,1303700,13,Santo Antônio do Içá,Norte,SUDOESTE AMAZONENSE,AM,AM-Santo Antônio do Içá,Amazonas,2,Pequeno II,20.889
130380,1303809,13,São Gabriel da Cachoeira,Norte,NORTE AMAZONENSE,AM,AM-São Gabriel da Cachoeira,Amazonas,3,Médio,47.031
130390,1303908,13,São Paulo de Olivença,Norte,SUDOESTE AMAZONENSE,AM,AM-São Paulo de Olivença,Amazonas,2,Pequeno II,40.837
130395,1303957,13,São Sebastião do Uatumã,Norte,CENTRO AMAZONENSE,AM,AM-São Sebastião do Uatumã,Amazonas,1,Pequeno I,14.678
130400,1304005,13,Silves,Norte,CENTRO AMAZONENSE,AM,AM-Silves,Amazonas,1,Pequeno I,9.289
130406,1304062,13,Tabatinga,Norte,SUDOESTE AMAZONENSE,AM,AM-Tabatinga,Amazonas,3,Médio,68.502
130410,1304104,13,Tapauá,Norte,SUL AMAZONENSE,AM,AM-Tapauá,Amazonas,1,Pequeno I,16.876
130420,1304203,13,Tefé,Norte,CENTRO AMAZONENSE,AM,AM-Tefé,Amazonas,3,Médio,59.250
130423,1304237,13,Tonantins,Norte,SUDOESTE AMAZONENSE,AM,AM-Tonantins,Amazonas,1,Pequeno I,19.038
130426,1304260,13,Uarini,Norte,CENTRO AMAZONENSE,AM,AM-Uarini,Amazonas,1,Pequeno I,13.839
130430,1304302,13,Urucará,Norte,CENTRO AMAZONENSE,AM,AM-Urucará,Amazonas,1,Pequeno I,16.007
130440,1304401,13,Urucurituba,Norte,CENTRO AMAZONENSE,AM,AM-Urucurituba,Amazonas,2,Pequeno II,24.098
140002,1400027,14,Amajari,Norte,NORTE DE RORAIMA,RR,RR-Amajari,Roraima,1,Pequeno I,13.561
140005,1400050,14,Alto Alegre,Norte,NORTE DE RORAIMA,RR,RR-Alto Alegre,Roraima,2,Pequeno II,15.249
140010,1400100,14,Boa Vista,Norte,NORTE DE RORAIMA,RR,RR-Boa Vista,Roraima,4,Grande,436.591
140015,1400159,14,Bonfim,Norte,NORTE DE RORAIMA,RR,RR-Bonfim,Roraima,1,Pequeno I,12.701
140017,1400175,14,Cantá,Norte,NORTE DE RORAIMA,RR,RR-Cantá,Roraima,1,Pequeno I,19.257
140020,1400209,14,Caracaraí,Norte,SUL DE RORAIMA,RR,RR-Caracaraí,Roraima,2,Pequeno II,22.635
140023,1400233,14,Caroebe,Norte,SUL DE RORAIMA,RR,RR-Caroebe,Roraima,1,Pequeno I,10.595
140028,1400282,14,Iracema,Norte,SUL DE RORAIMA,RR,RR-Iracema,Roraima,1,Pequeno I,12.637
140030,1400308,14,Mucajaí,Norte,SUL DE RORAIMA,RR,RR-Mucajaí,Roraima,1,Pequeno I,18.482
140040,1400407,14,Normandia,Norte,NORTE DE RORAIMA,RR,RR-Normandia,Roraima,1,Pequeno I,11.772
140045,1400456,14,Pacaraima,Norte,NORTE DE RORAIMA,RR,RR-Pacaraima,Roraima,1,Pequeno I,20.108
140047,1400472,14,Rorainópolis,Norte,SUL DE RORAIMA,RR,RR-Rorainópolis,Roraima,2,Pequeno II,31.387
140050,1400506,14,São João da Baliza,Norte,SUL DE RORAIMA,RR,RR-São João da Baliza,Roraima,1,Pequeno I,8.492
140060,1400605,14,São Luiz,Norte,SUL DE RORAIMA,RR,RR-São Luiz,Roraima,1,Pequeno I,8.232
140070,1400704,14,Uiramutã,Norte,NORTE DE RORAIMA,RR,RR-Uiramutã,Roraima,1,Pequeno I,11.014
150010,1500107,15,Abaetetuba,Norte,NORDESTE PARAENSE,PA,PA-Abaetetuba,Pará,4,Grande,160.439
150013,1500131,15,Abel Figueiredo,Norte,SUDESTE PARAENSE,PA,PA-Abel Figueiredo,Pará,1,Pequeno I,7.536
150020,1500206,15,Acará,Norte,NORDESTE PARAENSE,PA,PA-Acará,Pará,3,Médio,55.744
150030,1500305,15,Afuá,Norte,MARAJO,PA,PA-Afuá,Pará,2,Pequeno II,39.910
150034,1500347,15,Água Azul do Norte,Norte,SUDESTE PARAENSE,PA,PA-Água Azul do Norte,Pará,1,Pequeno I,27.797
150040,1500404,15,Alenquer,Norte,BAIXO AMAZONAS,PA,PA-Alenquer,Pará,3,Médio,57.390
150050,1500503,15,Almeirim,Norte,BAIXO AMAZONAS,PA,PA-Almeirim,Pará,2,Pequeno II,34.044
150060,1500602,15,Altamira,Norte,SUDOESTE PARAENSE,PA,PA-Altamira,Pará,4,Grande,117.320
150070,1500701,15,Anajás,Norte,MARAJO,PA,PA-Anajás,Pará,2,Pequeno II,30.091
150080,1500800,15,Ananindeua,Norte,METROPOLITANA DE BELEM,PA,PA-Ananindeua,Pará,4,Grande,540.410
150085,1500859,15,Anapu,Norte,SUDOESTE PARAENSE,PA,PA-Anapu,Pará,2,Pequeno II,29.312
150090,1500909,15,Augusto Corrêa,Norte,NORDESTE PARAENSE,PA,PA-Augusto Corrêa,Pará,2,Pequeno II,46.937
150095,1500958,15,Aurora do Pará,Norte,NORDESTE PARAENSE,PA,PA-Aurora do Pará,Pará,2,Pequeno II,32.200
150100,1501006,15,Aveiro,Norte,SUDOESTE PARAENSE,PA,PA-Aveiro,Pará,1,Pequeno I,16.421
150110,1501105,15,Bagre,Norte,MARAJO,PA,PA-Bagre,Pará,2,Pequeno II,31.967
150120,1501204,15,Baião,Norte,NORDESTE PARAENSE,PA,PA-Baião,Pará,3,Médio,49.454
150125,1501253,15,Bannach,Norte,SUDESTE PARAENSE,PA,PA-Bannach,Pará,1,Pequeno I,3.239
150130,1501303,15,Barcarena,Norte,METROPOLITANA DE BELEM,PA,PA-Barcarena,Pará,4,Grande,129.333
150140,1501402,15,Belém,Norte,METROPOLITANA DE BELEM,PA,PA-Belém,Pará,5,Metrópole,1.506.420
150145,1501451,15,Belterra,Norte,BAIXO AMAZONAS,PA,PA-Belterra,Pará,1,Pequeno I,17.944
150150,1501501,15,Benevides,Norte,METROPOLITANA DE BELEM,PA,PA-Benevides,Pará,3,Médio,64.780
150157,1501576,15,Bom Jesus do Tocantins,Norte,SUDESTE PARAENSE,PA,PA-Bom Jesus do Tocantins,Pará,1,Pequeno I,17.254
150160,1501600,15,Bonito,Norte,NORDESTE PARAENSE,PA,PA-Bonito,Pará,1,Pequeno I,16.769
150170,1501709,15,Bragança,Norte,NORDESTE PARAENSE,PA,PA-Bragança,Pará,4,Grande,130.122
150172,1501725,15,Brasil Novo,Norte,SUDOESTE PARAENSE,PA,PA-Brasil Novo,Pará,2,Pequeno II,14.883
150175,1501758,15,Brejo Grande do Araguaia,Norte,SUDESTE PARAENSE,PA,PA-Brejo Grande do Araguaia,Pará,1,Pequeno I,7.357
150178,1501782,15,Breu Branco,Norte,SUDESTE PARAENSE,PA,PA-Breu Branco,Pará,2,Pequeno II,68.597
150180,1501808,15,Breves,Norte,MARAJO,PA,PA-Breves,Pará,4,Grande,104.280
150190,1501907,15,Bujaru,Norte,METROPOLITANA DE BELEM,PA,PA-Bujaru,Pará,2,Pequeno II,29.717
150195,1501956,15,Cachoeira do Piriá,Norte,NORDESTE PARAENSE,PA,PA-Cachoeira do Piriá,Pará,1,Pequeno I,35.307
150200,1502004,15,Cachoeira do Arari,Norte,MARAJO,PA,PA-Cachoeira do Arari,Pará,2,Pequeno II,24.355
150210,1502103,15,Cametá,Norte,NORDESTE PARAENSE,PA,PA-Cametá,Pará,4,Grande,140.814
150215,1502152,15,Canaã dos Carajás,Norte,SUDESTE PARAENSE,PA,PA-Canaã dos Carajás,Pará,3,Médio,39.103
150220,1502202,15,Capanema,Norte,NORDESTE PARAENSE,PA,PA-Capanema,Pará,3,Médio,69.828
150230,1502301,15,Capitão Poço,Norte,NORDESTE PARAENSE,PA,PA-Capitão Poço,Pará,3,Médio,54.545
150240,1502400,15,Castanhal,Norte,METROPOLITANA DE BELEM,PA,PA-Castanhal,Pará,4,Grande,205.667
150250,1502509,15,Chaves,Norte,MARAJO,PA,PA-Chaves,Pará,2,Pequeno II,24.175
150260,1502608,15,Colares,Norte,NORDESTE PARAENSE,PA,PA-Colares,Pará,1,Pequeno I,12.175
150270,1502707,15,Conceição do Araguaia,Norte,SUDESTE PARAENSE,PA,PA-Conceição do Araguaia,Pará,2,Pequeno II,48.115
150275,1502756,15,Concórdia do Pará,Norte,NORDESTE PARAENSE,PA,PA-Concórdia do Pará,Pará,2,Pequeno II,34.236
150276,1502764,15,Cumaru do Norte,Norte,SUDESTE PARAENSE,PA,PA-Cumaru do Norte,Pará,1,Pequeno I,14.044
150277,1502772,15,Curionópolis,Norte,SUDESTE PARAENSE,PA,PA-Curionópolis,Pará,1,Pequeno I,17.764
150280,1502806,15,Curralinho,Norte,MARAJO,PA,PA-Curralinho,Pará,2,Pequeno II,35.530
150285,1502855,15,Curuá,Norte,BAIXO AMAZONAS,PA,PA-Curuá,Pará,1,Pequeno I,14.776
150290,1502905,15,Curuçá,Norte,NORDESTE PARAENSE,PA,PA-Curuçá,Pará,2,Pequeno II,41.093
150293,1502939,15,Dom Eliseu,Norte,SUDESTE PARAENSE,PA,PA-Dom Eliseu,Pará,3,Médio,61.206
150295,1502954,15,Eldorado do Carajás,Norte,SUDESTE PARAENSE,PA,PA-Eldorado do Carajás,Pará,2,Pequeno II,34.069
150300,1503002,15,Faro,Norte,BAIXO AMAZONAS,PA,PA-Faro,Pará,1,Pequeno I,6.949
150304,1503044,15,Floresta do Araguaia,Norte,SUDESTE PARAENSE,PA,PA-Floresta do Araguaia,Pará,1,Pequeno I,20.742
150307,1503077,15,Garrafão do Norte,Norte,NORDESTE PARAENSE,PA,PA-Garrafão do Norte,Pará,2,Pequeno II,26.155
150309,1503093,15,Goianésia do Pará,Norte,SUDESTE PARAENSE,PA,PA-Goianésia do Pará,Pará,2,Pequeno II,41.678
150310,1503101,15,Gurupá,Norte,MARAJO,PA,PA-Gurupá,Pará,2,Pequeno II,34.127
150320,1503200,15,Igarapé-Açu,Norte,NORDESTE PARAENSE,PA,PA-Igarapé-Açu,Pará,2,Pequeno II,39.234
150330,1503309,15,Igarapé-Miri,Norte,NORDESTE PARAENSE,PA,PA-Igarapé-Miri,Pará,3,Médio,63.367
150340,1503408,15,Inhangapi,Norte,METROPOLITANA DE BELEM,PA,PA-Inhangapi,Pará,1,Pequeno I,12.009
150345,1503457,15,Ipixuna do Pará,Norte,NORDESTE PARAENSE,PA,PA-Ipixuna do Pará,Pará,2,Pequeno II,67.170
150350,1503507,15,Irituia,Norte,NORDESTE PARAENSE,PA,PA-Irituia,Pará,2,Pequeno II,32.639
150360,1503606,15,Itaituba,Norte,SUDOESTE PARAENSE,PA,PA-Itaituba,Pará,4,Grande,101.541
150370,1503705,15,Itupiranga,Norte,SUDESTE PARAENSE,PA,PA-Itupiranga,Pará,2,Pequeno II,53.439
150375,1503754,15,Jacareacanga,Norte,SUDOESTE PARAENSE,PA,PA-Jacareacanga,Pará,2,Pequeno II,24.742
150380,1503804,15,Jacundá,Norte,SUDESTE PARAENSE,PA,PA-Jacundá,Pará,2,Pequeno II,60.517
150390,1503903,15,Juruti,Norte,BAIXO AMAZONAS,PA,PA-Juruti,Pará,3,Médio,59.961
150400,1504000,15,Limoeiro do Ajuru,Norte,NORDESTE PARAENSE,PA,PA-Limoeiro do Ajuru,Pará,2,Pequeno II,29.623
150405,1504059,15,Mãe do Rio,Norte,NORDESTE PARAENSE,PA,PA-Mãe do Rio,Pará,2,Pequeno II,30.389
150410,1504109,15,Magalhães Barata,Norte,NORDESTE PARAENSE,PA,PA-Magalhães Barata,Pará,1,Pequeno I,8.598
150420,1504208,15,Marabá,Norte,SUDESTE PARAENSE,PA,PA-Marabá,Pará,4,Grande,287.664
150430,1504307,15,Maracanã,Norte,NORDESTE PARAENSE,PA,PA-Maracanã,Pará,2,Pequeno II,29.559
150440,1504406,15,Marapanim,Norte,NORDESTE PARAENSE,PA,PA-Marapanim,Pará,2,Pequeno II,28.563
150442,1504422,15,Marituba,Norte,METROPOLITANA DE BELEM,PA,PA-Marituba,Pará,4,Grande,135.812
150445,1504455,15,Medicilândia,Norte,SUDOESTE PARAENSE,PA,PA-Medicilândia,Pará,2,Pequeno II,32.347
150450,1504505,15,Melgaço,Norte,MARAJO,PA,PA-Melgaço,Pará,2,Pequeno II,28.121
150460,1504604,15,Mocajuba,Norte,NORDESTE PARAENSE,PA,PA-Mocajuba,Pará,2,Pequeno II,31.917
150470,1504703,15,Moju,Norte,NORDESTE PARAENSE,PA,PA-Moju,Pará,3,Médio,84.251
150475,1504752,15,Mojuí dos Campos,Norte,BAIXO AMAZONAS,PA,PA-Mojuí dos Campos,Pará,2,Pequeno II,16.282
150480,1504802,15,Monte Alegre,Norte,BAIXO AMAZONAS,PA,PA-Monte Alegre,Pará,3,Médio,58.289
150490,1504901,15,Muaná,Norte,MARAJO,PA,PA-Muaná,Pará,2,Pequeno II,41.454
150495,1504950,15,Nova Esperança do Piriá,Norte,NORDESTE PARAENSE,PA,PA-Nova Esperança do Piriá,Pará,2,Pequeno II,21.519
150497,1504976,15,Nova Ipixuna,Norte,SUDESTE PARAENSE,PA,PA-Nova Ipixuna,Pará,1,Pequeno I,17.027
150500,1505007,15,Nova Timboteua,Norte,NORDESTE PARAENSE,PA,PA-Nova Timboteua,Pará,1,Pequeno I,15.646
150503,1505031,15,Novo Progresso,Norte,SUDOESTE PARAENSE,PA,PA-Novo Progresso,Pará,2,Pequeno II,25.769
150506,1505064,15,Novo Repartimento,Norte,SUDESTE PARAENSE,PA,PA-Novo Repartimento,Pará,3,Médio,78.488
150510,1505106,15,Óbidos,Norte,BAIXO AMAZONAS,PA,PA-Óbidos,Pará,3,Médio,52.473
150520,1505205,15,Oeiras do Pará,Norte,NORDESTE PARAENSE,PA,PA-Oeiras do Pará,Pará,2,Pequeno II,33.182
150530,1505304,15,Oriximiná,Norte,BAIXO AMAZONAS,PA,PA-Oriximiná,Pará,3,Médio,74.921
150540,1505403,15,Ourém,Norte,NORDESTE PARAENSE,PA,PA-Ourém,Pará,1,Pequeno I,18.079
150543,1505437,15,Ourilândia do Norte,Norte,SUDESTE PARAENSE,PA,PA-Ourilândia do Norte,Pará,2,Pequeno II,33.831
150548,1505486,15,Pacajá,Norte,SUDOESTE PARAENSE,PA,PA-Pacajá,Pará,2,Pequeno II,49.110
150549,1505494,15,Palestina do Pará,Norte,SUDESTE PARAENSE,PA,PA-Palestina do Pará,Pará,1,Pequeno I,7.575
150550,1505502,15,Paragominas,Norte,SUDESTE PARAENSE,PA,PA-Paragominas,Pará,4,Grande,115.838
150553,1505536,15,Parauapebas,Norte,SUDESTE PARAENSE,PA,PA-Parauapebas,Pará,4,Grande,218.787
150555,1505551,15,Pau D'Arco,Norte,SUDESTE PARAENSE,PA,PA-Pau D'Arco,Pará,1,Pequeno I,5.339
150560,1505601,15,Peixe-Boi,Norte,NORDESTE PARAENSE,PA,PA-Peixe-Boi,Pará,1,Pequeno I,8.084
150563,1505635,15,Piçarra,Norte,SUDESTE PARAENSE,PA,PA-Piçarra,Pará,1,Pequeno I,12.976
150565,1505650,15,Placas,Norte,BAIXO AMAZONAS,PA,PA-Placas,Pará,1,Pequeno I,32.325
150570,1505700,15,Ponta de Pedras,Norte,MARAJO,PA,PA-Ponta de Pedras,Pará,2,Pequeno II,32.007
150580,1505809,15,Portel,Norte,MARAJO,PA,PA-Portel,Pará,3,Médio,63.831
150590,1505908,15,Porto de Moz,Norte,BAIXO AMAZONAS,PA,PA-Porto de Moz,Pará,2,Pequeno II,42.456
150600,1506005,15,Prainha,Norte,BAIXO AMAZONAS,PA,PA-Prainha,Pará,2,Pequeno II,29.827
150610,1506104,15,Primavera,Norte,NORDESTE PARAENSE,PA,PA-Primavera,Pará,1,Pequeno I,10.889
150611,1506112,15,Quatipuru,Norte,NORDESTE PARAENSE,PA,PA-Quatipuru,Pará,1,Pequeno I,13.794
150613,1506138,15,Redenção,Norte,SUDESTE PARAENSE,PA,PA-Redenção,Pará,3,Médio,86.326
150616,1506161,15,Rio Maria,Norte,SUDESTE PARAENSE,PA,PA-Rio Maria,Pará,1,Pequeno I,18.208
150618,1506187,15,Rondon do Pará,Norte,SUDESTE PARAENSE,PA,PA-Rondon do Pará,Pará,3,Médio,53.242
150619,1506195,15,Rurópolis,Norte,SUDOESTE PARAENSE,PA,PA-Rurópolis,Pará,2,Pequeno II,52.473
150620,1506203,15,Salinópolis,Norte,NORDESTE PARAENSE,PA,PA-Salinópolis,Pará,2,Pequeno II,41.164
150630,1506302,15,Salvaterra,Norte,MARAJO,PA,PA-Salvaterra,Pará,2,Pequeno II,24.392
150635,1506351,15,Santa Bárbara do Pará,Norte,METROPOLITANA DE BELEM,PA,PA-Santa Bárbara do Pará,Pará,2,Pequeno II,21.811
150640,1506401,15,Santa Cruz do Arari,Norte,MARAJO,PA,PA-Santa Cruz do Arari,Pará,1,Pequeno I,10.496
150650,1506500,15,Santa Izabel do Pará,Norte,METROPOLITANA DE BELEM,PA,PA-Santa Izabel do Pará,Pará,3,Médio,72.856
150655,1506559,15,Santa Luzia do Pará,Norte,NORDESTE PARAENSE,PA,PA-Santa Luzia do Pará,Pará,2,Pequeno II,19.839
150658,1506583,15,Santa Maria das Barreiras,Norte,SUDESTE PARAENSE,PA,PA-Santa Maria das Barreiras,Pará,1,Pequeno I,22.244
150660,1506609,15,Santa Maria do Pará,Norte,NORDESTE PARAENSE,PA,PA-Santa Maria do Pará,Pará,2,Pequeno II,25.127
150670,1506708,15,Santana do Araguaia,Norte,SUDESTE PARAENSE,PA,PA-Santana do Araguaia,Pará,2,Pequeno II,75.995
150680,1506807,15,Santarém,Norte,BAIXO AMAZONAS,PA,PA-Santarém,Pará,4,Grande,308.339
150690,1506906,15,Santarém Novo,Norte,NORDESTE PARAENSE,PA,PA-Santarém Novo,Pará,1,Pequeno I,6.796
150700,1507003,15,Santo Antônio do Tauá,Norte,METROPOLITANA DE BELEM,PA,PA-Santo Antônio do Tauá,Pará,2,Pequeno II,32.346
150710,1507102,15,São Caetano de Odivelas,Norte,NORDESTE PARAENSE,PA,PA-São Caetano de Odivelas,Pará,1,Pequeno I,18.207
150715,1507151,15,São Domingos do Araguaia,Norte,SUDESTE PARAENSE,PA,PA-São Domingos do Araguaia,Pará,2,Pequeno II,25.945
150720,1507201,15,São Domingos do Capim,Norte,NORDESTE PARAENSE,PA,PA-São Domingos do Capim,Pará,2,Pequeno II,32.285
150730,1507300,15,São Félix do Xingu,Norte,SUDESTE PARAENSE,PA,PA-São Félix do Xingu,Pará,3,Médio,135.732
150740,1507409,15,São Francisco do Pará,Norte,NORDESTE PARAENSE,PA,PA-São Francisco do Pará,Pará,1,Pequeno I,15.978
150745,1507458,15,São Geraldo do Araguaia,Norte,SUDESTE PARAENSE,PA,PA-São Geraldo do Araguaia,Pará,2,Pequeno II,24.566
150746,1507466,15,São João da Ponta,Norte,NORDESTE PARAENSE,PA,PA-São João da Ponta,Pará,1,Pequeno I,6.294
150747,1507474,15,São João de Pirabas,Norte,NORDESTE PARAENSE,PA,PA-São João de Pirabas,Pará,2,Pequeno II,23.440
150750,1507508,15,São João do Araguaia,Norte,SUDESTE PARAENSE,PA,PA-São João do Araguaia,Pará,1,Pequeno I,14.105
150760,1507607,15,São Miguel do Guamá,Norte,NORDESTE PARAENSE,PA,PA-São Miguel do Guamá,Pará,3,Médio,60.268
150770,1507706,15,São Sebastião da Boa Vista,Norte,MARAJO,PA,PA-São Sebastião da Boa Vista,Pará,2,Pequeno II,27.302
150775,1507755,15,Sapucaia,Norte,SUDESTE PARAENSE,PA,PA-Sapucaia,Pará,1,Pequeno I,6.088
150780,1507805,15,Senador José Porfírio,Norte,SUDOESTE PARAENSE,PA,PA-Senador José Porfírio,Pará,2,Pequeno II,11.305
150790,1507904,15,Soure,Norte,MARAJO,PA,PA-Soure,Pará,2,Pequeno II,25.752
150795,1507953,15,Tailândia,Norte,NORDESTE PARAENSE,PA,PA-Tailândia,Pará,3,Médio,111.554
150796,1507961,15,Terra Alta,Norte,NORDESTE PARAENSE,PA,PA-Terra Alta,Pará,1,Pequeno I,11.971
150797,1507979,15,Terra Santa,Norte,BAIXO AMAZONAS,PA,PA-Terra Santa,Pará,1,Pequeno I,19.063
150800,1508001,15,Tomé-Açu,Norte,NORDESTE PARAENSE,PA,PA-Tomé-Açu,Pará,3,Médio,64.604
150803,1508035,15,Tracuateua,Norte,NORDESTE PARAENSE,PA,PA-Tracuateua,Pará,2,Pequeno II,31.549
150805,1508050,15,Trairão,Norte,SUDOESTE PARAENSE,PA,PA-Trairão,Pará,1,Pequeno I,19.344
150808,1508084,15,Tucumã,Norte,SUDESTE PARAENSE,PA,PA-Tucumã,Pará,2,Pequeno II,40.661
150810,1508100,15,Tucuruí,Norte,SUDESTE PARAENSE,PA,PA-Tucuruí,Pará,3,Médio,116.605
150812,1508126,15,Ulianópolis,Norte,SUDESTE PARAENSE,PA,PA-Ulianópolis,Pará,2,Pequeno II,62.286
150815,1508159,15,Uruará,Norte,SUDOESTE PARAENSE,PA,PA-Uruará,Pará,2,Pequeno II,45.395
150820,1508209,15,Vigia,Norte,NORDESTE PARAENSE,PA,PA-Vigia,Pará,3,Médio,54.650
150830,1508308,15,Viseu,Norte,NORDESTE PARAENSE,PA,PA-Viseu,Pará,3,Médio,62.093
150835,1508357,15,Vitória do Xingu,Norte,SUDOESTE PARAENSE,PA,PA-Vitória do Xingu,Pará,1,Pequeno I,15.421
150840,1508407,15,Xinguara,Norte,SUDESTE PARAENSE,PA,PA-Xinguara,Pará,3,Médio,45.416
160005,1600055,16,Serra do Navio,Norte,SUL DO AMAPA,AP,AP-Serra do Navio,Amapá,1,Pequeno I,5.577
160010,1600105,16,Amapá,Norte,NORTE DO AMAPA,AP,AP-Amapá,Amapá,1,Pequeno I,9.265
160015,1600154,16,Pedra Branca do Amapari,Norte,SUL DO AMAPA,AP,AP-Pedra Branca do Amapari,Amapá,1,Pequeno I,17.625
160020,1600204,16,Calçoene,Norte,NORTE DO AMAPA,AP,AP-Calçoene,Amapá,1,Pequeno I,11.493
160021,1600212,16,Cutias,Norte,SUL DO AMAPA,AP,AP-Cutias,Amapá,1,Pequeno I,6.217
160023,1600238,16,Ferreira Gomes,Norte,SUL DO AMAPA,AP,AP-Ferreira Gomes,Amapá,1,Pequeno I,8.151
160025,1600253,16,Itaubal,Norte,SUL DO AMAPA,AP,AP-Itaubal,Amapá,1,Pequeno I,5.730
160027,1600279,16,Laranjal do Jari,Norte,SUL DO AMAPA,AP,AP-Laranjal do Jari,Amapá,2,Pequeno II,52.302
160030,1600303,16,Macapá,Norte,SUL DO AMAPA,AP,AP-Macapá,Amapá,4,Grande,522.357
160040,1600402,16,Mazagão,Norte,SUL DO AMAPA,AP,AP-Mazagão,Amapá,2,Pequeno II,22.468
160050,1600501,16,Oiapoque,Norte,NORTE DO AMAPA,AP,AP-Oiapoque,Amapá,2,Pequeno II,28.534
160053,1600535,16,Porto Grande,Norte,SUL DO AMAPA,AP,AP-Porto Grande,Amapá,1,Pequeno I,22.927
160055,1600550,16,Pracuúba,Norte,NORTE DO AMAPA,AP,AP-Pracuúba,Amapá,1,Pequeno I,5.370
160060,1600600,16,Santana,Norte,SUL DO AMAPA,AP,AP-Santana,Amapá,4,Grande,124.808
160070,1600709,16,Tartarugalzinho,Norte,NORTE DO AMAPA,AP,AP-Tartarugalzinho,Amapá,1,Pequeno I,18.217
160080,1600808,16,Vitória do Jari,Norte,SUL DO AMAPA,AP,AP-Vitória do Jari,Amapá,1,Pequeno I,16.572
170025,1700251,17,Abreulândia,Norte,OCIDENTAL DO TOCANTINS,TO,TO-Abreulândia,Tocantins,1,Pequeno I,2.609
170030,1700301,17,Aguiarnópolis,Norte,OCIDENTAL DO TOCANTINS,TO,TO-Aguiarnópolis,Tocantins,1,Pequeno I,7.049
170035,1700350,17,Aliança do Tocantins,Norte,OCIDENTAL DO TOCANTINS,TO,TO-Aliança do Tocantins,Tocantins,1,Pequeno I,5.303
170040,1700400,17,Almas,Norte,ORIENTAL DO TOCANTINS,TO,TO-Almas,Tocantins,1,Pequeno I,6.905
170070,1700707,17,Alvorada,Norte,OCIDENTAL DO TOCANTINS,TO,TO-Alvorada,Tocantins,1,Pequeno I,8.381
170100,1701002,17,Ananás,Norte,OCIDENTAL DO TOCANTINS,TO,TO-Ananás,Tocantins,1,Pequeno I,9.435
170105,1701051,17,Angico,Norte,OCIDENTAL DO TOCANTINS,TO,TO-Angico,Tocantins,1,Pequeno I,3.475
170110,1701101,17,Aparecida do Rio Negro,Norte,ORIENTAL DO TOCANTINS,TO,TO-Aparecida do Rio Negro,Tocantins,1,Pequeno I,4.901
170130,1701309,17,Aragominas,Norte,OCIDENTAL DO TOCANTINS,TO,TO-Aragominas,Tocantins,1,Pequeno I,5.705
170190,1701903,17,Araguacema,Norte,OCIDENTAL DO TOCANTINS,TO,TO-Araguacema,Tocantins,1,Pequeno I,7.223
170200,1702000,17,Araguaçu,Norte,OCIDENTAL DO TOCANTINS,TO,TO-Araguaçu,Tocantins,1,Pequeno I,8.418
170210,1702109,17,Araguaína,Norte,OCIDENTAL DO TOCANTINS,TO,TO-Araguaína,Tocantins,4,Grande,186.245
170215,1702158,17,Araguanã,Norte,OCIDENTAL DO TOCANTINS,TO,TO-Araguanã,Tocantins,1,Pequeno I,5.856
170220,1702208,17,Araguatins,Norte,OCIDENTAL DO TOCANTINS,TO,TO-Araguatins,Tocantins,2,Pequeno II,36.573
170230,1702307,17,Arapoema,Norte,OCIDENTAL DO TOCANTINS,TO,TO-Arapoema,Tocantins,1,Pequeno I,6.590
170240,1702406,17,Arraias,Norte,ORIENTAL DO TOCANTINS,TO,TO-Arraias,Tocantins,1,Pequeno I,10.502
170255,1702554,17,Augustinópolis,Norte,OCIDENTAL DO TOCANTINS,TO,TO-Augustinópolis,Tocantins,1,Pequeno I,18.870
170270,1702703,17,Aurora do Tocantins,Norte,ORIENTAL DO TOCANTINS,TO,TO-Aurora do Tocantins,Tocantins,1,Pequeno I,3.809
170290,1702901,17,Axixá do Tocantins,Norte,OCIDENTAL DO TOCANTINS,TO,TO-Axixá do Tocantins,Tocantins,1,Pequeno I,9.817
170300,1703008,17,Babaçulândia,Norte,OCIDENTAL DO TOCANTINS,TO,TO-Babaçulândia,Tocantins,1,Pequeno I,10.668
170305,1703057,17,Bandeirantes do Tocantins,Norte,OCIDENTAL DO TOCANTINS,TO,TO-Bandeirantes do Tocantins,Tocantins,1,Pequeno I,3.631
170307,1703073,17,Barra do Ouro,Norte,ORIENTAL DO TOCANTINS,TO,TO-Barra do Ouro,Tocantins,1,Pequeno I,4.673
170310,1703107,17,Barrolândia,Norte,OCIDENTAL DO TOCANTINS,TO,TO-Barrolândia,Tocantins,1,Pequeno I,5.669
170320,1703206,17,Bernardo Sayão,Norte,OCIDENTAL DO TOCANTINS,TO,TO-Bernardo Sayão,Tocantins,1,Pequeno I,4.439
170330,1703305,17,Bom Jesus do Tocantins,Norte,ORIENTAL DO TOCANTINS,TO,TO-Bom Jesus do Tocantins,Tocantins,1,Pequeno I,5.120
170360,1703602,17,Brasilândia do Tocantins,Norte,OCIDENTAL DO TOCANTINS,TO,TO-Brasilândia do Tocantins,Tocantins,1,Pequeno I,2.221
170370,1703701,17,Brejinho de Nazaré,Norte,OCIDENTAL DO TOCANTINS,TO,TO-Brejinho de Nazaré,Tocantins,1,Pequeno I,5.540
170380,1703800,17,Buriti do Tocantins,Norte,OCIDENTAL DO TOCANTINS,TO,TO-Buriti do Tocantins,Tocantins,1,Pequeno I,11.644
170382,1703826,17,Cachoeirinha,Norte,OCIDENTAL DO TOCANTINS,TO,TO-Cachoeirinha,Tocantins,1,Pequeno I,2.293
170384,1703842,17,Campos Lindos,Norte,ORIENTAL DO TOCANTINS,TO,TO-Campos Lindos,Tocantins,1,Pequeno I,10.505
170386,1703867,17,Cariri do Tocantins,Norte,OCIDENTAL DO TOCANTINS,TO,TO-Cariri do Tocantins,Tocantins,1,Pequeno I,4.499
170388,1703883,17,Carmolândia,Norte,OCIDENTAL DO TOCANTINS,TO,TO-Carmolândia,Tocantins,1,Pequeno I,2.627
170389,1703891,17,Carrasco Bonito,Norte,OCIDENTAL DO TOCANTINS,TO,TO-Carrasco Bonito,Tocantins,1,Pequeno I,4.165
170390,1703909,17,Caseara,Norte,OCIDENTAL DO TOCANTINS,TO,TO-Caseara,Tocantins,1,Pequeno I,5.514
170410,1704105,17,Centenário,Norte,ORIENTAL DO TOCANTINS,TO,TO-Centenário,Tocantins,1,Pequeno I,2.966
170460,1704600,17,Chapada de Areia,Norte,OCIDENTAL DO TOCANTINS,TO,TO-Chapada de Areia,Tocantins,1,Pequeno I,1.415
170510,1705102,17,Chapada da Natividade,Norte,ORIENTAL DO TOCANTINS,TO,TO-Chapada da Natividade,Tocantins,1,Pequeno I,3.330
170550,1705508,17,Colinas do Tocantins,Norte,OCIDENTAL DO TOCANTINS,TO,TO-Colinas do Tocantins,Tocantins,2,Pequeno II,36.271
170555,1705557,17,Combinado,Norte,ORIENTAL DO TOCANTINS,TO,TO-Combinado,Tocantins,1,Pequeno I,4.870
170560,1705607,17,Conceição do Tocantins,Norte,ORIENTAL DO TOCANTINS,TO,TO-Conceição do Tocantins,Tocantins,1,Pequeno I,4.070
170600,1706001,17,Couto Magalhães,Norte,OCIDENTAL DO TOCANTINS,TO,TO-Couto Magalhães,Tocantins,1,Pequeno I,5.690
170610,1706100,17,Cristalândia,Norte,OCIDENTAL DO TOCANTINS,TO,TO-Cristalândia,Tocantins,1,Pequeno I,7.268
170625,1706258,17,Crixás do Tocantins,Norte,OCIDENTAL DO TOCANTINS,TO,TO-Crixás do Tocantins,Tocantins,1,Pequeno I,1.749
170650,1706506,17,Darcinópolis,Norte,OCIDENTAL DO TOCANTINS,TO,TO-Darcinópolis,Tocantins,1,Pequeno I,6.250
170700,1707009,17,Dianópolis,Norte,ORIENTAL DO TOCANTINS,TO,TO-Dianópolis,Tocantins,1,Pequeno I,22.704
170710,1707108,17,Divinópolis do Tocantins,Norte,OCIDENTAL DO TOCANTINS,TO,TO-Divinópolis do Tocantins,Tocantins,1,Pequeno I,6.986
170720,1707207,17,Dois Irmãos do Tocantins,Norte,OCIDENTAL DO TOCANTINS,TO,TO-Dois Irmãos do Tocantins,Tocantins,1,Pequeno I,7.173
170730,1707306,17,Dueré,Norte,OCIDENTAL DO TOCANTINS,TO,TO-Dueré,Tocantins,1,Pequeno I,4.686
170740,1707405,17,Esperantina,Norte,OCIDENTAL DO TOCANTINS,TO,TO-Esperantina,Tocantins,1,Pequeno I,11.280
170755,1707553,17,Fátima,Norte,OCIDENTAL DO TOCANTINS,TO,TO-Fátima,Tocantins,1,Pequeno I,3.824
170765,1707652,17,Figueirópolis,Norte,OCIDENTAL DO TOCANTINS,TO,TO-Figueirópolis,Tocantins,1,Pequeno I,5.222
170770,1707702,17,Filadélfia,Norte,OCIDENTAL DO TOCANTINS,TO,TO-Filadélfia,Tocantins,1,Pequeno I,8.892
170820,1708205,17,Formoso do Araguaia,Norte,OCIDENTAL DO TOCANTINS,TO,TO-Formoso do Araguaia,Tocantins,1,Pequeno I,18.358
170825,1708254,17,Fortaleza do Tabocão,Norte,OCIDENTAL DO TOCANTINS,TO,TO-Fortaleza do Tabocão,Tocantins,1,Pequeno I,2.615
170830,1708304,17,Goianorte,Norte,OCIDENTAL DO TOCANTINS,TO,TO-Goianorte,Tocantins,1,Pequeno I,5.136
170900,1709005,17,Goiatins,Norte,ORIENTAL DO TOCANTINS,TO,TO-Goiatins,Tocantins,1,Pequeno I,13.169
170930,1709302,17,Guaraí,Norte,OCIDENTAL DO TOCANTINS,TO,TO-Guaraí,Tocantins,2,Pequeno II,26.403
170950,1709500,17,Gurupi,Norte,OCIDENTAL DO TOCANTINS,TO,TO-Gurupi,Tocantins,3,Médio,88.428
170980,1709807,17,Ipueiras,Norte,ORIENTAL DO TOCANTINS,TO,TO-Ipueiras,Tocantins,1,Pequeno I,2.088
171050,1710508,17,Itacajá,Norte,ORIENTAL DO TOCANTINS,TO,TO-Itacajá,Tocantins,1,Pequeno I,7.471
171070,1710706,17,Itaguatins,Norte,OCIDENTAL DO TOCANTINS,TO,TO-Itaguatins,Tocantins,1,Pequeno I,5.801
171090,1710904,17,Itapiratins,Norte,ORIENTAL DO TOCANTINS,TO,TO-Itapiratins,Tocantins,1,Pequeno I,3.814
171110,1711100,17,Itaporã do Tocantins,Norte,OCIDENTAL DO TOCANTINS,TO,TO-Itaporã do Tocantins,Tocantins,1,Pequeno I,2.412
171150,1711506,17,Jaú do Tocantins,Norte,OCIDENTAL DO TOCANTINS,TO,TO-Jaú do Tocantins,Tocantins,1,Pequeno I,3.906
171180,1711803,17,Juarina,Norte,OCIDENTAL DO TOCANTINS,TO,TO-Juarina,Tocantins,1,Pequeno I,2.174
171190,1711902,17,Lagoa da Confusão,Norte,OCIDENTAL DO TOCANTINS,TO,TO-Lagoa da Confusão,Tocantins,1,Pequeno I,13.989
171195,1711951,17,Lagoa do Tocantins,Norte,ORIENTAL DO TOCANTINS,TO,TO-Lagoa do Tocantins,Tocantins,1,Pequeno I,4.470
171200,1712009,17,Lajeado,Norte,ORIENTAL DO TOCANTINS,TO,TO-Lajeado,Tocantins,1,Pequeno I,3.199
171215,1712157,17,Lavandeira,Norte,ORIENTAL DO TOCANTINS,TO,TO-Lavandeira,Tocantins,1,Pequeno I,1.984
171240,1712405,17,Lizarda,Norte,ORIENTAL DO TOCANTINS,TO,TO-Lizarda,Tocantins,1,Pequeno I,3.727
171245,1712454,17,Luzinópolis,Norte,OCIDENTAL DO TOCANTINS,TO,TO-Luzinópolis,Tocantins,1,Pequeno I,3.200
171250,1712504,17,Marianópolis do Tocantins,Norte,OCIDENTAL DO TOCANTINS,TO,TO-Marianópolis do Tocantins,Tocantins,1,Pequeno I,5.332
171270,1712702,17,Mateiros,Norte,ORIENTAL DO TOCANTINS,TO,TO-Mateiros,Tocantins,1,Pequeno I,2.773
171280,1712801,17,Maurilândia do Tocantins,Norte,OCIDENTAL DO TOCANTINS,TO,TO-Maurilândia do Tocantins,Tocantins,1,Pequeno I,3.470
171320,1713205,17,Miracema do Tocantins,Norte,OCIDENTAL DO TOCANTINS,TO,TO-Miracema do Tocantins,Tocantins,1,Pequeno I,17.628
171330,1713304,17,Miranorte,Norte,OCIDENTAL DO TOCANTINS,TO,TO-Miranorte,Tocantins,1,Pequeno I,13.551
171360,1713601,17,Monte do Carmo,Norte,ORIENTAL DO TOCANTINS,TO,TO-Monte do Carmo,Tocantins,1,Pequeno I,8.182
171370,1713700,17,Monte Santo do Tocantins,Norte,OCIDENTAL DO TOCANTINS,TO,TO-Monte Santo do Tocantins,Tocantins,1,Pequeno I,2.311
171380,1713809,17,Palmeiras do Tocantins,Norte,OCIDENTAL DO TOCANTINS,TO,TO-Palmeiras do Tocantins,Tocantins,1,Pequeno I,6.830
171395,1713957,17,Muricilândia,Norte,OCIDENTAL DO TOCANTINS,TO,TO-Muricilândia,Tocantins,1,Pequeno I,3.623
171420,1714203,17,Natividade,Norte,ORIENTAL DO TOCANTINS,TO,TO-Natividade,Tocantins,1,Pequeno I,9.256
171430,1714302,17,Nazaré,Norte,OCIDENTAL DO TOCANTINS,TO,TO-Nazaré,Tocantins,1,Pequeno I,3.772
171488,1714880,17,Nova Olinda,Norte,OCIDENTAL DO TOCANTINS,TO,TO-Nova Olinda,Tocantins,1,Pequeno I,12.014
171500,1715002,17,Nova Rosalândia,Norte,OCIDENTAL DO TOCANTINS,TO,TO-Nova Rosalândia,Tocantins,1,Pequeno I,4.348
171510,1715101,17,Novo Acordo,Norte,ORIENTAL DO TOCANTINS,TO,TO-Novo Acordo,Tocantins,1,Pequeno I,4.450
171515,1715150,17,Novo Alegre,Norte,ORIENTAL DO TOCANTINS,TO,TO-Novo Alegre,Tocantins,1,Pequeno I,2.332
171525,1715259,17,Novo Jardim,Norte,ORIENTAL DO TOCANTINS,TO,TO-Novo Jardim,Tocantins,1,Pequeno I,2.768
171550,1715507,17,Oliveira de Fátima,Norte,OCIDENTAL DO TOCANTINS,TO,TO-Oliveira de Fátima,Tocantins,1,Pequeno I,1.124
171570,1715705,17,Palmeirante,Norte,OCIDENTAL DO TOCANTINS,TO,TO-Palmeirante,Tocantins,1,Pequeno I,6.234
171575,1715754,17,Palmeirópolis,Norte,OCIDENTAL DO TOCANTINS,TO,TO-Palmeirópolis,Tocantins,1,Pequeno I,7.694
171610,1716109,17,Paraíso do Tocantins,Norte,OCIDENTAL DO TOCANTINS,TO,TO-Paraíso do Tocantins,Tocantins,3,Médio,52.521
171620,1716208,17,Paranã,Norte,ORIENTAL DO TOCANTINS,TO,TO-Paranã,Tocantins,1,Pequeno I,10.426
171630,1716307,17,Pau D'Arco,Norte,OCIDENTAL DO TOCANTINS,TO,TO-Pau D'Arco,Tocantins,1,Pequeno I,4.885
171650,1716505,17,Pedro Afonso,Norte,ORIENTAL DO TOCANTINS,TO,TO-Pedro Afonso,Tocantins,1,Pequeno I,13.964
171660,1716604,17,Peixe,Norte,OCIDENTAL DO TOCANTINS,TO,TO-Peixe,Tocantins,1,Pequeno I,11.996
171665,1716653,17,Pequizeiro,Norte,OCIDENTAL DO TOCANTINS,TO,TO-Pequizeiro,Tocantins,1,Pequeno I,5.546
171670,1716703,17,Colméia,Norte,OCIDENTAL DO TOCANTINS,TO,TO-Colméia,Tocantins,1,Pequeno I,8.078
171700,1717008,17,Pindorama do Tocantins,Norte,ORIENTAL DO TOCANTINS,TO,TO-Pindorama do Tocantins,Tocantins,1,Pequeno I,4.414
171720,1717206,17,Piraquê,Norte,OCIDENTAL DO TOCANTINS,TO,TO-Piraquê,Tocantins,1,Pequeno I,3.038
171750,1717503,17,Pium,Norte,OCIDENTAL DO TOCANTINS,TO,TO-Pium,Tocantins,1,Pequeno I,7.830
171780,1717800,17,Ponte Alta do Bom Jesus,Norte,ORIENTAL DO TOCANTINS,TO,TO-Ponte Alta do Bom Jesus,Tocantins,1,Pequeno I,4.586
171790,1717909,17,Ponte Alta do Tocantins,Norte,ORIENTAL DO TOCANTINS,TO,TO-Ponte Alta do Tocantins,Tocantins,1,Pequeno I,8.192
171800,1718006,17,Porto Alegre do Tocantins,Norte,ORIENTAL DO TOCANTINS,TO,TO-Porto Alegre do Tocantins,Tocantins,1,Pequeno I,3.200
171820,1718204,17,Porto Nacional,Norte,ORIENTAL DO TOCANTINS,TO,TO-Porto Nacional,Tocantins,3,Médio,53.618
171830,1718303,17,Praia Norte,Norte,OCIDENTAL DO TOCANTINS,TO,TO-Praia Norte,Tocantins,1,Pequeno I,8.563
171840,1718402,17,Presidente Kennedy,Norte,OCIDENTAL DO TOCANTINS,TO,TO-Presidente Kennedy,Tocantins,1,Pequeno I,3.668
171845,1718451,17,Pugmil,Norte,OCIDENTAL DO TOCANTINS,TO,TO-Pugmil,Tocantins,1,Pequeno I,2.746
171850,1718501,17,Recursolândia,Norte,ORIENTAL DO TOCANTINS,TO,TO-Recursolândia,Tocantins,1,Pequeno I,4.389
171855,1718550,17,Riachinho,Norte,OCIDENTAL DO TOCANTINS,TO,TO-Riachinho,Tocantins,1,Pequeno I,4.723
171865,1718659,17,Rio da Conceição,Norte,ORIENTAL DO TOCANTINS,TO,TO-Rio da Conceição,Tocantins,1,Pequeno I,2.211
171870,1718709,17,Rio dos Bois,Norte,OCIDENTAL DO TOCANTINS,TO,TO-Rio dos Bois,Tocantins,1,Pequeno I,2.879
171875,1718758,17,Rio Sono,Norte,ORIENTAL DO TOCANTINS,TO,TO-Rio Sono,Tocantins,1,Pequeno I,6.498
171880,1718808,17,Sampaio,Norte,OCIDENTAL DO TOCANTINS,TO,TO-Sampaio,Tocantins,1,Pequeno I,4.876
171884,1718840,17,Sandolândia,Norte,OCIDENTAL DO TOCANTINS,TO,TO-Sandolândia,Tocantins,1,Pequeno I,3.371
171886,1718865,17,Santa Fé do Araguaia,Norte,OCIDENTAL DO TOCANTINS,TO,TO-Santa Fé do Araguaia,Tocantins,1,Pequeno I,7.678
171888,1718881,17,Santa Maria do Tocantins,Norte,ORIENTAL DO TOCANTINS,TO,TO-Santa Maria do Tocantins,Tocantins,1,Pequeno I,3.537
171889,1718899,17,Santa Rita do Tocantins,Norte,OCIDENTAL DO TOCANTINS,TO,TO-Santa Rita do Tocantins,Tocantins,1,Pequeno I,2.407
171890,1718907,17,Santa Rosa do Tocantins,Norte,ORIENTAL DO TOCANTINS,TO,TO-Santa Rosa do Tocantins,Tocantins,1,Pequeno I,4.864
171900,1719004,17,Santa Tereza do Tocantins,Norte,ORIENTAL DO TOCANTINS,TO,TO-Santa Tereza do Tocantins,Tocantins,1,Pequeno I,2.928
172000,1720002,17,Santa Terezinha do Tocantins,Norte,OCIDENTAL DO TOCANTINS,TO,TO-Santa Terezinha do Tocantins,Tocantins,1,Pequeno I,2.530
172010,1720101,17,São Bento do Tocantins,Norte,OCIDENTAL DO TOCANTINS,TO,TO-São Bento do Tocantins,Tocantins,1,Pequeno I,5.457
172015,1720150,17,São Félix do Tocantins,Norte,ORIENTAL DO TOCANTINS,TO,TO-São Félix do Tocantins,Tocantins,1,Pequeno I,1.610
172020,1720200,17,São Miguel do Tocantins,Norte,OCIDENTAL DO TOCANTINS,TO,TO-São Miguel do Tocantins,Tocantins,1,Pequeno I,12.445
172025,1720259,17,São Salvador do Tocantins,Norte,OCIDENTAL DO TOCANTINS,TO,TO-São Salvador do Tocantins,Tocantins,1,Pequeno I,3.106
172030,1720309,17,São Sebastião do Tocantins,Norte,OCIDENTAL DO TOCANTINS,TO,TO-São Sebastião do Tocantins,Tocantins,1,Pequeno I,4.898
172049,1720499,17,São Valério,Norte,ORIENTAL DO TOCANTINS,TO,TO-São Valério,Tocantins,1,Pequeno I,3.848
172065,1720655,17,Silvanópolis,Norte,ORIENTAL DO TOCANTINS,TO,TO-Silvanópolis,Tocantins,1,Pequeno I,5.452
172080,1720804,17,Sítio Novo do Tocantins,Norte,OCIDENTAL DO TOCANTINS,TO,TO-Sítio Novo do Tocantins,Tocantins,1,Pequeno I,8.965
172085,1720853,17,Sucupira,Norte,OCIDENTAL DO TOCANTINS,TO,TO-Sucupira,Tocantins,1,Pequeno I,2.007
172090,1720903,17,Taguatinga,Norte,ORIENTAL DO TOCANTINS,TO,TO-Taguatinga,Tocantins,1,Pequeno I,16.966
172093,1720937,17,Taipas do Tocantins,Norte,ORIENTAL DO TOCANTINS,TO,TO-Taipas do Tocantins,Tocantins,1,Pequeno I,2.183
172097,1720978,17,Talismã,Norte,OCIDENTAL DO TOCANTINS,TO,TO-Talismã,Tocantins,1,Pequeno I,2.831
172100,1721000,17,Palmas,Norte,ORIENTAL DO TOCANTINS,TO,TO-Palmas,Tocantins,4,Grande,313.349
172110,1721109,17,Tocantínia,Norte,ORIENTAL DO TOCANTINS,TO,TO-Tocantínia,Tocantins,1,Pequeno I,7.688
172120,1721208,17,Tocantinópolis,Norte,OCIDENTAL DO TOCANTINS,TO,TO-Tocantinópolis,Tocantins,2,Pequeno II,22.820
172125,1721257,17,Tupirama,Norte,OCIDENTAL DO TOCANTINS,TO,TO-Tupirama,Tocantins,1,Pequeno I,1.952
172130,1721307,17,Tupiratins,Norte,OCIDENTAL DO TOCANTINS,TO,TO-Tupiratins,Tocantins,1,Pequeno I,2.785
172208,1722081,17,Wanderlândia,Norte,OCIDENTAL DO TOCANTINS,TO,TO-Wanderlândia,Tocantins,1,Pequeno I,11.783
172210,1722107,17,Xambioá,Norte,OCIDENTAL DO TOCANTINS,TO,TO-Xambioá,Tocantins,1,Pequeno I,11.500
210005,2100055,21,Açailândia,Nordeste,OESTE MARANHENSE,MA,MA-Açailândia,Maranhão,4,Grande,113.783
210010,2100105,21,Afonso Cunha,Nordeste,LESTE MARANHENSE,MA,MA-Afonso Cunha,Maranhão,1,Pequeno I,6.631
210015,2100154,21,Água Doce do Maranhão,Nordeste,LESTE MARANHENSE,MA,MA-Água Doce do Maranhão,Maranhão,1,Pequeno I,12.731
210020,2100204,21,Alcântara,Nordeste,NORTE MARANHENSE,MA,MA-Alcântara,Maranhão,1,Pequeno I,22.126
210030,2100303,21,Aldeias Altas,Nordeste,LESTE MARANHENSE,MA,MA-Aldeias Altas,Maranhão,2,Pequeno II,26.979
210040,2100402,21,Altamira do Maranhão,Nordeste,OESTE MARANHENSE,MA,MA-Altamira do Maranhão,Maranhão,1,Pequeno I,8.250
210043,2100436,21,Alto Alegre do Maranhão,Nordeste,LESTE MARANHENSE,MA,MA-Alto Alegre do Maranhão,Maranhão,2,Pequeno II,28.066
210047,2100477,21,Alto Alegre do Pindaré,Nordeste,OESTE MARANHENSE,MA,MA-Alto Alegre do Pindaré,Maranhão,2,Pequeno II,31.967
210050,2100501,21,Alto Parnaíba,Nordeste,SUL MARANHENSE,MA,MA-Alto Parnaíba,Maranhão,1,Pequeno I,11.233
210055,2100550,21,Amapá do Maranhão,Nordeste,OESTE MARANHENSE,MA,MA-Amapá do Maranhão,Maranhão,1,Pequeno I,7.047
210060,2100600,21,Amarante do Maranhão,Nordeste,OESTE MARANHENSE,MA,MA-Amarante do Maranhão,Maranhão,2,Pequeno II,42.017
210070,2100709,21,Anajatuba,Nordeste,NORTE MARANHENSE,MA,MA-Anajatuba,Maranhão,2,Pequeno II,27.170
210080,2100808,21,Anapurus,Nordeste,LESTE MARANHENSE,MA,MA-Anapurus,Maranhão,1,Pequeno I,16.054
210083,2100832,21,Apicum-Açu,Nordeste,NORTE MARANHENSE,MA,MA-Apicum-Açu,Maranhão,1,Pequeno I,17.582
210087,2100873,21,Araguanã,Nordeste,OESTE MARANHENSE,MA,MA-Araguanã,Maranhão,1,Pequeno I,15.675
210090,2100907,21,Araioses,Nordeste,LESTE MARANHENSE,MA,MA-Araioses,Maranhão,2,Pequeno II,47.095
210095,2100956,21,Arame,Nordeste,CENTRO MARANHENSE,MA,MA-Arame,Maranhão,2,Pequeno II,32.825
210100,2101004,21,Arari,Nordeste,NORTE MARANHENSE,MA,MA-Arari,Maranhão,2,Pequeno II,30.014
210110,2101103,21,Axixá,Nordeste,NORTE MARANHENSE,MA,MA-Axixá,Maranhão,1,Pequeno I,12.234
210120,2101202,21,Bacabal,Nordeste,CENTRO MARANHENSE,MA,MA-Bacabal,Maranhão,4,Grande,105.094
210125,2101251,21,Bacabeira,Nordeste,NORTE MARANHENSE,MA,MA-Bacabeira,Maranhão,1,Pequeno I,17.446
210130,2101301,21,Bacuri,Nordeste,NORTE MARANHENSE,MA,MA-Bacuri,Maranhão,1,Pequeno I,18.726
210135,2101350,21,Bacurituba,Nordeste,NORTE MARANHENSE,MA,MA-Bacurituba,Maranhão,1,Pequeno I,5.696
210140,2101400,21,Balsas,Nordeste,SUL MARANHENSE,MA,MA-Balsas,Maranhão,4,Grande,96.951
210150,2101509,21,Barão de Grajaú,Nordeste,LESTE MARANHENSE,MA,MA-Barão de Grajaú,Maranhão,1,Pequeno I,19.026
210160,2101608,21,Barra do Corda,Nordeste,CENTRO MARANHENSE,MA,MA-Barra do Corda,Maranhão,3,Médio,88.895
210170,2101707,21,Barreirinhas,Nordeste,NORTE MARANHENSE,MA,MA-Barreirinhas,Maranhão,3,Médio,63.891
210173,2101731,21,Belágua,Nordeste,LESTE MARANHENSE,MA,MA-Belágua,Maranhão,1,Pequeno I,7.586
210177,2101772,21,Bela Vista do Maranhão,Nordeste,NORTE MARANHENSE,MA,MA-Bela Vista do Maranhão,Maranhão,1,Pequeno I,11.347
210180,2101806,21,Benedito Leite,Nordeste,SUL MARANHENSE,MA,MA-Benedito Leite,Maranhão,1,Pequeno I,5.643
210190,2101905,21,Bequimão,Nordeste,NORTE MARANHENSE,MA,MA-Bequimão,Maranhão,1,Pequeno I,21.317
210193,2101939,21,Bernardo do Mearim,Nordeste,CENTRO MARANHENSE,MA,MA-Bernardo do Mearim,Maranhão,1,Pequeno I,6.102
210197,2101970,21,Boa Vista do Gurupi,Nordeste,OESTE MARANHENSE,MA,MA-Boa Vista do Gurupi,Maranhão,1,Pequeno I,8.494
210200,2102002,21,Bom Jardim,Nordeste,OESTE MARANHENSE,MA,MA-Bom Jardim,Maranhão,2,Pequeno II,42.010
210203,2102036,21,Bom Jesus das Selvas,Nordeste,OESTE MARANHENSE,MA,MA-Bom Jesus das Selvas,Maranhão,2,Pequeno II,35.095
210207,2102077,21,Bom Lugar,Nordeste,CENTRO MARANHENSE,MA,MA-Bom Lugar,Maranhão,1,Pequeno I,16.578
210210,2102101,21,Brejo,Nordeste,LESTE MARANHENSE,MA,MA-Brejo,Maranhão,2,Pequeno II,36.900
210215,2102150,21,Brejo de Areia,Nordeste,OESTE MARANHENSE,MA,MA-Brejo de Areia,Maranhão,1,Pequeno I,8.841
210220,2102200,21,Buriti,Nordeste,LESTE MARANHENSE,MA,MA-Buriti,Maranhão,2,Pequeno II,28.916
210230,2102309,21,Buriti Bravo,Nordeste,LESTE MARANHENSE,MA,MA-Buriti Bravo,Maranhão,2,Pequeno II,23.993
210232,2102325,21,Buriticupu,Nordeste,OESTE MARANHENSE,MA,MA-Buriticupu,Maranhão,3,Médio,73.595
210235,2102358,21,Buritirana,Nordeste,OESTE MARANHENSE,MA,MA-Buritirana,Maranhão,1,Pequeno I,15.503
210237,2102374,21,Cachoeira Grande,Nordeste,NORTE MARANHENSE,MA,MA-Cachoeira Grande,Maranhão,1,Pequeno I,9.524
210240,2102408,21,Cajapió,Nordeste,NORTE MARANHENSE,MA,MA-Cajapió,Maranhão,1,Pequeno I,11.255
210250,2102507,21,Cajari,Nordeste,NORTE MARANHENSE,MA,MA-Cajari,Maranhão,1,Pequeno I,19.521
210255,2102556,21,Campestre do Maranhão,Nordeste,SUL MARANHENSE,MA,MA-Campestre do Maranhão,Maranhão,1,Pequeno I,14.530
210260,2102606,21,Cândido Mendes,Nordeste,OESTE MARANHENSE,MA,MA-Cândido Mendes,Maranhão,1,Pequeno I,20.376
210270,2102705,21,Cantanhede,Nordeste,NORTE MARANHENSE,MA,MA-Cantanhede,Maranhão,2,Pequeno II,22.236
210275,2102754,21,Capinzal do Norte,Nordeste,LESTE MARANHENSE,MA,MA-Capinzal do Norte,Maranhão,1,Pequeno I,10.937
210280,2102804,21,Carolina,Nordeste,SUL MARANHENSE,MA,MA-Carolina,Maranhão,2,Pequeno II,24.151
210290,2102903,21,Carutapera,Nordeste,OESTE MARANHENSE,MA,MA-Carutapera,Maranhão,2,Pequeno II,24.095
210300,2103000,21,Caxias,Nordeste,LESTE MARANHENSE,MA,MA-Caxias,Maranhão,4,Grande,166.159
210310,2103109,21,Cedral,Nordeste,NORTE MARANHENSE,MA,MA-Cedral,Maranhão,1,Pequeno I,10.711
210312,2103125,21,Central do Maranhão,Nordeste,NORTE MARANHENSE,MA,MA-Central do Maranhão,Maranhão,1,Pequeno I,8.806
210315,2103158,21,Centro do Guilherme,Nordeste,OESTE MARANHENSE,MA,MA-Centro do Guilherme,Maranhão,1,Pequeno I,13.876
210317,2103174,21,Centro Novo do Maranhão,Nordeste,OESTE MARANHENSE,MA,MA-Centro Novo do Maranhão,Maranhão,1,Pequeno I,22.056
210320,2103208,21,Chapadinha,Nordeste,LESTE MARANHENSE,MA,MA-Chapadinha,Maranhão,3,Médio,80.705
210325,2103257,21,Cidelândia,Nordeste,OESTE MARANHENSE,MA,MA-Cidelândia,Maranhão,1,Pequeno I,14.855
210330,2103307,21,Codó,Nordeste,LESTE MARANHENSE,MA,MA-Codó,Maranhão,4,Grande,123.368
210340,2103406,21,Coelho Neto,Nordeste,LESTE MARANHENSE,MA,MA-Coelho Neto,Maranhão,2,Pequeno II,49.804
210350,2103505,21,Colinas,Nordeste,LESTE MARANHENSE,MA,MA-Colinas,Maranhão,2,Pequeno II,41.443
210355,2103554,21,Conceição do Lago-Açu,Nordeste,NORTE MARANHENSE,MA,MA-Conceição do Lago-Açu,Maranhão,1,Pequeno I,16.559
210360,2103604,21,Coroatá,Nordeste,LESTE MARANHENSE,MA,MA-Coroatá,Maranhão,3,Médio,65.788
210370,2103703,21,Cururupu,Nordeste,NORTE MARANHENSE,MA,MA-Cururupu,Maranhão,2,Pequeno II,32.559
210375,2103752,21,Davinópolis,Nordeste,OESTE MARANHENSE,MA,MA-Davinópolis,Maranhão,1,Pequeno I,12.923
210380,2103802,21,Dom Pedro,Nordeste,CENTRO MARANHENSE,MA,MA-Dom Pedro,Maranhão,2,Pequeno II,23.393
210390,2103901,21,Duque Bacelar,Nordeste,LESTE MARANHENSE,MA,MA-Duque Bacelar,Maranhão,1,Pequeno I,11.451
210400,2104008,21,Esperantinópolis,Nordeste,CENTRO MARANHENSE,MA,MA-Esperantinópolis,Maranhão,1,Pequeno I,16.971
210405,2104057,21,Estreito,Nordeste,SUL MARANHENSE,MA,MA-Estreito,Maranhão,2,Pequeno II,43.097
210407,2104073,21,Feira Nova do Maranhão,Nordeste,SUL MARANHENSE,MA,MA-Feira Nova do Maranhão,Maranhão,1,Pequeno I,8.506
210408,2104081,21,Fernando Falcão,Nordeste,CENTRO MARANHENSE,MA,MA-Fernando Falcão,Maranhão,1,Pequeno I,10.559
210409,2104099,21,Formosa da Serra Negra,Nordeste,CENTRO MARANHENSE,MA,MA-Formosa da Serra Negra,Maranhão,1,Pequeno I,19.425
210410,2104107,21,Fortaleza dos Nogueiras,Nordeste,SUL MARANHENSE,MA,MA-Fortaleza dos Nogueiras,Maranhão,1,Pequeno I,12.662
210420,2104206,21,Fortuna,Nordeste,CENTRO MARANHENSE,MA,MA-Fortuna,Maranhão,1,Pequeno I,17.812
210430,2104305,21,Godofredo Viana,Nordeste,OESTE MARANHENSE,MA,MA-Godofredo Viana,Maranhão,1,Pequeno I,12.104
210440,2104404,21,Gonçalves Dias,Nordeste,CENTRO MARANHENSE,MA,MA-Gonçalves Dias,Maranhão,1,Pequeno I,17.953
210450,2104503,21,Governador Archer,Nordeste,CENTRO MARANHENSE,MA,MA-Governador Archer,Maranhão,1,Pequeno I,10.931
210455,2104552,21,Governador Edison Lobão,Nordeste,OESTE MARANHENSE,MA,MA-Governador Edison Lobão,Maranhão,1,Pequeno I,18.740
210460,2104602,21,Governador Eugênio Barros,Nordeste,CENTRO MARANHENSE,MA,MA-Governador Eugênio Barros,Maranhão,1,Pequeno I,14.703
210462,2104628,21,Governador Luiz Rocha,Nordeste,CENTRO MARANHENSE,MA,MA-Governador Luiz Rocha,Maranhão,1,Pequeno I,7.878
210465,2104651,21,Governador Newton Bello,Nordeste,OESTE MARANHENSE,MA,MA-Governador Newton Bello,Maranhão,1,Pequeno I,10.121
210467,2104677,21,Governador Nunes Freire,Nordeste,OESTE MARANHENSE,MA,MA-Governador Nunes Freire,Maranhão,2,Pequeno II,25.502
210470,2104701,21,Graça Aranha,Nordeste,CENTRO MARANHENSE,MA,MA-Graça Aranha,Maranhão,1,Pequeno I,6.261
210480,2104800,21,Grajaú,Nordeste,CENTRO MARANHENSE,MA,MA-Grajaú,Maranhão,3,Médio,70.692
210490,2104909,21,Guimarães,Nordeste,NORTE MARANHENSE,MA,MA-Guimarães,Maranhão,1,Pequeno I,11.966
210500,2105005,21,Humberto de Campos,Nordeste,NORTE MARANHENSE,MA,MA-Humberto de Campos,Maranhão,2,Pequeno II,29.143
210510,2105104,21,Icatu,Nordeste,NORTE MARANHENSE,MA,MA-Icatu,Maranhão,2,Pequeno II,27.423
210515,2105153,21,Igarapé do Meio,Nordeste,NORTE MARANHENSE,MA,MA-Igarapé do Meio,Maranhão,1,Pequeno I,14.470
210520,2105203,21,Igarapé Grande,Nordeste,CENTRO MARANHENSE,MA,MA-Igarapé Grande,Maranhão,1,Pequeno I,11.453
210530,2105302,21,Imperatriz,Nordeste,OESTE MARANHENSE,MA,MA-Imperatriz,Maranhão,4,Grande,259.980
210535,2105351,21,Itaipava do Grajaú,Nordeste,CENTRO MARANHENSE,MA,MA-Itaipava do Grajaú,Maranhão,1,Pequeno I,16.158
210540,2105401,21,Itapecuru Mirim,Nordeste,NORTE MARANHENSE,MA,MA-Itapecuru Mirim,Maranhão,3,Médio,69.233
210542,2105427,21,Itinga do Maranhão,Nordeste,OESTE MARANHENSE,MA,MA-Itinga do Maranhão,Maranhão,2,Pequeno II,26.134
210545,2105450,21,Jatobá,Nordeste,LESTE MARANHENSE,MA,MA-Jatobá,Maranhão,1,Pequeno I,10.464
210547,2105476,21,Jenipapo dos Vieiras,Nordeste,CENTRO MARANHENSE,MA,MA-Jenipapo dos Vieiras,Maranhão,1,Pequeno I,17.123
210550,2105500,21,João Lisboa,Nordeste,OESTE MARANHENSE,MA,MA-João Lisboa,Maranhão,2,Pequeno II,23.677
210560,2105609,21,Joselândia,Nordeste,CENTRO MARANHENSE,MA,MA-Joselândia,Maranhão,1,Pequeno I,16.228
210565,2105658,21,Junco do Maranhão,Nordeste,OESTE MARANHENSE,MA,MA-Junco do Maranhão,Maranhão,1,Pequeno I,4.334
210570,2105708,21,Lago da Pedra,Nordeste,OESTE MARANHENSE,MA,MA-Lago da Pedra,Maranhão,2,Pequeno II,50.959
210580,2105807,21,Lago do Junco,Nordeste,CENTRO MARANHENSE,MA,MA-Lago do Junco,Maranhão,1,Pequeno I,10.900
210590,2105906,21,Lago Verde,Nordeste,CENTRO MARANHENSE,MA,MA-Lago Verde,Maranhão,1,Pequeno I,16.369
210592,2105922,21,Lagoa do Mato,Nordeste,LESTE MARANHENSE,MA,MA-Lagoa do Mato,Maranhão,1,Pequeno I,11.280
210594,2105948,21,Lago dos Rodrigues,Nordeste,CENTRO MARANHENSE,MA,MA-Lago dos Rodrigues,Maranhão,1,Pequeno I,8.841
210596,2105963,21,Lagoa Grande do Maranhão,Nordeste,OESTE MARANHENSE,MA,MA-Lagoa Grande do Maranhão,Maranhão,1,Pequeno I,11.534
210598,2105989,21,Lajeado Novo,Nordeste,OESTE MARANHENSE,MA,MA-Lajeado Novo,Maranhão,1,Pequeno I,7.653
210600,2106003,21,Lima Campos,Nordeste,CENTRO MARANHENSE,MA,MA-Lima Campos,Maranhão,1,Pequeno I,11.943
210610,2106102,21,Loreto,Nordeste,SUL MARANHENSE,MA,MA-Loreto,Maranhão,1,Pequeno I,12.271
210620,2106201,21,Luís Domingues,Nordeste,OESTE MARANHENSE,MA,MA-Luís Domingues,Maranhão,1,Pequeno I,7.016
210630,2106300,21,Magalhães de Almeida,Nordeste,LESTE MARANHENSE,MA,MA-Magalhães de Almeida,Maranhão,1,Pequeno I,20.228
210632,2106326,21,Maracaçumé,Nordeste,OESTE MARANHENSE,MA,MA-Maracaçumé,Maranhão,2,Pequeno II,21.773
210635,2106359,21,Marajá do Sena,Nordeste,OESTE MARANHENSE,MA,MA-Marajá do Sena,Maranhão,1,Pequeno I,7.757
210637,2106375,21,Maranhãozinho,Nordeste,OESTE MARANHENSE,MA,MA-Maranhãozinho,Maranhão,1,Pequeno I,16.754
210640,2106409,21,Mata Roma,Nordeste,LESTE MARANHENSE,MA,MA-Mata Roma,Maranhão,1,Pequeno I,17.122
210650,2106508,21,Matinha,Nordeste,NORTE MARANHENSE,MA,MA-Matinha,Maranhão,2,Pequeno II,23.591
210660,2106607,21,Matões,Nordeste,LESTE MARANHENSE,MA,MA-Matões,Maranhão,2,Pequeno II,34.099
210663,2106631,21,Matões do Norte,Nordeste,NORTE MARANHENSE,MA,MA-Matões do Norte,Maranhão,1,Pequeno I,17.316
210667,2106672,21,Milagres do Maranhão,Nordeste,LESTE MARANHENSE,MA,MA-Milagres do Maranhão,Maranhão,1,Pequeno I,8.502
210670,2106706,21,Mirador,Nordeste,LESTE MARANHENSE,MA,MA-Mirador,Maranhão,2,Pequeno II,21.045
210675,2106755,21,Miranda do Norte,Nordeste,NORTE MARANHENSE,MA,MA-Miranda do Norte,Maranhão,2,Pequeno II,29.121
210680,2106805,21,Mirinzal,Nordeste,NORTE MARANHENSE,MA,MA-Mirinzal,Maranhão,1,Pequeno I,15.059
210690,2106904,21,Monção,Nordeste,NORTE MARANHENSE,MA,MA-Monção,Maranhão,2,Pequeno II,33.888
210700,2107001,21,Montes Altos,Nordeste,OESTE MARANHENSE,MA,MA-Montes Altos,Maranhão,1,Pequeno I,9.064
210710,2107100,21,Morros,Nordeste,NORTE MARANHENSE,MA,MA-Morros,Maranhão,1,Pequeno I,19.708
210720,2107209,21,Nina Rodrigues,Nordeste,NORTE MARANHENSE,MA,MA-Nina Rodrigues,Maranhão,1,Pequeno I,14.826
210725,2107258,21,Nova Colinas,Nordeste,SUL MARANHENSE,MA,MA-Nova Colinas,Maranhão,1,Pequeno I,5.469
210730,2107308,21,Nova Iorque,Nordeste,LESTE MARANHENSE,MA,MA-Nova Iorque,Maranhão,1,Pequeno I,4.682
210735,2107357,21,Nova Olinda do Maranhão,Nordeste,OESTE MARANHENSE,MA,MA-Nova Olinda do Maranhão,Maranhão,1,Pequeno I,21.228
210740,2107407,21,Olho d'Água das Cunhãs,Nordeste,CENTRO MARANHENSE,MA,MA-Olho d'Água das Cunhãs,Maranhão,1,Pequeno I,19.616
210745,2107456,21,Olinda Nova do Maranhão,Nordeste,NORTE MARANHENSE,MA,MA-Olinda Nova do Maranhão,Maranhão,1,Pequeno I,14.968
210750,2107506,21,Paço do Lumiar,Nordeste,NORTE MARANHENSE,MA,MA-Paço do Lumiar,Maranhão,4,Grande,125.265
210760,2107605,21,Palmeirândia,Nordeste,NORTE MARANHENSE,MA,MA-Palmeirândia,Maranhão,2,Pequeno II,19.840
210770,2107704,21,Paraibano,Nordeste,LESTE MARANHENSE,MA,MA-Paraibano,Maranhão,1,Pequeno I,21.571
210780,2107803,21,Parnarama,Nordeste,LESTE MARANHENSE,MA,MA-Parnarama,Maranhão,2,Pequeno II,35.108
210790,2107902,21,Passagem Franca,Nordeste,LESTE MARANHENSE,MA,MA-Passagem Franca,Maranhão,1,Pequeno I,19.253
210800,2108009,21,Pastos Bons,Nordeste,LESTE MARANHENSE,MA,MA-Pastos Bons,Maranhão,1,Pequeno I,19.693
210805,2108058,21,Paulino Neves,Nordeste,NORTE MARANHENSE,MA,MA-Paulino Neves,Maranhão,1,Pequeno I,16.295
210810,2108108,21,Paulo Ramos,Nordeste,OESTE MARANHENSE,MA,MA-Paulo Ramos,Maranhão,2,Pequeno II,21.092
210820,2108207,21,Pedreiras,Nordeste,CENTRO MARANHENSE,MA,MA-Pedreiras,Maranhão,2,Pequeno II,39.153
210825,2108256,21,Pedro do Rosário,Nordeste,NORTE MARANHENSE,MA,MA-Pedro do Rosário,Maranhão,2,Pequeno II,25.560
210830,2108306,21,Penalva,Nordeste,NORTE MARANHENSE,MA,MA-Penalva,Maranhão,2,Pequeno II,38.987
210840,2108405,21,Peri Mirim,Nordeste,NORTE MARANHENSE,MA,MA-Peri Mirim,Maranhão,1,Pequeno I,14.371
210845,2108454,21,Peritoró,Nordeste,LESTE MARANHENSE,MA,MA-Peritoró,Maranhão,2,Pequeno II,23.530
210850,2108504,21,Pindaré-Mirim,Nordeste,OESTE MARANHENSE,MA,MA-Pindaré-Mirim,Maranhão,2,Pequeno II,33.186
210860,2108603,21,Pinheiro,Nordeste,NORTE MARANHENSE,MA,MA-Pinheiro,Maranhão,3,Médio,84.160
210870,2108702,21,Pio XII,Nordeste,CENTRO MARANHENSE,MA,MA-Pio XII,Maranhão,2,Pequeno II,21.274
210880,2108801,21,Pirapemas,Nordeste,NORTE MARANHENSE,MA,MA-Pirapemas,Maranhão,1,Pequeno I,18.814
210890,2108900,21,Poção de Pedras,Nordeste,CENTRO MARANHENSE,MA,MA-Poção de Pedras,Maranhão,1,Pequeno I,17.321
210900,2109007,21,Porto Franco,Nordeste,SUL MARANHENSE,MA,MA-Porto Franco,Maranhão,2,Pequeno II,24.294
210905,2109056,21,Porto Rico do Maranhão,Nordeste,NORTE MARANHENSE,MA,MA-Porto Rico do Maranhão,Maranhão,1,Pequeno I,5.936
210910,2109106,21,Presidente Dutra,Nordeste,CENTRO MARANHENSE,MA,MA-Presidente Dutra,Maranhão,2,Pequeno II,48.264
210920,2109205,21,Presidente Juscelino,Nordeste,NORTE MARANHENSE,MA,MA-Presidente Juscelino,Maranhão,1,Pequeno I,12.939
210923,2109239,21,Presidente Médici,Nordeste,OESTE MARANHENSE,MA,MA-Presidente Médici,Maranhão,1,Pequeno I,7.124
210927,2109270,21,Presidente Sarney,Nordeste,NORTE MARANHENSE,MA,MA-Presidente Sarney,Maranhão,1,Pequeno I,19.217
210930,2109304,21,Presidente Vargas,Nordeste,NORTE MARANHENSE,MA,MA-Presidente Vargas,Maranhão,1,Pequeno I,11.328
210940,2109403,21,Primeira Cruz,Nordeste,NORTE MARANHENSE,MA,MA-Primeira Cruz,Maranhão,1,Pequeno I,15.545
210945,2109452,21,Raposa,Nordeste,NORTE MARANHENSE,MA,MA-Raposa,Maranhão,2,Pequeno II,31.586
210950,2109502,21,Riachão,Nordeste,SUL MARANHENSE,MA,MA-Riachão,Maranhão,2,Pequeno II,20.288
210955,2109551,21,Ribamar Fiquene,Nordeste,OESTE MARANHENSE,MA,MA-Ribamar Fiquene,Maranhão,1,Pequeno I,7.859
210960,2109601,21,Rosário,Nordeste,NORTE MARANHENSE,MA,MA-Rosário,Maranhão,2,Pequeno II,43.243
210970,2109700,21,Sambaíba,Nordeste,SUL MARANHENSE,MA,MA-Sambaíba,Maranhão,1,Pequeno I,5.686
210975,2109759,21,Santa Filomena do Maranhão,Nordeste,CENTRO MARANHENSE,MA,MA-Santa Filomena do Maranhão,Maranhão,1,Pequeno I,7.878
210980,2109809,21,Santa Helena,Nordeste,NORTE MARANHENSE,MA,MA-Santa Helena,Maranhão,2,Pequeno II,42.829
210990,2109908,21,Santa Inês,Nordeste,OESTE MARANHENSE,MA,MA-Santa Inês,Maranhão,3,Médio,89.927
211000,2110005,21,Santa Luzia,Nordeste,OESTE MARANHENSE,MA,MA-Santa Luzia,Maranhão,3,Médio,73.105
211003,2110039,21,Santa Luzia do Paruá,Nordeste,OESTE MARANHENSE,MA,MA-Santa Luzia do Paruá,Maranhão,2,Pequeno II,25.487
211010,2110104,21,Santa Quitéria do Maranhão,Nordeste,LESTE MARANHENSE,MA,MA-Santa Quitéria do Maranhão,Maranhão,2,Pequeno II,25.884
211020,2110203,21,Santa Rita,Nordeste,NORTE MARANHENSE,MA,MA-Santa Rita,Maranhão,2,Pequeno II,38.732
211023,2110237,21,Santana do Maranhão,Nordeste,LESTE MARANHENSE,MA,MA-Santana do Maranhão,Maranhão,1,Pequeno I,13.704
211027,2110278,21,Santo Amaro do Maranhão,Nordeste,NORTE MARANHENSE,MA,MA-Santo Amaro do Maranhão,Maranhão,1,Pequeno I,16.219
211030,2110302,21,Santo Antônio dos Lopes,Nordeste,CENTRO MARANHENSE,MA,MA-Santo Antônio dos Lopes,Maranhão,1,Pequeno I,14.516
211040,2110401,21,São Benedito do Rio Preto,Nordeste,LESTE MARANHENSE,MA,MA-São Benedito do Rio Preto,Maranhão,1,Pequeno I,18.769
211050,2110500,21,São Bento,Nordeste,NORTE MARANHENSE,MA,MA-São Bento,Maranhão,2,Pequeno II,45.989
211060,2110609,21,São Bernardo,Nordeste,LESTE MARANHENSE,MA,MA-São Bernardo,Maranhão,2,Pequeno II,28.825
211065,2110658,21,São Domingos do Azeitão,Nordeste,SUL MARANHENSE,MA,MA-São Domingos do Azeitão,Maranhão,1,Pequeno I,7.448
211070,2110708,21,São Domingos do Maranhão,Nordeste,CENTRO MARANHENSE,MA,MA-São Domingos do Maranhão,Maranhão,2,Pequeno II,34.391
211080,2110807,21,São Félix de Balsas,Nordeste,SUL MARANHENSE,MA,MA-São Félix de Balsas,Maranhão,1,Pequeno I,4.540
211085,2110856,21,São Francisco do Brejão,Nordeste,OESTE MARANHENSE,MA,MA-São Francisco do Brejão,Maranhão,1,Pequeno I,12.082
211090,2110906,21,São Francisco do Maranhão,Nordeste,LESTE MARANHENSE,MA,MA-São Francisco do Maranhão,Maranhão,1,Pequeno I,12.226
211100,2111003,21,São João Batista,Nordeste,NORTE MARANHENSE,MA,MA-São João Batista,Maranhão,1,Pequeno I,20.736
211102,2111029,21,São João do Carú,Nordeste,OESTE MARANHENSE,MA,MA-São João do Carú,Maranhão,1,Pequeno I,15.768
211105,2111052,21,São João do Paraíso,Nordeste,SUL MARANHENSE,MA,MA-São João do Paraíso,Maranhão,1,Pequeno I,11.207
211107,2111078,21,São João do Soter,Nordeste,LESTE MARANHENSE,MA,MA-São João do Soter,Maranhão,1,Pequeno I,18.746
211110,2111102,21,São João dos Patos,Nordeste,LESTE MARANHENSE,MA,MA-São João dos Patos,Maranhão,2,Pequeno II,26.063
211120,2111201,21,São José de Ribamar,Nordeste,NORTE MARANHENSE,MA,MA-São José de Ribamar,Maranhão,4,Grande,180.345
211125,2111250,21,São José dos Basílios,Nordeste,CENTRO MARANHENSE,MA,MA-São José dos Basílios,Maranhão,1,Pequeno I,7.639
211130,2111300,21,São Luís,Nordeste,NORTE MARANHENSE,MA,MA-São Luís,Maranhão,5,Metrópole,1.115.932
211140,2111409,21,São Luís Gonzaga do Maranhão,Nordeste,CENTRO MARANHENSE,MA,MA-São Luís Gonzaga do Maranhão,Maranhão,1,Pequeno I,18.600
211150,2111508,21,São Mateus do Maranhão,Nordeste,CENTRO MARANHENSE,MA,MA-São Mateus do Maranhão,Maranhão,2,Pequeno II,41.750
211153,2111532,21,São Pedro da Água Branca,Nordeste,OESTE MARANHENSE,MA,MA-São Pedro da Água Branca,Maranhão,1,Pequeno I,12.779
211157,2111573,21,São Pedro dos Crentes,Nordeste,SUL MARANHENSE,MA,MA-São Pedro dos Crentes,Maranhão,1,Pequeno I,4.700
211160,2111607,21,São Raimundo das Mangabeiras,Nordeste,SUL MARANHENSE,MA,MA-São Raimundo das Mangabeiras,Maranhão,1,Pequeno I,19.090
211163,2111631,21,São Raimundo do Doca Bezerra,Nordeste,CENTRO MARANHENSE,MA,MA-São Raimundo do Doca Bezerra,Maranhão,1,Pequeno I,5.028
211167,2111672,21,São Roberto,Nordeste,CENTRO MARANHENSE,MA,MA-São Roberto,Maranhão,1,Pequeno I,6.856
211170,2111706,21,São Vicente Ferrer,Nordeste,NORTE MARANHENSE,MA,MA-São Vicente Ferrer,Maranhão,1,Pequeno I,22.452
211172,2111722,21,Satubinha,Nordeste,CENTRO MARANHENSE,MA,MA-Satubinha,Maranhão,1,Pequeno I,14.274
211174,2111748,21,Senador Alexandre Costa,Nordeste,CENTRO MARANHENSE,MA,MA-Senador Alexandre Costa,Maranhão,1,Pequeno I,11.285
211176,2111763,21,Senador La Rocque,Nordeste,OESTE MARANHENSE,MA,MA-Senador La Rocque,Maranhão,1,Pequeno I,13.981
211178,2111789,21,Serrano do Maranhão,Nordeste,NORTE MARANHENSE,MA,MA-Serrano do Maranhão,Maranhão,1,Pequeno I,10.343
211180,2111805,21,Sítio Novo,Nordeste,CENTRO MARANHENSE,MA,MA-Sítio Novo,Maranhão,1,Pequeno I,18.237
211190,2111904,21,Sucupira do Norte,Nordeste,LESTE MARANHENSE,MA,MA-Sucupira do Norte,Maranhão,1,Pequeno I,10.631
211195,2111953,21,Sucupira do Riachão,Nordeste,LESTE MARANHENSE,MA,MA-Sucupira do Riachão,Maranhão,1,Pequeno I,5.692
211200,2112001,21,Tasso Fragoso,Nordeste,SUL MARANHENSE,MA,MA-Tasso Fragoso,Maranhão,1,Pequeno I,8.642
211210,2112100,21,Timbiras,Nordeste,LESTE MARANHENSE,MA,MA-Timbiras,Maranhão,2,Pequeno II,29.241
211220,2112209,21,Timon,Nordeste,LESTE MARANHENSE,MA,MA-Timon,Maranhão,4,Grande,171.317
211223,2112233,21,Trizidela do Vale,Nordeste,CENTRO MARANHENSE,MA,MA-Trizidela do Vale,Maranhão,2,Pequeno II,22.223
211227,2112274,21,Tufilândia,Nordeste,OESTE MARANHENSE,MA,MA-Tufilândia,Maranhão,1,Pequeno I,5.868
211230,2112308,21,Tuntum,Nordeste,CENTRO MARANHENSE,MA,MA-Tuntum,Maranhão,2,Pequeno II,42.242
211240,2112407,21,Turiaçu,Nordeste,OESTE MARANHENSE,MA,MA-Turiaçu,Maranhão,2,Pequeno II,35.811
211245,2112456,21,Turilândia,Nordeste,OESTE MARANHENSE,MA,MA-Turilândia,Maranhão,2,Pequeno II,26.112
211250,2112506,21,Tutóia,Nordeste,NORTE MARANHENSE,MA,MA-Tutóia,Maranhão,3,Médio,59.927
211260,2112605,21,Urbano Santos,Nordeste,LESTE MARANHENSE,MA,MA-Urbano Santos,Maranhão,2,Pequeno II,33.791
211270,2112704,21,Vargem Grande,Nordeste,NORTE MARANHENSE,MA,MA-Vargem Grande,Maranhão,2,Pequeno II,57.813
211280,2112803,21,Viana,Nordeste,NORTE MARANHENSE,MA,MA-Viana,Maranhão,3,Médio,52.852
211285,2112852,21,Vila Nova dos Martírios,Nordeste,OESTE MARANHENSE,MA,MA-Vila Nova dos Martírios,Maranhão,1,Pequeno I,13.800
211290,2112902,21,Vitória do Mearim,Nordeste,NORTE MARANHENSE,MA,MA-Vitória do Mearim,Maranhão,2,Pequeno II,32.956
211300,2113009,21,Vitorino Freire,Nordeste,OESTE MARANHENSE,MA,MA-Vitorino Freire,Maranhão,2,Pequeno II,31.520
211400,2114007,21,Zé Doca,Nordeste,OESTE MARANHENSE,MA,MA-Zé Doca,Maranhão,2,Pequeno II,52.190
220005,2200053,22,Acauã,Nordeste,SUDESTE PIAUIENSE,PI,PI-Acauã,Piauí,1,Pequeno I,7.119
220010,2200103,22,Agricolândia,Nordeste,CENTRO-NORTE PIAUIENSE,PI,PI-Agricolândia,Piauí,1,Pequeno I,5.123
220020,2200202,22,Água Branca,Nordeste,CENTRO-NORTE PIAUIENSE,PI,PI-Água Branca,Piauí,1,Pequeno I,17.525
220025,2200251,22,Alagoinha do Piauí,Nordeste,SUDESTE PIAUIENSE,PI,PI-Alagoinha do Piauí,Piauí,1,Pequeno I,7.678
220027,2200277,22,Alegrete do Piauí,Nordeste,SUDESTE PIAUIENSE,PI,PI-Alegrete do Piauí,Piauí,1,Pequeno I,4.921
220030,2200301,22,Alto Longá,Nordeste,CENTRO-NORTE PIAUIENSE,PI,PI-Alto Longá,Piauí,1,Pequeno I,14.371
220040,2200400,22,Altos,Nordeste,CENTRO-NORTE PIAUIENSE,PI,PI-Altos,Piauí,2,Pequeno II,40.681
220045,2200459,22,Alvorada do Gurguéia,Nordeste,SUDOESTE PIAUIENSE,PI,PI-Alvorada do Gurguéia,Piauí,1,Pequeno I,5.469
220050,2200509,22,Amarante,Nordeste,CENTRO-NORTE PIAUIENSE,PI,PI-Amarante,Piauí,1,Pequeno I,17.609
220060,2200608,22,Angical do Piauí,Nordeste,CENTRO-NORTE PIAUIENSE,PI,PI-Angical do Piauí,Piauí,1,Pequeno I,6.779
220070,2200707,22,Anísio de Abreu,Nordeste,SUDOESTE PIAUIENSE,PI,PI-Anísio de Abreu,Piauí,1,Pequeno I,9.994
220080,2200806,22,Antônio Almeida,Nordeste,SUDOESTE PIAUIENSE,PI,PI-Antônio Almeida,Piauí,1,Pequeno I,3.175
220090,2200905,22,Aroazes,Nordeste,CENTRO-NORTE PIAUIENSE,PI,PI-Aroazes,Piauí,1,Pequeno I,5.819
220095,2200954,22,Aroeiras do Itaim,Nordeste,SUDESTE PIAUIENSE,PI,PI-Aroeiras do Itaim,Piauí,1,Pequeno I,2.551
220100,2201002,22,Arraial,Nordeste,CENTRO-NORTE PIAUIENSE,PI,PI-Arraial,Piauí,1,Pequeno I,4.713
220105,2201051,22,Assunção do Piauí,Nordeste,CENTRO-NORTE PIAUIENSE,PI,PI-Assunção do Piauí,Piauí,1,Pequeno I,7.879
220110,2201101,22,Avelino Lopes,Nordeste,SUDOESTE PIAUIENSE,PI,PI-Avelino Lopes,Piauí,1,Pequeno I,11.361
220115,2201150,22,Baixa Grande do Ribeiro,Nordeste,SUDOESTE PIAUIENSE,PI,PI-Baixa Grande do Ribeiro,Piauí,1,Pequeno I,11.751
220117,2201176,22,Barra D'Alcântara,Nordeste,CENTRO-NORTE PIAUIENSE,PI,PI-Barra D'Alcântara,Piauí,1,Pequeno I,3.953
220120,2201200,22,Barras,Nordeste,NORTE PIAUIENSE,PI,PI-Barras,Piauí,2,Pequeno II,47.298
220130,2201309,22,Barreiras do Piauí,Nordeste,SUDOESTE PIAUIENSE,PI,PI-Barreiras do Piauí,Piauí,1,Pequeno I,3.356
220140,2201408,22,Barro Duro,Nordeste,CENTRO-NORTE PIAUIENSE,PI,PI-Barro Duro,Piauí,1,Pequeno I,7.022
220150,2201507,22,Batalha,Nordeste,NORTE PIAUIENSE,PI,PI-Batalha,Piauí,2,Pequeno II,26.951
220155,2201556,22,Bela Vista do Piauí,Nordeste,SUDESTE PIAUIENSE,PI,PI-Bela Vista do Piauí,Piauí,1,Pequeno I,4.044
220157,2201572,22,Belém do Piauí,Nordeste,SUDESTE PIAUIENSE,PI,PI-Belém do Piauí,Piauí,1,Pequeno I,3.607
220160,2201606,22,Beneditinos,Nordeste,CENTRO-NORTE PIAUIENSE,PI,PI-Beneditinos,Piauí,1,Pequeno I,10.479
220170,2201705,22,Bertolínia,Nordeste,SUDOESTE PIAUIENSE,PI,PI-Bertolínia,Piauí,1,Pequeno I,5.512
220173,2201739,22,Betânia do Piauí,Nordeste,SUDESTE PIAUIENSE,PI,PI-Betânia do Piauí,Piauí,1,Pequeno I,6.214
220177,2201770,22,Boa Hora,Nordeste,NORTE PIAUIENSE,PI,PI-Boa Hora,Piauí,1,Pequeno I,6.848
220180,2201804,22,Bocaina,Nordeste,SUDESTE PIAUIENSE,PI,PI-Bocaina,Piauí,1,Pequeno I,4.509
220190,2201903,22,Bom Jesus,Nordeste,SUDOESTE PIAUIENSE,PI,PI-Bom Jesus,Piauí,2,Pequeno II,25.584
220191,2201919,22,Bom Princípio do Piauí,Nordeste,NORTE PIAUIENSE,PI,PI-Bom Princípio do Piauí,Piauí,1,Pequeno I,5.670
220192,2201929,22,Bonfim do Piauí,Nordeste,SUDOESTE PIAUIENSE,PI,PI-Bonfim do Piauí,Piauí,1,Pequeno I,5.700
220194,2201945,22,Boqueirão do Piauí,Nordeste,CENTRO-NORTE PIAUIENSE,PI,PI-Boqueirão do Piauí,Piauí,1,Pequeno I,6.443
220196,2201960,22,Brasileira,Nordeste,NORTE PIAUIENSE,PI,PI-Brasileira,Piauí,1,Pequeno I,8.364
220198,2201988,22,Brejo do Piauí,Nordeste,SUDOESTE PIAUIENSE,PI,PI-Brejo do Piauí,Piauí,1,Pequeno I,3.824
220200,2202000,22,Buriti dos Lopes,Nordeste,NORTE PIAUIENSE,PI,PI-Buriti dos Lopes,Piauí,1,Pequeno I,19.832
220202,2202026,22,Buriti dos Montes,Nordeste,CENTRO-NORTE PIAUIENSE,PI,PI-Buriti dos Montes,Piauí,1,Pequeno I,8.282
220205,2202059,22,Cabeceiras do Piauí,Nordeste,NORTE PIAUIENSE,PI,PI-Cabeceiras do Piauí,Piauí,1,Pequeno I,10.671
220207,2202075,22,Cajazeiras do Piauí,Nordeste,SUDESTE PIAUIENSE,PI,PI-Cajazeiras do Piauí,Piauí,1,Pequeno I,3.586
220208,2202083,22,Cajueiro da Praia,Nordeste,NORTE PIAUIENSE,PI,PI-Cajueiro da Praia,Piauí,1,Pequeno I,7.704
220209,2202091,22,Caldeirão Grande do Piauí,Nordeste,SUDESTE PIAUIENSE,PI,PI-Caldeirão Grande do Piauí,Piauí,1,Pequeno I,5.786
220210,2202109,22,Campinas do Piauí,Nordeste,SUDESTE PIAUIENSE,PI,PI-Campinas do Piauí,Piauí,1,Pequeno I,5.628
220211,2202117,22,Campo Alegre do Fidalgo,Nordeste,SUDESTE PIAUIENSE,PI,PI-Campo Alegre do Fidalgo,Piauí,1,Pequeno I,5.093
220213,2202133,22,Campo Grande do Piauí,Nordeste,SUDESTE PIAUIENSE,PI,PI-Campo Grande do Piauí,Piauí,1,Pequeno I,5.987
220217,2202174,22,Campo Largo do Piauí,Nordeste,NORTE PIAUIENSE,PI,PI-Campo Largo do Piauí,Piauí,1,Pequeno I,7.342
220220,2202208,22,Campo Maior,Nordeste,CENTRO-NORTE PIAUIENSE,PI,PI-Campo Maior,Piauí,2,Pequeno II,46.950
220225,2202251,22,Canavieira,Nordeste,SUDOESTE PIAUIENSE,PI,PI-Canavieira,Piauí,1,Pequeno I,3.938
220230,2202307,22,Canto do Buriti,Nordeste,SUDOESTE PIAUIENSE,PI,PI-Canto do Buriti,Piauí,1,Pequeno I,21.326
220240,2202406,22,Capitão de Campos,Nordeste,CENTRO-NORTE PIAUIENSE,PI,PI-Capitão de Campos,Piauí,1,Pequeno I,11.471
220245,2202455,22,Capitão Gervásio Oliveira,Nordeste,SUDESTE PIAUIENSE,PI,PI-Capitão Gervásio Oliveira,Piauí,1,Pequeno I,4.127
220250,2202505,22,Caracol,Nordeste,SUDOESTE PIAUIENSE,PI,PI-Caracol,Piauí,1,Pequeno I,11.009
220253,2202539,22,Caraúbas do Piauí,Nordeste,NORTE PIAUIENSE,PI,PI-Caraúbas do Piauí,Piauí,1,Pequeno I,5.910
220255,2202554,22,Caridade do Piauí,Nordeste,SUDESTE PIAUIENSE,PI,PI-Caridade do Piauí,Piauí,1,Pequeno I,5.102
220260,2202604,22,Castelo do Piauí,Nordeste,CENTRO-NORTE PIAUIENSE,PI,PI-Castelo do Piauí,Piauí,1,Pequeno I,19.716
220265,2202653,22,Caxingó,Nordeste,NORTE PIAUIENSE,PI,PI-Caxingó,Piauí,1,Pequeno I,5.477
220270,2202703,22,Cocal,Nordeste,NORTE PIAUIENSE,PI,PI-Cocal,Piauí,2,Pequeno II,27.901
220271,2202711,22,Cocal de Telha,Nordeste,CENTRO-NORTE PIAUIENSE,PI,PI-Cocal de Telha,Piauí,1,Pequeno I,4.908
220272,2202729,22,Cocal dos Alves,Nordeste,NORTE PIAUIENSE,PI,PI-Cocal dos Alves,Piauí,1,Pequeno I,6.180
220273,2202737,22,Coivaras,Nordeste,CENTRO-NORTE PIAUIENSE,PI,PI-Coivaras,Piauí,1,Pequeno I,4.044
220275,2202752,22,Colônia do Gurguéia,Nordeste,SUDOESTE PIAUIENSE,PI,PI-Colônia do Gurguéia,Piauí,1,Pequeno I,6.545
220277,2202778,22,Colônia do Piauí,Nordeste,SUDESTE PIAUIENSE,PI,PI-Colônia do Piauí,Piauí,1,Pequeno I,7.665
220280,2202802,22,Conceição do Canindé,Nordeste,SUDESTE PIAUIENSE,PI,PI-Conceição do Canindé,Piauí,1,Pequeno I,4.811
220285,2202851,22,Coronel José Dias,Nordeste,SUDOESTE PIAUIENSE,PI,PI-Coronel José Dias,Piauí,1,Pequeno I,4.688
220290,2202901,22,Corrente,Nordeste,SUDOESTE PIAUIENSE,PI,PI-Corrente,Piauí,2,Pequeno II,26.771
220300,2203008,22,Cristalândia do Piauí,Nordeste,SUDOESTE PIAUIENSE,PI,PI-Cristalândia do Piauí,Piauí,1,Pequeno I,8.350
220310,2203107,22,Cristino Castro,Nordeste,SUDOESTE PIAUIENSE,PI,PI-Cristino Castro,Piauí,1,Pequeno I,10.464
220320,2203206,22,Curimatá,Nordeste,SUDOESTE PIAUIENSE,PI,PI-Curimatá,Piauí,1,Pequeno I,11.461
220323,2203230,22,Currais,Nordeste,SUDOESTE PIAUIENSE,PI,PI-Currais,Piauí,1,Pequeno I,4.982
220325,2203255,22,Curralinhos,Nordeste,CENTRO-NORTE PIAUIENSE,PI,PI-Curralinhos,Piauí,1,Pequeno I,4.475
220327,2203271,22,Curral Novo do Piauí,Nordeste,SUDESTE PIAUIENSE,PI,PI-Curral Novo do Piauí,Piauí,1,Pequeno I,5.390
220330,2203305,22,Demerval Lobão,Nordeste,CENTRO-NORTE PIAUIENSE,PI,PI-Demerval Lobão,Piauí,1,Pequeno I,13.862
220335,2203354,22,Dirceu Arcoverde,Nordeste,SUDOESTE PIAUIENSE,PI,PI-Dirceu Arcoverde,Piauí,1,Pequeno I,7.046
220340,2203404,22,Dom Expedito Lopes,Nordeste,SUDESTE PIAUIENSE,PI,PI-Dom Expedito Lopes,Piauí,1,Pequeno I,6.940
220342,2203420,22,Domingos Mourão,Nordeste,CENTRO-NORTE PIAUIENSE,PI,PI-Domingos Mourão,Piauí,1,Pequeno I,4.352
220345,2203453,22,Dom Inocêncio,Nordeste,SUDOESTE PIAUIENSE,PI,PI-Dom Inocêncio,Piauí,1,Pequeno I,9.574
220350,2203503,22,Elesbão Veloso,Nordeste,CENTRO-NORTE PIAUIENSE,PI,PI-Elesbão Veloso,Piauí,1,Pequeno I,14.550
220360,2203602,22,Eliseu Martins,Nordeste,SUDOESTE PIAUIENSE,PI,PI-Eliseu Martins,Piauí,1,Pequeno I,4.943
220370,2203701,22,Esperantina,Nordeste,NORTE PIAUIENSE,PI,PI-Esperantina,Piauí,2,Pequeno II,39.953
220375,2203750,22,Fartura do Piauí,Nordeste,SUDOESTE PIAUIENSE,PI,PI-Fartura do Piauí,Piauí,1,Pequeno I,5.330
220380,2203800,22,Flores do Piauí,Nordeste,SUDOESTE PIAUIENSE,PI,PI-Flores do Piauí,Piauí,1,Pequeno I,4.461
220385,2203859,22,Floresta do Piauí,Nordeste,SUDESTE PIAUIENSE,PI,PI-Floresta do Piauí,Piauí,1,Pequeno I,2.561
220390,2203909,22,Floriano,Nordeste,SUDOESTE PIAUIENSE,PI,PI-Floriano,Piauí,3,Médio,60.111
220400,2204006,22,Francinópolis,Nordeste,CENTRO-NORTE PIAUIENSE,PI,PI-Francinópolis,Piauí,1,Pequeno I,5.345
220410,2204105,22,Francisco Ayres,Nordeste,CENTRO-NORTE PIAUIENSE,PI,PI-Francisco Ayres,Piauí,1,Pequeno I,4.300
220415,2204154,22,Francisco Macedo,Nordeste,SUDESTE PIAUIENSE,PI,PI-Francisco Macedo,Piauí,1,Pequeno I,3.216
220420,2204204,22,Francisco Santos,Nordeste,SUDESTE PIAUIENSE,PI,PI-Francisco Santos,Piauí,1,Pequeno I,9.423
220430,2204303,22,Fronteiras,Nordeste,SUDESTE PIAUIENSE,PI,PI-Fronteiras,Piauí,1,Pequeno I,11.690
220435,2204352,22,Geminiano,Nordeste,SUDESTE PIAUIENSE,PI,PI-Geminiano,Piauí,1,Pequeno I,5.477
220440,2204402,22,Gilbués,Nordeste,SUDOESTE PIAUIENSE,PI,PI-Gilbués,Piauí,1,Pequeno I,10.698
220450,2204501,22,Guadalupe,Nordeste,SUDOESTE PIAUIENSE,PI,PI-Guadalupe,Piauí,1,Pequeno I,10.496
220455,2204550,22,Guaribas,Nordeste,SUDOESTE PIAUIENSE,PI,PI-Guaribas,Piauí,1,Pequeno I,4.573
220460,2204600,22,Hugo Napoleão,Nordeste,CENTRO-NORTE PIAUIENSE,PI,PI-Hugo Napoleão,Piauí,1,Pequeno I,3.880
220465,2204659,22,Ilha Grande,Nordeste,NORTE PIAUIENSE,PI,PI-Ilha Grande,Piauí,1,Pequeno I,9.487
220470,2204709,22,Inhuma,Nordeste,CENTRO-NORTE PIAUIENSE,PI,PI-Inhuma,Piauí,1,Pequeno I,15.330
220480,2204808,22,Ipiranga do Piauí,Nordeste,SUDESTE PIAUIENSE,PI,PI-Ipiranga do Piauí,Piauí,1,Pequeno I,9.863
220490,2204907,22,Isaías Coelho,Nordeste,SUDESTE PIAUIENSE,PI,PI-Isaías Coelho,Piauí,1,Pequeno I,8.582
220500,2205003,22,Itainópolis,Nordeste,SUDESTE PIAUIENSE,PI,PI-Itainópolis,Piauí,1,Pequeno I,11.571
220510,2205102,22,Itaueira,Nordeste,SUDOESTE PIAUIENSE,PI,PI-Itaueira,Piauí,1,Pequeno I,11.037
220515,2205151,22,Jacobina do Piauí,Nordeste,SUDESTE PIAUIENSE,PI,PI-Jacobina do Piauí,Piauí,1,Pequeno I,5.718
220520,2205201,22,Jaicós,Nordeste,SUDESTE PIAUIENSE,PI,PI-Jaicós,Piauí,1,Pequeno I,19.233
220525,2205250,22,Jardim do Mulato,Nordeste,CENTRO-NORTE PIAUIENSE,PI,PI-Jardim do Mulato,Piauí,1,Pequeno I,4.522
220527,2205276,22,Jatobá do Piauí,Nordeste,CENTRO-NORTE PIAUIENSE,PI,PI-Jatobá do Piauí,Piauí,1,Pequeno I,4.885
220530,2205300,22,Jerumenha,Nordeste,SUDOESTE PIAUIENSE,PI,PI-Jerumenha,Piauí,1,Pequeno I,4.443
220535,2205359,22,João Costa,Nordeste,SUDESTE PIAUIENSE,PI,PI-João Costa,Piauí,1,Pequeno I,3.003
220540,2205409,22,Joaquim Pires,Nordeste,NORTE PIAUIENSE,PI,PI-Joaquim Pires,Piauí,1,Pequeno I,14.396
220545,2205458,22,Joca Marques,Nordeste,NORTE PIAUIENSE,PI,PI-Joca Marques,Piauí,1,Pequeno I,5.488
220550,2205508,22,José de Freitas,Nordeste,CENTRO-NORTE PIAUIENSE,PI,PI-José de Freitas,Piauí,2,Pequeno II,39.457
220551,2205516,22,Juazeiro do Piauí,Nordeste,CENTRO-NORTE PIAUIENSE,PI,PI-Juazeiro do Piauí,Piauí,1,Pequeno I,5.491
220552,2205524,22,Júlio Borges,Nordeste,SUDOESTE PIAUIENSE,PI,PI-Júlio Borges,Piauí,1,Pequeno I,5.653
220553,2205532,22,Jurema,Nordeste,SUDOESTE PIAUIENSE,PI,PI-Jurema,Piauí,1,Pequeno I,4.790
220554,2205540,22,Lagoinha do Piauí,Nordeste,CENTRO-NORTE PIAUIENSE,PI,PI-Lagoinha do Piauí,Piauí,1,Pequeno I,2.870
220555,2205557,22,Lagoa Alegre,Nordeste,CENTRO-NORTE PIAUIENSE,PI,PI-Lagoa Alegre,Piauí,1,Pequeno I,8.610
220556,2205565,22,Lagoa do Barro do Piauí,Nordeste,SUDESTE PIAUIENSE,PI,PI-Lagoa do Barro do Piauí,Piauí,1,Pequeno I,4.658
220557,2205573,22,Lagoa de São Francisco,Nordeste,CENTRO-NORTE PIAUIENSE,PI,PI-Lagoa de São Francisco,Piauí,1,Pequeno I,6.795
220558,2205581,22,Lagoa do Piauí,Nordeste,CENTRO-NORTE PIAUIENSE,PI,PI-Lagoa do Piauí,Piauí,1,Pequeno I,4.086
220559,2205599,22,Lagoa do Sítio,Nordeste,CENTRO-NORTE PIAUIENSE,PI,PI-Lagoa do Sítio,Piauí,1,Pequeno I,5.219
220560,2205607,22,Landri Sales,Nordeste,SUDOESTE PIAUIENSE,PI,PI-Landri Sales,Piauí,1,Pequeno I,5.272
220570,2205706,22,Luís Correia,Nordeste,NORTE PIAUIENSE,PI,PI-Luís Correia,Piauí,2,Pequeno II,30.558
220580,2205805,22,Luzilândia,Nordeste,NORTE PIAUIENSE,PI,PI-Luzilândia,Piauí,2,Pequeno II,25.521
220585,2205854,22,Madeiro,Nordeste,NORTE PIAUIENSE,PI,PI-Madeiro,Piauí,1,Pequeno I,8.372
220590,2205904,22,Manoel Emídio,Nordeste,SUDOESTE PIAUIENSE,PI,PI-Manoel Emídio,Piauí,1,Pequeno I,5.352
220595,2205953,22,Marcolândia,Nordeste,SUDESTE PIAUIENSE,PI,PI-Marcolândia,Piauí,1,Pequeno I,8.590
220600,2206001,22,Marcos Parente,Nordeste,SUDOESTE PIAUIENSE,PI,PI-Marcos Parente,Piauí,1,Pequeno I,4.546
220605,2206050,22,Massapê do Piauí,Nordeste,SUDESTE PIAUIENSE,PI,PI-Massapê do Piauí,Piauí,1,Pequeno I,6.456
220610,2206100,22,Matias Olímpio,Nordeste,NORTE PIAUIENSE,PI,PI-Matias Olímpio,Piauí,1,Pequeno I,10.979
220620,2206209,22,Miguel Alves,Nordeste,NORTE PIAUIENSE,PI,PI-Miguel Alves,Piauí,2,Pequeno II,33.901
220630,2206308,22,Miguel Leão,Nordeste,CENTRO-NORTE PIAUIENSE,PI,PI-Miguel Leão,Piauí,1,Pequeno I,1.239
220635,2206357,22,Milton Brandão,Nordeste,CENTRO-NORTE PIAUIENSE,PI,PI-Milton Brandão,Piauí,1,Pequeno I,6.603
220640,2206407,22,Monsenhor Gil,Nordeste,CENTRO-NORTE PIAUIENSE,PI,PI-Monsenhor Gil,Piauí,1,Pequeno I,10.563
220650,2206506,22,Monsenhor Hipólito,Nordeste,SUDESTE PIAUIENSE,PI,PI-Monsenhor Hipólito,Piauí,1,Pequeno I,7.785
220660,2206605,22,Monte Alegre do Piauí,Nordeste,SUDOESTE PIAUIENSE,PI,PI-Monte Alegre do Piauí,Piauí,1,Pequeno I,10.618
220665,2206654,22,Morro Cabeça no Tempo,Nordeste,SUDOESTE PIAUIENSE,PI,PI-Morro Cabeça no Tempo,Piauí,1,Pequeno I,4.527
220667,2206670,22,Morro do Chapéu do Piauí,Nordeste,NORTE PIAUIENSE,PI,PI-Morro do Chapéu do Piauí,Piauí,1,Pequeno I,6.825
220669,2206696,22,Murici dos Portelas,Nordeste,NORTE PIAUIENSE,PI,PI-Murici dos Portelas,Piauí,1,Pequeno I,9.258
220670,2206704,22,Nazaré do Piauí,Nordeste,SUDOESTE PIAUIENSE,PI,PI-Nazaré do Piauí,Piauí,1,Pequeno I,7.307
220672,2206720,22,Nazária,Nordeste,SUDOESTE PIAUIENSE,PI,PI-Nazária,Piauí,1,Pequeno I,8.632
220675,2206753,22,Nossa Senhora de Nazaré,Nordeste,CENTRO-NORTE PIAUIENSE,PI,PI-Nossa Senhora de Nazaré,Piauí,1,Pequeno I,4.911
220680,2206803,22,Nossa Senhora dos Remédios,Nordeste,NORTE PIAUIENSE,PI,PI-Nossa Senhora dos Remédios,Piauí,1,Pequeno I,8.751
220690,2206902,22,Novo Oriente do Piauí,Nordeste,CENTRO-NORTE PIAUIENSE,PI,PI-Novo Oriente do Piauí,Piauí,1,Pequeno I,6.548
220695,2206951,22,Novo Santo Antônio,Nordeste,CENTRO-NORTE PIAUIENSE,PI,PI-Novo Santo Antônio,Piauí,1,Pequeno I,3.014
220700,2207009,22,Oeiras,Nordeste,SUDESTE PIAUIENSE,PI,PI-Oeiras,Piauí,2,Pequeno II,37.138
220710,2207108,22,Olho D'Água do Piauí,Nordeste,CENTRO-NORTE PIAUIENSE,PI,PI-Olho D'Água do Piauí,Piauí,1,Pequeno I,2.477
220720,2207207,22,Padre Marcos,Nordeste,SUDESTE PIAUIENSE,PI,PI-Padre Marcos,Piauí,1,Pequeno I,6.879
220730,2207306,22,Paes Landim,Nordeste,SUDESTE PIAUIENSE,PI,PI-Paes Landim,Piauí,1,Pequeno I,4.124
220735,2207355,22,Pajeú do Piauí,Nordeste,SUDOESTE PIAUIENSE,PI,PI-Pajeú do Piauí,Piauí,1,Pequeno I,3.416
220740,2207405,22,Palmeira do Piauí,Nordeste,SUDOESTE PIAUIENSE,PI,PI-Palmeira do Piauí,Piauí,1,Pequeno I,5.029
220750,2207504,22,Palmeirais,Nordeste,CENTRO-NORTE PIAUIENSE,PI,PI-Palmeirais,Piauí,1,Pequeno I,14.633
220755,2207553,22,Paquetá,Nordeste,SUDESTE PIAUIENSE,PI,PI-Paquetá,Piauí,1,Pequeno I,3.931
220760,2207603,22,Parnaguá,Nordeste,SUDOESTE PIAUIENSE,PI,PI-Parnaguá,Piauí,1,Pequeno I,10.846
220770,2207702,22,Parnaíba,Nordeste,NORTE PIAUIENSE,PI,PI-Parnaíba,Piauí,4,Grande,153.863
220775,2207751,22,Passagem Franca do Piauí,Nordeste,CENTRO-NORTE PIAUIENSE,PI,PI-Passagem Franca do Piauí,Piauí,1,Pequeno I,4.331
220777,2207777,22,Patos do Piauí,Nordeste,SUDESTE PIAUIENSE,PI,PI-Patos do Piauí,Piauí,1,Pequeno I,6.420
220779,2207793,22,Pau D'Arco do Piauí,Nordeste,CENTRO-NORTE PIAUIENSE,PI,PI-Pau D'Arco do Piauí,Piauí,1,Pequeno I,4.084
220780,2207801,22,Paulistana,Nordeste,SUDESTE PIAUIENSE,PI,PI-Paulistana,Piauí,2,Pequeno II,20.583
220785,2207850,22,Pavussu,Nordeste,SUDOESTE PIAUIENSE,PI,PI-Pavussu,Piauí,1,Pequeno I,3.662
220790,2207900,22,Pedro II,Nordeste,CENTRO-NORTE PIAUIENSE,PI,PI-Pedro II,Piauí,2,Pequeno II,38.812
220793,2207934,22,Pedro Laurentino,Nordeste,SUDESTE PIAUIENSE,PI,PI-Pedro Laurentino,Piauí,1,Pequeno I,2.551
220795,2207959,22,Nova Santa Rita,Nordeste,SUDESTE PIAUIENSE,PI,PI-Nova Santa Rita,Piauí,1,Pequeno I,4.392
220800,2208007,22,Picos,Nordeste,SUDESTE PIAUIENSE,PI,PI-Picos,Piauí,3,Médio,78.627
220810,2208106,22,Pimenteiras,Nordeste,CENTRO-NORTE PIAUIENSE,PI,PI-Pimenteiras,Piauí,1,Pequeno I,12.150
220820,2208205,22,Pio IX,Nordeste,SUDESTE PIAUIENSE,PI,PI-Pio IX,Piauí,1,Pequeno I,18.492
220830,2208304,22,Piracuruca,Nordeste,NORTE PIAUIENSE,PI,PI-Piracuruca,Piauí,2,Pequeno II,28.952
220840,2208403,22,Piripiri,Nordeste,NORTE PIAUIENSE,PI,PI-Piripiri,Piauí,3,Médio,63.829
220850,2208502,22,Porto,Nordeste,NORTE PIAUIENSE,PI,PI-Porto,Piauí,1,Pequeno I,12.646
220855,2208551,22,Porto Alegre do Piauí,Nordeste,SUDOESTE PIAUIENSE,PI,PI-Porto Alegre do Piauí,Piauí,1,Pequeno I,2.728
220860,2208601,22,Prata do Piauí,Nordeste,CENTRO-NORTE PIAUIENSE,PI,PI-Prata do Piauí,Piauí,1,Pequeno I,3.149
220865,2208650,22,Queimada Nova,Nordeste,SUDESTE PIAUIENSE,PI,PI-Queimada Nova,Piauí,1,Pequeno I,9.041
220870,2208700,22,Redenção do Gurguéia,Nordeste,SUDOESTE PIAUIENSE,PI,PI-Redenção do Gurguéia,Piauí,1,Pequeno I,8.814
220880,2208809,22,Regeneração,Nordeste,CENTRO-NORTE PIAUIENSE,PI,PI-Regeneração,Piauí,1,Pequeno I,17.979
220885,2208858,22,Riacho Frio,Nordeste,SUDOESTE PIAUIENSE,PI,PI-Riacho Frio,Piauí,1,Pequeno I,4.306
220887,2208874,22,Ribeira do Piauí,Nordeste,SUDESTE PIAUIENSE,PI,PI-Ribeira do Piauí,Piauí,1,Pequeno I,4.499
220890,2208908,22,Ribeiro Gonçalves,Nordeste,SUDOESTE PIAUIENSE,PI,PI-Ribeiro Gonçalves,Piauí,1,Pequeno I,7.408
220900,2209005,22,Rio Grande do Piauí,Nordeste,SUDOESTE PIAUIENSE,PI,PI-Rio Grande do Piauí,Piauí,1,Pequeno I,6.434
220910,2209104,22,Santa Cruz do Piauí,Nordeste,SUDESTE PIAUIENSE,PI,PI-Santa Cruz do Piauí,Piauí,1,Pequeno I,6.254
220915,2209153,22,Santa Cruz dos Milagres,Nordeste,CENTRO-NORTE PIAUIENSE,PI,PI-Santa Cruz dos Milagres,Piauí,1,Pequeno I,4.046
220920,2209203,22,Santa Filomena,Nordeste,SUDOESTE PIAUIENSE,PI,PI-Santa Filomena,Piauí,1,Pequeno I,6.256
220930,2209302,22,Santa Luz,Nordeste,SUDOESTE PIAUIENSE,PI,PI-Santa Luz,Piauí,1,Pequeno I,5.903
220935,2209351,22,Santana do Piauí,Nordeste,SUDESTE PIAUIENSE,PI,PI-Santana do Piauí,Piauí,1,Pequeno I,4.650
220937,2209377,22,Santa Rosa do Piauí,Nordeste,SUDESTE PIAUIENSE,PI,PI-Santa Rosa do Piauí,Piauí,1,Pequeno I,5.254
220940,2209401,22,Santo Antônio de Lisboa,Nordeste,SUDESTE PIAUIENSE,PI,PI-Santo Antônio de Lisboa,Piauí,1,Pequeno I,6.466
220945,2209450,22,Santo Antônio dos Milagres,Nordeste,CENTRO-NORTE PIAUIENSE,PI,PI-Santo Antônio dos Milagres,Piauí,1,Pequeno I,2.172
220950,2209500,22,Santo Inácio do Piauí,Nordeste,SUDESTE PIAUIENSE,PI,PI-Santo Inácio do Piauí,Piauí,1,Pequeno I,3.809
220955,2209559,22,São Braz do Piauí,Nordeste,SUDOESTE PIAUIENSE,PI,PI-São Braz do Piauí,Piauí,1,Pequeno I,4.454
220960,2209609,22,São Félix do Piauí,Nordeste,CENTRO-NORTE PIAUIENSE,PI,PI-São Félix do Piauí,Piauí,1,Pequeno I,2.923
220965,2209658,22,São Francisco de Assis do Piauí,Nordeste,SUDESTE PIAUIENSE,PI,PI-São Francisco de Assis do Piauí,Piauí,1,Pequeno I,5.801
220970,2209708,22,São Francisco do Piauí,Nordeste,SUDOESTE PIAUIENSE,PI,PI-São Francisco do Piauí,Piauí,1,Pequeno I,6.417
220975,2209757,22,São Gonçalo do Gurguéia,Nordeste,SUDOESTE PIAUIENSE,PI,PI-São Gonçalo do Gurguéia,Piauí,1,Pequeno I,3.071
220980,2209807,22,São Gonçalo do Piauí,Nordeste,CENTRO-NORTE PIAUIENSE,PI,PI-São Gonçalo do Piauí,Piauí,1,Pequeno I,5.044
220985,2209856,22,São João da Canabrava,Nordeste,SUDESTE PIAUIENSE,PI,PI-São João da Canabrava,Piauí,1,Pequeno I,4.619
220987,2209872,22,São João da Fronteira,Nordeste,NORTE PIAUIENSE,PI,PI-São João da Fronteira,Piauí,1,Pequeno I,6.084
220990,2209906,22,São João da Serra,Nordeste,CENTRO-NORTE PIAUIENSE,PI,PI-São João da Serra,Piauí,1,Pequeno I,6.106
220995,2209955,22,São João da Varjota,Nordeste,SUDESTE PIAUIENSE,PI,PI-São João da Varjota,Piauí,1,Pequeno I,4.856
220997,2209971,22,São João do Arraial,Nordeste,NORTE PIAUIENSE,PI,PI-São João do Arraial,Piauí,1,Pequeno I,8.085
221000,2210003,22,São João do Piauí,Nordeste,SUDESTE PIAUIENSE,PI,PI-São João do Piauí,Piauí,2,Pequeno II,20.720
221005,2210052,22,São José do Divino,Nordeste,NORTE PIAUIENSE,PI,PI-São José do Divino,Piauí,1,Pequeno I,5.361
221010,2210102,22,São José do Peixe,Nordeste,SUDOESTE PIAUIENSE,PI,PI-São José do Peixe,Piauí,1,Pequeno I,3.737
221020,2210201,22,São José do Piauí,Nordeste,SUDESTE PIAUIENSE,PI,PI-São José do Piauí,Piauí,1,Pequeno I,6.696
221030,2210300,22,São Julião,Nordeste,SUDESTE PIAUIENSE,PI,PI-São Julião,Piauí,1,Pequeno I,6.379
221035,2210359,22,São Lourenço do Piauí,Nordeste,SUDOESTE PIAUIENSE,PI,PI-São Lourenço do Piauí,Piauí,1,Pequeno I,4.581
221037,2210375,22,São Luis do Piauí,Nordeste,SUDESTE PIAUIENSE,PI,PI-São Luis do Piauí,Piauí,1,Pequeno I,2.648
221038,2210383,22,São Miguel da Baixa Grande,Nordeste,CENTRO-NORTE PIAUIENSE,PI,PI-São Miguel da Baixa Grande,Piauí,1,Pequeno I,2.456
221039,2210391,22,São Miguel do Fidalgo,Nordeste,SUDOESTE PIAUIENSE,PI,PI-São Miguel do Fidalgo,Piauí,1,Pequeno I,3.037
221040,2210409,22,São Miguel do Tapuio,Nordeste,CENTRO-NORTE PIAUIENSE,PI,PI-São Miguel do Tapuio,Piauí,1,Pequeno I,17.617
221050,2210508,22,São Pedro do Piauí,Nordeste,CENTRO-NORTE PIAUIENSE,PI,PI-São Pedro do Piauí,Piauí,1,Pequeno I,14.356
221060,2210607,22,São Raimundo Nonato,Nordeste,SUDOESTE PIAUIENSE,PI,PI-São Raimundo Nonato,Piauí,2,Pequeno II,35.035
221062,2210623,22,Sebastião Barros,Nordeste,SUDOESTE PIAUIENSE,PI,PI-Sebastião Barros,Piauí,1,Pequeno I,3.434
221063,2210631,22,Sebastião Leal,Nordeste,SUDOESTE PIAUIENSE,PI,PI-Sebastião Leal,Piauí,1,Pequeno I,4.311
221065,2210656,22,Sigefredo Pacheco,Nordeste,CENTRO-NORTE PIAUIENSE,PI,PI-Sigefredo Pacheco,Piauí,1,Pequeno I,10.074
221070,2210706,22,Simões,Nordeste,SUDESTE PIAUIENSE,PI,PI-Simões,Piauí,1,Pequeno I,14.664
221080,2210805,22,Simplício Mendes,Nordeste,SUDESTE PIAUIENSE,PI,PI-Simplício Mendes,Piauí,1,Pequeno I,12.778
221090,2210904,22,Socorro do Piauí,Nordeste,SUDESTE PIAUIENSE,PI,PI-Socorro do Piauí,Piauí,1,Pequeno I,4.557
221093,2210938,22,Sussuapara,Nordeste,SUDESTE PIAUIENSE,PI,PI-Sussuapara,Piauí,1,Pequeno I,6.801
221095,2210953,22,Tamboril do Piauí,Nordeste,SUDOESTE PIAUIENSE,PI,PI-Tamboril do Piauí,Piauí,1,Pequeno I,2.939
221097,2210979,22,Tanque do Piauí,Nordeste,SUDESTE PIAUIENSE,PI,PI-Tanque do Piauí,Piauí,1,Pequeno I,2.781
221100,2211001,22,Teresina,Nordeste,CENTRO-NORTE PIAUIENSE,PI,PI-Teresina,Piauí,4,Grande,871.126
221110,2211100,22,União,Nordeste,CENTRO-NORTE PIAUIENSE,PI,PI-União,Piauí,2,Pequeno II,44.649
221120,2211209,22,Uruçuí,Nordeste,SUDOESTE PIAUIENSE,PI,PI-Uruçuí,Piauí,2,Pequeno II,21.746
221130,2211308,22,Valença do Piauí,Nordeste,CENTRO-NORTE PIAUIENSE,PI,PI-Valença do Piauí,Piauí,2,Pequeno II,20.940
221135,2211357,22,Várzea Branca,Nordeste,SUDOESTE PIAUIENSE,PI,PI-Várzea Branca,Piauí,1,Pequeno I,4.930
221140,2211407,22,Várzea Grande,Nordeste,CENTRO-NORTE PIAUIENSE,PI,PI-Várzea Grande,Piauí,1,Pequeno I,4.382
221150,2211506,22,Vera Mendes,Nordeste,SUDESTE PIAUIENSE,PI,PI-Vera Mendes,Piauí,1,Pequeno I,3.082
221160,2211605,22,Vila Nova do Piauí,Nordeste,SUDESTE PIAUIENSE,PI,PI-Vila Nova do Piauí,Piauí,1,Pequeno I,2.935
221170,2211704,22,Wall Ferraz,Nordeste,SUDESTE PIAUIENSE,PI,PI-Wall Ferraz,Piauí,1,Pequeno I,4.479
230010,2300101,23,Abaiara,Nordeste,SUL CEARENSE,CE,CE-Abaiara,Ceará,1,Pequeno I,11.965
230015,2300150,23,Acarape,Nordeste,NORTE CEARENSE,CE,CE-Acarape,Ceará,1,Pequeno I,15.140
230020,2300200,23,Acaraú,Nordeste,NOROESTE CEARENSE,CE,CE-Acaraú,Ceará,3,Médio,63.556
230030,2300309,23,Acopiara,Nordeste,SERTOES CEARENSES,CE,CE-Acopiara,Ceará,2,Pequeno II,54.687
230040,2300408,23,Aiuaba,Nordeste,SERTOES CEARENSES,CE,CE-Aiuaba,Ceará,1,Pequeno I,17.584
230050,2300507,23,Alcântaras,Nordeste,NOROESTE CEARENSE,CE,CE-Alcântaras,Ceará,1,Pequeno I,11.846
230060,2300606,23,Altaneira,Nordeste,SUL CEARENSE,CE,CE-Altaneira,Ceará,1,Pequeno I,7.712
230070,2300705,23,Alto Santo,Nordeste,JAGUARIBE,CE,CE-Alto Santo,Ceará,1,Pequeno I,16.077
230075,2300754,23,Amontada,Nordeste,NORTE CEARENSE,CE,CE-Amontada,Ceará,2,Pequeno II,44.195
230080,2300804,23,Antonina do Norte,Nordeste,CENTRO-SUL CEARENSE,CE,CE-Antonina do Norte,Ceará,1,Pequeno I,7.402
230090,2300903,23,Apuiarés,Nordeste,NORTE CEARENSE,CE,CE-Apuiarés,Ceará,1,Pequeno I,14.742
230100,2301000,23,Aquiraz,Nordeste,METROPOLITANA DE FORTALEZA,CE,CE-Aquiraz,Ceará,3,Médio,81.581
230110,2301109,23,Aracati,Nordeste,JAGUARIBE,CE,CE-Aracati,Ceará,3,Médio,75.392
230120,2301208,23,Aracoiaba,Nordeste,NORTE CEARENSE,CE,CE-Aracoiaba,Ceará,2,Pequeno II,26.600
230125,2301257,23,Ararendá,Nordeste,SERTOES CEARENSES,CE,CE-Ararendá,Ceará,1,Pequeno I,10.983
230130,2301307,23,Araripe,Nordeste,SUL CEARENSE,CE,CE-Araripe,Ceará,1,Pequeno I,21.707
230140,2301406,23,Aratuba,Nordeste,NORTE CEARENSE,CE,CE-Aratuba,Ceará,1,Pequeno I,11.759
230150,2301505,23,Arneiroz,Nordeste,SERTOES CEARENSES,CE,CE-Arneiroz,Ceará,1,Pequeno I,7.848
230160,2301604,23,Assaré,Nordeste,SUL CEARENSE,CE,CE-Assaré,Ceará,2,Pequeno II,23.537
230170,2301703,23,Aurora,Nordeste,SUL CEARENSE,CE,CE-Aurora,Ceará,2,Pequeno II,24.567
230180,2301802,23,Baixio,Nordeste,CENTRO-SUL CEARENSE,CE,CE-Baixio,Ceará,1,Pequeno I,6.318
230185,2301851,23,Banabuiú,Nordeste,SERTOES CEARENSES,CE,CE-Banabuiú,Ceará,1,Pequeno I,18.313
230190,2301901,23,Barbalha,Nordeste,SUL CEARENSE,CE,CE-Barbalha,Ceará,3,Médio,61.662
230195,2301950,23,Barreira,Nordeste,NORTE CEARENSE,CE,CE-Barreira,Ceará,2,Pequeno II,22.715
230200,2302008,23,Barro,Nordeste,SUL CEARENSE,CE,CE-Barro,Ceará,1,Pequeno I,22.834
230205,2302057,23,Barroquinha,Nordeste,NOROESTE CEARENSE,CE,CE-Barroquinha,Ceará,1,Pequeno I,15.069
230210,2302107,23,Baturité,Nordeste,NORTE CEARENSE,CE,CE-Baturité,Ceará,2,Pequeno II,36.127
230220,2302206,23,Beberibe,Nordeste,NORTE CEARENSE,CE,CE-Beberibe,Ceará,3,Médio,54.315
230230,2302305,23,Bela Cruz,Nordeste,NOROESTE CEARENSE,CE,CE-Bela Cruz,Ceará,2,Pequeno II,32.851
230240,2302404,23,Boa Viagem,Nordeste,SERTOES CEARENSES,CE,CE-Boa Viagem,Ceará,3,Médio,54.680
230250,2302503,23,Brejo Santo,Nordeste,SUL CEARENSE,CE,CE-Brejo Santo,Ceará,3,Médio,50.195
230260,2302602,23,Camocim,Nordeste,NOROESTE CEARENSE,CE,CE-Camocim,Ceará,3,Médio,64.147
230270,2302701,23,Campos Sales,Nordeste,SUL CEARENSE,CE,CE-Campos Sales,Ceará,2,Pequeno II,27.513
230280,2302800,23,Canindé,Nordeste,NORTE CEARENSE,CE,CE-Canindé,Ceará,3,Médio,77.484
230290,2302909,23,Capistrano,Nordeste,NORTE CEARENSE,CE,CE-Capistrano,Ceará,1,Pequeno I,17.830
230300,2303006,23,Caridade,Nordeste,NORTE CEARENSE,CE,CE-Caridade,Ceará,1,Pequeno I,23.011
230310,2303105,23,Cariré,Nordeste,NOROESTE CEARENSE,CE,CE-Cariré,Ceará,1,Pequeno I,18.470
230320,2303204,23,Caririaçu,Nordeste,SUL CEARENSE,CE,CE-Caririaçu,Ceará,2,Pequeno II,27.008
230330,2303303,23,Cariús,Nordeste,CENTRO-SUL CEARENSE,CE,CE-Cariús,Ceará,1,Pequeno I,18.700
230340,2303402,23,Carnaubal,Nordeste,NOROESTE CEARENSE,CE,CE-Carnaubal,Ceará,1,Pequeno I,17.763
230350,2303501,23,Cascavel,Nordeste,NORTE CEARENSE,CE,CE-Cascavel,Ceará,3,Médio,72.706
230360,2303600,23,Catarina,Nordeste,SERTOES CEARENSES,CE,CE-Catarina,Ceará,1,Pequeno I,21.041
230365,2303659,23,Catunda,Nordeste,NOROESTE CEARENSE,CE,CE-Catunda,Ceará,1,Pequeno I,10.410
230370,2303709,23,Caucaia,Nordeste,METROPOLITANA DE FORTALEZA,CE,CE-Caucaia,Ceará,4,Grande,368.918
230380,2303808,23,Cedro,Nordeste,CENTRO-SUL CEARENSE,CE,CE-Cedro,Ceará,2,Pequeno II,25.612
230390,2303907,23,Chaval,Nordeste,NOROESTE CEARENSE,CE,CE-Chaval,Ceará,1,Pequeno I,13.112
230393,2303931,23,Choró,Nordeste,SERTOES CEARENSES,CE,CE-Choró,Ceará,1,Pequeno I,13.608
230395,2303956,23,Chorozinho,Nordeste,NORTE CEARENSE,CE,CE-Chorozinho,Ceará,2,Pequeno II,20.286
230400,2304004,23,Coreaú,Nordeste,NOROESTE CEARENSE,CE,CE-Coreaú,Ceará,2,Pequeno II,23.340
230410,2304103,23,Crateús,Nordeste,SERTOES CEARENSES,CE,CE-Crateús,Ceará,3,Médio,75.241
230420,2304202,23,Crato,Nordeste,SUL CEARENSE,CE,CE-Crato,Ceará,4,Grande,133.913
230423,2304236,23,Croatá,Nordeste,NOROESTE CEARENSE,CE,CE-Croatá,Ceará,1,Pequeno I,18.201
230425,2304251,23,Cruz,Nordeste,NOROESTE CEARENSE,CE,CE-Cruz,Ceará,2,Pequeno II,25.121
230426,2304269,23,Deputado Irapuan Pinheiro,Nordeste,SERTOES CEARENSES,CE,CE-Deputado Irapuan Pinheiro,Ceará,1,Pequeno I,9.698
230427,2304277,23,Ererê,Nordeste,JAGUARIBE,CE,CE-Ererê,Ceará,1,Pequeno I,7.254
230428,2304285,23,Eusébio,Nordeste,METROPOLITANA DE FORTALEZA,CE,CE-Eusébio,Ceará,3,Médio,55.035
230430,2304301,23,Farias Brito,Nordeste,SUL CEARENSE,CE,CE-Farias Brito,Ceará,1,Pequeno I,19.330
230435,2304350,23,Forquilha,Nordeste,NOROESTE CEARENSE,CE,CE-Forquilha,Ceará,2,Pequeno II,24.680
230440,2304400,23,Fortaleza,Nordeste,METROPOLITANA DE FORTALEZA,CE,CE-Fortaleza,Ceará,5,Metrópole,2.703.391
230445,2304459,23,Fortim,Nordeste,JAGUARIBE,CE,CE-Fortim,Ceará,1,Pequeno I,16.776
230450,2304509,23,Frecheirinha,Nordeste,NOROESTE CEARENSE,CE,CE-Frecheirinha,Ceará,1,Pequeno I,14.195
230460,2304608,23,General Sampaio,Nordeste,NORTE CEARENSE,CE,CE-General Sampaio,Ceará,1,Pequeno I,7.767
230465,2304657,23,Graça,Nordeste,NOROESTE CEARENSE,CE,CE-Graça,Ceará,1,Pequeno I,14.415
230470,2304707,23,Granja,Nordeste,NOROESTE CEARENSE,CE,CE-Granja,Ceará,3,Médio,55.170
230480,2304806,23,Granjeiro,Nordeste,SUL CEARENSE,CE,CE-Granjeiro,Ceará,1,Pequeno I,4.784
230490,2304905,23,Groaíras,Nordeste,NOROESTE CEARENSE,CE,CE-Groaíras,Ceará,1,Pequeno I,11.219
230495,2304954,23,Guaiúba,Nordeste,METROPOLITANA DE FORTALEZA,CE,CE-Guaiúba,Ceará,2,Pequeno II,26.508
230500,2305001,23,Guaraciaba do Norte,Nordeste,NOROESTE CEARENSE,CE,CE-Guaraciaba do Norte,Ceará,2,Pequeno II,40.921
230510,2305100,23,Guaramiranga,Nordeste,NORTE CEARENSE,CE,CE-Guaramiranga,Ceará,1,Pequeno I,5.073
230520,2305209,23,Hidrolândia,Nordeste,NOROESTE CEARENSE,CE,CE-Hidrolândia,Ceará,1,Pequeno I,20.126
230523,2305233,23,Horizonte,Nordeste,METROPOLITANA DE FORTALEZA,CE,CE-Horizonte,Ceará,3,Médio,69.688
230526,2305266,23,Ibaretama,Nordeste,SERTOES CEARENSES,CE,CE-Ibaretama,Ceará,1,Pequeno I,13.385
230530,2305308,23,Ibiapina,Nordeste,NOROESTE CEARENSE,CE,CE-Ibiapina,Ceará,2,Pequeno II,25.165
230533,2305332,23,Ibicuitinga,Nordeste,JAGUARIBE,CE,CE-Ibicuitinga,Ceará,1,Pequeno I,12.730
230535,2305357,23,Icapuí,Nordeste,JAGUARIBE,CE,CE-Icapuí,Ceará,2,Pequeno II,20.183
230540,2305407,23,Icó,Nordeste,CENTRO-SUL CEARENSE,CE,CE-Icó,Ceará,3,Médio,68.303
230550,2305506,23,Iguatu,Nordeste,CENTRO-SUL CEARENSE,CE,CE-Iguatu,Ceará,3,Médio,103.633
230560,2305605,23,Independência,Nordeste,SERTOES CEARENSES,CE,CE-Independência,Ceará,2,Pequeno II,26.196
230565,2305654,23,Ipaporanga,Nordeste,SERTOES CEARENSES,CE,CE-Ipaporanga,Ceará,1,Pequeno I,11.597
230570,2305704,23,Ipaumirim,Nordeste,CENTRO-SUL CEARENSE,CE,CE-Ipaumirim,Ceará,1,Pequeno I,12.507
230580,2305803,23,Ipu,Nordeste,NOROESTE CEARENSE,CE,CE-Ipu,Ceará,2,Pequeno II,42.148
230590,2305902,23,Ipueiras,Nordeste,NOROESTE CEARENSE,CE,CE-Ipueiras,Ceará,2,Pequeno II,38.064
230600,2306009,23,Iracema,Nordeste,JAGUARIBE,CE,CE-Iracema,Ceará,1,Pequeno I,14.351
230610,2306108,23,Irauçuba,Nordeste,NOROESTE CEARENSE,CE,CE-Irauçuba,Ceará,2,Pequeno II,24.450
230620,2306207,23,Itaiçaba,Nordeste,JAGUARIBE,CE,CE-Itaiçaba,Ceará,1,Pequeno I,7.904
230625,2306256,23,Itaitinga,Nordeste,METROPOLITANA DE FORTALEZA,CE,CE-Itaitinga,Ceará,3,Médio,38.661
230630,2306306,23,Itapajé,Nordeste,NORTE CEARENSE,CE,CE-Itapajé,Ceará,2,Pequeno II,53.448
230640,2306405,23,Itapipoca,Nordeste,NORTE CEARENSE,CE,CE-Itapipoca,Ceará,4,Grande,131.687
230650,2306504,23,Itapiúna,Nordeste,NORTE CEARENSE,CE,CE-Itapiúna,Ceará,1,Pequeno I,20.653
230655,2306553,23,Itarema,Nordeste,NOROESTE CEARENSE,CE,CE-Itarema,Ceará,2,Pequeno II,42.595
230660,2306603,23,Itatira,Nordeste,NORTE CEARENSE,CE,CE-Itatira,Ceará,2,Pequeno II,22.018
230670,2306702,23,Jaguaretama,Nordeste,JAGUARIBE,CE,CE-Jaguaretama,Ceará,1,Pequeno I,18.133
230680,2306801,23,Jaguaribara,Nordeste,JAGUARIBE,CE,CE-Jaguaribara,Ceará,1,Pequeno I,11.580
230690,2306900,23,Jaguaribe,Nordeste,JAGUARIBE,CE,CE-Jaguaribe,Ceará,2,Pequeno II,34.592
230700,2307007,23,Jaguaruana,Nordeste,JAGUARIBE,CE,CE-Jaguaruana,Ceará,2,Pequeno II,33.960
230710,2307106,23,Jardim,Nordeste,SUL CEARENSE,CE,CE-Jardim,Ceará,2,Pequeno II,27.187
230720,2307205,23,Jati,Nordeste,SUL CEARENSE,CE,CE-Jati,Ceará,1,Pequeno I,8.150
230725,2307254,23,Jijoca de Jericoacoara,Nordeste,NOROESTE CEARENSE,CE,CE-Jijoca de Jericoacoara,Ceará,2,Pequeno II,20.351
230730,2307304,23,Juazeiro do Norte,Nordeste,SUL CEARENSE,CE,CE-Juazeiro do Norte,Ceará,4,Grande,278.264
230740,2307403,23,Jucás,Nordeste,CENTRO-SUL CEARENSE,CE,CE-Jucás,Ceará,2,Pequeno II,24.949
230750,2307502,23,Lavras da Mangabeira,Nordeste,CENTRO-SUL CEARENSE,CE,CE-Lavras da Mangabeira,Ceará,2,Pequeno II,31.476
230760,2307601,23,Limoeiro do Norte,Nordeste,JAGUARIBE,CE,CE-Limoeiro do Norte,Ceará,3,Médio,60.232
230763,2307635,23,Madalena,Nordeste,SERTOES CEARENSES,CE,CE-Madalena,Ceará,1,Pequeno I,20.031
230765,2307650,23,Maracanaú,Nordeste,METROPOLITANA DE FORTALEZA,CE,CE-Maracanaú,Ceará,4,Grande,230.986
230770,2307700,23,Maranguape,Nordeste,METROPOLITANA DE FORTALEZA,CE,CE-Maranguape,Ceará,4,Grande,131.677
230780,2307809,23,Marco,Nordeste,NOROESTE CEARENSE,CE,CE-Marco,Ceará,2,Pequeno II,27.822
230790,2307908,23,Martinópole,Nordeste,NOROESTE CEARENSE,CE,CE-Martinópole,Ceará,1,Pequeno I,11.407
230800,2308005,23,Massapê,Nordeste,NOROESTE CEARENSE,CE,CE-Massapê,Ceará,2,Pequeno II,39.341
230810,2308104,23,Mauriti,Nordeste,SUL CEARENSE,CE,CE-Mauriti,Ceará,2,Pequeno II,48.370
230820,2308203,23,Meruoca,Nordeste,NOROESTE CEARENSE,CE,CE-Meruoca,Ceará,1,Pequeno I,15.309
230830,2308302,23,Milagres,Nordeste,SUL CEARENSE,CE,CE-Milagres,Ceará,2,Pequeno II,27.413
230835,2308351,23,Milhã,Nordeste,SERTOES CEARENSES,CE,CE-Milhã,Ceará,1,Pequeno I,13.129
230837,2308377,23,Miraíma,Nordeste,NOROESTE CEARENSE,CE,CE-Miraíma,Ceará,1,Pequeno I,13.965
230840,2308401,23,Missão Velha,Nordeste,SUL CEARENSE,CE,CE-Missão Velha,Ceará,2,Pequeno II,35.566
230850,2308500,23,Mombaça,Nordeste,SERTOES CEARENSES,CE,CE-Mombaça,Ceará,2,Pequeno II,43.917
230860,2308609,23,Monsenhor Tabosa,Nordeste,SERTOES CEARENSES,CE,CE-Monsenhor Tabosa,Ceará,1,Pequeno I,17.264
230870,2308708,23,Morada Nova,Nordeste,JAGUARIBE,CE,CE-Morada Nova,Ceará,3,Médio,61.590
230880,2308807,23,Moraújo,Nordeste,NOROESTE CEARENSE,CE,CE-Moraújo,Ceará,1,Pequeno I,8.833
230890,2308906,23,Morrinhos,Nordeste,NOROESTE CEARENSE,CE,CE-Morrinhos,Ceará,2,Pequeno II,22.830
230900,2309003,23,Mucambo,Nordeste,NOROESTE CEARENSE,CE,CE-Mucambo,Ceará,1,Pequeno I,14.561
230910,2309102,23,Mulungu,Nordeste,NORTE CEARENSE,CE,CE-Mulungu,Ceará,1,Pequeno I,11.056
230920,2309201,23,Nova Olinda,Nordeste,SUL CEARENSE,CE,CE-Nova Olinda,Ceará,1,Pequeno I,15.798
230930,2309300,23,Nova Russas,Nordeste,SERTOES CEARENSES,CE,CE-Nova Russas,Ceará,2,Pequeno II,32.487
230940,2309409,23,Novo Oriente,Nordeste,SERTOES CEARENSES,CE,CE-Novo Oriente,Ceará,2,Pequeno II,28.737
230945,2309458,23,Ocara,Nordeste,NORTE CEARENSE,CE,CE-Ocara,Ceará,2,Pequeno II,25.958
230950,2309508,23,Orós,Nordeste,CENTRO-SUL CEARENSE,CE,CE-Orós,Ceará,1,Pequeno I,21.342
230960,2309607,23,Pacajus,Nordeste,METROPOLITANA DE FORTALEZA,CE,CE-Pacajus,Ceará,3,Médio,74.145
230970,2309706,23,Pacatuba,Nordeste,METROPOLITANA DE FORTALEZA,CE,CE-Pacatuba,Ceará,3,Médio,85.647
230980,2309805,23,Pacoti,Nordeste,NORTE CEARENSE,CE,CE-Pacoti,Ceará,1,Pequeno I,12.313
230990,2309904,23,Pacujá,Nordeste,NOROESTE CEARENSE,CE,CE-Pacujá,Ceará,1,Pequeno I,6.565
231000,2310001,23,Palhano,Nordeste,JAGUARIBE,CE,CE-Palhano,Ceará,1,Pequeno I,9.458
231010,2310100,23,Palmácia,Nordeste,NORTE CEARENSE,CE,CE-Palmácia,Ceará,1,Pequeno I,13.553
231020,2310209,23,Paracuru,Nordeste,NORTE CEARENSE,CE,CE-Paracuru,Ceará,2,Pequeno II,35.526
231025,2310258,23,Paraipaba,Nordeste,NORTE CEARENSE,CE,CE-Paraipaba,Ceará,2,Pequeno II,33.232
231030,2310308,23,Parambu,Nordeste,SERTOES CEARENSES,CE,CE-Parambu,Ceará,2,Pequeno II,31.391
231040,2310407,23,Paramoti,Nordeste,NORTE CEARENSE,CE,CE-Paramoti,Ceará,1,Pequeno I,12.276
231050,2310506,23,Pedra Branca,Nordeste,SERTOES CEARENSES,CE,CE-Pedra Branca,Ceará,2,Pequeno II,43.359
231060,2310605,23,Penaforte,Nordeste,SUL CEARENSE,CE,CE-Penaforte,Ceará,1,Pequeno I,9.207
231070,2310704,23,Pentecoste,Nordeste,NORTE CEARENSE,CE,CE-Pentecoste,Ceará,2,Pequeno II,38.045
231080,2310803,23,Pereiro,Nordeste,JAGUARIBE,CE,CE-Pereiro,Ceará,1,Pequeno I,16.356
231085,2310852,23,Pindoretama,Nordeste,NORTE CEARENSE,CE,CE-Pindoretama,Ceará,2,Pequeno II,20.964
231090,2310902,23,Piquet Carneiro,Nordeste,SERTOES CEARENSES,CE,CE-Piquet Carneiro,Ceará,1,Pequeno I,17.210
231095,2310951,23,Pires Ferreira,Nordeste,NOROESTE CEARENSE,CE,CE-Pires Ferreira,Ceará,1,Pequeno I,11.052
231100,2311009,23,Poranga,Nordeste,NOROESTE CEARENSE,CE,CE-Poranga,Ceará,1,Pequeno I,12.358
231110,2311108,23,Porteiras,Nordeste,SUL CEARENSE,CE,CE-Porteiras,Ceará,1,Pequeno I,14.920
231120,2311207,23,Potengi,Nordeste,SUL CEARENSE,CE,CE-Potengi,Ceará,1,Pequeno I,11.165
231123,2311231,23,Potiretama,Nordeste,JAGUARIBE,CE,CE-Potiretama,Ceará,1,Pequeno I,6.455
231126,2311264,23,Quiterianópolis,Nordeste,SERTOES CEARENSES,CE,CE-Quiterianópolis,Ceará,2,Pequeno II,21.246
231130,2311306,23,Quixadá,Nordeste,SERTOES CEARENSES,CE,CE-Quixadá,Ceará,3,Médio,88.899
231135,2311355,23,Quixelô,Nordeste,CENTRO-SUL CEARENSE,CE,CE-Quixelô,Ceará,1,Pequeno I,16.116
231140,2311405,23,Quixeramobim,Nordeste,SERTOES CEARENSES,CE,CE-Quixeramobim,Ceará,3,Médio,82.455
231150,2311504,23,Quixeré,Nordeste,JAGUARIBE,CE,CE-Quixeré,Ceará,2,Pequeno II,22.432
231160,2311603,23,Redenção,Nordeste,NORTE CEARENSE,CE,CE-Redenção,Ceará,2,Pequeno II,29.238
231170,2311702,23,Reriutaba,Nordeste,NOROESTE CEARENSE,CE,CE-Reriutaba,Ceará,1,Pequeno I,18.279
231180,2311801,23,Russas,Nordeste,JAGUARIBE,CE,CE-Russas,Ceará,3,Médio,79.550
231190,2311900,23,Saboeiro,Nordeste,SERTOES CEARENSES,CE,CE-Saboeiro,Ceará,1,Pequeno I,15.757
231195,2311959,23,Salitre,Nordeste,SUL CEARENSE,CE,CE-Salitre,Ceará,1,Pequeno I,16.714
231200,2312007,23,Santana do Acaraú,Nordeste,NOROESTE CEARENSE,CE,CE-Santana do Acaraú,Ceará,2,Pequeno II,32.851
231210,2312106,23,Santana do Cariri,Nordeste,SUL CEARENSE,CE,CE-Santana do Cariri,Ceará,1,Pequeno I,17.726
231220,2312205,23,Santa Quitéria,Nordeste,NOROESTE CEARENSE,CE,CE-Santa Quitéria,Ceará,2,Pequeno II,43.719
231230,2312304,23,São Benedito,Nordeste,NOROESTE CEARENSE,CE,CE-São Benedito,Ceará,2,Pequeno II,48.354
231240,2312403,23,São Gonçalo do Amarante,Nordeste,NORTE CEARENSE,CE,CE-São Gonçalo do Amarante,Ceará,3,Médio,49.306
231250,2312502,23,São João do Jaguaribe,Nordeste,JAGUARIBE,CE,CE-São João do Jaguaribe,Ceará,1,Pequeno I,7.557
231260,2312601,23,São Luís do Curu,Nordeste,NORTE CEARENSE,CE,CE-São Luís do Curu,Ceará,1,Pequeno I,13.086
231270,2312700,23,Senador Pompeu,Nordeste,SERTOES CEARENSES,CE,CE-Senador Pompeu,Ceará,2,Pequeno II,25.418
231280,2312809,23,Senador Sá,Nordeste,NOROESTE CEARENSE,CE,CE-Senador Sá,Ceará,1,Pequeno I,7.758
231290,2312908,23,Sobral,Nordeste,NOROESTE CEARENSE,CE,CE-Sobral,Ceará,4,Grande,212.437
231300,2313005,23,Solonópole,Nordeste,SERTOES CEARENSES,CE,CE-Solonópole,Ceará,1,Pequeno I,18.389
231310,2313104,23,Tabuleiro do Norte,Nordeste,JAGUARIBE,CE,CE-Tabuleiro do Norte,Ceará,2,Pequeno II,32.079
231320,2313203,23,Tamboril,Nordeste,SERTOES CEARENSES,CE,CE-Tamboril,Ceará,2,Pequeno II,26.199
231325,2313252,23,Tarrafas,Nordeste,CENTRO-SUL CEARENSE,CE,CE-Tarrafas,Ceará,1,Pequeno I,8.555
231330,2313302,23,Tauá,Nordeste,SERTOES CEARENSES,CE,CE-Tauá,Ceará,3,Médio,59.259
231335,2313351,23,Tejuçuoca,Nordeste,NORTE CEARENSE,CE,CE-Tejuçuoca,Ceará,1,Pequeno I,19.551
231340,2313401,23,Tianguá,Nordeste,NOROESTE CEARENSE,CE,CE-Tianguá,Ceará,3,Médio,77.111
231350,2313500,23,Trairi,Nordeste,NORTE CEARENSE,CE,CE-Trairi,Ceará,3,Médio,56.653
231355,2313559,23,Tururu,Nordeste,NORTE CEARENSE,CE,CE-Tururu,Ceará,1,Pequeno I,16.588
231360,2313609,23,Ubajara,Nordeste,NOROESTE CEARENSE,CE,CE-Ubajara,Ceará,2,Pequeno II,35.295
231370,2313708,23,Umari,Nordeste,CENTRO-SUL CEARENSE,CE,CE-Umari,Ceará,1,Pequeno I,7.740
231375,2313757,23,Umirim,Nordeste,NORTE CEARENSE,CE,CE-Umirim,Ceará,1,Pequeno I,19.976
231380,2313807,23,Uruburetama,Nordeste,NORTE CEARENSE,CE,CE-Uruburetama,Ceará,2,Pequeno II,22.223
231390,2313906,23,Uruoca,Nordeste,NOROESTE CEARENSE,CE,CE-Uruoca,Ceará,1,Pequeno I,13.988
231395,2313955,23,Varjota,Nordeste,NOROESTE CEARENSE,CE,CE-Varjota,Ceará,1,Pequeno I,18.520
231400,2314003,23,Várzea Alegre,Nordeste,CENTRO-SUL CEARENSE,CE,CE-Várzea Alegre,Ceará,2,Pequeno II,41.078
231410,2314102,23,Viçosa do Ceará,Nordeste,NOROESTE CEARENSE,CE,CE-Viçosa do Ceará,Ceará,3,Médio,61.916
240010,2400109,24,Acari,Nordeste,CENTRAL POTIGUAR,RN,RN-Acari,Rio Grande do Norte,1,Pequeno I,11.106
240020,2400208,24,Açu,Nordeste,OESTE POTIGUAR,RN,RN-Açu,Rio Grande do Norte,3,Médio,58.743
240030,2400307,24,Afonso Bezerra,Nordeste,CENTRAL POTIGUAR,RN,RN-Afonso Bezerra,Rio Grande do Norte,1,Pequeno I,11.024
240040,2400406,24,Água Nova,Nordeste,OESTE POTIGUAR,RN,RN-Água Nova,Rio Grande do Norte,1,Pequeno I,3.293
240050,2400505,24,Alexandria,Nordeste,OESTE POTIGUAR,RN,RN-Alexandria,Rio Grande do Norte,1,Pequeno I,13.529
240060,2400604,24,Almino Afonso,Nordeste,OESTE POTIGUAR,RN,RN-Almino Afonso,Rio Grande do Norte,1,Pequeno I,4.685
240070,2400703,24,Alto do Rodrigues,Nordeste,OESTE POTIGUAR,RN,RN-Alto do Rodrigues,Rio Grande do Norte,1,Pequeno I,14.923
240080,2400802,24,Angicos,Nordeste,CENTRAL POTIGUAR,RN,RN-Angicos,Rio Grande do Norte,1,Pequeno I,11.695
240090,2400901,24,Antônio Martins,Nordeste,OESTE POTIGUAR,RN,RN-Antônio Martins,Rio Grande do Norte,1,Pequeno I,7.162
240100,2401008,24,Apodi,Nordeste,OESTE POTIGUAR,RN,RN-Apodi,Rio Grande do Norte,2,Pequeno II,35.904
240110,2401107,24,Areia Branca,Nordeste,OESTE POTIGUAR,RN,RN-Areia Branca,Rio Grande do Norte,2,Pequeno II,28.156
240120,2401206,24,Arês,Nordeste,LESTE POTIGUAR,RN,RN-Arês,Rio Grande do Norte,1,Pequeno I,14.526
240130,2401305,24,Augusto Severo,Nordeste,OESTE POTIGUAR,RN,RN-Augusto Severo,Rio Grande do Norte,1,Pequeno I,9.686
240140,2401404,24,Baía Formosa,Nordeste,LESTE POTIGUAR,RN,RN-Baía Formosa,Rio Grande do Norte,1,Pequeno I,9.373
240145,2401453,24,Baraúna,Nordeste,OESTE POTIGUAR,RN,RN-Baraúna,Rio Grande do Norte,2,Pequeno II,29.112
240150,2401503,24,Barcelona,Nordeste,AGRESTE POTIGUAR,RN,RN-Barcelona,Rio Grande do Norte,1,Pequeno I,3.989
240160,2401602,24,Bento Fernandes,Nordeste,AGRESTE POTIGUAR,RN,RN-Bento Fernandes,Rio Grande do Norte,1,Pequeno I,5.552
240165,2401651,24,Bodó,Nordeste,CENTRAL POTIGUAR,RN,RN-Bodó,Rio Grande do Norte,1,Pequeno I,2.171
240170,2401701,24,Bom Jesus,Nordeste,AGRESTE POTIGUAR,RN,RN-Bom Jesus,Rio Grande do Norte,1,Pequeno I,10.323
240180,2401800,24,Brejinho,Nordeste,AGRESTE POTIGUAR,RN,RN-Brejinho,Rio Grande do Norte,1,Pequeno I,12.873
240185,2401859,24,Caiçara do Norte,Nordeste,CENTRAL POTIGUAR,RN,RN-Caiçara do Norte,Rio Grande do Norte,1,Pequeno I,6.572
240190,2401909,24,Caiçara do Rio do Vento,Nordeste,CENTRAL POTIGUAR,RN,RN-Caiçara do Rio do Vento,Rio Grande do Norte,1,Pequeno I,3.745
240200,2402006,24,Caicó,Nordeste,CENTRAL POTIGUAR,RN,RN-Caicó,Rio Grande do Norte,3,Médio,68.726
240210,2402105,24,Campo Redondo,Nordeste,AGRESTE POTIGUAR,RN,RN-Campo Redondo,Rio Grande do Norte,1,Pequeno I,11.363
240220,2402204,24,Canguaretama,Nordeste,LESTE POTIGUAR,RN,RN-Canguaretama,Rio Grande do Norte,2,Pequeno II,34.814
240230,2402303,24,Caraúbas,Nordeste,OESTE POTIGUAR,RN,RN-Caraúbas,Rio Grande do Norte,1,Pequeno I,20.588
240240,2402402,24,Carnaúba dos Dantas,Nordeste,CENTRAL POTIGUAR,RN,RN-Carnaúba dos Dantas,Rio Grande do Norte,1,Pequeno I,8.297
240250,2402501,24,Carnaubais,Nordeste,OESTE POTIGUAR,RN,RN-Carnaubais,Rio Grande do Norte,1,Pequeno I,10.972
240260,2402600,24,Ceará-Mirim,Nordeste,LESTE POTIGUAR,RN,RN-Ceará-Mirim,Rio Grande do Norte,3,Médio,74.268
240270,2402709,24,Cerro Corá,Nordeste,CENTRAL POTIGUAR,RN,RN-Cerro Corá,Rio Grande do Norte,1,Pequeno I,11.182
240280,2402808,24,Coronel Ezequiel,Nordeste,AGRESTE POTIGUAR,RN,RN-Coronel Ezequiel,Rio Grande do Norte,1,Pequeno I,5.501
240290,2402907,24,Coronel João Pessoa,Nordeste,OESTE POTIGUAR,RN,RN-Coronel João Pessoa,Rio Grande do Norte,1,Pequeno I,4.918
240300,2403004,24,Cruzeta,Nordeste,CENTRAL POTIGUAR,RN,RN-Cruzeta,Rio Grande do Norte,1,Pequeno I,7.968
240310,2403103,24,Currais Novos,Nordeste,CENTRAL POTIGUAR,RN,RN-Currais Novos,Rio Grande do Norte,2,Pequeno II,45.022
240320,2403202,24,Doutor Severiano,Nordeste,OESTE POTIGUAR,RN,RN-Doutor Severiano,Rio Grande do Norte,1,Pequeno I,7.068
240325,2403251,24,Parnamirim,Nordeste,LESTE POTIGUAR,RN,RN-Parnamirim,Rio Grande do Norte,4,Grande,272.490
240330,2403301,24,Encanto,Nordeste,OESTE POTIGUAR,RN,RN-Encanto,Rio Grande do Norte,1,Pequeno I,5.697
240340,2403400,24,Equador,Nordeste,CENTRAL POTIGUAR,RN,RN-Equador,Rio Grande do Norte,1,Pequeno I,6.064
240350,2403509,24,Espírito Santo,Nordeste,LESTE POTIGUAR,RN,RN-Espírito Santo,Rio Grande do Norte,1,Pequeno I,10.463
240360,2403608,24,Extremoz,Nordeste,LESTE POTIGUAR,RN,RN-Extremoz,Rio Grande do Norte,3,Médio,29.282
240370,2403707,24,Felipe Guerra,Nordeste,OESTE POTIGUAR,RN,RN-Felipe Guerra,Rio Grande do Norte,1,Pequeno I,6.009
240375,2403756,24,Fernando Pedroza,Nordeste,CENTRAL POTIGUAR,RN,RN-Fernando Pedroza,Rio Grande do Norte,1,Pequeno I,3.081
240380,2403806,24,Florânia,Nordeste,CENTRAL POTIGUAR,RN,RN-Florânia,Rio Grande do Norte,1,Pequeno I,9.772
240390,2403905,24,Francisco Dantas,Nordeste,OESTE POTIGUAR,RN,RN-Francisco Dantas,Rio Grande do Norte,1,Pequeno I,2.801
240400,2404002,24,Frutuoso Gomes,Nordeste,OESTE POTIGUAR,RN,RN-Frutuoso Gomes,Rio Grande do Norte,1,Pequeno I,4.015
240410,2404101,24,Galinhos,Nordeste,CENTRAL POTIGUAR,RN,RN-Galinhos,Rio Grande do Norte,1,Pequeno I,2.903
240420,2404200,24,Goianinha,Nordeste,LESTE POTIGUAR,RN,RN-Goianinha,Rio Grande do Norte,2,Pequeno II,27.004
240430,2404309,24,Governador Dix-Sept Rosado,Nordeste,OESTE POTIGUAR,RN,RN-Governador Dix-Sept Rosado,Rio Grande do Norte,1,Pequeno I,13.115
240440,2404408,24,Grossos,Nordeste,OESTE POTIGUAR,RN,RN-Grossos,Rio Grande do Norte,1,Pequeno I,10.541
240450,2404507,24,Guamaré,Nordeste,CENTRAL POTIGUAR,RN,RN-Guamaré,Rio Grande do Norte,1,Pequeno I,16.261
240460,2404606,24,Ielmo Marinho,Nordeste,AGRESTE POTIGUAR,RN,RN-Ielmo Marinho,Rio Grande do Norte,1,Pequeno I,14.033
240470,2404705,24,Ipanguaçu,Nordeste,OESTE POTIGUAR,RN,RN-Ipanguaçu,Rio Grande do Norte,1,Pequeno I,15.759
240480,2404804,24,Ipueira,Nordeste,CENTRAL POTIGUAR,RN,RN-Ipueira,Rio Grande do Norte,1,Pequeno I,2.264
240485,2404853,24,Itajá,Nordeste,OESTE POTIGUAR,RN,RN-Itajá,Rio Grande do Norte,1,Pequeno I,7.641
240490,2404903,24,Itaú,Nordeste,OESTE POTIGUAR,RN,RN-Itaú,Rio Grande do Norte,1,Pequeno I,5.916
240500,2405009,24,Jaçanã,Nordeste,AGRESTE POTIGUAR,RN,RN-Jaçanã,Rio Grande do Norte,1,Pequeno I,9.341
240510,2405108,24,Jandaíra,Nordeste,AGRESTE POTIGUAR,RN,RN-Jandaíra,Rio Grande do Norte,1,Pequeno I,6.907
240520,2405207,24,Janduís,Nordeste,OESTE POTIGUAR,RN,RN-Janduís,Rio Grande do Norte,1,Pequeno I,5.228
240530,2405306,24,Januário Cicco,Nordeste,AGRESTE POTIGUAR,RN,RN-Januário Cicco,Rio Grande do Norte,1,Pequeno I,10.367
240540,2405405,24,Japi,Nordeste,AGRESTE POTIGUAR,RN,RN-Japi,Rio Grande do Norte,1,Pequeno I,4.935
240550,2405504,24,Jardim de Angicos,Nordeste,CENTRAL POTIGUAR,RN,RN-Jardim de Angicos,Rio Grande do Norte,1,Pequeno I,2.600
240560,2405603,24,Jardim de Piranhas,Nordeste,CENTRAL POTIGUAR,RN,RN-Jardim de Piranhas,Rio Grande do Norte,1,Pequeno I,15.044
240570,2405702,24,Jardim do Seridó,Nordeste,CENTRAL POTIGUAR,RN,RN-Jardim do Seridó,Rio Grande do Norte,1,Pequeno I,12.397
240580,2405801,24,João Câmara,Nordeste,AGRESTE POTIGUAR,RN,RN-João Câmara,Rio Grande do Norte,2,Pequeno II,35.360
240590,2405900,24,João Dias,Nordeste,OESTE POTIGUAR,RN,RN-João Dias,Rio Grande do Norte,1,Pequeno I,2.653
240600,2406007,24,José da Penha,Nordeste,OESTE POTIGUAR,RN,RN-José da Penha,Rio Grande do Norte,1,Pequeno I,5.941
240610,2406106,24,Jucurutu,Nordeste,OESTE POTIGUAR,RN,RN-Jucurutu,Rio Grande do Norte,1,Pequeno I,18.335
240615,2406155,24,Jundiá,Nordeste,AGRESTE POTIGUAR,RN,RN-Jundiá,Rio Grande do Norte,1,Pequeno I,3.945
240620,2406205,24,Lagoa d'Anta,Nordeste,AGRESTE POTIGUAR,RN,RN-Lagoa d'Anta,Rio Grande do Norte,1,Pequeno I,6.851
240630,2406304,24,Lagoa de Pedras,Nordeste,AGRESTE POTIGUAR,RN,RN-Lagoa de Pedras,Rio Grande do Norte,1,Pequeno I,7.624
240640,2406403,24,Lagoa de Velhos,Nordeste,AGRESTE POTIGUAR,RN,RN-Lagoa de Velhos,Rio Grande do Norte,1,Pequeno I,2.732
240650,2406502,24,Lagoa Nova,Nordeste,CENTRAL POTIGUAR,RN,RN-Lagoa Nova,Rio Grande do Norte,1,Pequeno I,15.880
240660,2406601,24,Lagoa Salgada,Nordeste,AGRESTE POTIGUAR,RN,RN-Lagoa Salgada,Rio Grande do Norte,1,Pequeno I,8.348
240670,2406700,24,Lajes,Nordeste,CENTRAL POTIGUAR,RN,RN-Lajes,Rio Grande do Norte,1,Pequeno I,11.410
240680,2406809,24,Lajes Pintadas,Nordeste,AGRESTE POTIGUAR,RN,RN-Lajes Pintadas,Rio Grande do Norte,1,Pequeno I,4.768
240690,2406908,24,Lucrécia,Nordeste,OESTE POTIGUAR,RN,RN-Lucrécia,Rio Grande do Norte,1,Pequeno I,4.053
240700,2407005,24,Luís Gomes,Nordeste,OESTE POTIGUAR,RN,RN-Luís Gomes,Rio Grande do Norte,1,Pequeno I,10.175
240710,2407104,24,Macaíba,Nordeste,LESTE POTIGUAR,RN,RN-Macaíba,Rio Grande do Norte,3,Médio,82.828
240720,2407203,24,Macau,Nordeste,CENTRAL POTIGUAR,RN,RN-Macau,Rio Grande do Norte,2,Pequeno II,32.260
240725,2407252,24,Major Sales,Nordeste,OESTE POTIGUAR,RN,RN-Major Sales,Rio Grande do Norte,1,Pequeno I,4.102
240730,2407302,24,Marcelino Vieira,Nordeste,OESTE POTIGUAR,RN,RN-Marcelino Vieira,Rio Grande do Norte,1,Pequeno I,8.325
240740,2407401,24,Martins,Nordeste,OESTE POTIGUAR,RN,RN-Martins,Rio Grande do Norte,1,Pequeno I,8.790
240750,2407500,24,Maxaranguape,Nordeste,LESTE POTIGUAR,RN,RN-Maxaranguape,Rio Grande do Norte,1,Pequeno I,12.714
240760,2407609,24,Messias Targino,Nordeste,OESTE POTIGUAR,RN,RN-Messias Targino,Rio Grande do Norte,1,Pequeno I,4.665
240770,2407708,24,Montanhas,Nordeste,LESTE POTIGUAR,RN,RN-Montanhas,Rio Grande do Norte,1,Pequeno I,11.166
240780,2407807,24,Monte Alegre,Nordeste,AGRESTE POTIGUAR,RN,RN-Monte Alegre,Rio Grande do Norte,2,Pequeno II,22.698
240790,2407906,24,Monte das Gameleiras,Nordeste,AGRESTE POTIGUAR,RN,RN-Monte das Gameleiras,Rio Grande do Norte,1,Pequeno I,2.063
240800,2408003,24,Mossoró,Nordeste,OESTE POTIGUAR,RN,RN-Mossoró,Rio Grande do Norte,4,Grande,303.792
240810,2408102,24,Natal,Nordeste,LESTE POTIGUAR,RN,RN-Natal,Rio Grande do Norte,4,Grande,896.708
240820,2408201,24,Nísia Floresta,Nordeste,LESTE POTIGUAR,RN,RN-Nísia Floresta,Rio Grande do Norte,2,Pequeno II,28.266
240830,2408300,24,Nova Cruz,Nordeste,AGRESTE POTIGUAR,RN,RN-Nova Cruz,Rio Grande do Norte,2,Pequeno II,37.554
240840,2408409,24,Olho d'Água do Borges,Nordeste,OESTE POTIGUAR,RN,RN-Olho d'Água do Borges,Rio Grande do Norte,1,Pequeno I,4.231
240850,2408508,24,Ouro Branco,Nordeste,CENTRAL POTIGUAR,RN,RN-Ouro Branco,Rio Grande do Norte,1,Pequeno I,4.813
240860,2408607,24,Paraná,Nordeste,OESTE POTIGUAR,RN,RN-Paraná,Rio Grande do Norte,1,Pequeno I,4.298
240870,2408706,24,Paraú,Nordeste,OESTE POTIGUAR,RN,RN-Paraú,Rio Grande do Norte,1,Pequeno I,3.732
240880,2408805,24,Parazinho,Nordeste,AGRESTE POTIGUAR,RN,RN-Parazinho,Rio Grande do Norte,1,Pequeno I,5.307
240890,2408904,24,Parelhas,Nordeste,CENTRAL POTIGUAR,RN,RN-Parelhas,Rio Grande do Norte,2,Pequeno II,21.611
240895,2408953,24,Rio do Fogo,Nordeste,LESTE POTIGUAR,RN,RN-Rio do Fogo,Rio Grande do Norte,1,Pequeno I,10.961
240910,2409100,24,Passa e Fica,Nordeste,AGRESTE POTIGUAR,RN,RN-Passa e Fica,Rio Grande do Norte,1,Pequeno I,13.667
240920,2409209,24,Passagem,Nordeste,AGRESTE POTIGUAR,RN,RN-Passagem,Rio Grande do Norte,1,Pequeno I,3.114
240930,2409308,24,Patu,Nordeste,OESTE POTIGUAR,RN,RN-Patu,Rio Grande do Norte,1,Pequeno I,12.861
240933,2409332,24,Santa Maria,Nordeste,AGRESTE POTIGUAR,RN,RN-Santa Maria,Rio Grande do Norte,1,Pequeno I,5.689
240940,2409407,24,Pau dos Ferros,Nordeste,OESTE POTIGUAR,RN,RN-Pau dos Ferros,Rio Grande do Norte,2,Pequeno II,30.802
240950,2409506,24,Pedra Grande,Nordeste,LESTE POTIGUAR,RN,RN-Pedra Grande,Rio Grande do Norte,1,Pequeno I,3.163
240960,2409605,24,Pedra Preta,Nordeste,CENTRAL POTIGUAR,RN,RN-Pedra Preta,Rio Grande do Norte,1,Pequeno I,2.419
240970,2409704,24,Pedro Avelino,Nordeste,CENTRAL POTIGUAR,RN,RN-Pedro Avelino,Rio Grande do Norte,1,Pequeno I,6.591
240980,2409803,24,Pedro Velho,Nordeste,LESTE POTIGUAR,RN,RN-Pedro Velho,Rio Grande do Norte,1,Pequeno I,14.881
240990,2409902,24,Pendências,Nordeste,OESTE POTIGUAR,RN,RN-Pendências,Rio Grande do Norte,1,Pequeno I,15.411
241000,2410009,24,Pilões,Nordeste,OESTE POTIGUAR,RN,RN-Pilões,Rio Grande do Norte,1,Pequeno I,3.900
241010,2410108,24,Poço Branco,Nordeste,AGRESTE POTIGUAR,RN,RN-Poço Branco,Rio Grande do Norte,1,Pequeno I,15.646
241020,2410207,24,Portalegre,Nordeste,OESTE POTIGUAR,RN,RN-Portalegre,Rio Grande do Norte,1,Pequeno I,7.944
241025,2410256,24,Porto do Mangue,Nordeste,OESTE POTIGUAR,RN,RN-Porto do Mangue,Rio Grande do Norte,1,Pequeno I,6.605
241030,2410306,24,Serra Caiada,Nordeste,AGRESTE POTIGUAR,RN,RN-Serra Caiada,Rio Grande do Norte,1,Pequeno I,10.646
241040,2410405,24,Pureza,Nordeste,LESTE POTIGUAR,RN,RN-Pureza,Rio Grande do Norte,1,Pequeno I,9.825
241050,2410504,24,Rafael Fernandes,Nordeste,OESTE POTIGUAR,RN,RN-Rafael Fernandes,Rio Grande do Norte,1,Pequeno I,5.158
241060,2410603,24,Rafael Godeiro,Nordeste,OESTE POTIGUAR,RN,RN-Rafael Godeiro,Rio Grande do Norte,1,Pequeno I,3.214
241070,2410702,24,Riacho da Cruz,Nordeste,OESTE POTIGUAR,RN,RN-Riacho da Cruz,Rio Grande do Norte,1,Pequeno I,3.648
241080,2410801,24,Riacho de Santana,Nordeste,OESTE POTIGUAR,RN,RN-Riacho de Santana,Rio Grande do Norte,1,Pequeno I,4.194
241090,2410900,24,Riachuelo,Nordeste,AGRESTE POTIGUAR,RN,RN-Riachuelo,Rio Grande do Norte,1,Pequeno I,8.310
241100,2411007,24,Rodolfo Fernandes,Nordeste,OESTE POTIGUAR,RN,RN-Rodolfo Fernandes,Rio Grande do Norte,1,Pequeno I,4.457
241105,2411056,24,Tibau,Nordeste,OESTE POTIGUAR,RN,RN-Tibau,Rio Grande do Norte,1,Pequeno I,4.173
241110,2411106,24,Ruy Barbosa,Nordeste,AGRESTE POTIGUAR,RN,RN-Ruy Barbosa,Rio Grande do Norte,1,Pequeno I,3.584
241120,2411205,24,Santa Cruz,Nordeste,AGRESTE POTIGUAR,RN,RN-Santa Cruz,Rio Grande do Norte,2,Pequeno II,40.295
241140,2411403,24,Santana do Matos,Nordeste,CENTRAL POTIGUAR,RN,RN-Santana do Matos,Rio Grande do Norte,1,Pequeno I,11.808
241142,2411429,24,Santana do Seridó,Nordeste,CENTRAL POTIGUAR,RN,RN-Santana do Seridó,Rio Grande do Norte,1,Pequeno I,2.699
241150,2411502,24,Santo Antônio,Nordeste,AGRESTE POTIGUAR,RN,RN-Santo Antônio,Rio Grande do Norte,2,Pequeno II,24.422
241160,2411601,24,São Bento do Norte,Nordeste,CENTRAL POTIGUAR,RN,RN-São Bento do Norte,Rio Grande do Norte,1,Pequeno I,2.687
241170,2411700,24,São Bento do Trairí,Nordeste,AGRESTE POTIGUAR,RN,RN-São Bento do Trairí,Rio Grande do Norte,1,Pequeno I,4.541
241180,2411809,24,São Fernando,Nordeste,CENTRAL POTIGUAR,RN,RN-São Fernando,Rio Grande do Norte,1,Pequeno I,3.606
241190,2411908,24,São Francisco do Oeste,Nordeste,OESTE POTIGUAR,RN,RN-São Francisco do Oeste,Rio Grande do Norte,1,Pequeno I,4.281
241200,2412005,24,São Gonçalo do Amarante,Nordeste,LESTE POTIGUAR,RN,RN-São Gonçalo do Amarante,Rio Grande do Norte,4,Grande,104.919
241210,2412104,24,São João do Sabugi,Nordeste,CENTRAL POTIGUAR,RN,RN-São João do Sabugi,Rio Grande do Norte,1,Pequeno I,6.221
241220,2412203,24,São José de Mipibu,Nordeste,LESTE POTIGUAR,RN,RN-São José de Mipibu,Rio Grande do Norte,2,Pequeno II,44.566
241230,2412302,24,São José do Campestre,Nordeste,AGRESTE POTIGUAR,RN,RN-São José do Campestre,Rio Grande do Norte,1,Pequeno I,12.901
241240,2412401,24,São José do Seridó,Nordeste,CENTRAL POTIGUAR,RN,RN-São José do Seridó,Rio Grande do Norte,1,Pequeno I,4.696
241250,2412500,24,São Miguel,Nordeste,OESTE POTIGUAR,RN,RN-São Miguel,Rio Grande do Norte,2,Pequeno II,23.789
241255,2412559,24,São Miguel do Gostoso,Nordeste,LESTE POTIGUAR,RN,RN-São Miguel do Gostoso,Rio Grande do Norte,1,Pequeno I,10.441
241260,2412609,24,São Paulo do Potengi,Nordeste,AGRESTE POTIGUAR,RN,RN-São Paulo do Potengi,Rio Grande do Norte,1,Pequeno I,17.858
241270,2412708,24,São Pedro,Nordeste,AGRESTE POTIGUAR,RN,RN-São Pedro,Rio Grande do Norte,1,Pequeno I,5.889
241280,2412807,24,São Rafael,Nordeste,OESTE POTIGUAR,RN,RN-São Rafael,Rio Grande do Norte,1,Pequeno I,8.183
241290,2412906,24,São Tomé,Nordeste,AGRESTE POTIGUAR,RN,RN-São Tomé,Rio Grande do Norte,1,Pequeno I,11.051
241300,2413003,24,São Vicente,Nordeste,CENTRAL POTIGUAR,RN,RN-São Vicente,Rio Grande do Norte,1,Pequeno I,6.476
241310,2413102,24,Senador Elói de Souza,Nordeste,AGRESTE POTIGUAR,RN,RN-Senador Elói de Souza,Rio Grande do Norte,1,Pequeno I,6.167
241320,2413201,24,Senador Georgino Avelino,Nordeste,LESTE POTIGUAR,RN,RN-Senador Georgino Avelino,Rio Grande do Norte,1,Pequeno I,4.527
241330,2413300,24,Serra de São Bento,Nordeste,AGRESTE POTIGUAR,RN,RN-Serra de São Bento,Rio Grande do Norte,1,Pequeno I,5.739
241335,2413359,24,Serra do Mel,Nordeste,OESTE POTIGUAR,RN,RN-Serra do Mel,Rio Grande do Norte,1,Pequeno I,12.225
241340,2413409,24,Serra Negra do Norte,Nordeste,CENTRAL POTIGUAR,RN,RN-Serra Negra do Norte,Rio Grande do Norte,1,Pequeno I,8.105
241350,2413508,24,Serrinha,Nordeste,AGRESTE POTIGUAR,RN,RN-Serrinha,Rio Grande do Norte,1,Pequeno I,6.128
241355,2413557,24,Serrinha dos Pintos,Nordeste,OESTE POTIGUAR,RN,RN-Serrinha dos Pintos,Rio Grande do Norte,1,Pequeno I,4.832
241360,2413607,24,Severiano Melo,Nordeste,OESTE POTIGUAR,RN,RN-Severiano Melo,Rio Grande do Norte,1,Pequeno I,1.743
241370,2413706,24,Sítio Novo,Nordeste,AGRESTE POTIGUAR,RN,RN-Sítio Novo,Rio Grande do Norte,1,Pequeno I,5.600
241380,2413805,24,Taboleiro Grande,Nordeste,OESTE POTIGUAR,RN,RN-Taboleiro Grande,Rio Grande do Norte,1,Pequeno I,2.606
241390,2413904,24,Taipu,Nordeste,LESTE POTIGUAR,RN,RN-Taipu,Rio Grande do Norte,1,Pequeno I,12.314
241400,2414001,24,Tangará,Nordeste,AGRESTE POTIGUAR,RN,RN-Tangará,Rio Grande do Norte,1,Pequeno I,16.008
241410,2414100,24,Tenente Ananias,Nordeste,OESTE POTIGUAR,RN,RN-Tenente Ananias,Rio Grande do Norte,1,Pequeno I,10.923
241415,2414159,24,Tenente Laurentino Cruz,Nordeste,CENTRAL POTIGUAR,RN,RN-Tenente Laurentino Cruz,Rio Grande do Norte,1,Pequeno I,6.085
241420,2414209,24,Tibau do Sul,Nordeste,LESTE POTIGUAR,RN,RN-Tibau do Sul,Rio Grande do Norte,1,Pequeno I,14.694
241430,2414308,24,Timbaúba dos Batistas,Nordeste,CENTRAL POTIGUAR,RN,RN-Timbaúba dos Batistas,Rio Grande do Norte,1,Pequeno I,2.427
241440,2414407,24,Touros,Nordeste,LESTE POTIGUAR,RN,RN-Touros,Rio Grande do Norte,2,Pequeno II,33.716
241445,2414456,24,Triunfo Potiguar,Nordeste,OESTE POTIGUAR,RN,RN-Triunfo Potiguar,Rio Grande do Norte,1,Pequeno I,3.195
241450,2414506,24,Umarizal,Nordeste,OESTE POTIGUAR,RN,RN-Umarizal,Rio Grande do Norte,1,Pequeno I,10.485
241460,2414605,24,Upanema,Nordeste,OESTE POTIGUAR,RN,RN-Upanema,Rio Grande do Norte,1,Pequeno I,14.937
241470,2414704,24,Várzea,Nordeste,AGRESTE POTIGUAR,RN,RN-Várzea,Rio Grande do Norte,1,Pequeno I,5.529
241475,2414753,24,Venha-Ver,Nordeste,OESTE POTIGUAR,RN,RN-Venha-Ver,Rio Grande do Norte,1,Pequeno I,4.232
241480,2414803,24,Vera Cruz,Nordeste,AGRESTE POTIGUAR,RN,RN-Vera Cruz,Rio Grande do Norte,1,Pequeno I,12.789
241490,2414902,24,Viçosa,Nordeste,OESTE POTIGUAR,RN,RN-Viçosa,Rio Grande do Norte,1,Pequeno I,1.731
241500,2415008,24,Vila Flor,Nordeste,LESTE POTIGUAR,RN,RN-Vila Flor,Rio Grande do Norte,1,Pequeno I,3.217
250010,2500106,25,Água Branca,Nordeste,SERTAO PARAIBANO,PB,PB-Água Branca,Paraíba,1,Pequeno I,10.375
250020,2500205,25,Aguiar,Nordeste,SERTAO PARAIBANO,PB,PB-Aguiar,Paraíba,1,Pequeno I,5.622
250030,2500304,25,Alagoa Grande,Nordeste,AGRESTE PARAIBANO,PB,PB-Alagoa Grande,Paraíba,2,Pequeno II,28.384
250040,2500403,25,Alagoa Nova,Nordeste,AGRESTE PARAIBANO,PB,PB-Alagoa Nova,Paraíba,2,Pequeno II,20.992
250050,2500502,25,Alagoinha,Nordeste,AGRESTE PARAIBANO,PB,PB-Alagoinha,Paraíba,1,Pequeno I,14.629
250053,2500536,25,Alcantil,Nordeste,BORBOREMA,PB,PB-Alcantil,Paraíba,1,Pequeno I,5.527
250057,2500577,25,Algodão de Jandaíra,Nordeste,AGRESTE PARAIBANO,PB,PB-Algodão de Jandaíra,Paraíba,1,Pequeno I,2.588
250060,2500601,25,Alhandra,Nordeste,MATA PARAIBANA,PB,PB-Alhandra,Paraíba,2,Pequeno II,19.865
250070,2500700,25,São João do Rio do Peixe,Nordeste,SERTAO PARAIBANO,PB,PB-São João do Rio do Peixe,Paraíba,1,Pequeno I,18.020
250073,2500734,25,Amparo,Nordeste,BORBOREMA,PB,PB-Amparo,Paraíba,1,Pequeno I,2.264
250077,2500775,25,Aparecida,Nordeste,SERTAO PARAIBANO,PB,PB-Aparecida,Paraíba,1,Pequeno I,8.482
250080,2500809,25,Araçagi,Nordeste,AGRESTE PARAIBANO,PB,PB-Araçagi,Paraíba,1,Pequeno I,16.857
250090,2500908,25,Arara,Nordeste,AGRESTE PARAIBANO,PB,PB-Arara,Paraíba,1,Pequeno I,13.613
250100,2501005,25,Araruna,Nordeste,AGRESTE PARAIBANO,PB,PB-Araruna,Paraíba,1,Pequeno I,20.610
250110,2501104,25,Areia,Nordeste,AGRESTE PARAIBANO,PB,PB-Areia,Paraíba,2,Pequeno II,22.493
250115,2501153,25,Areia de Baraúnas,Nordeste,SERTAO PARAIBANO,PB,PB-Areia de Baraúnas,Paraíba,1,Pequeno I,2.105
250120,2501203,25,Areial,Nordeste,AGRESTE PARAIBANO,PB,PB-Areial,Paraíba,1,Pequeno I,7.054
250130,2501302,25,Aroeiras,Nordeste,AGRESTE PARAIBANO,PB,PB-Aroeiras,Paraíba,1,Pequeno I,19.081
250135,2501351,25,Assunção,Nordeste,BORBOREMA,PB,PB-Assunção,Paraíba,1,Pequeno I,4.067
250140,2501401,25,Baía da Traição,Nordeste,MATA PARAIBANA,PB,PB-Baía da Traição,Paraíba,1,Pequeno I,9.197
250150,2501500,25,Bananeiras,Nordeste,AGRESTE PARAIBANO,PB,PB-Bananeiras,Paraíba,2,Pequeno II,21.220
250153,2501534,25,Baraúna,Nordeste,BORBOREMA,PB,PB-Baraúna,Paraíba,1,Pequeno I,5.033
250157,2501575,25,Barra de Santana,Nordeste,BORBOREMA,PB,PB-Barra de Santana,Paraíba,1,Pequeno I,8.338
250160,2501609,25,Barra de Santa Rosa,Nordeste,AGRESTE PARAIBANO,PB,PB-Barra de Santa Rosa,Paraíba,1,Pequeno I,15.607
250170,2501708,25,Barra de São Miguel,Nordeste,BORBOREMA,PB,PB-Barra de São Miguel,Paraíba,1,Pequeno I,6.095
250180,2501807,25,Bayeux,Nordeste,MATA PARAIBANA,PB,PB-Bayeux,Paraíba,3,Médio,97.519
250190,2501906,25,Belém,Nordeste,AGRESTE PARAIBANO,PB,PB-Belém,Paraíba,1,Pequeno I,17.733
250200,2502003,25,Belém do Brejo do Cruz,Nordeste,SERTAO PARAIBANO,PB,PB-Belém do Brejo do Cruz,Paraíba,1,Pequeno I,7.356
250205,2502052,25,Bernardino Batista,Nordeste,SERTAO PARAIBANO,PB,PB-Bernardino Batista,Paraíba,1,Pequeno I,3.571
250210,2502102,25,Boa Ventura,Nordeste,SERTAO PARAIBANO,PB,PB-Boa Ventura,Paraíba,1,Pequeno I,5.248
250215,2502151,25,Boa Vista,Nordeste,AGRESTE PARAIBANO,PB,PB-Boa Vista,Paraíba,1,Pequeno I,7.218
250220,2502201,25,Bom Jesus,Nordeste,SERTAO PARAIBANO,PB,PB-Bom Jesus,Paraíba,1,Pequeno I,2.588
250230,2502300,25,Bom Sucesso,Nordeste,SERTAO PARAIBANO,PB,PB-Bom Sucesso,Paraíba,1,Pequeno I,4.937
250240,2502409,25,Bonito de Santa Fé,Nordeste,SERTAO PARAIBANO,PB,PB-Bonito de Santa Fé,Paraíba,1,Pequeno I,12.126
250250,2502508,25,Boqueirão,Nordeste,BORBOREMA,PB,PB-Boqueirão,Paraíba,1,Pequeno I,17.934
250260,2502607,25,Igaracy,Nordeste,SERTAO PARAIBANO,PB,PB-Igaracy,Paraíba,1,Pequeno I,6.092
250270,2502706,25,Borborema,Nordeste,AGRESTE PARAIBANO,PB,PB-Borborema,Paraíba,1,Pequeno I,5.311
250280,2502805,25,Brejo do Cruz,Nordeste,SERTAO PARAIBANO,PB,PB-Brejo do Cruz,Paraíba,1,Pequeno I,14.287
250290,2502904,25,Brejo dos Santos,Nordeste,SERTAO PARAIBANO,PB,PB-Brejo dos Santos,Paraíba,1,Pequeno I,6.479
250300,2503001,25,Caaporã,Nordeste,MATA PARAIBANA,PB,PB-Caaporã,Paraíba,2,Pequeno II,22.079
250310,2503100,25,Cabaceiras,Nordeste,BORBOREMA,PB,PB-Cabaceiras,Paraíba,1,Pequeno I,5.710
250320,2503209,25,Cabedelo,Nordeste,MATA PARAIBANA,PB,PB-Cabedelo,Paraíba,3,Médio,69.773
250330,2503308,25,Cachoeira dos Índios,Nordeste,SERTAO PARAIBANO,PB,PB-Cachoeira dos Índios,Paraíba,1,Pequeno I,10.364
250340,2503407,25,Cacimba de Areia,Nordeste,SERTAO PARAIBANO,PB,PB-Cacimba de Areia,Paraíba,1,Pequeno I,3.708
250350,2503506,25,Cacimba de Dentro,Nordeste,AGRESTE PARAIBANO,PB,PB-Cacimba de Dentro,Paraíba,1,Pequeno I,17.169
250355,2503555,25,Cacimbas,Nordeste,SERTAO PARAIBANO,PB,PB-Cacimbas,Paraíba,1,Pequeno I,7.225
250360,2503605,25,Caiçara,Nordeste,AGRESTE PARAIBANO,PB,PB-Caiçara,Paraíba,1,Pequeno I,7.182
250370,2503704,25,Cajazeiras,Nordeste,SERTAO PARAIBANO,PB,PB-Cajazeiras,Paraíba,3,Médio,62.576
250375,2503753,25,Cajazeirinhas,Nordeste,SERTAO PARAIBANO,PB,PB-Cajazeirinhas,Paraíba,1,Pequeno I,3.217
250380,2503803,25,Caldas Brandão,Nordeste,AGRESTE PARAIBANO,PB,PB-Caldas Brandão,Paraíba,1,Pequeno I,6.077
250390,2503902,25,Camalaú,Nordeste,BORBOREMA,PB,PB-Camalaú,Paraíba,1,Pequeno I,6.048
250400,2504009,25,Campina Grande,Nordeste,AGRESTE PARAIBANO,PB,PB-Campina Grande,Paraíba,4,Grande,413.830
250403,2504033,25,Capim,Nordeste,MATA PARAIBANA,PB,PB-Capim,Paraíba,1,Pequeno I,6.715
250407,2504074,25,Caraúbas,Nordeste,BORBOREMA,PB,PB-Caraúbas,Paraíba,1,Pequeno I,4.206
250410,2504108,25,Carrapateira,Nordeste,SERTAO PARAIBANO,PB,PB-Carrapateira,Paraíba,1,Pequeno I,2.714
250415,2504157,25,Casserengue,Nordeste,AGRESTE PARAIBANO,PB,PB-Casserengue,Paraíba,1,Pequeno I,7.530
250420,2504207,25,Catingueira,Nordeste,SERTAO PARAIBANO,PB,PB-Catingueira,Paraíba,1,Pequeno I,4.938
250430,2504306,25,Catolé do Rocha,Nordeste,SERTAO PARAIBANO,PB,PB-Catolé do Rocha,Paraíba,2,Pequeno II,30.819
250435,2504355,25,Caturité,Nordeste,BORBOREMA,PB,PB-Caturité,Paraíba,1,Pequeno I,4.898
250440,2504405,25,Conceição,Nordeste,SERTAO PARAIBANO,PB,PB-Conceição,Paraíba,1,Pequeno I,19.030
250450,2504504,25,Condado,Nordeste,SERTAO PARAIBANO,PB,PB-Condado,Paraíba,1,Pequeno I,6.662
250460,2504603,25,Conde,Nordeste,MATA PARAIBANA,PB,PB-Conde,Paraíba,2,Pequeno II,25.341
250470,2504702,25,Congo,Nordeste,BORBOREMA,PB,PB-Congo,Paraíba,1,Pequeno I,4.787
250480,2504801,25,Coremas,Nordeste,SERTAO PARAIBANO,PB,PB-Coremas,Paraíba,1,Pequeno I,15.438
250485,2504850,25,Coxixola,Nordeste,BORBOREMA,PB,PB-Coxixola,Paraíba,1,Pequeno I,1.948
250490,2504900,25,Cruz do Espírito Santo,Nordeste,MATA PARAIBANA,PB,PB-Cruz do Espírito Santo,Paraíba,1,Pequeno I,17.599
250500,2505006,25,Cubati,Nordeste,BORBOREMA,PB,PB-Cubati,Paraíba,1,Pequeno I,7.866
250510,2505105,25,Cuité,Nordeste,AGRESTE PARAIBANO,PB,PB-Cuité,Paraíba,1,Pequeno I,20.331
250520,2505204,25,Cuitegi,Nordeste,AGRESTE PARAIBANO,PB,PB-Cuitegi,Paraíba,1,Pequeno I,6.748
250523,2505238,25,Cuité de Mamanguape,Nordeste,MATA PARAIBANA,PB,PB-Cuité de Mamanguape,Paraíba,1,Pequeno I,6.360
250527,2505279,25,Curral de Cima,Nordeste,MATA PARAIBANA,PB,PB-Curral de Cima,Paraíba,1,Pequeno I,5.209
250530,2505303,25,Curral Velho,Nordeste,SERTAO PARAIBANO,PB,PB-Curral Velho,Paraíba,1,Pequeno I,2.508
250535,2505352,25,Damião,Nordeste,AGRESTE PARAIBANO,PB,PB-Damião,Paraíba,1,Pequeno I,5.409
250540,2505402,25,Desterro,Nordeste,SERTAO PARAIBANO,PB,PB-Desterro,Paraíba,1,Pequeno I,8.332
250550,2505501,25,Vista Serrana,Nordeste,SERTAO PARAIBANO,PB,PB-Vista Serrana,Paraíba,1,Pequeno I,3.850
250560,2505600,25,Diamante,Nordeste,SERTAO PARAIBANO,PB,PB-Diamante,Paraíba,1,Pequeno I,6.506
250570,2505709,25,Dona Inês,Nordeste,AGRESTE PARAIBANO,PB,PB-Dona Inês,Paraíba,1,Pequeno I,10.375
250580,2505808,25,Duas Estradas,Nordeste,AGRESTE PARAIBANO,PB,PB-Duas Estradas,Paraíba,1,Pequeno I,3.569
250590,2505907,25,Emas,Nordeste,SERTAO PARAIBANO,PB,PB-Emas,Paraíba,1,Pequeno I,3.556
250600,2506004,25,Esperança,Nordeste,AGRESTE PARAIBANO,PB,PB-Esperança,Paraíba,2,Pequeno II,33.386
250610,2506103,25,Fagundes,Nordeste,AGRESTE PARAIBANO,PB,PB-Fagundes,Paraíba,1,Pequeno I,11.180
250620,2506202,25,Frei Martinho,Nordeste,BORBOREMA,PB,PB-Frei Martinho,Paraíba,1,Pequeno I,2.989
250625,2506251,25,Gado Bravo,Nordeste,AGRESTE PARAIBANO,PB,PB-Gado Bravo,Paraíba,1,Pequeno I,8.292
250630,2506301,25,Guarabira,Nordeste,AGRESTE PARAIBANO,PB,PB-Guarabira,Paraíba,3,Médio,59.389
250640,2506400,25,Gurinhém,Nordeste,AGRESTE PARAIBANO,PB,PB-Gurinhém,Paraíba,1,Pequeno I,14.125
250650,2506509,25,Gurjão,Nordeste,BORBOREMA,PB,PB-Gurjão,Paraíba,1,Pequeno I,3.477
250660,2506608,25,Ibiara,Nordeste,SERTAO PARAIBANO,PB,PB-Ibiara,Paraíba,1,Pequeno I,5.877
250670,2506707,25,Imaculada,Nordeste,SERTAO PARAIBANO,PB,PB-Imaculada,Paraíba,1,Pequeno I,11.877
250680,2506806,25,Ingá,Nordeste,AGRESTE PARAIBANO,PB,PB-Ingá,Paraíba,1,Pequeno I,18.184
250690,2506905,25,Itabaiana,Nordeste,AGRESTE PARAIBANO,PB,PB-Itabaiana,Paraíba,2,Pequeno II,24.363
250700,2507002,25,Itaporanga,Nordeste,SERTAO PARAIBANO,PB,PB-Itaporanga,Paraíba,2,Pequeno II,24.960
250710,2507101,25,Itapororoca,Nordeste,MATA PARAIBANA,PB,PB-Itapororoca,Paraíba,1,Pequeno I,18.978
250720,2507200,25,Itatuba,Nordeste,AGRESTE PARAIBANO,PB,PB-Itatuba,Paraíba,1,Pequeno I,11.069
250730,2507309,25,Jacaraú,Nordeste,MATA PARAIBANA,PB,PB-Jacaraú,Paraíba,1,Pequeno I,14.467
250740,2507408,25,Jericó,Nordeste,SERTAO PARAIBANO,PB,PB-Jericó,Paraíba,1,Pequeno I,7.751
250750,2507507,25,João Pessoa,Nordeste,MATA PARAIBANA,PB,PB-João Pessoa,Paraíba,4,Grande,825.796
250760,2507606,25,Juarez Távora,Nordeste,AGRESTE PARAIBANO,PB,PB-Juarez Távora,Paraíba,1,Pequeno I,8.014
250770,2507705,25,Juazeirinho,Nordeste,BORBOREMA,PB,PB-Juazeirinho,Paraíba,1,Pequeno I,18.422
250780,2507804,25,Junco do Seridó,Nordeste,BORBOREMA,PB,PB-Junco do Seridó,Paraíba,1,Pequeno I,7.238
250790,2507903,25,Juripiranga,Nordeste,MATA PARAIBANA,PB,PB-Juripiranga,Paraíba,1,Pequeno I,10.830
250800,2508000,25,Juru,Nordeste,SERTAO PARAIBANO,PB,PB-Juru,Paraíba,1,Pequeno I,9.831
250810,2508109,25,Lagoa,Nordeste,SERTAO PARAIBANO,PB,PB-Lagoa,Paraíba,1,Pequeno I,4.640
250820,2508208,25,Lagoa de Dentro,Nordeste,AGRESTE PARAIBANO,PB,PB-Lagoa de Dentro,Paraíba,1,Pequeno I,7.754
250830,2508307,25,Lagoa Seca,Nordeste,AGRESTE PARAIBANO,PB,PB-Lagoa Seca,Paraíba,2,Pequeno II,27.728
250840,2508406,25,Lastro,Nordeste,SERTAO PARAIBANO,PB,PB-Lastro,Paraíba,1,Pequeno I,2.698
250850,2508505,25,Livramento,Nordeste,BORBOREMA,PB,PB-Livramento,Paraíba,1,Pequeno I,7.274
250855,2508554,25,Logradouro,Nordeste,AGRESTE PARAIBANO,PB,PB-Logradouro,Paraíba,1,Pequeno I,4.406
250860,2508604,25,Lucena,Nordeste,MATA PARAIBANA,PB,PB-Lucena,Paraíba,1,Pequeno I,13.344
250870,2508703,25,Mãe d'Água,Nordeste,SERTAO PARAIBANO,PB,PB-Mãe d'Água,Paraíba,1,Pequeno I,3.988
250880,2508802,25,Malta,Nordeste,SERTAO PARAIBANO,PB,PB-Malta,Paraíba,1,Pequeno I,5.745
250890,2508901,25,Mamanguape,Nordeste,MATA PARAIBANA,PB,PB-Mamanguape,Paraíba,2,Pequeno II,45.385
250900,2509008,25,Manaíra,Nordeste,SERTAO PARAIBANO,PB,PB-Manaíra,Paraíba,1,Pequeno I,10.988
250905,2509057,25,Marcação,Nordeste,MATA PARAIBANA,PB,PB-Marcação,Paraíba,1,Pequeno I,8.746
250910,2509107,25,Mari,Nordeste,MATA PARAIBANA,PB,PB-Mari,Paraíba,2,Pequeno II,21.895
250915,2509156,25,Marizópolis,Nordeste,SERTAO PARAIBANO,PB,PB-Marizópolis,Paraíba,1,Pequeno I,6.689
250920,2509206,25,Massaranduba,Nordeste,AGRESTE PARAIBANO,PB,PB-Massaranduba,Paraíba,1,Pequeno I,14.077
250930,2509305,25,Mataraca,Nordeste,MATA PARAIBANA,PB,PB-Mataraca,Paraíba,1,Pequeno I,8.642
250933,2509339,25,Matinhas,Nordeste,AGRESTE PARAIBANO,PB,PB-Matinhas,Paraíba,1,Pequeno I,4.528
250937,2509370,25,Mato Grosso,Nordeste,SERTAO PARAIBANO,PB,PB-Mato Grosso,Paraíba,1,Pequeno I,2.944
250939,2509396,25,Maturéia,Nordeste,SERTAO PARAIBANO,PB,PB-Maturéia,Paraíba,1,Pequeno I,6.690
250940,2509404,25,Mogeiro,Nordeste,AGRESTE PARAIBANO,PB,PB-Mogeiro,Paraíba,1,Pequeno I,13.238
250950,2509503,25,Montadas,Nordeste,AGRESTE PARAIBANO,PB,PB-Montadas,Paraíba,1,Pequeno I,5.806
250960,2509602,25,Monte Horebe,Nordeste,SERTAO PARAIBANO,PB,PB-Monte Horebe,Paraíba,1,Pequeno I,4.867
250970,2509701,25,Monteiro,Nordeste,BORBOREMA,PB,PB-Monteiro,Paraíba,2,Pequeno II,33.638
250980,2509800,25,Mulungu,Nordeste,AGRESTE PARAIBANO,PB,PB-Mulungu,Paraíba,1,Pequeno I,9.962
250990,2509909,25,Natuba,Nordeste,AGRESTE PARAIBANO,PB,PB-Natuba,Paraíba,1,Pequeno I,10.449
251000,2510006,25,Nazarezinho,Nordeste,SERTAO PARAIBANO,PB,PB-Nazarezinho,Paraíba,1,Pequeno I,7.271
251010,2510105,25,Nova Floresta,Nordeste,AGRESTE PARAIBANO,PB,PB-Nova Floresta,Paraíba,1,Pequeno I,10.614
251020,2510204,25,Nova Olinda,Nordeste,SERTAO PARAIBANO,PB,PB-Nova Olinda,Paraíba,1,Pequeno I,5.892
251030,2510303,25,Nova Palmeira,Nordeste,BORBOREMA,PB,PB-Nova Palmeira,Paraíba,1,Pequeno I,5.011
251040,2510402,25,Olho d'Água,Nordeste,SERTAO PARAIBANO,PB,PB-Olho d'Água,Paraíba,1,Pequeno I,6.399
251050,2510501,25,Olivedos,Nordeste,AGRESTE PARAIBANO,PB,PB-Olivedos,Paraíba,1,Pequeno I,3.989
251060,2510600,25,Ouro Velho,Nordeste,BORBOREMA,PB,PB-Ouro Velho,Paraíba,1,Pequeno I,3.052
251065,2510659,25,Parari,Nordeste,BORBOREMA,PB,PB-Parari,Paraíba,1,Pequeno I,1.747
251070,2510709,25,Passagem,Nordeste,SERTAO PARAIBANO,PB,PB-Passagem,Paraíba,1,Pequeno I,2.453
251080,2510808,25,Patos,Nordeste,SERTAO PARAIBANO,PB,PB-Patos,Paraíba,4,Grande,108.766
251090,2510907,25,Paulista,Nordeste,SERTAO PARAIBANO,PB,PB-Paulista,Paraíba,1,Pequeno I,12.411
251100,2511004,25,Pedra Branca,Nordeste,SERTAO PARAIBANO,PB,PB-Pedra Branca,Paraíba,1,Pequeno I,3.802
251110,2511103,25,Pedra Lavrada,Nordeste,BORBOREMA,PB,PB-Pedra Lavrada,Paraíba,1,Pequeno I,7.954
251120,2511202,25,Pedras de Fogo,Nordeste,MATA PARAIBANA,PB,PB-Pedras de Fogo,Paraíba,2,Pequeno II,28.607
251130,2511301,25,Piancó,Nordeste,SERTAO PARAIBANO,PB,PB-Piancó,Paraíba,1,Pequeno I,16.147
251140,2511400,25,Picuí,Nordeste,BORBOREMA,PB,PB-Picuí,Paraíba,1,Pequeno I,18.737
251150,2511509,25,Pilar,Nordeste,MATA PARAIBANA,PB,PB-Pilar,Paraíba,1,Pequeno I,12.036
251160,2511608,25,Pilões,Nordeste,AGRESTE PARAIBANO,PB,PB-Pilões,Paraíba,1,Pequeno I,6.518
251170,2511707,25,Pilõezinhos,Nordeste,AGRESTE PARAIBANO,PB,PB-Pilõezinhos,Paraíba,1,Pequeno I,4.937
251180,2511806,25,Pirpirituba,Nordeste,AGRESTE PARAIBANO,PB,PB-Pirpirituba,Paraíba,1,Pequeno I,10.590
251190,2511905,25,Pitimbu,Nordeste,MATA PARAIBANA,PB,PB-Pitimbu,Paraíba,1,Pequeno I,19.478
251200,2512002,25,Pocinhos,Nordeste,AGRESTE PARAIBANO,PB,PB-Pocinhos,Paraíba,1,Pequeno I,18.848
251203,2512036,25,Poço Dantas,Nordeste,SERTAO PARAIBANO,PB,PB-Poço Dantas,Paraíba,1,Pequeno I,3.877
251207,2512077,25,Poço de José de Moura,Nordeste,SERTAO PARAIBANO,PB,PB-Poço de José de Moura,Paraíba,1,Pequeno I,4.366
251210,2512101,25,Pombal,Nordeste,SERTAO PARAIBANO,PB,PB-Pombal,Paraíba,2,Pequeno II,32.803
251220,2512200,25,Prata,Nordeste,BORBOREMA,PB,PB-Prata,Paraíba,1,Pequeno I,4.265
251230,2512309,25,Princesa Isabel,Nordeste,SERTAO PARAIBANO,PB,PB-Princesa Isabel,Paraíba,2,Pequeno II,23.749
251240,2512408,25,Puxinanã,Nordeste,AGRESTE PARAIBANO,PB,PB-Puxinanã,Paraíba,1,Pequeno I,13.801
251250,2512507,25,Queimadas,Nordeste,AGRESTE PARAIBANO,PB,PB-Queimadas,Paraíba,2,Pequeno II,44.388
251260,2512606,25,Quixaba,Nordeste,SERTAO PARAIBANO,PB,PB-Quixaba,Paraíba,1,Pequeno I,2.009
251270,2512705,25,Remígio,Nordeste,AGRESTE PARAIBANO,PB,PB-Remígio,Paraíba,1,Pequeno I,19.973
251272,2512721,25,Pedro Régis,Nordeste,MATA PARAIBANA,PB,PB-Pedro Régis,Paraíba,1,Pequeno I,6.139
251274,2512747,25,Riachão,Nordeste,AGRESTE PARAIBANO,PB,PB-Riachão,Paraíba,1,Pequeno I,3.650
251275,2512754,25,Riachão do Bacamarte,Nordeste,AGRESTE PARAIBANO,PB,PB-Riachão do Bacamarte,Paraíba,1,Pequeno I,4.562
251276,2512762,25,Riachão do Poço,Nordeste,MATA PARAIBANA,PB,PB-Riachão do Poço,Paraíba,1,Pequeno I,4.571
251278,2512788,25,Riacho de Santo Antônio,Nordeste,BORBOREMA,PB,PB-Riacho de Santo Antônio,Paraíba,1,Pequeno I,1.999
251280,2512804,25,Riacho dos Cavalos,Nordeste,SERTAO PARAIBANO,PB,PB-Riacho dos Cavalos,Paraíba,1,Pequeno I,8.555
251290,2512903,25,Rio Tinto,Nordeste,MATA PARAIBANA,PB,PB-Rio Tinto,Paraíba,2,Pequeno II,24.258
251300,2513000,25,Salgadinho,Nordeste,BORBOREMA,PB,PB-Salgadinho,Paraíba,1,Pequeno I,3.975
251310,2513109,25,Salgado de São Félix,Nordeste,AGRESTE PARAIBANO,PB,PB-Salgado de São Félix,Paraíba,1,Pequeno I,12.123
251315,2513158,25,Santa Cecília,Nordeste,AGRESTE PARAIBANO,PB,PB-Santa Cecília,Paraíba,1,Pequeno I,6.526
251320,2513208,25,Santa Cruz,Nordeste,SERTAO PARAIBANO,PB,PB-Santa Cruz,Paraíba,1,Pequeno I,6.579
251330,2513307,25,Santa Helena,Nordeste,SERTAO PARAIBANO,PB,PB-Santa Helena,Paraíba,1,Pequeno I,5.853
251335,2513356,25,Santa Inês,Nordeste,SERTAO PARAIBANO,PB,PB-Santa Inês,Paraíba,1,Pequeno I,3.591
251340,2513406,25,Santa Luzia,Nordeste,BORBOREMA,PB,PB-Santa Luzia,Paraíba,1,Pequeno I,15.470
251350,2513505,25,Santana de Mangueira,Nordeste,SERTAO PARAIBANO,PB,PB-Santana de Mangueira,Paraíba,1,Pequeno I,5.098
251360,2513604,25,Santana dos Garrotes,Nordeste,SERTAO PARAIBANO,PB,PB-Santana dos Garrotes,Paraíba,1,Pequeno I,6.942
251365,2513653,25,Joca Claudino,Nordeste,SERTAO PARAIBANO,PB,PB-Joca Claudino,Paraíba,1,Pequeno I,2.640
251370,2513703,25,Santa Rita,Nordeste,MATA PARAIBANA,PB,PB-Santa Rita,Paraíba,4,Grande,138.093
251380,2513802,25,Santa Teresinha,Nordeste,SERTAO PARAIBANO,PB,PB-Santa Teresinha,Paraíba,1,Pequeno I,4.550
251385,2513851,25,Santo André,Nordeste,BORBOREMA,PB,PB-Santo André,Paraíba,1,Pequeno I,2.496
251390,2513901,25,São Bento,Nordeste,SERTAO PARAIBANO,PB,PB-São Bento,Paraíba,2,Pequeno II,34.650
251392,2513927,25,São Bentinho,Nordeste,SERTAO PARAIBANO,PB,PB-São Bentinho,Paraíba,1,Pequeno I,4.602
251394,2513943,25,São Domingos do Cariri,Nordeste,BORBOREMA,PB,PB-São Domingos do Cariri,Paraíba,1,Pequeno I,2.645
251396,2513968,25,São Domingos,Nordeste,SERTAO PARAIBANO,PB,PB-São Domingos,Paraíba,1,Pequeno I,3.119
251398,2513984,25,São Francisco,Nordeste,SERTAO PARAIBANO,PB,PB-São Francisco,Paraíba,1,Pequeno I,3.377
251400,2514008,25,São João do Cariri,Nordeste,BORBOREMA,PB,PB-São João do Cariri,Paraíba,1,Pequeno I,4.170
251410,2514107,25,São João do Tigre,Nordeste,BORBOREMA,PB,PB-São João do Tigre,Paraíba,1,Pequeno I,4.408
251420,2514206,25,São José da Lagoa Tapada,Nordeste,SERTAO PARAIBANO,PB,PB-São José da Lagoa Tapada,Paraíba,1,Pequeno I,7.622
251430,2514305,25,São José de Caiana,Nordeste,SERTAO PARAIBANO,PB,PB-São José de Caiana,Paraíba,1,Pequeno I,6.394
251440,2514404,25,São José de Espinharas,Nordeste,SERTAO PARAIBANO,PB,PB-São José de Espinharas,Paraíba,1,Pequeno I,4.631
251445,2514453,25,São José dos Ramos,Nordeste,MATA PARAIBANA,PB,PB-São José dos Ramos,Paraíba,1,Pequeno I,6.037
251450,2514503,25,São José de Piranhas,Nordeste,SERTAO PARAIBANO,PB,PB-São José de Piranhas,Paraíba,1,Pequeno I,20.406
251455,2514552,25,São José de Princesa,Nordeste,SERTAO PARAIBANO,PB,PB-São José de Princesa,Paraíba,1,Pequeno I,3.898
251460,2514602,25,São José do Bonfim,Nordeste,SERTAO PARAIBANO,PB,PB-São José do Bonfim,Paraíba,1,Pequeno I,3.619
251465,2514651,25,São José do Brejo do Cruz,Nordeste,SERTAO PARAIBANO,PB,PB-São José do Brejo do Cruz,Paraíba,1,Pequeno I,1.821
251470,2514701,25,São José do Sabugi,Nordeste,BORBOREMA,PB,PB-São José do Sabugi,Paraíba,1,Pequeno I,4.153
251480,2514800,25,São José dos Cordeiros,Nordeste,BORBOREMA,PB,PB-São José dos Cordeiros,Paraíba,1,Pequeno I,3.607
251490,2514909,25,São Mamede,Nordeste,BORBOREMA,PB,PB-São Mamede,Paraíba,1,Pequeno I,7.682
251500,2515005,25,São Miguel de Taipu,Nordeste,MATA PARAIBANA,PB,PB-São Miguel de Taipu,Paraíba,1,Pequeno I,7.450
251510,2515104,25,São Sebastião de Lagoa de Roça,Nordeste,AGRESTE PARAIBANO,PB,PB-São Sebastião de Lagoa de Roça,Paraíba,1,Pequeno I,11.793
251520,2515203,25,São Sebastião do Umbuzeiro,Nordeste,BORBOREMA,PB,PB-São Sebastião do Umbuzeiro,Paraíba,1,Pequeno I,3.534
251530,2515302,25,Sapé,Nordeste,MATA PARAIBANA,PB,PB-Sapé,Paraíba,3,Médio,52.977
251540,2515401,25,São Vicente do Seridó,Nordeste,BORBOREMA,PB,PB-São Vicente do Seridó,Paraíba,1,Pequeno I,10.919
251550,2515500,25,Serra Branca,Nordeste,BORBOREMA,PB,PB-Serra Branca,Paraíba,1,Pequeno I,13.807
251560,2515609,25,Serra da Raiz,Nordeste,AGRESTE PARAIBANO,PB,PB-Serra da Raiz,Paraíba,1,Pequeno I,3.114
251570,2515708,25,Serra Grande,Nordeste,SERTAO PARAIBANO,PB,PB-Serra Grande,Paraíba,1,Pequeno I,2.921
251580,2515807,25,Serra Redonda,Nordeste,AGRESTE PARAIBANO,PB,PB-Serra Redonda,Paraíba,1,Pequeno I,7.001
251590,2515906,25,Serraria,Nordeste,AGRESTE PARAIBANO,PB,PB-Serraria,Paraíba,1,Pequeno I,6.037
251593,2515930,25,Sertãozinho,Nordeste,AGRESTE PARAIBANO,PB,PB-Sertãozinho,Paraíba,1,Pequeno I,5.152
251597,2515971,25,Sobrado,Nordeste,MATA PARAIBANA,PB,PB-Sobrado,Paraíba,1,Pequeno I,7.845
251600,2516003,25,Solânea,Nordeste,AGRESTE PARAIBANO,PB,PB-Solânea,Paraíba,2,Pequeno II,26.051
251610,2516102,25,Soledade,Nordeste,AGRESTE PARAIBANO,PB,PB-Soledade,Paraíba,1,Pequeno I,15.211
251615,2516151,25,Sossêgo,Nordeste,AGRESTE PARAIBANO,PB,PB-Sossêgo,Paraíba,1,Pequeno I,3.631
251620,2516201,25,Sousa,Nordeste,SERTAO PARAIBANO,PB,PB-Sousa,Paraíba,3,Médio,69.997
251630,2516300,25,Sumé,Nordeste,BORBOREMA,PB,PB-Sumé,Paraíba,1,Pequeno I,17.096
251640,2516409,25,Tacima,Nordeste,AGRESTE PARAIBANO,PB,PB-Tacima,Paraíba,1,Pequeno I,11.024
251650,2516508,25,Taperoá,Nordeste,BORBOREMA,PB,PB-Taperoá,Paraíba,1,Pequeno I,15.505
251660,2516607,25,Tavares,Nordeste,SERTAO PARAIBANO,PB,PB-Tavares,Paraíba,1,Pequeno I,14.791
251670,2516706,25,Teixeira,Nordeste,SERTAO PARAIBANO,PB,PB-Teixeira,Paraíba,1,Pequeno I,15.333
251675,2516755,25,Tenório,Nordeste,BORBOREMA,PB,PB-Tenório,Paraíba,1,Pequeno I,3.103
251680,2516805,25,Triunfo,Nordeste,SERTAO PARAIBANO,PB,PB-Triunfo,Paraíba,1,Pequeno I,9.473
251690,2516904,25,Uiraúna,Nordeste,SERTAO PARAIBANO,PB,PB-Uiraúna,Paraíba,1,Pequeno I,15.356
251700,2517001,25,Umbuzeiro,Nordeste,AGRESTE PARAIBANO,PB,PB-Umbuzeiro,Paraíba,1,Pequeno I,9.914
251710,2517100,25,Várzea,Nordeste,BORBOREMA,PB,PB-Várzea,Paraíba,1,Pequeno I,2.870
251720,2517209,25,Vieirópolis,Nordeste,SERTAO PARAIBANO,PB,PB-Vieirópolis,Paraíba,1,Pequeno I,5.395
251740,2517407,25,Zabelê,Nordeste,BORBOREMA,PB,PB-Zabelê,Paraíba,1,Pequeno I,2.269
260005,2600054,26,Abreu e Lima,Nordeste,METROPOLITANA DE RECIFE,PE,PE-Abreu e Lima,Pernambuco,3,Médio,100.698
260010,2600104,26,Afogados da Ingazeira,Nordeste,SERTAO PERNAMBUCANO,PE,PE-Afogados da Ingazeira,Pernambuco,2,Pequeno II,37.546
260020,2600203,26,Afrânio,Nordeste,SAO FRANCISCO PERNAMBUCANO,PE,PE-Afrânio,Pernambuco,1,Pequeno I,19.981
260030,2600302,26,Agrestina,Nordeste,AGRESTE PERNAMBUCANO,PE,PE-Agrestina,Pernambuco,2,Pequeno II,25.240
260040,2600401,26,Água Preta,Nordeste,MATA PERNAMBUCANA,PE,PE-Água Preta,Pernambuco,2,Pequeno II,37.386
260050,2600500,26,Águas Belas,Nordeste,AGRESTE PERNAMBUCANO,PE,PE-Águas Belas,Pernambuco,2,Pequeno II,43.923
260060,2600609,26,Alagoinha,Nordeste,AGRESTE PERNAMBUCANO,PE,PE-Alagoinha,Pernambuco,1,Pequeno I,14.798
260070,2600708,26,Aliança,Nordeste,MATA PERNAMBUCANA,PE,PE-Aliança,Pernambuco,2,Pequeno II,38.408
260080,2600807,26,Altinho,Nordeste,AGRESTE PERNAMBUCANO,PE,PE-Altinho,Pernambuco,2,Pequeno II,22.996
260090,2600906,26,Amaraji,Nordeste,MATA PERNAMBUCANA,PE,PE-Amaraji,Pernambuco,1,Pequeno I,22.910
260100,2601003,26,Angelim,Nordeste,AGRESTE PERNAMBUCANO,PE,PE-Angelim,Pernambuco,1,Pequeno I,11.301
260105,2601052,26,Araçoiaba,Nordeste,METROPOLITANA DE RECIFE,PE,PE-Araçoiaba,Pernambuco,1,Pequeno I,20.936
260110,2601102,26,Araripina,Nordeste,SERTAO PERNAMBUCANO,PE,PE-Araripina,Pernambuco,3,Médio,85.301
260120,2601201,26,Arcoverde,Nordeste,SERTAO PERNAMBUCANO,PE,PE-Arcoverde,Pernambuco,3,Médio,75.295
260130,2601300,26,Barra de Guabiraba,Nordeste,AGRESTE PERNAMBUCANO,PE,PE-Barra de Guabiraba,Pernambuco,1,Pequeno I,14.632
260140,2601409,26,Barreiros,Nordeste,MATA PERNAMBUCANA,PE,PE-Barreiros,Pernambuco,2,Pequeno II,42.866
260150,2601508,26,Belém de Maria,Nordeste,MATA PERNAMBUCANA,PE,PE-Belém de Maria,Pernambuco,1,Pequeno I,12.169
260160,2601607,26,Belém do São Francisco,Nordeste,SAO FRANCISCO PERNAMBUCANO,PE,PE-Belém do São Francisco,Pernambuco,1,Pequeno I,20.730
260170,2601706,26,Belo Jardim,Nordeste,AGRESTE PERNAMBUCANO,PE,PE-Belo Jardim,Pernambuco,3,Médio,76.930
260180,2601805,26,Betânia,Nordeste,SERTAO PERNAMBUCANO,PE,PE-Betânia,Pernambuco,1,Pequeno I,12.811
260190,2601904,26,Bezerros,Nordeste,AGRESTE PERNAMBUCANO,PE,PE-Bezerros,Pernambuco,3,Médio,60.960
260200,2602001,26,Bodocó,Nordeste,SERTAO PERNAMBUCANO,PE,PE-Bodocó,Pernambuco,2,Pequeno II,38.605
260210,2602100,26,Bom Conselho,Nordeste,AGRESTE PERNAMBUCANO,PE,PE-Bom Conselho,Pernambuco,2,Pequeno II,48.975
260220,2602209,26,Bom Jardim,Nordeste,AGRESTE PERNAMBUCANO,PE,PE-Bom Jardim,Pernambuco,2,Pequeno II,40.038
260230,2602308,26,Bonito,Nordeste,AGRESTE PERNAMBUCANO,PE,PE-Bonito,Pernambuco,2,Pequeno II,38.101
260240,2602407,26,Brejão,Nordeste,AGRESTE PERNAMBUCANO,PE,PE-Brejão,Pernambuco,1,Pequeno I,8.981
260250,2602506,26,Brejinho,Nordeste,SERTAO PERNAMBUCANO,PE,PE-Brejinho,Pernambuco,1,Pequeno I,7.489
260260,2602605,26,Brejo da Madre de Deus,Nordeste,AGRESTE PERNAMBUCANO,PE,PE-Brejo da Madre de Deus,Pernambuco,2,Pequeno II,51.696
260270,2602704,26,Buenos Aires,Nordeste,MATA PERNAMBUCANA,PE,PE-Buenos Aires,Pernambuco,1,Pequeno I,13.224
260280,2602803,26,Buíque,Nordeste,AGRESTE PERNAMBUCANO,PE,PE-Buíque,Pernambuco,3,Médio,59.448
260290,2602902,26,Cabo de Santo Agostinho,Nordeste,METROPOLITANA DE RECIFE,PE,PE-Cabo de Santo Agostinho,Pernambuco,4,Grande,210.796
260300,2603009,26,Cabrobó,Nordeste,SAO FRANCISCO PERNAMBUCANO,PE,PE-Cabrobó,Pernambuco,2,Pequeno II,34.778
260310,2603108,26,Cachoeirinha,Nordeste,AGRESTE PERNAMBUCANO,PE,PE-Cachoeirinha,Pernambuco,1,Pequeno I,20.618
260320,2603207,26,Caetés,Nordeste,AGRESTE PERNAMBUCANO,PE,PE-Caetés,Pernambuco,2,Pequeno II,29.065
260330,2603306,26,Calçado,Nordeste,AGRESTE PERNAMBUCANO,PE,PE-Calçado,Pernambuco,1,Pequeno I,10.983
260340,2603405,26,Calumbi,Nordeste,SERTAO PERNAMBUCANO,PE,PE-Calumbi,Pernambuco,1,Pequeno I,5.744
260345,2603454,26,Camaragibe,Nordeste,METROPOLITANA DE RECIFE,PE,PE-Camaragibe,Pernambuco,4,Grande,159.945
260350,2603504,26,Camocim de São Félix,Nordeste,AGRESTE PERNAMBUCANO,PE,PE-Camocim de São Félix,Pernambuco,1,Pequeno I,19.032
260360,2603603,26,Camutanga,Nordeste,MATA PERNAMBUCANA,PE,PE-Camutanga,Pernambuco,1,Pequeno I,8.592
260370,2603702,26,Canhotinho,Nordeste,AGRESTE PERNAMBUCANO,PE,PE-Canhotinho,Pernambuco,2,Pequeno II,24.743
260380,2603801,26,Capoeiras,Nordeste,AGRESTE PERNAMBUCANO,PE,PE-Capoeiras,Pernambuco,1,Pequeno I,20.048
260390,2603900,26,Carnaíba,Nordeste,SERTAO PERNAMBUCANO,PE,PE-Carnaíba,Pernambuco,1,Pequeno I,19.666
260392,2603926,26,Carnaubeira da Penha,Nordeste,SAO FRANCISCO PERNAMBUCANO,PE,PE-Carnaubeira da Penha,Pernambuco,1,Pequeno I,13.117
260400,2604007,26,Carpina,Nordeste,MATA PERNAMBUCANA,PE,PE-Carpina,Pernambuco,3,Médio,85.131
260410,2604106,26,Caruaru,Nordeste,AGRESTE PERNAMBUCANO,PE,PE-Caruaru,Pernambuco,4,Grande,369.343
260415,2604155,26,Casinhas,Nordeste,AGRESTE PERNAMBUCANO,PE,PE-Casinhas,Pernambuco,1,Pequeno I,14.395
260420,2604205,26,Catende,Nordeste,MATA PERNAMBUCANA,PE,PE-Catende,Pernambuco,2,Pequeno II,43.778
260430,2604304,26,Cedro,Nordeste,SERTAO PERNAMBUCANO,PE,PE-Cedro,Pernambuco,1,Pequeno I,11.972
260440,2604403,26,Chã de Alegria,Nordeste,MATA PERNAMBUCANA,PE,PE-Chã de Alegria,Pernambuco,1,Pequeno I,13.641
260450,2604502,26,Chã Grande,Nordeste,MATA PERNAMBUCANA,PE,PE-Chã Grande,Pernambuco,2,Pequeno II,21.929
260460,2604601,26,Condado,Nordeste,MATA PERNAMBUCANA,PE,PE-Condado,Pernambuco,2,Pequeno II,26.755
260470,2604700,26,Correntes,Nordeste,AGRESTE PERNAMBUCANO,PE,PE-Correntes,Pernambuco,1,Pequeno I,18.327
260480,2604809,26,Cortês,Nordeste,MATA PERNAMBUCANA,PE,PE-Cortês,Pernambuco,1,Pequeno I,12.543
260490,2604908,26,Cumaru,Nordeste,AGRESTE PERNAMBUCANO,PE,PE-Cumaru,Pernambuco,1,Pequeno I,9.494
260500,2605004,26,Cupira,Nordeste,AGRESTE PERNAMBUCANO,PE,PE-Cupira,Pernambuco,2,Pequeno II,24.237
260510,2605103,26,Custódia,Nordeste,SERTAO PERNAMBUCANO,PE,PE-Custódia,Pernambuco,2,Pequeno II,37.633
260515,2605152,26,Dormentes,Nordeste,SAO FRANCISCO PERNAMBUCANO,PE,PE-Dormentes,Pernambuco,1,Pequeno I,19.246
260520,2605202,26,Escada,Nordeste,MATA PERNAMBUCANA,PE,PE-Escada,Pernambuco,3,Médio,69.701
260530,2605301,26,Exu,Nordeste,SERTAO PERNAMBUCANO,PE,PE-Exu,Pernambuco,2,Pequeno II,31.709
260540,2605400,26,Feira Nova,Nordeste,AGRESTE PERNAMBUCANO,PE,PE-Feira Nova,Pernambuco,2,Pequeno II,22.360
260545,2605459,26,Fernando de Noronha,Nordeste,METROPOLITANA DE RECIFE,PE,PE-Fernando de Noronha,Pernambuco,1,Pequeno I,3.140
260550,2605509,26,Ferreiros,Nordeste,MATA PERNAMBUCANA,PE,PE-Ferreiros,Pernambuco,1,Pequeno I,12.216
260560,2605608,26,Flores,Nordeste,SERTAO PERNAMBUCANO,PE,PE-Flores,Pernambuco,2,Pequeno II,22.612
260570,2605707,26,Floresta,Nordeste,SAO FRANCISCO PERNAMBUCANO,PE,PE-Floresta,Pernambuco,2,Pequeno II,33.488
260580,2605806,26,Frei Miguelinho,Nordeste,AGRESTE PERNAMBUCANO,PE,PE-Frei Miguelinho,Pernambuco,1,Pequeno I,15.633
260590,2605905,26,Gameleira,Nordeste,MATA PERNAMBUCANA,PE,PE-Gameleira,Pernambuco,1,Pequeno I,31.578
260600,2606002,26,Garanhuns,Nordeste,AGRESTE PERNAMBUCANO,PE,PE-Garanhuns,Pernambuco,4,Grande,141.347
260610,2606101,26,Glória do Goitá,Nordeste,MATA PERNAMBUCANA,PE,PE-Glória do Goitá,Pernambuco,2,Pequeno II,30.847
260620,2606200,26,Goiana,Nordeste,MATA PERNAMBUCANA,PE,PE-Goiana,Pernambuco,3,Médio,80.345
260630,2606309,26,Granito,Nordeste,SERTAO PERNAMBUCANO,PE,PE-Granito,Pernambuco,1,Pequeno I,7.586
260640,2606408,26,Gravatá,Nordeste,AGRESTE PERNAMBUCANO,PE,PE-Gravatá,Pernambuco,3,Médio,85.309
260650,2606507,26,Iati,Nordeste,AGRESTE PERNAMBUCANO,PE,PE-Iati,Pernambuco,1,Pequeno I,19.284
260660,2606606,26,Ibimirim,Nordeste,SERTAO PERNAMBUCANO,PE,PE-Ibimirim,Pernambuco,2,Pequeno II,29.585
260670,2606705,26,Ibirajuba,Nordeste,AGRESTE PERNAMBUCANO,PE,PE-Ibirajuba,Pernambuco,1,Pequeno I,7.773
260680,2606804,26,Igarassu,Nordeste,METROPOLITANA DE RECIFE,PE,PE-Igarassu,Pernambuco,4,Grande,119.690
260690,2606903,26,Iguaracy,Nordeste,SERTAO PERNAMBUCANO,PE,PE-Iguaracy,Pernambuco,1,Pequeno I,12.265
260700,2607000,26,Inajá,Nordeste,SERTAO PERNAMBUCANO,PE,PE-Inajá,Pernambuco,2,Pequeno II,24.034
260710,2607109,26,Ingazeira,Nordeste,SERTAO PERNAMBUCANO,PE,PE-Ingazeira,Pernambuco,1,Pequeno I,4.537
260720,2607208,26,Ipojuca,Nordeste,METROPOLITANA DE RECIFE,PE,PE-Ipojuca,Pernambuco,3,Médio,99.101
260730,2607307,26,Ipubi,Nordeste,SERTAO PERNAMBUCANO,PE,PE-Ipubi,Pernambuco,2,Pequeno II,31.515
260740,2607406,26,Itacuruba,Nordeste,SAO FRANCISCO PERNAMBUCANO,PE,PE-Itacuruba,Pernambuco,1,Pequeno I,5.013
260750,2607505,26,Itaíba,Nordeste,AGRESTE PERNAMBUCANO,PE,PE-Itaíba,Pernambuco,2,Pequeno II,26.268
260760,2607604,26,Ilha de Itamaracá,Nordeste,METROPOLITANA DE RECIFE,PE,PE-Ilha de Itamaracá,Pernambuco,2,Pequeno II,27.076
260765,2607653,26,Itambé,Nordeste,MATA PERNAMBUCANA,PE,PE-Itambé,Pernambuco,2,Pequeno II,36.495
260770,2607703,26,Itapetim,Nordeste,SERTAO PERNAMBUCANO,PE,PE-Itapetim,Pernambuco,1,Pequeno I,13.492
260775,2607752,26,Itapissuma,Nordeste,METROPOLITANA DE RECIFE,PE,PE-Itapissuma,Pernambuco,2,Pequeno II,27.144
260780,2607802,26,Itaquitinga,Nordeste,MATA PERNAMBUCANA,PE,PE-Itaquitinga,Pernambuco,1,Pequeno I,17.056
260790,2607901,26,Jaboatão dos Guararapes,Nordeste,METROPOLITANA DE RECIFE,PE,PE-Jaboatão dos Guararapes,Pernambuco,4,Grande,711.330
260795,2607950,26,Jaqueira,Nordeste,MATA PERNAMBUCANA,PE,PE-Jaqueira,Pernambuco,1,Pequeno I,11.632
260800,2608008,26,Jataúba,Nordeste,AGRESTE PERNAMBUCANO,PE,PE-Jataúba,Pernambuco,1,Pequeno I,17.305
260805,2608057,26,Jatobá,Nordeste,SAO FRANCISCO PERNAMBUCANO,PE,PE-Jatobá,Pernambuco,1,Pequeno I,14.904
260810,2608107,26,João Alfredo,Nordeste,AGRESTE PERNAMBUCANO,PE,PE-João Alfredo,Pernambuco,2,Pequeno II,33.570
260820,2608206,26,Joaquim Nabuco,Nordeste,MATA PERNAMBUCANA,PE,PE-Joaquim Nabuco,Pernambuco,1,Pequeno I,15.999
260825,2608255,26,Jucati,Nordeste,AGRESTE PERNAMBUCANO,PE,PE-Jucati,Pernambuco,1,Pequeno I,11.545
260830,2608305,26,Jupi,Nordeste,AGRESTE PERNAMBUCANO,PE,PE-Jupi,Pernambuco,1,Pequeno I,15.007
260840,2608404,26,Jurema,Nordeste,AGRESTE PERNAMBUCANO,PE,PE-Jurema,Pernambuco,1,Pequeno I,15.483
260845,2608453,26,Lagoa do Carro,Nordeste,MATA PERNAMBUCANA,PE,PE-Lagoa do Carro,Pernambuco,1,Pequeno I,18.429
260850,2608503,26,Lagoa de Itaenga,Nordeste,MATA PERNAMBUCANA,PE,PE-Lagoa de Itaenga,Pernambuco,1,Pequeno I,21.490
260860,2608602,26,Lagoa do Ouro,Nordeste,AGRESTE PERNAMBUCANO,PE,PE-Lagoa do Ouro,Pernambuco,1,Pequeno I,13.300
260870,2608701,26,Lagoa dos Gatos,Nordeste,AGRESTE PERNAMBUCANO,PE,PE-Lagoa dos Gatos,Pernambuco,1,Pequeno I,16.345
260875,2608750,26,Lagoa Grande,Nordeste,SAO FRANCISCO PERNAMBUCANO,PE,PE-Lagoa Grande,Pernambuco,2,Pequeno II,26.090
260880,2608800,26,Lajedo,Nordeste,AGRESTE PERNAMBUCANO,PE,PE-Lajedo,Pernambuco,2,Pequeno II,40.883
260890,2608909,26,Limoeiro,Nordeste,AGRESTE PERNAMBUCANO,PE,PE-Limoeiro,Pernambuco,3,Médio,56.149
260900,2609006,26,Macaparana,Nordeste,MATA PERNAMBUCANA,PE,PE-Macaparana,Pernambuco,2,Pequeno II,25.565
260910,2609105,26,Machados,Nordeste,AGRESTE PERNAMBUCANO,PE,PE-Machados,Pernambuco,1,Pequeno I,16.549
260915,2609154,26,Manari,Nordeste,SERTAO PERNAMBUCANO,PE,PE-Manari,Pernambuco,2,Pequeno II,22.110
260920,2609204,26,Maraial,Nordeste,MATA PERNAMBUCANA,PE,PE-Maraial,Pernambuco,1,Pequeno I,11.098
260930,2609303,26,Mirandiba,Nordeste,SERTAO PERNAMBUCANO,PE,PE-Mirandiba,Pernambuco,1,Pequeno I,15.548
260940,2609402,26,Moreno,Nordeste,METROPOLITANA DE RECIFE,PE,PE-Moreno,Pernambuco,3,Médio,63.792
260950,2609501,26,Nazaré da Mata,Nordeste,MATA PERNAMBUCANA,PE,PE-Nazaré da Mata,Pernambuco,2,Pequeno II,32.673
260960,2609600,26,Olinda,Nordeste,METROPOLITANA DE RECIFE,PE,PE-Olinda,Pernambuco,4,Grande,393.734
260970,2609709,26,Orobó,Nordeste,AGRESTE PERNAMBUCANO,PE,PE-Orobó,Pernambuco,2,Pequeno II,23.985
260980,2609808,26,Orocó,Nordeste,SAO FRANCISCO PERNAMBUCANO,PE,PE-Orocó,Pernambuco,1,Pequeno I,15.309
260990,2609907,26,Ouricuri,Nordeste,SERTAO PERNAMBUCANO,PE,PE-Ouricuri,Pernambuco,3,Médio,70.466
261000,2610004,26,Palmares,Nordeste,MATA PERNAMBUCANA,PE,PE-Palmares,Pernambuco,3,Médio,63.745
261010,2610103,26,Palmeirina,Nordeste,AGRESTE PERNAMBUCANO,PE,PE-Palmeirina,Pernambuco,1,Pequeno I,7.509
261020,2610202,26,Panelas,Nordeste,AGRESTE PERNAMBUCANO,PE,PE-Panelas,Pernambuco,2,Pequeno II,26.438
261030,2610301,26,Paranatama,Nordeste,AGRESTE PERNAMBUCANO,PE,PE-Paranatama,Pernambuco,1,Pequeno I,11.608
261040,2610400,26,Parnamirim,Nordeste,SERTAO PERNAMBUCANO,PE,PE-Parnamirim,Pernambuco,1,Pequeno I,22.198
261050,2610509,26,Passira,Nordeste,AGRESTE PERNAMBUCANO,PE,PE-Passira,Pernambuco,2,Pequeno II,28.856
261060,2610608,26,Paudalho,Nordeste,MATA PERNAMBUCANA,PE,PE-Paudalho,Pernambuco,3,Médio,57.346
261070,2610707,26,Paulista,Nordeste,METROPOLITANA DE RECIFE,PE,PE-Paulista,Pernambuco,4,Grande,336.919
261080,2610806,26,Pedra,Nordeste,AGRESTE PERNAMBUCANO,PE,PE-Pedra,Pernambuco,2,Pequeno II,22.716
261090,2610905,26,Pesqueira,Nordeste,AGRESTE PERNAMBUCANO,PE,PE-Pesqueira,Pernambuco,3,Médio,68.067
261100,2611002,26,Petrolândia,Nordeste,SAO FRANCISCO PERNAMBUCANO,PE,PE-Petrolândia,Pernambuco,2,Pequeno II,37.246
261110,2611101,26,Petrolina,Nordeste,SAO FRANCISCO PERNAMBUCANO,PE,PE-Petrolina,Pernambuco,4,Grande,359.372
261120,2611200,26,Poção,Nordeste,AGRESTE PERNAMBUCANO,PE,PE-Poção,Pernambuco,1,Pequeno I,11.308
261130,2611309,26,Pombos,Nordeste,MATA PERNAMBUCANA,PE,PE-Pombos,Pernambuco,2,Pequeno II,27.204
261140,2611408,26,Primavera,Nordeste,MATA PERNAMBUCANA,PE,PE-Primavera,Pernambuco,1,Pequeno I,15.231
261150,2611507,26,Quipapá,Nordeste,MATA PERNAMBUCANA,PE,PE-Quipapá,Pernambuco,1,Pequeno I,26.309
261153,2611533,26,Quixaba,Nordeste,SERTAO PERNAMBUCANO,PE,PE-Quixaba,Pernambuco,1,Pequeno I,6.796
261160,2611606,26,Recife,Nordeste,METROPOLITANA DE RECIFE,PE,PE-Recife,Pernambuco,5,Metrópole,1.661.017
261170,2611705,26,Riacho das Almas,Nordeste,AGRESTE PERNAMBUCANO,PE,PE-Riacho das Almas,Pernambuco,2,Pequeno II,20.744
261180,2611804,26,Ribeirão,Nordeste,MATA PERNAMBUCANA,PE,PE-Ribeirão,Pernambuco,2,Pequeno II,47.813
261190,2611903,26,Rio Formoso,Nordeste,MATA PERNAMBUCANA,PE,PE-Rio Formoso,Pernambuco,2,Pequeno II,23.719
261200,2612000,26,Sairé,Nordeste,AGRESTE PERNAMBUCANO,PE,PE-Sairé,Pernambuco,1,Pequeno I,9.600
261210,2612109,26,Salgadinho,Nordeste,AGRESTE PERNAMBUCANO,PE,PE-Salgadinho,Pernambuco,1,Pequeno I,11.214
261220,2612208,26,Salgueiro,Nordeste,SERTAO PERNAMBUCANO,PE,PE-Salgueiro,Pernambuco,3,Médio,61.561
261230,2612307,26,Saloá,Nordeste,AGRESTE PERNAMBUCANO,PE,PE-Saloá,Pernambuco,1,Pequeno I,15.880
261240,2612406,26,Sanharó,Nordeste,AGRESTE PERNAMBUCANO,PE,PE-Sanharó,Pernambuco,1,Pequeno I,27.308
261245,2612455,26,Santa Cruz,Nordeste,SERTAO PERNAMBUCANO,PE,PE-Santa Cruz,Pernambuco,1,Pequeno I,15.713
261247,2612471,26,Santa Cruz da Baixa Verde,Nordeste,SERTAO PERNAMBUCANO,PE,PE-Santa Cruz da Baixa Verde,Pernambuco,1,Pequeno I,12.708
261250,2612505,26,Santa Cruz do Capibaribe,Nordeste,AGRESTE PERNAMBUCANO,PE,PE-Santa Cruz do Capibaribe,Pernambuco,3,Médio,111.812
261255,2612554,26,Santa Filomena,Nordeste,SERTAO PERNAMBUCANO,PE,PE-Santa Filomena,Pernambuco,1,Pequeno I,14.645
261260,2612604,26,Santa Maria da Boa Vista,Nordeste,SAO FRANCISCO PERNAMBUCANO,PE,PE-Santa Maria da Boa Vista,Pernambuco,2,Pequeno II,42.266
261270,2612703,26,Santa Maria do Cambucá,Nordeste,AGRESTE PERNAMBUCANO,PE,PE-Santa Maria do Cambucá,Pernambuco,1,Pequeno I,14.308
261280,2612802,26,Santa Terezinha,Nordeste,SERTAO PERNAMBUCANO,PE,PE-Santa Terezinha,Pernambuco,1,Pequeno I,11.914
261290,2612901,26,São Benedito do Sul,Nordeste,MATA PERNAMBUCANA,PE,PE-São Benedito do Sul,Pernambuco,1,Pequeno I,16.239
261300,2613008,26,São Bento do Una,Nordeste,AGRESTE PERNAMBUCANO,PE,PE-São Bento do Una,Pernambuco,2,Pequeno II,60.567
261310,2613107,26,São Caitano,Nordeste,AGRESTE PERNAMBUCANO,PE,PE-São Caitano,Pernambuco,2,Pequeno II,37.488
261320,2613206,26,São João,Nordeste,AGRESTE PERNAMBUCANO,PE,PE-São João,Pernambuco,2,Pequeno II,23.002
261330,2613305,26,São Joaquim do Monte,Nordeste,AGRESTE PERNAMBUCANO,PE,PE-São Joaquim do Monte,Pernambuco,2,Pequeno II,21.439
261340,2613404,26,São José da Coroa Grande,Nordeste,MATA PERNAMBUCANA,PE,PE-São José da Coroa Grande,Pernambuco,1,Pequeno I,21.868
261350,2613503,26,São José do Belmonte,Nordeste,SERTAO PERNAMBUCANO,PE,PE-São José do Belmonte,Pernambuco,2,Pequeno II,34.082
261360,2613602,26,São José do Egito,Nordeste,SERTAO PERNAMBUCANO,PE,PE-São José do Egito,Pernambuco,2,Pequeno II,34.210
261370,2613701,26,São Lourenço da Mata,Nordeste,METROPOLITANA DE RECIFE,PE,PE-São Lourenço da Mata,Pernambuco,4,Grande,114.910
261380,2613800,26,São Vicente Férrer,Nordeste,AGRESTE PERNAMBUCANO,PE,PE-São Vicente Férrer,Pernambuco,1,Pequeno I,18.150
261390,2613909,26,Serra Talhada,Nordeste,SERTAO PERNAMBUCANO,PE,PE-Serra Talhada,Pernambuco,3,Médio,87.467
261400,2614006,26,Serrita,Nordeste,SERTAO PERNAMBUCANO,PE,PE-Serrita,Pernambuco,1,Pequeno I,19.226
261410,2614105,26,Sertânia,Nordeste,SERTAO PERNAMBUCANO,PE,PE-Sertânia,Pernambuco,2,Pequeno II,36.189
261420,2614204,26,Sirinhaém,Nordeste,MATA PERNAMBUCANA,PE,PE-Sirinhaém,Pernambuco,2,Pequeno II,46.845
261430,2614303,26,Moreilândia,Nordeste,SERTAO PERNAMBUCANO,PE,PE-Moreilândia,Pernambuco,1,Pequeno I,11.269
261440,2614402,26,Solidão,Nordeste,SERTAO PERNAMBUCANO,PE,PE-Solidão,Pernambuco,1,Pequeno I,6.034
261450,2614501,26,Surubim,Nordeste,AGRESTE PERNAMBUCANO,PE,PE-Surubim,Pernambuco,3,Médio,66.192
261460,2614600,26,Tabira,Nordeste,SERTAO PERNAMBUCANO,PE,PE-Tabira,Pernambuco,2,Pequeno II,28.860
261470,2614709,26,Tacaimbó,Nordeste,AGRESTE PERNAMBUCANO,PE,PE-Tacaimbó,Pernambuco,1,Pequeno I,12.843
261480,2614808,26,Tacaratu,Nordeste,SAO FRANCISCO PERNAMBUCANO,PE,PE-Tacaratu,Pernambuco,2,Pequeno II,26.439
261485,2614857,26,Tamandaré,Nordeste,MATA PERNAMBUCANA,PE,PE-Tamandaré,Pernambuco,2,Pequeno II,23.852
261500,2615003,26,Taquaritinga do Norte,Nordeste,AGRESTE PERNAMBUCANO,PE,PE-Taquaritinga do Norte,Pernambuco,2,Pequeno II,29.472
261510,2615102,26,Terezinha,Nordeste,AGRESTE PERNAMBUCANO,PE,PE-Terezinha,Pernambuco,1,Pequeno I,7.227
261520,2615201,26,Terra Nova,Nordeste,SAO FRANCISCO PERNAMBUCANO,PE,PE-Terra Nova,Pernambuco,1,Pequeno I,10.314
261530,2615300,26,Timbaúba,Nordeste,MATA PERNAMBUCANA,PE,PE-Timbaúba,Pernambuco,2,Pequeno II,52.587
261540,2615409,26,Toritama,Nordeste,AGRESTE PERNAMBUCANO,PE,PE-Toritama,Pernambuco,2,Pequeno II,47.088
261550,2615508,26,Tracunhaém,Nordeste,MATA PERNAMBUCANA,PE,PE-Tracunhaém,Pernambuco,1,Pequeno I,13.856
261560,2615607,26,Trindade,Nordeste,SERTAO PERNAMBUCANO,PE,PE-Trindade,Pernambuco,2,Pequeno II,31.103
261570,2615706,26,Triunfo,Nordeste,SERTAO PERNAMBUCANO,PE,PE-Triunfo,Pernambuco,1,Pequeno I,15.232
261580,2615805,26,Tupanatinga,Nordeste,AGRESTE PERNAMBUCANO,PE,PE-Tupanatinga,Pernambuco,2,Pequeno II,27.793
261590,2615904,26,Tuparetama,Nordeste,SERTAO PERNAMBUCANO,PE,PE-Tuparetama,Pernambuco,1,Pequeno I,8.266
261600,2616001,26,Venturosa,Nordeste,AGRESTE PERNAMBUCANO,PE,PE-Venturosa,Pernambuco,1,Pequeno I,18.835
261610,2616100,26,Verdejante,Nordeste,SERTAO PERNAMBUCANO,PE,PE-Verdejante,Pernambuco,1,Pequeno I,9.572
261618,2616183,26,Vertente do Lério,Nordeste,AGRESTE PERNAMBUCANO,PE,PE-Vertente do Lério,Pernambuco,1,Pequeno I,7.526
261620,2616209,26,Vertentes,Nordeste,AGRESTE PERNAMBUCANO,PE,PE-Vertentes,Pernambuco,2,Pequeno II,21.172
261630,2616308,26,Vicência,Nordeste,MATA PERNAMBUCANA,PE,PE-Vicência,Pernambuco,2,Pequeno II,32.897
261640,2616407,26,Vitória de Santo Antão,Nordeste,MATA PERNAMBUCANA,PE,PE-Vitória de Santo Antão,Pernambuco,4,Grande,140.389
261650,2616506,26,Xexéu,Nordeste,MATA PERNAMBUCANA,PE,PE-Xexéu,Pernambuco,1,Pequeno I,14.789
270010,2700102,27,Água Branca,Nordeste,SERTAO ALAGOANO,AL,AL-Água Branca,Alagoas,1,Pequeno I,20.263
270020,2700201,27,Anadia,Nordeste,LESTE ALAGOANO,AL,AL-Anadia,Alagoas,1,Pequeno I,17.507
270030,2700300,27,Arapiraca,Nordeste,AGRESTE ALAGOANO,AL,AL-Arapiraca,Alagoas,4,Grande,234.309
270040,2700409,27,Atalaia,Nordeste,LESTE ALAGOANO,AL,AL-Atalaia,Alagoas,2,Pequeno II,47.540
270050,2700508,27,Barra de Santo Antônio,Nordeste,LESTE ALAGOANO,AL,AL-Barra de Santo Antônio,Alagoas,1,Pequeno I,16.201
270060,2700607,27,Barra de São Miguel,Nordeste,LESTE ALAGOANO,AL,AL-Barra de São Miguel,Alagoas,1,Pequeno I,8.434
270070,2700706,27,Batalha,Nordeste,SERTAO ALAGOANO,AL,AL-Batalha,Alagoas,1,Pequeno I,18.440
270080,2700805,27,Belém,Nordeste,AGRESTE ALAGOANO,AL,AL-Belém,Alagoas,1,Pequeno I,4.226
270090,2700904,27,Belo Monte,Nordeste,SERTAO ALAGOANO,AL,AL-Belo Monte,Alagoas,1,Pequeno I,6.717
270100,2701001,27,Boca da Mata,Nordeste,LESTE ALAGOANO,AL,AL-Boca da Mata,Alagoas,2,Pequeno II,27.429
270110,2701100,27,Branquinha,Nordeste,LESTE ALAGOANO,AL,AL-Branquinha,Alagoas,1,Pequeno I,10.426
270120,2701209,27,Cacimbinhas,Nordeste,AGRESTE ALAGOANO,AL,AL-Cacimbinhas,Alagoas,1,Pequeno I,10.920
270130,2701308,27,Cajueiro,Nordeste,LESTE ALAGOANO,AL,AL-Cajueiro,Alagoas,1,Pequeno I,21.397
270135,2701357,27,Campestre,Nordeste,LESTE ALAGOANO,AL,AL-Campestre,Alagoas,1,Pequeno I,6.972
270140,2701407,27,Campo Alegre,Nordeste,LESTE ALAGOANO,AL,AL-Campo Alegre,Alagoas,2,Pequeno II,57.997
270150,2701506,27,Campo Grande,Nordeste,AGRESTE ALAGOANO,AL,AL-Campo Grande,Alagoas,1,Pequeno I,9.576
270160,2701605,27,Canapi,Nordeste,SERTAO ALAGOANO,AL,AL-Canapi,Alagoas,1,Pequeno I,17.715
270170,2701704,27,Capela,Nordeste,LESTE ALAGOANO,AL,AL-Capela,Alagoas,1,Pequeno I,16.907
270180,2701803,27,Carneiros,Nordeste,SERTAO ALAGOANO,AL,AL-Carneiros,Alagoas,1,Pequeno I,9.568
270190,2701902,27,Chã Preta,Nordeste,LESTE ALAGOANO,AL,AL-Chã Preta,Alagoas,1,Pequeno I,7.311
270200,2702009,27,Coité do Nóia,Nordeste,AGRESTE ALAGOANO,AL,AL-Coité do Nóia,Alagoas,1,Pequeno I,10.594
270210,2702108,27,Colônia Leopoldina,Nordeste,LESTE ALAGOANO,AL,AL-Colônia Leopoldina,Alagoas,1,Pequeno I,21.935
270220,2702207,27,Coqueiro Seco,Nordeste,LESTE ALAGOANO,AL,AL-Coqueiro Seco,Alagoas,1,Pequeno I,5.882
270230,2702306,27,Coruripe,Nordeste,LESTE ALAGOANO,AL,AL-Coruripe,Alagoas,3,Médio,57.647
270235,2702355,27,Craíbas,Nordeste,AGRESTE ALAGOANO,AL,AL-Craíbas,Alagoas,2,Pequeno II,24.396
270240,2702405,27,Delmiro Gouveia,Nordeste,SERTAO ALAGOANO,AL,AL-Delmiro Gouveia,Alagoas,3,Médio,52.501
270250,2702504,27,Dois Riachos,Nordeste,SERTAO ALAGOANO,AL,AL-Dois Riachos,Alagoas,1,Pequeno I,11.059
270255,2702553,27,Estrela de Alagoas,Nordeste,AGRESTE ALAGOANO,AL,AL-Estrela de Alagoas,Alagoas,1,Pequeno I,18.304
270260,2702603,27,Feira Grande,Nordeste,AGRESTE ALAGOANO,AL,AL-Feira Grande,Alagoas,2,Pequeno II,22.192
270270,2702702,27,Feliz Deserto,Nordeste,LESTE ALAGOANO,AL,AL-Feliz Deserto,Alagoas,1,Pequeno I,4.803
270280,2702801,27,Flexeiras,Nordeste,LESTE ALAGOANO,AL,AL-Flexeiras,Alagoas,1,Pequeno I,12.823
270290,2702900,27,Girau do Ponciano,Nordeste,AGRESTE ALAGOANO,AL,AL-Girau do Ponciano,Alagoas,2,Pequeno II,41.549
270300,2703007,27,Ibateguara,Nordeste,LESTE ALAGOANO,AL,AL-Ibateguara,Alagoas,1,Pequeno I,15.637
270310,2703106,27,Igaci,Nordeste,AGRESTE ALAGOANO,AL,AL-Igaci,Alagoas,2,Pequeno II,25.596
270320,2703205,27,Igreja Nova,Nordeste,LESTE ALAGOANO,AL,AL-Igreja Nova,Alagoas,2,Pequeno II,24.670
270330,2703304,27,Inhapi,Nordeste,SERTAO ALAGOANO,AL,AL-Inhapi,Alagoas,1,Pequeno I,18.398
270340,2703403,27,Jacaré dos Homens,Nordeste,SERTAO ALAGOANO,AL,AL-Jacaré dos Homens,Alagoas,1,Pequeno I,5.185
270350,2703502,27,Jacuípe,Nordeste,LESTE ALAGOANO,AL,AL-Jacuípe,Alagoas,1,Pequeno I,6.992
270360,2703601,27,Japaratinga,Nordeste,LESTE ALAGOANO,AL,AL-Japaratinga,Alagoas,1,Pequeno I,8.444
270370,2703700,27,Jaramataia,Nordeste,SERTAO ALAGOANO,AL,AL-Jaramataia,Alagoas,1,Pequeno I,5.751
270375,2703759,27,Jequiá da Praia,Nordeste,LESTE ALAGOANO,AL,AL-Jequiá da Praia,Alagoas,1,Pequeno I,11.495
270380,2703809,27,Joaquim Gomes,Nordeste,LESTE ALAGOANO,AL,AL-Joaquim Gomes,Alagoas,1,Pequeno I,24.167
270390,2703908,27,Jundiá,Nordeste,LESTE ALAGOANO,AL,AL-Jundiá,Alagoas,1,Pequeno I,4.119
270400,2704005,27,Junqueiro,Nordeste,LESTE ALAGOANO,AL,AL-Junqueiro,Alagoas,2,Pequeno II,24.716
270410,2704104,27,Lagoa da Canoa,Nordeste,AGRESTE ALAGOANO,AL,AL-Lagoa da Canoa,Alagoas,1,Pequeno I,17.692
270420,2704203,27,Limoeiro de Anadia,Nordeste,AGRESTE ALAGOANO,AL,AL-Limoeiro de Anadia,Alagoas,2,Pequeno II,28.904
270430,2704302,27,Maceió,Nordeste,LESTE ALAGOANO,AL,AL-Maceió,Alagoas,5,Metrópole,1.031.597
270440,2704401,27,Major Isidoro,Nordeste,SERTAO ALAGOANO,AL,AL-Major Isidoro,Alagoas,1,Pequeno I,19.923
270450,2704500,27,Maragogi,Nordeste,LESTE ALAGOANO,AL,AL-Maragogi,Alagoas,2,Pequeno II,33.351
270460,2704609,27,Maravilha,Nordeste,SERTAO ALAGOANO,AL,AL-Maravilha,Alagoas,1,Pequeno I,8.850
270470,2704708,27,Marechal Deodoro,Nordeste,LESTE ALAGOANO,AL,AL-Marechal Deodoro,Alagoas,3,Médio,52.848
270480,2704807,27,Maribondo,Nordeste,AGRESTE ALAGOANO,AL,AL-Maribondo,Alagoas,1,Pequeno I,13.123
270490,2704906,27,Mar Vermelho,Nordeste,AGRESTE ALAGOANO,AL,AL-Mar Vermelho,Alagoas,1,Pequeno I,3.474
270500,2705002,27,Mata Grande,Nordeste,SERTAO ALAGOANO,AL,AL-Mata Grande,Alagoas,2,Pequeno II,25.200
270510,2705101,27,Matriz de Camaragibe,Nordeste,LESTE ALAGOANO,AL,AL-Matriz de Camaragibe,Alagoas,2,Pequeno II,24.627
270520,2705200,27,Messias,Nordeste,LESTE ALAGOANO,AL,AL-Messias,Alagoas,1,Pequeno I,18.201
270530,2705309,27,Minador do Negrão,Nordeste,AGRESTE ALAGOANO,AL,AL-Minador do Negrão,Alagoas,1,Pequeno I,5.315
270540,2705408,27,Monteirópolis,Nordeste,SERTAO ALAGOANO,AL,AL-Monteirópolis,Alagoas,1,Pequeno I,7.171
270550,2705507,27,Murici,Nordeste,LESTE ALAGOANO,AL,AL-Murici,Alagoas,2,Pequeno II,28.428
270560,2705606,27,Novo Lino,Nordeste,LESTE ALAGOANO,AL,AL-Novo Lino,Alagoas,1,Pequeno I,12.837
270570,2705705,27,Olho d'Água das Flores,Nordeste,SERTAO ALAGOANO,AL,AL-Olho d'Água das Flores,Alagoas,2,Pequeno II,21.690
270580,2705804,27,Olho d'Água do Casado,Nordeste,SERTAO ALAGOANO,AL,AL-Olho d'Água do Casado,Alagoas,1,Pequeno I,9.507
270590,2705903,27,Olho d'Água Grande,Nordeste,AGRESTE ALAGOANO,AL,AL-Olho d'Água Grande,Alagoas,1,Pequeno I,5.133
270600,2706000,27,Olivença,Nordeste,SERTAO ALAGOANO,AL,AL-Olivença,Alagoas,1,Pequeno I,11.681
270610,2706109,27,Ouro Branco,Nordeste,SERTAO ALAGOANO,AL,AL-Ouro Branco,Alagoas,1,Pequeno I,11.573
270620,2706208,27,Palestina,Nordeste,SERTAO ALAGOANO,AL,AL-Palestina,Alagoas,1,Pequeno I,5.061
270630,2706307,27,Palmeira dos Índios,Nordeste,AGRESTE ALAGOANO,AL,AL-Palmeira dos Índios,Alagoas,3,Médio,73.452
270640,2706406,27,Pão de Açúcar,Nordeste,SERTAO ALAGOANO,AL,AL-Pão de Açúcar,Alagoas,2,Pequeno II,24.307
270642,2706422,27,Pariconha,Nordeste,SERTAO ALAGOANO,AL,AL-Pariconha,Alagoas,1,Pequeno I,10.546
270644,2706448,27,Paripueira,Nordeste,LESTE ALAGOANO,AL,AL-Paripueira,Alagoas,1,Pequeno I,13.484
270650,2706505,27,Passo de Camaragibe,Nordeste,LESTE ALAGOANO,AL,AL-Passo de Camaragibe,Alagoas,1,Pequeno I,15.270
270660,2706604,27,Paulo Jacinto,Nordeste,AGRESTE ALAGOANO,AL,AL-Paulo Jacinto,Alagoas,1,Pequeno I,7.556
270670,2706703,27,Penedo,Nordeste,LESTE ALAGOANO,AL,AL-Penedo,Alagoas,3,Médio,64.005
270680,2706802,27,Piaçabuçu,Nordeste,LESTE ALAGOANO,AL,AL-Piaçabuçu,Alagoas,1,Pequeno I,17.868
270690,2706901,27,Pilar,Nordeste,LESTE ALAGOANO,AL,AL-Pilar,Alagoas,2,Pequeno II,35.310
270700,2707008,27,Pindoba,Nordeste,LESTE ALAGOANO,AL,AL-Pindoba,Alagoas,1,Pequeno I,2.903
270710,2707107,27,Piranhas,Nordeste,SERTAO ALAGOANO,AL,AL-Piranhas,Alagoas,2,Pequeno II,25.324
270720,2707206,27,Poço das Trincheiras,Nordeste,SERTAO ALAGOANO,AL,AL-Poço das Trincheiras,Alagoas,1,Pequeno I,14.447
270730,2707305,27,Porto Calvo,Nordeste,LESTE ALAGOANO,AL,AL-Porto Calvo,Alagoas,2,Pequeno II,27.331
270740,2707404,27,Porto de Pedras,Nordeste,LESTE ALAGOANO,AL,AL-Porto de Pedras,Alagoas,1,Pequeno I,7.618
270750,2707503,27,Porto Real do Colégio,Nordeste,LESTE ALAGOANO,AL,AL-Porto Real do Colégio,Alagoas,2,Pequeno II,20.158
270760,2707602,27,Quebrangulo,Nordeste,AGRESTE ALAGOANO,AL,AL-Quebrangulo,Alagoas,1,Pequeno I,11.202
270770,2707701,27,Rio Largo,Nordeste,LESTE ALAGOANO,AL,AL-Rio Largo,Alagoas,3,Médio,75.662
270780,2707800,27,Roteiro,Nordeste,LESTE ALAGOANO,AL,AL-Roteiro,Alagoas,1,Pequeno I,6.634
270790,2707909,27,Santa Luzia do Norte,Nordeste,LESTE ALAGOANO,AL,AL-Santa Luzia do Norte,Alagoas,1,Pequeno I,7.344
270800,2708006,27,Santana do Ipanema,Nordeste,SERTAO ALAGOANO,AL,AL-Santana do Ipanema,Alagoas,2,Pequeno II,47.910
270810,2708105,27,Santana do Mundaú,Nordeste,LESTE ALAGOANO,AL,AL-Santana do Mundaú,Alagoas,1,Pequeno I,10.637
270820,2708204,27,São Brás,Nordeste,AGRESTE ALAGOANO,AL,AL-São Brás,Alagoas,1,Pequeno I,6.977
270830,2708303,27,São José da Laje,Nordeste,LESTE ALAGOANO,AL,AL-São José da Laje,Alagoas,2,Pequeno II,24.064
270840,2708402,27,São José da Tapera,Nordeste,SERTAO ALAGOANO,AL,AL-São José da Tapera,Alagoas,2,Pequeno II,32.462
270850,2708501,27,São Luís do Quitunde,Nordeste,LESTE ALAGOANO,AL,AL-São Luís do Quitunde,Alagoas,2,Pequeno II,34.825
270860,2708600,27,São Miguel dos Campos,Nordeste,LESTE ALAGOANO,AL,AL-São Miguel dos Campos,Alagoas,3,Médio,62.328
270870,2708709,27,São Miguel dos Milagres,Nordeste,LESTE ALAGOANO,AL,AL-São Miguel dos Milagres,Alagoas,1,Pequeno I,8.073
270880,2708808,27,São Sebastião,Nordeste,AGRESTE ALAGOANO,AL,AL-São Sebastião,Alagoas,2,Pequeno II,34.424
270890,2708907,27,Satuba,Nordeste,LESTE ALAGOANO,AL,AL-Satuba,Alagoas,2,Pequeno II,14.042
270895,2708956,27,Senador Rui Palmeira,Nordeste,SERTAO ALAGOANO,AL,AL-Senador Rui Palmeira,Alagoas,1,Pequeno I,13.893
270900,2709004,27,Tanque d'Arca,Nordeste,AGRESTE ALAGOANO,AL,AL-Tanque d'Arca,Alagoas,1,Pequeno I,6.115
270910,2709103,27,Taquarana,Nordeste,AGRESTE ALAGOANO,AL,AL-Taquarana,Alagoas,1,Pequeno I,20.162
270915,2709152,27,Teotônio Vilela,Nordeste,LESTE ALAGOANO,AL,AL-Teotônio Vilela,Alagoas,2,Pequeno II,44.570
270920,2709202,27,Traipu,Nordeste,AGRESTE ALAGOANO,AL,AL-Traipu,Alagoas,2,Pequeno II,27.934
270930,2709301,27,União dos Palmares,Nordeste,LESTE ALAGOANO,AL,AL-União dos Palmares,Alagoas,3,Médio,65.963
270940,2709400,27,Viçosa,Nordeste,LESTE ALAGOANO,AL,AL-Viçosa,Alagoas,2,Pequeno II,25.655
280010,2800100,28,Amparo de São Francisco,Nordeste,LESTE SERGIPANO,SE,SE-Amparo de São Francisco,Sergipe,1,Pequeno I,2.386
280020,2800209,28,Aquidabã,Nordeste,AGRESTE SERGIPANO,SE,SE-Aquidabã,Sergipe,2,Pequeno II,21.796
280030,2800308,28,Aracaju,Nordeste,LESTE SERGIPANO,SE,SE-Aracaju,Sergipe,4,Grande,672.614
280040,2800407,28,Arauá,Nordeste,LESTE SERGIPANO,SE,SE-Arauá,Sergipe,1,Pequeno I,9.840
280050,2800506,28,Areia Branca,Nordeste,AGRESTE SERGIPANO,SE,SE-Areia Branca,Sergipe,1,Pequeno I,18.825
280060,2800605,28,Barra dos Coqueiros,Nordeste,LESTE SERGIPANO,SE,SE-Barra dos Coqueiros,Sergipe,2,Pequeno II,31.439
280067,2800670,28,Boquim,Nordeste,LESTE SERGIPANO,SE,SE-Boquim,Sergipe,2,Pequeno II,26.980
280070,2800704,28,Brejo Grande,Nordeste,LESTE SERGIPANO,SE,SE-Brejo Grande,Sergipe,1,Pequeno I,8.396
280100,2801009,28,Campo do Brito,Nordeste,AGRESTE SERGIPANO,SE,SE-Campo do Brito,Sergipe,1,Pequeno I,18.325
280110,2801108,28,Canhoba,Nordeste,LESTE SERGIPANO,SE,SE-Canhoba,Sergipe,1,Pequeno I,4.003
280120,2801207,28,Canindé de São Francisco,Nordeste,SERTAO SERGIPANO,SE,SE-Canindé de São Francisco,Sergipe,2,Pequeno II,30.894
280130,2801306,28,Capela,Nordeste,LESTE SERGIPANO,SE,SE-Capela,Sergipe,2,Pequeno II,34.808
280140,2801405,28,Carira,Nordeste,SERTAO SERGIPANO,SE,SE-Carira,Sergipe,1,Pequeno I,22.393
280150,2801504,28,Carmópolis,Nordeste,LESTE SERGIPANO,SE,SE-Carmópolis,Sergipe,1,Pequeno I,17.232
280160,2801603,28,Cedro de São João,Nordeste,LESTE SERGIPANO,SE,SE-Cedro de São João,Sergipe,1,Pequeno I,5.929
280170,2801702,28,Cristinápolis,Nordeste,LESTE SERGIPANO,SE,SE-Cristinápolis,Sergipe,1,Pequeno I,18.181
280190,2801900,28,Cumbe,Nordeste,AGRESTE SERGIPANO,SE,SE-Cumbe,Sergipe,1,Pequeno I,4.008
280200,2802007,28,Divina Pastora,Nordeste,LESTE SERGIPANO,SE,SE-Divina Pastora,Sergipe,1,Pequeno I,5.290
280210,2802106,28,Estância,Nordeste,LESTE SERGIPANO,SE,SE-Estância,Sergipe,3,Médio,69.919
280220,2802205,28,Feira Nova,Nordeste,SERTAO SERGIPANO,SE,SE-Feira Nova,Sergipe,1,Pequeno I,5.617
280230,2802304,28,Frei Paulo,Nordeste,SERTAO SERGIPANO,SE,SE-Frei Paulo,Sergipe,1,Pequeno I,15.688
280240,2802403,28,Gararu,Nordeste,SERTAO SERGIPANO,SE,SE-Gararu,Sergipe,1,Pequeno I,11.599
280250,2802502,28,General Maynard,Nordeste,LESTE SERGIPANO,SE,SE-General Maynard,Sergipe,1,Pequeno I,3.421
280260,2802601,28,Gracho Cardoso,Nordeste,SERTAO SERGIPANO,SE,SE-Gracho Cardoso,Sergipe,1,Pequeno I,5.831
280270,2802700,28,Ilha das Flores,Nordeste,LESTE SERGIPANO,SE,SE-Ilha das Flores,Sergipe,1,Pequeno I,8.522
280280,2802809,28,Indiaroba,Nordeste,LESTE SERGIPANO,SE,SE-Indiaroba,Sergipe,1,Pequeno I,18.337
280290,2802908,28,Itabaiana,Nordeste,AGRESTE SERGIPANO,SE,SE-Itabaiana,Sergipe,4,Grande,96.839
280300,2803005,28,Itabaianinha,Nordeste,LESTE SERGIPANO,SE,SE-Itabaianinha,Sergipe,2,Pequeno II,42.399
280310,2803104,28,Itabi,Nordeste,SERTAO SERGIPANO,SE,SE-Itabi,Sergipe,1,Pequeno I,4.869
280320,2803203,28,Itaporanga d'Ajuda,Nordeste,LESTE SERGIPANO,SE,SE-Itaporanga d'Ajuda,Sergipe,2,Pequeno II,35.054
280330,2803302,28,Japaratuba,Nordeste,LESTE SERGIPANO,SE,SE-Japaratuba,Sergipe,1,Pequeno I,19.067
280340,2803401,28,Japoatã,Nordeste,LESTE SERGIPANO,SE,SE-Japoatã,Sergipe,1,Pequeno I,13.422
280350,2803500,28,Lagarto,Nordeste,AGRESTE SERGIPANO,SE,SE-Lagarto,Sergipe,4,Grande,106.015
280360,2803609,28,Laranjeiras,Nordeste,LESTE SERGIPANO,SE,SE-Laranjeiras,Sergipe,2,Pequeno II,30.327
280370,2803708,28,Macambira,Nordeste,AGRESTE SERGIPANO,SE,SE-Macambira,Sergipe,1,Pequeno I,7.002
280380,2803807,28,Malhada dos Bois,Nordeste,AGRESTE SERGIPANO,SE,SE-Malhada dos Bois,Sergipe,1,Pequeno I,3.715
280390,2803906,28,Malhador,Nordeste,AGRESTE SERGIPANO,SE,SE-Malhador,Sergipe,1,Pequeno I,12.689
280400,2804003,28,Maruim,Nordeste,LESTE SERGIPANO,SE,SE-Maruim,Sergipe,1,Pequeno I,17.328
280410,2804102,28,Moita Bonita,Nordeste,AGRESTE SERGIPANO,SE,SE-Moita Bonita,Sergipe,1,Pequeno I,11.361
280420,2804201,28,Monte Alegre de Sergipe,Nordeste,SERTAO SERGIPANO,SE,SE-Monte Alegre de Sergipe,Sergipe,1,Pequeno I,15.315
280430,2804300,28,Muribeca,Nordeste,AGRESTE SERGIPANO,SE,SE-Muribeca,Sergipe,1,Pequeno I,7.653
280440,2804409,28,Neópolis,Nordeste,LESTE SERGIPANO,SE,SE-Neópolis,Sergipe,1,Pequeno I,18.688
280445,2804458,28,Nossa Senhora Aparecida,Nordeste,SERTAO SERGIPANO,SE,SE-Nossa Senhora Aparecida,Sergipe,1,Pequeno I,8.822
280450,2804508,28,Nossa Senhora da Glória,Nordeste,SERTAO SERGIPANO,SE,SE-Nossa Senhora da Glória,Sergipe,2,Pequeno II,37.715
280460,2804607,28,Nossa Senhora das Dores,Nordeste,AGRESTE SERGIPANO,SE,SE-Nossa Senhora das Dores,Sergipe,2,Pequeno II,26.957
280470,2804706,28,Nossa Senhora de Lourdes,Nordeste,LESTE SERGIPANO,SE,SE-Nossa Senhora de Lourdes,Sergipe,1,Pequeno I,6.509
280480,2804805,28,Nossa Senhora do Socorro,Nordeste,LESTE SERGIPANO,SE,SE-Nossa Senhora do Socorro,Sergipe,4,Grande,187.733
280490,2804904,28,Pacatuba,Nordeste,LESTE SERGIPANO,SE,SE-Pacatuba,Sergipe,1,Pequeno I,14.650
280500,2805000,28,Pedra Mole,Nordeste,SERTAO SERGIPANO,SE,SE-Pedra Mole,Sergipe,1,Pequeno I,3.309
280510,2805109,28,Pedrinhas,Nordeste,LESTE SERGIPANO,SE,SE-Pedrinhas,Sergipe,1,Pequeno I,9.727
280520,2805208,28,Pinhão,Nordeste,SERTAO SERGIPANO,SE,SE-Pinhão,Sergipe,1,Pequeno I,6.678
280530,2805307,28,Pirambu,Nordeste,LESTE SERGIPANO,SE,SE-Pirambu,Sergipe,1,Pequeno I,9.436
280540,2805406,28,Poço Redondo,Nordeste,SERTAO SERGIPANO,SE,SE-Poço Redondo,Sergipe,2,Pequeno II,35.461
280550,2805505,28,Poço Verde,Nordeste,AGRESTE SERGIPANO,SE,SE-Poço Verde,Sergipe,2,Pequeno II,24.003
280560,2805604,28,Porto da Folha,Nordeste,SERTAO SERGIPANO,SE,SE-Porto da Folha,Sergipe,2,Pequeno II,28.788
280570,2805703,28,Propriá,Nordeste,LESTE SERGIPANO,SE,SE-Propriá,Sergipe,2,Pequeno II,29.756
280580,2805802,28,Riachão do Dantas,Nordeste,AGRESTE SERGIPANO,SE,SE-Riachão do Dantas,Sergipe,1,Pequeno I,19.813
280590,2805901,28,Riachuelo,Nordeste,LESTE SERGIPANO,SE,SE-Riachuelo,Sergipe,1,Pequeno I,10.354
280600,2806008,28,Ribeirópolis,Nordeste,SERTAO SERGIPANO,SE,SE-Ribeirópolis,Sergipe,1,Pequeno I,18.891
280610,2806107,28,Rosário do Catete,Nordeste,LESTE SERGIPANO,SE,SE-Rosário do Catete,Sergipe,1,Pequeno I,11.158
280620,2806206,28,Salgado,Nordeste,LESTE SERGIPANO,SE,SE-Salgado,Sergipe,2,Pequeno II,20.051
280630,2806305,28,Santa Luzia do Itanhy,Nordeste,LESTE SERGIPANO,SE,SE-Santa Luzia do Itanhy,Sergipe,1,Pequeno I,14.205
280640,2806404,28,Santana do São Francisco,Nordeste,LESTE SERGIPANO,SE,SE-Santana do São Francisco,Sergipe,1,Pequeno I,7.906
280650,2806503,28,Santa Rosa de Lima,Nordeste,LESTE SERGIPANO,SE,SE-Santa Rosa de Lima,Sergipe,1,Pequeno I,3.933
280660,2806602,28,Santo Amaro das Brotas,Nordeste,LESTE SERGIPANO,SE,SE-Santo Amaro das Brotas,Sergipe,1,Pequeno I,12.200
280670,2806701,28,São Cristóvão,Nordeste,LESTE SERGIPANO,SE,SE-São Cristóvão,Sergipe,3,Médio,92.090
280680,2806800,28,São Domingos,Nordeste,AGRESTE SERGIPANO,SE,SE-São Domingos,Sergipe,1,Pequeno I,11.276
280690,2806909,28,São Francisco,Nordeste,LESTE SERGIPANO,SE,SE-São Francisco,Sergipe,1,Pequeno I,3.837
280700,2807006,28,São Miguel do Aleixo,Nordeste,AGRESTE SERGIPANO,SE,SE-São Miguel do Aleixo,Sergipe,1,Pequeno I,3.964
280710,2807105,28,Simão Dias,Nordeste,AGRESTE SERGIPANO,SE,SE-Simão Dias,Sergipe,2,Pequeno II,40.724
280720,2807204,28,Siriri,Nordeste,LESTE SERGIPANO,SE,SE-Siriri,Sergipe,1,Pequeno I,9.046
280730,2807303,28,Telha,Nordeste,LESTE SERGIPANO,SE,SE-Telha,Sergipe,1,Pequeno I,3.271
280740,2807402,28,Tobias Barreto,Nordeste,AGRESTE SERGIPANO,SE,SE-Tobias Barreto,Sergipe,3,Médio,52.861
280750,2807501,28,Tomar do Geru,Nordeste,LESTE SERGIPANO,SE,SE-Tomar do Geru,Sergipe,1,Pequeno I,13.534
280760,2807600,28,Umbaúba,Nordeste,LESTE SERGIPANO,SE,SE-Umbaúba,Sergipe,2,Pequeno II,25.800
290010,2900108,29,Abaíra,Nordeste,CENTRO SUL BAIANO,BA,BA-Abaíra,Bahia,1,Pequeno I,8.681
290020,2900207,29,Abaré,Nordeste,VALE SAO-FRANCISCANO DA BAHIA,BA,BA-Abaré,Bahia,1,Pequeno I,20.594
290030,2900306,29,Acajutiba,Nordeste,NORDESTE BAIANO,BA,BA-Acajutiba,Bahia,1,Pequeno I,15.214
290035,2900355,29,Adustina,Nordeste,NORDESTE BAIANO,BA,BA-Adustina,Bahia,1,Pequeno I,17.209
290040,2900405,29,Água Fria,Nordeste,CENTRO NORTE BAIANO,BA,BA-Água Fria,Bahia,1,Pequeno I,17.096
290050,2900504,29,Érico Cardoso,Nordeste,CENTRO SUL BAIANO,BA,BA-Érico Cardoso,Bahia,1,Pequeno I,10.513
290060,2900603,29,Aiquara,Nordeste,CENTRO SUL BAIANO,BA,BA-Aiquara,Bahia,1,Pequeno I,4.387
290070,2900702,29,Alagoinhas,Nordeste,NORDESTE BAIANO,BA,BA-Alagoinhas,Bahia,4,Grande,153.023
290080,2900801,29,Alcobaça,Nordeste,SUL BAIANO,BA,BA-Alcobaça,Bahia,2,Pequeno II,22.509
290090,2900900,29,Almadina,Nordeste,SUL BAIANO,BA,BA-Almadina,Bahia,1,Pequeno I,5.273
290100,2901007,29,Amargosa,Nordeste,CENTRO SUL BAIANO,BA,BA-Amargosa,Bahia,2,Pequeno II,37.631
290110,2901106,29,Amélia Rodrigues,Nordeste,CENTRO NORTE BAIANO,BA,BA-Amélia Rodrigues,Bahia,2,Pequeno II,24.997
290115,2901155,29,América Dourada,Nordeste,CENTRO NORTE BAIANO,BA,BA-América Dourada,Bahia,1,Pequeno I,16.086
290120,2901205,29,Anagé,Nordeste,CENTRO SUL BAIANO,BA,BA-Anagé,Bahia,2,Pequeno II,21.229
290130,2901304,29,Andaraí,Nordeste,CENTRO SUL BAIANO,BA,BA-Andaraí,Bahia,1,Pequeno I,13.122
290135,2901353,29,Andorinha,Nordeste,CENTRO NORTE BAIANO,BA,BA-Andorinha,Bahia,1,Pequeno I,14.416
290140,2901403,29,Angical,Nordeste,EXTREMO OESTE BAIANO,BA,BA-Angical,Bahia,1,Pequeno I,13.902
290150,2901502,29,Anguera,Nordeste,CENTRO NORTE BAIANO,BA,BA-Anguera,Bahia,1,Pequeno I,11.369
290160,2901601,29,Antas,Nordeste,NORDESTE BAIANO,BA,BA-Antas,Bahia,1,Pequeno I,19.659
290170,2901700,29,Antônio Cardoso,Nordeste,CENTRO NORTE BAIANO,BA,BA-Antônio Cardoso,Bahia,1,Pequeno I,11.670
290180,2901809,29,Antônio Gonçalves,Nordeste,CENTRO NORTE BAIANO,BA,BA-Antônio Gonçalves,Bahia,1,Pequeno I,11.955
290190,2901908,29,Aporá,Nordeste,NORDESTE BAIANO,BA,BA-Aporá,Bahia,1,Pequeno I,17.840
290195,2901957,29,Apuarema,Nordeste,CENTRO SUL BAIANO,BA,BA-Apuarema,Bahia,1,Pequeno I,7.274
290200,2902005,29,Aracatu,Nordeste,CENTRO SUL BAIANO,BA,BA-Aracatu,Bahia,1,Pequeno I,12.960
290205,2902054,29,Araçás,Nordeste,NORDESTE BAIANO,BA,BA-Araçás,Bahia,1,Pequeno I,12.237
290210,2902104,29,Araci,Nordeste,NORDESTE BAIANO,BA,BA-Araci,Bahia,2,Pequeno II,54.903
290220,2902203,29,Aramari,Nordeste,NORDESTE BAIANO,BA,BA-Aramari,Bahia,1,Pequeno I,11.519
290225,2902252,29,Arataca,Nordeste,SUL BAIANO,BA,BA-Arataca,Bahia,1,Pequeno I,10.904
290230,2902302,29,Aratuípe,Nordeste,METROPOLITANA DE SALVADOR,BA,BA-Aratuípe,Bahia,1,Pequeno I,8.848
290240,2902401,29,Aurelino Leal,Nordeste,SUL BAIANO,BA,BA-Aurelino Leal,Bahia,1,Pequeno I,11.079
290250,2902500,29,Baianópolis,Nordeste,EXTREMO OESTE BAIANO,BA,BA-Baianópolis,Bahia,1,Pequeno I,13.979
290260,2902609,29,Baixa Grande,Nordeste,CENTRO NORTE BAIANO,BA,BA-Baixa Grande,Bahia,1,Pequeno I,20.431
290265,2902658,29,Banzaê,Nordeste,NORDESTE BAIANO,BA,BA-Banzaê,Bahia,1,Pequeno I,13.251
290270,2902708,29,Barra,Nordeste,VALE SAO-FRANCISCANO DA BAHIA,BA,BA-Barra,Bahia,3,Médio,54.225
290280,2902807,29,Barra da Estiva,Nordeste,CENTRO SUL BAIANO,BA,BA-Barra da Estiva,Bahia,2,Pequeno II,20.198
290290,2902906,29,Barra do Choça,Nordeste,CENTRO SUL BAIANO,BA,BA-Barra do Choça,Bahia,2,Pequeno II,30.831
290300,2903003,29,Barra do Mendes,Nordeste,CENTRO NORTE BAIANO,BA,BA-Barra do Mendes,Bahia,1,Pequeno I,13.128
290310,2903102,29,Barra do Rocha,Nordeste,SUL BAIANO,BA,BA-Barra do Rocha,Bahia,1,Pequeno I,5.515
290320,2903201,29,Barreiras,Nordeste,EXTREMO OESTE BAIANO,BA,BA-Barreiras,Bahia,4,Grande,158.432
290323,2903235,29,Barro Alto,Nordeste,CENTRO NORTE BAIANO,BA,BA-Barro Alto,Bahia,1,Pequeno I,15.171
290327,2903276,29,Barrocas,Nordeste,NORDESTE BAIANO,BA,BA-Barrocas,Bahia,1,Pequeno I,16.225
290330,2903300,29,Barro Preto,Nordeste,SUL BAIANO,BA,BA-Barro Preto,Bahia,1,Pequeno I,5.312
290340,2903409,29,Belmonte,Nordeste,SUL BAIANO,BA,BA-Belmonte,Bahia,2,Pequeno II,23.540
290350,2903508,29,Belo Campo,Nordeste,CENTRO SUL BAIANO,BA,BA-Belo Campo,Bahia,1,Pequeno I,17.013
290360,2903607,29,Biritinga,Nordeste,NORDESTE BAIANO,BA,BA-Biritinga,Bahia,1,Pequeno I,15.989
290370,2903706,29,Boa Nova,Nordeste,CENTRO SUL BAIANO,BA,BA-Boa Nova,Bahia,1,Pequeno I,12.039
290380,2903805,29,Boa Vista do Tupim,Nordeste,CENTRO NORTE BAIANO,BA,BA-Boa Vista do Tupim,Bahia,1,Pequeno I,18.491
290390,2903904,29,Bom Jesus da Lapa,Nordeste,VALE SAO-FRANCISCANO DA BAHIA,BA,BA-Bom Jesus da Lapa,Bahia,3,Médio,70.151
290395,2903953,29,Bom Jesus da Serra,Nordeste,CENTRO SUL BAIANO,BA,BA-Bom Jesus da Serra,Bahia,1,Pequeno I,9.768
290400,2904001,29,Boninal,Nordeste,CENTRO SUL BAIANO,BA,BA-Boninal,Bahia,1,Pequeno I,14.518
290405,2904050,29,Bonito,Nordeste,CENTRO SUL BAIANO,BA,BA-Bonito,Bahia,1,Pequeno I,16.999
290410,2904100,29,Boquira,Nordeste,CENTRO SUL BAIANO,BA,BA-Boquira,Bahia,1,Pequeno I,21.486
290420,2904209,29,Botuporã,Nordeste,CENTRO SUL BAIANO,BA,BA-Botuporã,Bahia,1,Pequeno I,10.050
290430,2904308,29,Brejões,Nordeste,CENTRO SUL BAIANO,BA,BA-Brejões,Bahia,1,Pequeno I,14.155
290440,2904407,29,Brejolândia,Nordeste,EXTREMO OESTE BAIANO,BA,BA-Brejolândia,Bahia,1,Pequeno I,10.675
290450,2904506,29,Brotas de Macaúbas,Nordeste,CENTRO SUL BAIANO,BA,BA-Brotas de Macaúbas,Bahia,1,Pequeno I,10.705
290460,2904605,29,Brumado,Nordeste,CENTRO SUL BAIANO,BA,BA-Brumado,Bahia,3,Médio,67.468
290470,2904704,29,Buerarema,Nordeste,SUL BAIANO,BA,BA-Buerarema,Bahia,1,Pequeno I,18.269
290475,2904753,29,Buritirama,Nordeste,VALE SAO-FRANCISCANO DA BAHIA,BA,BA-Buritirama,Bahia,1,Pequeno I,21.374
290480,2904803,29,Caatiba,Nordeste,CENTRO SUL BAIANO,BA,BA-Caatiba,Bahia,1,Pequeno I,6.232
290485,2904852,29,Cabaceiras do Paraguaçu,Nordeste,METROPOLITANA DE SALVADOR,BA,BA-Cabaceiras do Paraguaçu,Bahia,1,Pequeno I,19.010
290490,2904902,29,Cachoeira,Nordeste,METROPOLITANA DE SALVADOR,BA,BA-Cachoeira,Bahia,2,Pequeno II,33.659
290500,2905008,29,Caculé,Nordeste,CENTRO SUL BAIANO,BA,BA-Caculé,Bahia,2,Pequeno II,23.407
290510,2905107,29,Caém,Nordeste,CENTRO NORTE BAIANO,BA,BA-Caém,Bahia,1,Pequeno I,8.912
290515,2905156,29,Caetanos,Nordeste,CENTRO SUL BAIANO,BA,BA-Caetanos,Bahia,1,Pequeno I,14.671
290520,2905206,29,Caetité,Nordeste,CENTRO SUL BAIANO,BA,BA-Caetité,Bahia,3,Médio,51.184
290530,2905305,29,Cafarnaum,Nordeste,CENTRO NORTE BAIANO,BA,BA-Cafarnaum,Bahia,1,Pequeno I,18.585
290540,2905404,29,Cairu,Nordeste,SUL BAIANO,BA,BA-Cairu,Bahia,1,Pequeno I,18.666
290550,2905503,29,Caldeirão Grande,Nordeste,CENTRO NORTE BAIANO,BA,BA-Caldeirão Grande,Bahia,1,Pequeno I,13.452
290560,2905602,29,Camacan,Nordeste,SUL BAIANO,BA,BA-Camacan,Bahia,2,Pequeno II,32.023
290570,2905701,29,Camaçari,Nordeste,METROPOLITANA DE SALVADOR,BA,BA-Camaçari,Bahia,4,Grande,309.208
290580,2905800,29,Camamu,Nordeste,SUL BAIANO,BA,BA-Camamu,Bahia,2,Pequeno II,35.444
290590,2905909,29,Campo Alegre de Lourdes,Nordeste,VALE SAO-FRANCISCANO DA BAHIA,BA,BA-Campo Alegre de Lourdes,Bahia,2,Pequeno II,28.839
290600,2906006,29,Campo Formoso,Nordeste,CENTRO NORTE BAIANO,BA,BA-Campo Formoso,Bahia,3,Médio,71.754
290610,2906105,29,Canápolis,Nordeste,EXTREMO OESTE BAIANO,BA,BA-Canápolis,Bahia,1,Pequeno I,9.694
290620,2906204,29,Canarana,Nordeste,CENTRO NORTE BAIANO,BA,BA-Canarana,Bahia,2,Pequeno II,26.468
290630,2906303,29,Canavieiras,Nordeste,SUL BAIANO,BA,BA-Canavieiras,Bahia,2,Pequeno II,30.722
290640,2906402,29,Candeal,Nordeste,NORDESTE BAIANO,BA,BA-Candeal,Bahia,1,Pequeno I,8.109
290650,2906501,29,Candeias,Nordeste,METROPOLITANA DE SALVADOR,BA,BA-Candeias,Bahia,3,Médio,87.820
290660,2906600,29,Candiba,Nordeste,CENTRO SUL BAIANO,BA,BA-Candiba,Bahia,1,Pequeno I,14.415
290670,2906709,29,Cândido Sales,Nordeste,CENTRO SUL BAIANO,BA,BA-Cândido Sales,Bahia,2,Pequeno II,24.921
290680,2906808,29,Cansanção,Nordeste,NORDESTE BAIANO,BA,BA-Cansanção,Bahia,2,Pequeno II,34.929
290682,2906824,29,Canudos,Nordeste,NORDESTE BAIANO,BA,BA-Canudos,Bahia,1,Pequeno I,16.832
290685,2906857,29,Capela do Alto Alegre,Nordeste,NORDESTE BAIANO,BA,BA-Capela do Alto Alegre,Bahia,1,Pequeno I,11.597
290687,2906873,29,Capim Grosso,Nordeste,CENTRO NORTE BAIANO,BA,BA-Capim Grosso,Bahia,2,Pequeno II,31.055
290689,2906899,29,Caraíbas,Nordeste,CENTRO SUL BAIANO,BA,BA-Caraíbas,Bahia,1,Pequeno I,8.659
290690,2906907,29,Caravelas,Nordeste,SUL BAIANO,BA,BA-Caravelas,Bahia,2,Pequeno II,22.166
290700,2907004,29,Cardeal da Silva,Nordeste,NORDESTE BAIANO,BA,BA-Cardeal da Silva,Bahia,1,Pequeno I,9.395
290710,2907103,29,Carinhanha,Nordeste,VALE SAO-FRANCISCANO DA BAHIA,BA,BA-Carinhanha,Bahia,2,Pequeno II,29.118
290720,2907202,29,Casa Nova,Nordeste,VALE SAO-FRANCISCANO DA BAHIA,BA,BA-Casa Nova,Bahia,3,Médio,73.092
290730,2907301,29,Castro Alves,Nordeste,METROPOLITANA DE SALVADOR,BA,BA-Castro Alves,Bahia,2,Pequeno II,26.369
290740,2907400,29,Catolândia,Nordeste,EXTREMO OESTE BAIANO,BA,BA-Catolândia,Bahia,1,Pequeno I,3.619
290750,2907509,29,Catu,Nordeste,METROPOLITANA DE SALVADOR,BA,BA-Catu,Bahia,2,Pequeno II,55.222
290755,2907558,29,Caturama,Nordeste,CENTRO SUL BAIANO,BA,BA-Caturama,Bahia,1,Pequeno I,9.303
290760,2907608,29,Central,Nordeste,CENTRO NORTE BAIANO,BA,BA-Central,Bahia,1,Pequeno I,17.293
290770,2907707,29,Chorrochó,Nordeste,VALE SAO-FRANCISCANO DA BAHIA,BA,BA-Chorrochó,Bahia,1,Pequeno I,11.221
290780,2907806,29,Cícero Dantas,Nordeste,NORDESTE BAIANO,BA,BA-Cícero Dantas,Bahia,2,Pequeno II,32.636
290790,2907905,29,Cipó,Nordeste,NORDESTE BAIANO,BA,BA-Cipó,Bahia,1,Pequeno I,17.402
290800,2908002,29,Coaraci,Nordeste,SUL BAIANO,BA,BA-Coaraci,Bahia,1,Pequeno I,16.128
290810,2908101,29,Cocos,Nordeste,EXTREMO OESTE BAIANO,BA,BA-Cocos,Bahia,1,Pequeno I,18.835
290820,2908200,29,Conceição da Feira,Nordeste,CENTRO NORTE BAIANO,BA,BA-Conceição da Feira,Bahia,2,Pequeno II,22.933
290830,2908309,29,Conceição do Almeida,Nordeste,METROPOLITANA DE SALVADOR,BA,BA-Conceição do Almeida,Bahia,1,Pequeno I,17.087
290840,2908408,29,Conceição do Coité,Nordeste,NORDESTE BAIANO,BA,BA-Conceição do Coité,Bahia,3,Médio,67.394
290850,2908507,29,Conceição do Jacuípe,Nordeste,METROPOLITANA DE SALVADOR,BA,BA-Conceição do Jacuípe,Bahia,2,Pequeno II,33.631
290860,2908606,29,Conde,Nordeste,NORDESTE BAIANO,BA,BA-Conde,Bahia,2,Pequeno II,26.223
290870,2908705,29,Condeúba,Nordeste,CENTRO SUL BAIANO,BA,BA-Condeúba,Bahia,1,Pequeno I,17.113
290880,2908804,29,Contendas do Sincorá,Nordeste,CENTRO SUL BAIANO,BA,BA-Contendas do Sincorá,Bahia,1,Pequeno I,4.025
290890,2908903,29,Coração de Maria,Nordeste,CENTRO NORTE BAIANO,BA,BA-Coração de Maria,Bahia,2,Pequeno II,22.391
290900,2909000,29,Cordeiros,Nordeste,CENTRO SUL BAIANO,BA,BA-Cordeiros,Bahia,1,Pequeno I,8.667
290910,2909109,29,Coribe,Nordeste,EXTREMO OESTE BAIANO,BA,BA-Coribe,Bahia,1,Pequeno I,14.108
290920,2909208,29,Coronel João Sá,Nordeste,NORDESTE BAIANO,BA,BA-Coronel João Sá,Bahia,1,Pequeno I,15.549
290930,2909307,29,Correntina,Nordeste,EXTREMO OESTE BAIANO,BA,BA-Correntina,Bahia,2,Pequeno II,32.243
290940,2909406,29,Cotegipe,Nordeste,EXTREMO OESTE BAIANO,BA,BA-Cotegipe,Bahia,1,Pequeno I,13.756
290950,2909505,29,Cravolândia,Nordeste,CENTRO SUL BAIANO,BA,BA-Cravolândia,Bahia,1,Pequeno I,5.352
290960,2909604,29,Crisópolis,Nordeste,NORDESTE BAIANO,BA,BA-Crisópolis,Bahia,1,Pequeno I,21.219
290970,2909703,29,Cristópolis,Nordeste,EXTREMO OESTE BAIANO,BA,BA-Cristópolis,Bahia,1,Pequeno I,13.981
290980,2909802,29,Cruz das Almas,Nordeste,METROPOLITANA DE SALVADOR,BA,BA-Cruz das Almas,Bahia,3,Médio,63.923
290990,2909901,29,Curaçá,Nordeste,VALE SAO-FRANCISCANO DA BAHIA,BA,BA-Curaçá,Bahia,2,Pequeno II,35.065
291000,2910008,29,Dário Meira,Nordeste,CENTRO SUL BAIANO,BA,BA-Dário Meira,Bahia,1,Pequeno I,10.347
291005,2910057,29,Dias d'Ávila,Nordeste,METROPOLITANA DE SALVADOR,BA,BA-Dias d'Ávila,Bahia,3,Médio,83.705
291010,2910107,29,Dom Basílio,Nordeste,CENTRO SUL BAIANO,BA,BA-Dom Basílio,Bahia,1,Pequeno I,12.281
291020,2910206,29,Dom Macedo Costa,Nordeste,METROPOLITANA DE SALVADOR,BA,BA-Dom Macedo Costa,Bahia,1,Pequeno I,4.072
291030,2910305,29,Elísio Medrado,Nordeste,CENTRO NORTE BAIANO,BA,BA-Elísio Medrado,Bahia,1,Pequeno I,8.129
291040,2910404,29,Encruzilhada,Nordeste,CENTRO SUL BAIANO,BA,BA-Encruzilhada,Bahia,1,Pequeno I,15.914
291050,2910503,29,Entre Rios,Nordeste,NORDESTE BAIANO,BA,BA-Entre Rios,Bahia,2,Pequeno II,42.014
291060,2910602,29,Esplanada,Nordeste,NORDESTE BAIANO,BA,BA-Esplanada,Bahia,2,Pequeno II,37.902
291070,2910701,29,Euclides da Cunha,Nordeste,NORDESTE BAIANO,BA,BA-Euclides da Cunha,Bahia,3,Médio,61.112
291072,2910727,29,Eunápolis,Nordeste,SUL BAIANO,BA,BA-Eunápolis,Bahia,4,Grande,115.360
291075,2910750,29,Fátima,Nordeste,NORDESTE BAIANO,BA,BA-Fátima,Bahia,1,Pequeno I,17.801
291077,2910776,29,Feira da Mata,Nordeste,VALE SAO-FRANCISCANO DA BAHIA,BA,BA-Feira da Mata,Bahia,1,Pequeno I,5.656
291080,2910800,29,Feira de Santana,Nordeste,CENTRO NORTE BAIANO,BA,BA-Feira de Santana,Bahia,4,Grande,624.107
291085,2910859,29,Filadélfia,Nordeste,CENTRO NORTE BAIANO,BA,BA-Filadélfia,Bahia,1,Pequeno I,16.314
291090,2910909,29,Firmino Alves,Nordeste,SUL BAIANO,BA,BA-Firmino Alves,Bahia,1,Pequeno I,5.641
291100,2911006,29,Floresta Azul,Nordeste,SUL BAIANO,BA,BA-Floresta Azul,Bahia,1,Pequeno I,10.525
291110,2911105,29,Formosa do Rio Preto,Nordeste,EXTREMO OESTE BAIANO,BA,BA-Formosa do Rio Preto,Bahia,2,Pequeno II,26.111
291120,2911204,29,Gandu,Nordeste,SUL BAIANO,BA,BA-Gandu,Bahia,2,Pequeno II,32.778
291125,2911253,29,Gavião,Nordeste,NORDESTE BAIANO,BA,BA-Gavião,Bahia,1,Pequeno I,4.417
291130,2911303,29,Gentio do Ouro,Nordeste,CENTRO NORTE BAIANO,BA,BA-Gentio do Ouro,Bahia,1,Pequeno I,11.284
291140,2911402,29,Glória,Nordeste,VALE SAO-FRANCISCANO DA BAHIA,BA,BA-Glória,Bahia,1,Pequeno I,15.247
291150,2911501,29,Gongogi,Nordeste,SUL BAIANO,BA,BA-Gongogi,Bahia,1,Pequeno I,6.852
291160,2911600,29,Governador Mangabeira,Nordeste,METROPOLITANA DE SALVADOR,BA,BA-Governador Mangabeira,Bahia,2,Pequeno II,20.800
291165,2911659,29,Guajeru,Nordeste,CENTRO SUL BAIANO,BA,BA-Guajeru,Bahia,1,Pequeno I,6.371
291170,2911709,29,Guanambi,Nordeste,CENTRO SUL BAIANO,BA,BA-Guanambi,Bahia,3,Médio,85.353
291180,2911808,29,Guaratinga,Nordeste,SUL BAIANO,BA,BA-Guaratinga,Bahia,1,Pequeno I,20.565
291185,2911857,29,Heliópolis,Nordeste,NORDESTE BAIANO,BA,BA-Heliópolis,Bahia,1,Pequeno I,12.946
291190,2911907,29,Iaçu,Nordeste,CENTRO NORTE BAIANO,BA,BA-Iaçu,Bahia,2,Pequeno II,23.950
291200,2912004,29,Ibiassucê,Nordeste,CENTRO SUL BAIANO,BA,BA-Ibiassucê,Bahia,1,Pequeno I,8.849
291210,2912103,29,Ibicaraí,Nordeste,SUL BAIANO,BA,BA-Ibicaraí,Bahia,2,Pequeno II,21.083
291220,2912202,29,Ibicoara,Nordeste,CENTRO SUL BAIANO,BA,BA-Ibicoara,Bahia,2,Pequeno II,19.990
291230,2912301,29,Ibicuí,Nordeste,CENTRO SUL BAIANO,BA,BA-Ibicuí,Bahia,1,Pequeno I,16.262
291240,2912400,29,Ibipeba,Nordeste,CENTRO NORTE BAIANO,BA,BA-Ibipeba,Bahia,1,Pequeno I,18.421
291250,2912509,29,Ibipitanga,Nordeste,CENTRO SUL BAIANO,BA,BA-Ibipitanga,Bahia,1,Pequeno I,14.989
291260,2912608,29,Ibiquera,Nordeste,CENTRO NORTE BAIANO,BA,BA-Ibiquera,Bahia,1,Pequeno I,4.047
291270,2912707,29,Ibirapitanga,Nordeste,SUL BAIANO,BA,BA-Ibirapitanga,Bahia,2,Pequeno II,23.433
291280,2912806,29,Ibirapuã,Nordeste,SUL BAIANO,BA,BA-Ibirapuã,Bahia,1,Pequeno I,8.740
291290,2912905,29,Ibirataia,Nordeste,SUL BAIANO,BA,BA-Ibirataia,Bahia,1,Pequeno I,14.476
291300,2913002,29,Ibitiara,Nordeste,CENTRO SUL BAIANO,BA,BA-Ibitiara,Bahia,1,Pequeno I,16.463
291310,2913101,29,Ibititá,Nordeste,CENTRO NORTE BAIANO,BA,BA-Ibititá,Bahia,1,Pequeno I,17.048
291320,2913200,29,Ibotirama,Nordeste,VALE SAO-FRANCISCANO DA BAHIA,BA,BA-Ibotirama,Bahia,2,Pequeno II,27.076
291330,2913309,29,Ichu,Nordeste,NORDESTE BAIANO,BA,BA-Ichu,Bahia,1,Pequeno I,6.232
291340,2913408,29,Igaporã,Nordeste,CENTRO SUL BAIANO,BA,BA-Igaporã,Bahia,1,Pequeno I,15.661
291345,2913457,29,Igrapiúna,Nordeste,SUL BAIANO,BA,BA-Igrapiúna,Bahia,1,Pequeno I,12.963
291350,2913507,29,Iguaí,Nordeste,CENTRO SUL BAIANO,BA,BA-Iguaí,Bahia,2,Pequeno II,27.006
291360,2913606,29,Ilhéus,Nordeste,SUL BAIANO,BA,BA-Ilhéus,Bahia,4,Grande,157.639
291370,2913705,29,Inhambupe,Nordeste,NORDESTE BAIANO,BA,BA-Inhambupe,Bahia,2,Pequeno II,40.720
291380,2913804,29,Ipecaetá,Nordeste,CENTRO NORTE BAIANO,BA,BA-Ipecaetá,Bahia,1,Pequeno I,14.229
291390,2913903,29,Ipiaú,Nordeste,SUL BAIANO,BA,BA-Ipiaú,Bahia,2,Pequeno II,45.969
291400,2914000,29,Ipirá,Nordeste,CENTRO NORTE BAIANO,BA,BA-Ipirá,Bahia,3,Médio,59.281
291410,2914109,29,Ipupiara,Nordeste,CENTRO SUL BAIANO,BA,BA-Ipupiara,Bahia,1,Pequeno I,9.954
291420,2914208,29,Irajuba,Nordeste,CENTRO SUL BAIANO,BA,BA-Irajuba,Bahia,1,Pequeno I,7.295
291430,2914307,29,Iramaia,Nordeste,CENTRO SUL BAIANO,BA,BA-Iramaia,Bahia,1,Pequeno I,7.874
291440,2914406,29,Iraquara,Nordeste,CENTRO NORTE BAIANO,BA,BA-Iraquara,Bahia,2,Pequeno II,25.728
291450,2914505,29,Irará,Nordeste,CENTRO NORTE BAIANO,BA,BA-Irará,Bahia,2,Pequeno II,29.305
291460,2914604,29,Irecê,Nordeste,CENTRO NORTE BAIANO,BA,BA-Irecê,Bahia,3,Médio,74.050
291465,2914653,29,Itabela,Nordeste,SUL BAIANO,BA,BA-Itabela,Bahia,2,Pequeno II,30.901
291470,2914703,29,Itaberaba,Nordeste,CENTRO NORTE BAIANO,BA,BA-Itaberaba,Bahia,3,Médio,64.795
291480,2914802,29,Itabuna,Nordeste,SUL BAIANO,BA,BA-Itabuna,Bahia,4,Grande,214.123
291490,2914901,29,Itacaré,Nordeste,SUL BAIANO,BA,BA-Itacaré,Bahia,2,Pequeno II,29.051
291500,2915007,29,Itaeté,Nordeste,CENTRO SUL BAIANO,BA,BA-Itaeté,Bahia,1,Pequeno I,16.164
291510,2915106,29,Itagi,Nordeste,CENTRO SUL BAIANO,BA,BA-Itagi,Bahia,1,Pequeno I,12.140
291520,2915205,29,Itagibá,Nordeste,SUL BAIANO,BA,BA-Itagibá,Bahia,1,Pequeno I,14.331
291530,2915304,29,Itagimirim,Nordeste,SUL BAIANO,BA,BA-Itagimirim,Bahia,1,Pequeno I,6.784
291535,2915353,29,Itaguaçu da Bahia,Nordeste,VALE SAO-FRANCISCANO DA BAHIA,BA,BA-Itaguaçu da Bahia,Bahia,1,Pequeno I,14.650
291540,2915403,29,Itaju do Colônia,Nordeste,SUL BAIANO,BA,BA-Itaju do Colônia,Bahia,1,Pequeno I,6.515
291550,2915502,29,Itajuípe,Nordeste,SUL BAIANO,BA,BA-Itajuípe,Bahia,1,Pequeno I,20.309
291560,2915601,29,Itamaraju,Nordeste,SUL BAIANO,BA,BA-Itamaraju,Bahia,3,Médio,64.423
291570,2915700,29,Itamari,Nordeste,SUL BAIANO,BA,BA-Itamari,Bahia,1,Pequeno I,7.971
291580,2915809,29,Itambé,Nordeste,CENTRO SUL BAIANO,BA,BA-Itambé,Bahia,2,Pequeno II,22.474
291590,2915908,29,Itanagra,Nordeste,METROPOLITANA DE SALVADOR,BA,BA-Itanagra,Bahia,1,Pequeno I,6.433
291600,2916005,29,Itanhém,Nordeste,SUL BAIANO,BA,BA-Itanhém,Bahia,1,Pequeno I,19.231
291610,2916104,29,Itaparica,Nordeste,METROPOLITANA DE SALVADOR,BA,BA-Itaparica,Bahia,1,Pequeno I,22.440
291620,2916203,29,Itapé,Nordeste,SUL BAIANO,BA,BA-Itapé,Bahia,1,Pequeno I,8.300
291630,2916302,29,Itapebi,Nordeste,SUL BAIANO,BA,BA-Itapebi,Bahia,1,Pequeno I,10.173
291640,2916401,29,Itapetinga,Nordeste,CENTRO SUL BAIANO,BA,BA-Itapetinga,Bahia,3,Médio,77.408
291650,2916500,29,Itapicuru,Nordeste,NORDESTE BAIANO,BA,BA-Itapicuru,Bahia,2,Pequeno II,36.173
291660,2916609,29,Itapitanga,Nordeste,SUL BAIANO,BA,BA-Itapitanga,Bahia,1,Pequeno I,10.284
291670,2916708,29,Itaquara,Nordeste,CENTRO SUL BAIANO,BA,BA-Itaquara,Bahia,1,Pequeno I,8.375
291680,2916807,29,Itarantim,Nordeste,CENTRO SUL BAIANO,BA,BA-Itarantim,Bahia,1,Pequeno I,19.937
291685,2916856,29,Itatim,Nordeste,CENTRO NORTE BAIANO,BA,BA-Itatim,Bahia,1,Pequeno I,14.588
291690,2916906,29,Itiruçu,Nordeste,CENTRO SUL BAIANO,BA,BA-Itiruçu,Bahia,1,Pequeno I,12.482
291700,2917003,29,Itiúba,Nordeste,CENTRO NORTE BAIANO,BA,BA-Itiúba,Bahia,2,Pequeno II,36.140
291710,2917102,29,Itororó,Nordeste,CENTRO SUL BAIANO,BA,BA-Itororó,Bahia,1,Pequeno I,20.394
291720,2917201,29,Ituaçu,Nordeste,CENTRO SUL BAIANO,BA,BA-Ituaçu,Bahia,1,Pequeno I,19.095
291730,2917300,29,Ituberá,Nordeste,SUL BAIANO,BA,BA-Ituberá,Bahia,2,Pequeno II,28.870
291733,2917334,29,Iuiu,Nordeste,CENTRO SUL BAIANO,BA,BA-Iuiu,Bahia,1,Pequeno I,11.038
291735,2917359,29,Jaborandi,Nordeste,EXTREMO OESTE BAIANO,BA,BA-Jaborandi,Bahia,1,Pequeno I,8.176
291740,2917409,29,Jacaraci,Nordeste,CENTRO SUL BAIANO,BA,BA-Jacaraci,Bahia,1,Pequeno I,14.855
291750,2917508,29,Jacobina,Nordeste,CENTRO NORTE BAIANO,BA,BA-Jacobina,Bahia,3,Médio,80.749
291760,2917607,29,Jaguaquara,Nordeste,CENTRO SUL BAIANO,BA,BA-Jaguaquara,Bahia,2,Pequeno II,54.913
291770,2917706,29,Jaguarari,Nordeste,CENTRO NORTE BAIANO,BA,BA-Jaguarari,Bahia,2,Pequeno II,33.915
291780,2917805,29,Jaguaripe,Nordeste,METROPOLITANA DE SALVADOR,BA,BA-Jaguaripe,Bahia,1,Pequeno I,19.162
291790,2917904,29,Jandaíra,Nordeste,NORDESTE BAIANO,BA,BA-Jandaíra,Bahia,1,Pequeno I,10.742
291800,2918001,29,Jequié,Nordeste,CENTRO SUL BAIANO,BA,BA-Jequié,Bahia,4,Grande,156.277
291810,2918100,29,Jeremoabo,Nordeste,NORDESTE BAIANO,BA,BA-Jeremoabo,Bahia,2,Pequeno II,40.832
291820,2918209,29,Jiquiriçá,Nordeste,CENTRO SUL BAIANO,BA,BA-Jiquiriçá,Bahia,1,Pequeno I,14.576
291830,2918308,29,Jitaúna,Nordeste,CENTRO SUL BAIANO,BA,BA-Jitaúna,Bahia,1,Pequeno I,10.470
291835,2918357,29,João Dourado,Nordeste,CENTRO NORTE BAIANO,BA,BA-João Dourado,Bahia,2,Pequeno II,25.606
291840,2918407,29,Juazeiro,Nordeste,VALE SAO-FRANCISCANO DA BAHIA,BA,BA-Juazeiro,Bahia,4,Grande,219.544
291845,2918456,29,Jucuruçu,Nordeste,SUL BAIANO,BA,BA-Jucuruçu,Bahia,1,Pequeno I,8.856
291850,2918506,29,Jussara,Nordeste,CENTRO NORTE BAIANO,BA,BA-Jussara,Bahia,1,Pequeno I,15.241
291855,2918555,29,Jussari,Nordeste,SUL BAIANO,BA,BA-Jussari,Bahia,1,Pequeno I,5.706
291860,2918605,29,Jussiape,Nordeste,CENTRO SUL BAIANO,BA,BA-Jussiape,Bahia,1,Pequeno I,5.777
291870,2918704,29,Lafaiete Coutinho,Nordeste,CENTRO SUL BAIANO,BA,BA-Lafaiete Coutinho,Bahia,1,Pequeno I,3.663
291875,2918753,29,Lagoa Real,Nordeste,CENTRO SUL BAIANO,BA,BA-Lagoa Real,Bahia,1,Pequeno I,15.870
291880,2918803,29,Laje,Nordeste,CENTRO SUL BAIANO,BA,BA-Laje,Bahia,2,Pequeno II,24.214
291890,2918902,29,Lajedão,Nordeste,SUL BAIANO,BA,BA-Lajedão,Bahia,1,Pequeno I,3.993
291900,2919009,29,Lajedinho,Nordeste,CENTRO NORTE BAIANO,BA,BA-Lajedinho,Bahia,1,Pequeno I,3.735
291905,2919058,29,Lajedo do Tabocal,Nordeste,CENTRO SUL BAIANO,BA,BA-Lajedo do Tabocal,Bahia,1,Pequeno I,8.591
291910,2919108,29,Lamarão,Nordeste,NORDESTE BAIANO,BA,BA-Lamarão,Bahia,1,Pequeno I,8.078
291915,2919157,29,Lapão,Nordeste,CENTRO NORTE BAIANO,BA,BA-Lapão,Bahia,2,Pequeno II,27.323
291920,2919207,29,Lauro de Freitas,Nordeste,METROPOLITANA DE SALVADOR,BA,BA-Lauro de Freitas,Bahia,4,Grande,204.669
291930,2919306,29,Lençóis,Nordeste,CENTRO SUL BAIANO,BA,BA-Lençóis,Bahia,1,Pequeno I,11.586
291940,2919405,29,Licínio de Almeida,Nordeste,CENTRO SUL BAIANO,BA,BA-Licínio de Almeida,Bahia,1,Pequeno I,12.357
291950,2919504,29,Livramento de Nossa Senhora,Nordeste,CENTRO SUL BAIANO,BA,BA-Livramento de Nossa Senhora,Bahia,2,Pequeno II,46.372
291955,2919553,29,Luís Eduardo Magalhães,Nordeste,EXTREMO OESTE BAIANO,BA,BA-Luís Eduardo Magalhães,Bahia,4,Grande,92.671
291960,2919603,29,Macajuba,Nordeste,CENTRO NORTE BAIANO,BA,BA-Macajuba,Bahia,1,Pequeno I,11.318
291970,2919702,29,Macarani,Nordeste,CENTRO SUL BAIANO,BA,BA-Macarani,Bahia,2,Pequeno II,19.056
291980,2919801,29,Macaúbas,Nordeste,CENTRO SUL BAIANO,BA,BA-Macaúbas,Bahia,2,Pequeno II,50.481
291990,2919900,29,Macururé,Nordeste,VALE SAO-FRANCISCANO DA BAHIA,BA,BA-Macururé,Bahia,1,Pequeno I,7.752
291992,2919926,29,Madre de Deus,Nordeste,METROPOLITANA DE SALVADOR,BA,BA-Madre de Deus,Bahia,1,Pequeno I,21.754
291995,2919959,29,Maetinga,Nordeste,CENTRO SUL BAIANO,BA,BA-Maetinga,Bahia,1,Pequeno I,2.386
292000,2920007,29,Maiquinique,Nordeste,CENTRO SUL BAIANO,BA,BA-Maiquinique,Bahia,1,Pequeno I,10.294
292010,2920106,29,Mairi,Nordeste,CENTRO NORTE BAIANO,BA,BA-Mairi,Bahia,1,Pequeno I,18.535
292020,2920205,29,Malhada,Nordeste,CENTRO SUL BAIANO,BA,BA-Malhada,Bahia,1,Pequeno I,16.875
292030,2920304,29,Malhada de Pedras,Nordeste,CENTRO SUL BAIANO,BA,BA-Malhada de Pedras,Bahia,1,Pequeno I,8.326
292040,2920403,29,Manoel Vitorino,Nordeste,CENTRO SUL BAIANO,BA,BA-Manoel Vitorino,Bahia,1,Pequeno I,12.944
292045,2920452,29,Mansidão,Nordeste,EXTREMO OESTE BAIANO,BA,BA-Mansidão,Bahia,1,Pequeno I,13.822
292050,2920502,29,Maracás,Nordeste,CENTRO SUL BAIANO,BA,BA-Maracás,Bahia,2,Pequeno II,19.973
292060,2920601,29,Maragogipe,Nordeste,METROPOLITANA DE SALVADOR,BA,BA-Maragogipe,Bahia,2,Pequeno II,44.902
292070,2920700,29,Maraú,Nordeste,SUL BAIANO,BA,BA-Maraú,Bahia,2,Pequeno II,20.664
292080,2920809,29,Marcionílio Souza,Nordeste,CENTRO SUL BAIANO,BA,BA-Marcionílio Souza,Bahia,1,Pequeno I,10.357
292090,2920908,29,Mascote,Nordeste,SUL BAIANO,BA,BA-Mascote,Bahia,1,Pequeno I,13.619
292100,2921005,29,Mata de São João,Nordeste,METROPOLITANA DE SALVADOR,BA,BA-Mata de São João,Bahia,2,Pequeno II,47.643
292105,2921054,29,Matina,Nordeste,CENTRO SUL BAIANO,BA,BA-Matina,Bahia,1,Pequeno I,12.359
292110,2921104,29,Medeiros Neto,Nordeste,SUL BAIANO,BA,BA-Medeiros Neto,Bahia,2,Pequeno II,22.741
292120,2921203,29,Miguel Calmon,Nordeste,CENTRO NORTE BAIANO,BA,BA-Miguel Calmon,Bahia,2,Pequeno II,25.771
292130,2921302,29,Milagres,Nordeste,CENTRO SUL BAIANO,BA,BA-Milagres,Bahia,1,Pequeno I,10.838
292140,2921401,29,Mirangaba,Nordeste,CENTRO NORTE BAIANO,BA,BA-Mirangaba,Bahia,1,Pequeno I,18.603
292145,2921450,29,Mirante,Nordeste,CENTRO SUL BAIANO,BA,BA-Mirante,Bahia,1,Pequeno I,8.264
292150,2921500,29,Monte Santo,Nordeste,NORDESTE BAIANO,BA,BA-Monte Santo,Bahia,2,Pequeno II,49.145
292160,2921609,29,Morpará,Nordeste,VALE SAO-FRANCISCANO DA BAHIA,BA,BA-Morpará,Bahia,1,Pequeno I,8.476
292170,2921708,29,Morro do Chapéu,Nordeste,CENTRO NORTE BAIANO,BA,BA-Morro do Chapéu,Bahia,2,Pequeno II,35.466
292180,2921807,29,Mortugaba,Nordeste,CENTRO SUL BAIANO,BA,BA-Mortugaba,Bahia,1,Pequeno I,12.063
292190,2921906,29,Mucugê,Nordeste,CENTRO SUL BAIANO,BA,BA-Mucugê,Bahia,1,Pequeno I,8.725
292200,2922003,29,Mucuri,Nordeste,SUL BAIANO,BA,BA-Mucuri,Bahia,2,Pequeno II,42.729
292205,2922052,29,Mulungu do Morro,Nordeste,CENTRO NORTE BAIANO,BA,BA-Mulungu do Morro,Bahia,1,Pequeno I,10.469
292210,2922102,29,Mundo Novo,Nordeste,CENTRO NORTE BAIANO,BA,BA-Mundo Novo,Bahia,1,Pequeno I,27.153
292220,2922201,29,Muniz Ferreira,Nordeste,METROPOLITANA DE SALVADOR,BA,BA-Muniz Ferreira,Bahia,1,Pequeno I,7.464
292225,2922250,29,Muquém do São Francisco,Nordeste,VALE SAO-FRANCISCANO DA BAHIA,BA,BA-Muquém do São Francisco,Bahia,1,Pequeno I,11.479
292230,2922300,29,Muritiba,Nordeste,METROPOLITANA DE SALVADOR,BA,BA-Muritiba,Bahia,2,Pequeno II,29.420
292240,2922409,29,Mutuípe,Nordeste,CENTRO SUL BAIANO,BA,BA-Mutuípe,Bahia,2,Pequeno II,22.340
292250,2922508,29,Nazaré,Nordeste,METROPOLITANA DE SALVADOR,BA,BA-Nazaré,Bahia,2,Pequeno II,28.661
292260,2922607,29,Nilo Peçanha,Nordeste,SUL BAIANO,BA,BA-Nilo Peçanha,Bahia,1,Pequeno I,14.156
292265,2922656,29,Nordestina,Nordeste,NORDESTE BAIANO,BA,BA-Nordestina,Bahia,1,Pequeno I,13.197
292270,2922706,29,Nova Canaã,Nordeste,CENTRO SUL BAIANO,BA,BA-Nova Canaã,Bahia,1,Pequeno I,16.482
292273,2922730,29,Nova Fátima,Nordeste,NORDESTE BAIANO,BA,BA-Nova Fátima,Bahia,1,Pequeno I,7.830
292275,2922755,29,Nova Ibiá,Nordeste,SUL BAIANO,BA,BA-Nova Ibiá,Bahia,1,Pequeno I,6.518
292280,2922805,29,Nova Itarana,Nordeste,CENTRO SUL BAIANO,BA,BA-Nova Itarana,Bahia,1,Pequeno I,8.328
292285,2922854,29,Nova Redenção,Nordeste,CENTRO SUL BAIANO,BA,BA-Nova Redenção,Bahia,1,Pequeno I,9.126
292290,2922904,29,Nova Soure,Nordeste,NORDESTE BAIANO,BA,BA-Nova Soure,Bahia,2,Pequeno II,27.047
292300,2923001,29,Nova Viçosa,Nordeste,SUL BAIANO,BA,BA-Nova Viçosa,Bahia,2,Pequeno II,44.170
292303,2923035,29,Novo Horizonte,Nordeste,CENTRO SUL BAIANO,BA,BA-Novo Horizonte,Bahia,1,Pequeno I,12.653
292305,2923050,29,Novo Triunfo,Nordeste,NORDESTE BAIANO,BA,BA-Novo Triunfo,Bahia,1,Pequeno I,15.445
292310,2923100,29,Olindina,Nordeste,NORDESTE BAIANO,BA,BA-Olindina,Bahia,2,Pequeno II,28.373
292320,2923209,29,Oliveira dos Brejinhos,Nordeste,CENTRO SUL BAIANO,BA,BA-Oliveira dos Brejinhos,Bahia,2,Pequeno II,21.797
292330,2923308,29,Ouriçangas,Nordeste,CENTRO NORTE BAIANO,BA,BA-Ouriçangas,Bahia,1,Pequeno I,8.575
292335,2923357,29,Ourolândia,Nordeste,CENTRO NORTE BAIANO,BA,BA-Ourolândia,Bahia,1,Pequeno I,17.567
292340,2923407,29,Palmas de Monte Alto,Nordeste,CENTRO SUL BAIANO,BA,BA-Palmas de Monte Alto,Bahia,2,Pequeno II,21.840
292350,2923506,29,Palmeiras,Nordeste,CENTRO SUL BAIANO,BA,BA-Palmeiras,Bahia,1,Pequeno I,9.123
292360,2923605,29,Paramirim,Nordeste,CENTRO SUL BAIANO,BA,BA-Paramirim,Bahia,2,Pequeno II,21.777
292370,2923704,29,Paratinga,Nordeste,VALE SAO-FRANCISCANO DA BAHIA,BA,BA-Paratinga,Bahia,2,Pequeno II,32.274
292380,2923803,29,Paripiranga,Nordeste,NORDESTE BAIANO,BA,BA-Paripiranga,Bahia,2,Pequeno II,29.124
292390,2923902,29,Pau Brasil,Nordeste,SUL BAIANO,BA,BA-Pau Brasil,Bahia,1,Pequeno I,9.550
292400,2924009,29,Paulo Afonso,Nordeste,VALE SAO-FRANCISCANO DA BAHIA,BA,BA-Paulo Afonso,Bahia,4,Grande,119.213
292405,2924058,29,Pé de Serra,Nordeste,NORDESTE BAIANO,BA,BA-Pé de Serra,Bahia,1,Pequeno I,13.535
292410,2924108,29,Pedrão,Nordeste,CENTRO NORTE BAIANO,BA,BA-Pedrão,Bahia,1,Pequeno I,7.438
292420,2924207,29,Pedro Alexandre,Nordeste,NORDESTE BAIANO,BA,BA-Pedro Alexandre,Bahia,1,Pequeno I,16.698
292430,2924306,29,Piatã,Nordeste,CENTRO SUL BAIANO,BA,BA-Piatã,Bahia,2,Pequeno II,16.854
292440,2924405,29,Pilão Arcado,Nordeste,VALE SAO-FRANCISCANO DA BAHIA,BA,BA-Pilão Arcado,Bahia,2,Pequeno II,35.295
292450,2924504,29,Pindaí,Nordeste,CENTRO SUL BAIANO,BA,BA-Pindaí,Bahia,1,Pequeno I,16.308
292460,2924603,29,Pindobaçu,Nordeste,CENTRO NORTE BAIANO,BA,BA-Pindobaçu,Bahia,1,Pequeno I,20.048
292465,2924652,29,Pintadas,Nordeste,CENTRO NORTE BAIANO,BA,BA-Pintadas,Bahia,1,Pequeno I,10.353
292467,2924678,29,Piraí do Norte,Nordeste,SUL BAIANO,BA,BA-Piraí do Norte,Bahia,1,Pequeno I,10.050
292470,2924702,29,Piripá,Nordeste,CENTRO SUL BAIANO,BA,BA-Piripá,Bahia,1,Pequeno I,10.253
292480,2924801,29,Piritiba,Nordeste,CENTRO NORTE BAIANO,BA,BA-Piritiba,Bahia,1,Pequeno I,25.162
292490,2924900,29,Planaltino,Nordeste,CENTRO SUL BAIANO,BA,BA-Planaltino,Bahia,1,Pequeno I,9.415
292500,2925006,29,Planalto,Nordeste,CENTRO SUL BAIANO,BA,BA-Planalto,Bahia,2,Pequeno II,26.581
292510,2925105,29,Poções,Nordeste,CENTRO SUL BAIANO,BA,BA-Poções,Bahia,2,Pequeno II,46.885
292520,2925204,29,Pojuca,Nordeste,METROPOLITANA DE SALVADOR,BA,BA-Pojuca,Bahia,2,Pequeno II,40.401
292525,2925253,29,Ponto Novo,Nordeste,CENTRO NORTE BAIANO,BA,BA-Ponto Novo,Bahia,1,Pequeno I,14.729
292530,2925303,29,Porto Seguro,Nordeste,SUL BAIANO,BA,BA-Porto Seguro,Bahia,4,Grande,152.529
292540,2925402,29,Potiraguá,Nordeste,CENTRO SUL BAIANO,BA,BA-Potiraguá,Bahia,1,Pequeno I,6.623
292550,2925501,29,Prado,Nordeste,SUL BAIANO,BA,BA-Prado,Bahia,2,Pequeno II,28.214
292560,2925600,29,Presidente Dutra,Nordeste,CENTRO NORTE BAIANO,BA,BA-Presidente Dutra,Bahia,1,Pequeno I,15.180
292570,2925709,29,Presidente Jânio Quadros,Nordeste,CENTRO SUL BAIANO,BA,BA-Presidente Jânio Quadros,Bahia,1,Pequeno I,12.028
292575,2925758,29,Presidente Tancredo Neves,Nordeste,SUL BAIANO,BA,BA-Presidente Tancredo Neves,Bahia,2,Pequeno II,28.272
292580,2925808,29,Queimadas,Nordeste,NORDESTE BAIANO,BA,BA-Queimadas,Bahia,2,Pequeno II,25.428
292590,2925907,29,Quijingue,Nordeste,NORDESTE BAIANO,BA,BA-Quijingue,Bahia,2,Pequeno II,27.672
292593,2925931,29,Quixabeira,Nordeste,CENTRO NORTE BAIANO,BA,BA-Quixabeira,Bahia,1,Pequeno I,8.939
292595,2925956,29,Rafael Jambeiro,Nordeste,CENTRO NORTE BAIANO,BA,BA-Rafael Jambeiro,Bahia,1,Pequeno I,22.643
292600,2926004,29,Remanso,Nordeste,VALE SAO-FRANCISCANO DA BAHIA,BA,BA-Remanso,Bahia,2,Pequeno II,41.324
292610,2926103,29,Retirolândia,Nordeste,NORDESTE BAIANO,BA,BA-Retirolândia,Bahia,1,Pequeno I,14.588
292620,2926202,29,Riachão das Neves,Nordeste,EXTREMO OESTE BAIANO,BA,BA-Riachão das Neves,Bahia,2,Pequeno II,22.330
292630,2926301,29,Riachão do Jacuípe,Nordeste,NORDESTE BAIANO,BA,BA-Riachão do Jacuípe,Bahia,2,Pequeno II,33.498
292640,2926400,29,Riacho de Santana,Nordeste,CENTRO SUL BAIANO,BA,BA-Riacho de Santana,Bahia,2,Pequeno II,35.757
292650,2926509,29,Ribeira do Amparo,Nordeste,NORDESTE BAIANO,BA,BA-Ribeira do Amparo,Bahia,1,Pequeno I,14.631
292660,2926608,29,Ribeira do Pombal,Nordeste,NORDESTE BAIANO,BA,BA-Ribeira do Pombal,Bahia,3,Médio,54.097
292665,2926657,29,Ribeirão do Largo,Nordeste,CENTRO SUL BAIANO,BA,BA-Ribeirão do Largo,Bahia,1,Pequeno I,4.896
292670,2926707,29,Rio de Contas,Nordeste,CENTRO SUL BAIANO,BA,BA-Rio de Contas,Bahia,1,Pequeno I,12.878
292680,2926806,29,Rio do Antônio,Nordeste,CENTRO SUL BAIANO,BA,BA-Rio do Antônio,Bahia,1,Pequeno I,15.521
292690,2926905,29,Rio do Pires,Nordeste,CENTRO SUL BAIANO,BA,BA-Rio do Pires,Bahia,1,Pequeno I,11.672
292700,2927002,29,Rio Real,Nordeste,NORDESTE BAIANO,BA,BA-Rio Real,Bahia,2,Pequeno II,41.209
292710,2927101,29,Rodelas,Nordeste,VALE SAO-FRANCISCANO DA BAHIA,BA,BA-Rodelas,Bahia,1,Pequeno I,9.548
292720,2927200,29,Ruy Barbosa,Nordeste,CENTRO NORTE BAIANO,BA,BA-Ruy Barbosa,Bahia,2,Pequeno II,30.900
292730,2927309,29,Salinas da Margarida,Nordeste,METROPOLITANA DE SALVADOR,BA,BA-Salinas da Margarida,Bahia,1,Pequeno I,16.047
292740,2927408,29,Salvador,Nordeste,METROPOLITANA DE SALVADOR,BA,BA-Salvador,Bahia,5,Metrópole,2.900.319
292750,2927507,29,Santa Bárbara,Nordeste,CENTRO NORTE BAIANO,BA,BA-Santa Bárbara,Bahia,2,Pequeno II,20.971
292760,2927606,29,Santa Brígida,Nordeste,NORDESTE BAIANO,BA,BA-Santa Brígida,Bahia,1,Pequeno I,13.917
292770,2927705,29,Santa Cruz Cabrália,Nordeste,SUL BAIANO,BA,BA-Santa Cruz Cabrália,Bahia,2,Pequeno II,28.058
292780,2927804,29,Santa Cruz da Vitória,Nordeste,SUL BAIANO,BA,BA-Santa Cruz da Vitória,Bahia,1,Pequeno I,6.241
292790,2927903,29,Santa Inês,Nordeste,CENTRO SUL BAIANO,BA,BA-Santa Inês,Bahia,1,Pequeno I,10.583
292800,2928000,29,Santaluz,Nordeste,NORDESTE BAIANO,BA,BA-Santaluz,Bahia,2,Pequeno II,37.704
292805,2928059,29,Santa Luzia,Nordeste,SUL BAIANO,BA,BA-Santa Luzia,Bahia,1,Pequeno I,12.308
292810,2928109,29,Santa Maria da Vitória,Nordeste,EXTREMO OESTE BAIANO,BA,BA-Santa Maria da Vitória,Bahia,2,Pequeno II,39.707
292820,2928208,29,Santana,Nordeste,EXTREMO OESTE BAIANO,BA,BA-Santana,Bahia,2,Pequeno II,26.792
292830,2928307,29,Santanópolis,Nordeste,CENTRO NORTE BAIANO,BA,BA-Santanópolis,Bahia,1,Pequeno I,8.987
292840,2928406,29,Santa Rita de Cássia,Nordeste,EXTREMO OESTE BAIANO,BA,BA-Santa Rita de Cássia,Bahia,2,Pequeno II,28.613
292850,2928505,29,Santa Terezinha,Nordeste,CENTRO NORTE BAIANO,BA,BA-Santa Terezinha,Bahia,1,Pequeno I,10.520
292860,2928604,29,Santo Amaro,Nordeste,METROPOLITANA DE SALVADOR,BA,BA-Santo Amaro,Bahia,3,Médio,60.190
292870,2928703,29,Santo Antônio de Jesus,Nordeste,METROPOLITANA DE SALVADOR,BA,BA-Santo Antônio de Jesus,Bahia,4,Grande,103.204
292880,2928802,29,Santo Estêvão,Nordeste,CENTRO NORTE BAIANO,BA,BA-Santo Estêvão,Bahia,3,Médio,53.666
292890,2928901,29,São Desidério,Nordeste,EXTREMO OESTE BAIANO,BA,BA-São Desidério,Bahia,2,Pequeno II,34.764
292895,2928950,29,São Domingos,Nordeste,NORDESTE BAIANO,BA,BA-São Domingos,Bahia,1,Pequeno I,9.085
292900,2929008,29,São Félix,Nordeste,METROPOLITANA DE SALVADOR,BA,BA-São Félix,Bahia,1,Pequeno I,14.784
292905,2929057,29,São Félix do Coribe,Nordeste,EXTREMO OESTE BAIANO,BA,BA-São Félix do Coribe,Bahia,1,Pequeno I,15.543
292910,2929107,29,São Felipe,Nordeste,METROPOLITANA DE SALVADOR,BA,BA-São Felipe,Bahia,2,Pequeno II,21.083
292920,2929206,29,São Francisco do Conde,Nordeste,METROPOLITANA DE SALVADOR,BA,BA-São Francisco do Conde,Bahia,2,Pequeno II,40.664
292925,2929255,29,São Gabriel,Nordeste,CENTRO NORTE BAIANO,BA,BA-São Gabriel,Bahia,1,Pequeno I,18.785
292930,2929305,29,São Gonçalo dos Campos,Nordeste,CENTRO NORTE BAIANO,BA,BA-São Gonçalo dos Campos,Bahia,2,Pequeno II,38.315
292935,2929354,29,São José da Vitória,Nordeste,SUL BAIANO,BA,BA-São José da Vitória,Bahia,1,Pequeno I,5.562
292937,2929370,29,São José do Jacuípe,Nordeste,CENTRO NORTE BAIANO,BA,BA-São José do Jacuípe,Bahia,1,Pequeno I,10.546
292940,2929404,29,São Miguel das Matas,Nordeste,CENTRO SUL BAIANO,BA,BA-São Miguel das Matas,Bahia,1,Pequeno I,11.733
292950,2929503,29,São Sebastião do Passé,Nordeste,METROPOLITANA DE SALVADOR,BA,BA-São Sebastião do Passé,Bahia,2,Pequeno II,44.554
292960,2929602,29,Sapeaçu,Nordeste,METROPOLITANA DE SALVADOR,BA,BA-Sapeaçu,Bahia,1,Pequeno I,17.421
292970,2929701,29,Sátiro Dias,Nordeste,NORDESTE BAIANO,BA,BA-Sátiro Dias,Bahia,1,Pequeno I,17.330
292975,2929750,29,Saubara,Nordeste,METROPOLITANA DE SALVADOR,BA,BA-Saubara,Bahia,1,Pequeno I,12.163
292980,2929800,29,Saúde,Nordeste,CENTRO NORTE BAIANO,BA,BA-Saúde,Bahia,1,Pequeno I,12.971
292990,2929909,29,Seabra,Nordeste,CENTRO SUL BAIANO,BA,BA-Seabra,Bahia,2,Pequeno II,44.370
293000,2930006,29,Sebastião Laranjeiras,Nordeste,CENTRO SUL BAIANO,BA,BA-Sebastião Laranjeiras,Bahia,1,Pequeno I,11.586
293010,2930105,29,Senhor do Bonfim,Nordeste,CENTRO NORTE BAIANO,BA,BA-Senhor do Bonfim,Bahia,3,Médio,79.813
293015,2930154,29,Serra do Ramalho,Nordeste,VALE SAO-FRANCISCANO DA BAHIA,BA,BA-Serra do Ramalho,Bahia,2,Pequeno II,31.362
293020,2930204,29,Sento Sé,Nordeste,VALE SAO-FRANCISCANO DA BAHIA,BA,BA-Sento Sé,Bahia,2,Pequeno II,41.279
293030,2930303,29,Serra Dourada,Nordeste,EXTREMO OESTE BAIANO,BA,BA-Serra Dourada,Bahia,1,Pequeno I,17.261
293040,2930402,29,Serra Preta,Nordeste,CENTRO NORTE BAIANO,BA,BA-Serra Preta,Bahia,1,Pequeno I,14.531
293050,2930501,29,Serrinha,Nordeste,NORDESTE BAIANO,BA,BA-Serrinha,Bahia,3,Médio,81.693
293060,2930600,29,Serrolândia,Nordeste,CENTRO NORTE BAIANO,BA,BA-Serrolândia,Bahia,1,Pequeno I,13.490
293070,2930709,29,Simões Filho,Nordeste,METROPOLITANA DE SALVADOR,BA,BA-Simões Filho,Bahia,4,Grande,137.117
293075,2930758,29,Sítio do Mato,Nordeste,VALE SAO-FRANCISCANO DA BAHIA,BA,BA-Sítio do Mato,Bahia,1,Pequeno I,13.104
293076,2930766,29,Sítio do Quinto,Nordeste,NORDESTE BAIANO,BA,BA-Sítio do Quinto,Bahia,1,Pequeno I,9.431
293077,2930774,29,Sobradinho,Nordeste,VALE SAO-FRANCISCANO DA BAHIA,BA,BA-Sobradinho,Bahia,2,Pequeno II,23.274
293080,2930808,29,Souto Soares,Nordeste,CENTRO NORTE BAIANO,BA,BA-Souto Soares,Bahia,1,Pequeno I,17.118
293090,2930907,29,Tabocas do Brejo Velho,Nordeste,EXTREMO OESTE BAIANO,BA,BA-Tabocas do Brejo Velho,Bahia,1,Pequeno I,12.515
293100,2931004,29,Tanhaçu,Nordeste,CENTRO SUL BAIANO,BA,BA-Tanhaçu,Bahia,2,Pequeno II,20.383
293105,2931053,29,Tanque Novo,Nordeste,CENTRO SUL BAIANO,BA,BA-Tanque Novo,Bahia,1,Pequeno I,17.518
293110,2931103,29,Tanquinho,Nordeste,CENTRO NORTE BAIANO,BA,BA-Tanquinho,Bahia,1,Pequeno I,7.936
293120,2931202,29,Taperoá,Nordeste,SUL BAIANO,BA,BA-Taperoá,Bahia,1,Pequeno I,21.421
293130,2931301,29,Tapiramutá,Nordeste,CENTRO NORTE BAIANO,BA,BA-Tapiramutá,Bahia,1,Pequeno I,16.939
293135,2931350,29,Teixeira de Freitas,Nordeste,SUL BAIANO,BA,BA-Teixeira de Freitas,Bahia,4,Grande,164.290
293140,2931400,29,Teodoro Sampaio,Nordeste,CENTRO NORTE BAIANO,BA,BA-Teodoro Sampaio,Bahia,1,Pequeno I,7.296
293150,2931509,29,Teofilândia,Nordeste,NORDESTE BAIANO,BA,BA-Teofilândia,Bahia,2,Pequeno II,22.590
293160,2931608,29,Teolândia,Nordeste,SUL BAIANO,BA,BA-Teolândia,Bahia,1,Pequeno I,15.097
293170,2931707,29,Terra Nova,Nordeste,METROPOLITANA DE SALVADOR,BA,BA-Terra Nova,Bahia,1,Pequeno I,13.018
293180,2931806,29,Tremedal,Nordeste,CENTRO SUL BAIANO,BA,BA-Tremedal,Bahia,1,Pequeno I,15.996
293190,2931905,29,Tucano,Nordeste,NORDESTE BAIANO,BA,BA-Tucano,Bahia,2,Pequeno II,50.903
293200,2932002,29,Uauá,Nordeste,NORDESTE BAIANO,BA,BA-Uauá,Bahia,2,Pequeno II,23.991
293210,2932101,29,Ubaíra,Nordeste,CENTRO SUL BAIANO,BA,BA-Ubaíra,Bahia,1,Pequeno I,19.860
293220,2932200,29,Ubaitaba,Nordeste,SUL BAIANO,BA,BA-Ubaitaba,Bahia,1,Pequeno I,18.647
293230,2932309,29,Ubatã,Nordeste,SUL BAIANO,BA,BA-Ubatã,Bahia,1,Pequeno I,27.481
293240,2932408,29,Uibaí,Nordeste,CENTRO NORTE BAIANO,BA,BA-Uibaí,Bahia,1,Pequeno I,13.894
293245,2932457,29,Umburanas,Nordeste,CENTRO NORTE BAIANO,BA,BA-Umburanas,Bahia,1,Pequeno I,19.573
293250,2932507,29,Una,Nordeste,SUL BAIANO,BA,BA-Una,Bahia,1,Pequeno I,18.108
293260,2932606,29,Urandi,Nordeste,CENTRO SUL BAIANO,BA,BA-Urandi,Bahia,1,Pequeno I,16.672
293270,2932705,29,Uruçuca,Nordeste,SUL BAIANO,BA,BA-Uruçuca,Bahia,2,Pequeno II,20.312
293280,2932804,29,Utinga,Nordeste,CENTRO SUL BAIANO,BA,BA-Utinga,Bahia,1,Pequeno I,19.330
293290,2932903,29,Valença,Nordeste,SUL BAIANO,BA,BA-Valença,Bahia,3,Médio,97.873
293300,2933000,29,Valente,Nordeste,NORDESTE BAIANO,BA,BA-Valente,Bahia,2,Pequeno II,29.111
293305,2933059,29,Várzea da Roça,Nordeste,CENTRO NORTE BAIANO,BA,BA-Várzea da Roça,Bahia,1,Pequeno I,14.135
293310,2933109,29,Várzea do Poço,Nordeste,CENTRO NORTE BAIANO,BA,BA-Várzea do Poço,Bahia,1,Pequeno I,9.247
293315,2933158,29,Várzea Nova,Nordeste,CENTRO NORTE BAIANO,BA,BA-Várzea Nova,Bahia,1,Pequeno I,12.556
293317,2933174,29,Varzedo,Nordeste,METROPOLITANA DE SALVADOR,BA,BA-Varzedo,Bahia,1,Pequeno I,8.734
293320,2933208,29,Vera Cruz,Nordeste,METROPOLITANA DE SALVADOR,BA,BA-Vera Cruz,Bahia,2,Pequeno II,44.185
293325,2933257,29,Vereda,Nordeste,SUL BAIANO,BA,BA-Vereda,Bahia,1,Pequeno I,6.105
293330,2933307,29,Vitória da Conquista,Nordeste,CENTRO SUL BAIANO,BA,BA-Vitória da Conquista,Bahia,4,Grande,343.643
293340,2933406,29,Wagner,Nordeste,CENTRO SUL BAIANO,BA,BA-Wagner,Bahia,1,Pequeno I,9.342
293345,2933455,29,Wanderley,Nordeste,EXTREMO OESTE BAIANO,BA,BA-Wanderley,Bahia,1,Pequeno I,12.125
293350,2933505,29,Wenceslau Guimarães,Nordeste,SUL BAIANO,BA,BA-Wenceslau Guimarães,Bahia,2,Pequeno II,20.862
293360,2933604,29,Xique-Xique,Nordeste,VALE SAO-FRANCISCANO DA BAHIA,BA,BA-Xique-Xique,Bahia,2,Pequeno II,46.562
310010,3100104,31,Abadia dos Dourados,Sudeste,TRIANGULO MINEIRO/ALTO PARANAIBA,MG,MG-Abadia dos Dourados,Minas Gerais,1,Pequeno I,7.022
310020,3100203,31,Abaeté,Sudeste,CENTRAL MINEIRA,MG,MG-Abaeté,Minas Gerais,2,Pequeno II,23.263
310030,3100302,31,Abre Campo,Sudeste,ZONA DA MATA,MG,MG-Abre Campo,Minas Gerais,1,Pequeno I,13.434
310040,3100401,31,Acaiaca,Sudeste,ZONA DA MATA,MG,MG-Acaiaca,Minas Gerais,1,Pequeno I,3.995
310050,3100500,31,Açucena,Sudeste,VALE DO RIO DOCE,MG,MG-Açucena,Minas Gerais,1,Pequeno I,9.270
310060,3100609,31,Água Boa,Sudeste,VALE DO RIO DOCE,MG,MG-Água Boa,Minas Gerais,1,Pequeno I,13.319
310070,3100708,31,Água Comprida,Sudeste,TRIANGULO MINEIRO/ALTO PARANAIBA,MG,MG-Água Comprida,Minas Gerais,1,Pequeno I,1.986
310080,3100807,31,Aguanil,Sudeste,OESTE DE MINAS,MG,MG-Aguanil,Minas Gerais,1,Pequeno I,4.557
310090,3100906,31,Águas Formosas,Sudeste,VALE DO MUCURI,MG,MG-Águas Formosas,Minas Gerais,1,Pequeno I,19.285
310100,3101003,31,Águas Vermelhas,Sudeste,NORTE DE MINAS,MG,MG-Águas Vermelhas,Minas Gerais,1,Pequeno I,13.656
310110,3101102,31,Aimorés,Sudeste,VALE DO RIO DOCE,MG,MG-Aimorés,Minas Gerais,2,Pequeno II,25.116
310120,3101201,31,Aiuruoca,Sudeste,SUL/SUDOESTE DE MINAS,MG,MG-Aiuruoca,Minas Gerais,1,Pequeno I,5.949
310130,3101300,31,Alagoa,Sudeste,SUL/SUDOESTE DE MINAS,MG,MG-Alagoa,Minas Gerais,1,Pequeno I,2.657
310140,3101409,31,Albertina,Sudeste,SUL/SUDOESTE DE MINAS,MG,MG-Albertina,Minas Gerais,1,Pequeno I,3.015
310150,3101508,31,Além Paraíba,Sudeste,ZONA DA MATA,MG,MG-Além Paraíba,Minas Gerais,2,Pequeno II,35.438
310160,3101607,31,Alfenas,Sudeste,SUL/SUDOESTE DE MINAS,MG,MG-Alfenas,Minas Gerais,3,Médio,80.973
310163,3101631,31,Alfredo Vasconcelos,Sudeste,CAMPO DAS VERTENTES,MG,MG-Alfredo Vasconcelos,Minas Gerais,1,Pequeno I,7.052
310170,3101706,31,Almenara,Sudeste,JEQUITINHONHA,MG,MG-Almenara,Minas Gerais,2,Pequeno II,42.380
310180,3101805,31,Alpercata,Sudeste,VALE DO RIO DOCE,MG,MG-Alpercata,Minas Gerais,1,Pequeno I,7.448
310190,3101904,31,Alpinópolis,Sudeste,SUL/SUDOESTE DE MINAS,MG,MG-Alpinópolis,Minas Gerais,1,Pequeno I,20.059
310200,3102001,31,Alterosa,Sudeste,SUL/SUDOESTE DE MINAS,MG,MG-Alterosa,Minas Gerais,1,Pequeno I,14.566
310205,3102050,31,Alto Caparaó,Sudeste,ZONA DA MATA,MG,MG-Alto Caparaó,Minas Gerais,1,Pequeno I,5.938
310210,3102100,31,Alto Rio Doce,Sudeste,ZONA DA MATA,MG,MG-Alto Rio Doce,Minas Gerais,1,Pequeno I,10.723
310220,3102209,31,Alvarenga,Sudeste,VALE DO RIO DOCE,MG,MG-Alvarenga,Minas Gerais,1,Pequeno I,3.783
310230,3102308,31,Alvinópolis,Sudeste,METROPOLITANA DE BELO HORIZONTE,MG,MG-Alvinópolis,Minas Gerais,1,Pequeno I,15.135
310240,3102407,31,Alvorada de Minas,Sudeste,METROPOLITANA DE BELO HORIZONTE,MG,MG-Alvorada de Minas,Minas Gerais,1,Pequeno I,3.605
310250,3102506,31,Amparo do Serra,Sudeste,ZONA DA MATA,MG,MG-Amparo do Serra,Minas Gerais,1,Pequeno I,4.643
310260,3102605,31,Andradas,Sudeste,SUL/SUDOESTE DE MINAS,MG,MG-Andradas,Minas Gerais,2,Pequeno II,41.704
310270,3102704,31,Cachoeira de Pajeú,Sudeste,JEQUITINHONHA,MG,MG-Cachoeira de Pajeú,Minas Gerais,1,Pequeno I,9.470
310280,3102803,31,Andrelândia,Sudeste,SUL/SUDOESTE DE MINAS,MG,MG-Andrelândia,Minas Gerais,1,Pequeno I,12.189
310285,3102852,31,Angelândia,Sudeste,JEQUITINHONHA,MG,MG-Angelândia,Minas Gerais,1,Pequeno I,8.594
310290,3102902,31,Antônio Carlos,Sudeste,CAMPO DAS VERTENTES,MG,MG-Antônio Carlos,Minas Gerais,1,Pequeno I,11.471
310300,3103009,31,Antônio Dias,Sudeste,VALE DO RIO DOCE,MG,MG-Antônio Dias,Minas Gerais,1,Pequeno I,9.233
310310,3103108,31,Antônio Prado de Minas,Sudeste,ZONA DA MATA,MG,MG-Antônio Prado de Minas,Minas Gerais,1,Pequeno I,1.577
310320,3103207,31,Araçaí,Sudeste,METROPOLITANA DE BELO HORIZONTE,MG,MG-Araçaí,Minas Gerais,1,Pequeno I,2.360
310330,3103306,31,Aracitaba,Sudeste,ZONA DA MATA,MG,MG-Aracitaba,Minas Gerais,1,Pequeno I,2.056
310340,3103405,31,Araçuaí,Sudeste,JEQUITINHONHA,MG,MG-Araçuaí,Minas Gerais,2,Pequeno II,36.715
310350,3103504,31,Araguari,Sudeste,TRIANGULO MINEIRO/ALTO PARANAIBA,MG,MG-Araguari,Minas Gerais,4,Grande,118.361
310360,3103603,31,Arantina,Sudeste,SUL/SUDOESTE DE MINAS,MG,MG-Arantina,Minas Gerais,1,Pequeno I,2.779
310370,3103702,31,Araponga,Sudeste,ZONA DA MATA,MG,MG-Araponga,Minas Gerais,1,Pequeno I,8.467
310375,3103751,31,Araporã,Sudeste,TRIANGULO MINEIRO/ALTO PARANAIBA,MG,MG-Araporã,Minas Gerais,1,Pequeno I,6.992
310380,3103801,31,Arapuá,Sudeste,TRIANGULO MINEIRO/ALTO PARANAIBA,MG,MG-Arapuá,Minas Gerais,1,Pequeno I,2.836
310390,3103900,31,Araújos,Sudeste,CENTRAL MINEIRA,MG,MG-Araújos,Minas Gerais,1,Pequeno I,9.523
310400,3104007,31,Araxá,Sudeste,TRIANGULO MINEIRO/ALTO PARANAIBA,MG,MG-Araxá,Minas Gerais,4,Grande,108.403
310410,3104106,31,Arceburgo,Sudeste,SUL/SUDOESTE DE MINAS,MG,MG-Arceburgo,Minas Gerais,1,Pequeno I,10.990
310420,3104205,31,Arcos,Sudeste,OESTE DE MINAS,MG,MG-Arcos,Minas Gerais,2,Pequeno II,40.658
310430,3104304,31,Areado,Sudeste,SUL/SUDOESTE DE MINAS,MG,MG-Areado,Minas Gerais,1,Pequeno I,15.288
310440,3104403,31,Argirita,Sudeste,ZONA DA MATA,MG,MG-Argirita,Minas Gerais,1,Pequeno I,2.681
310445,3104452,31,Aricanduva,Sudeste,JEQUITINHONHA,MG,MG-Aricanduva,Minas Gerais,1,Pequeno I,5.305
310450,3104502,31,Arinos,Sudeste,NOROESTE DE MINAS,MG,MG-Arinos,Minas Gerais,1,Pequeno I,17.850
310460,3104601,31,Astolfo Dutra,Sudeste,ZONA DA MATA,MG,MG-Astolfo Dutra,Minas Gerais,1,Pequeno I,14.358
310470,3104700,31,Ataléia,Sudeste,VALE DO MUCURI,MG,MG-Ataléia,Minas Gerais,1,Pequeno I,12.496
310480,3104809,31,Augusto de Lima,Sudeste,CENTRAL MINEIRA,MG,MG-Augusto de Lima,Minas Gerais,1,Pequeno I,4.833
310490,3104908,31,Baependi,Sudeste,SUL/SUDOESTE DE MINAS,MG,MG-Baependi,Minas Gerais,1,Pequeno I,19.249
310500,3105004,31,Baldim,Sudeste,METROPOLITANA DE BELO HORIZONTE,MG,MG-Baldim,Minas Gerais,1,Pequeno I,7.780
310510,3105103,31,Bambuí,Sudeste,OESTE DE MINAS,MG,MG-Bambuí,Minas Gerais,2,Pequeno II,23.964
310520,3105202,31,Bandeira,Sudeste,JEQUITINHONHA,MG,MG-Bandeira,Minas Gerais,1,Pequeno I,4.738
310530,3105301,31,Bandeira do Sul,Sudeste,SUL/SUDOESTE DE MINAS,MG,MG-Bandeira do Sul,Minas Gerais,1,Pequeno I,5.808
310540,3105400,31,Barão de Cocais,Sudeste,METROPOLITANA DE BELO HORIZONTE,MG,MG-Barão de Cocais,Minas Gerais,2,Pequeno II,33.232
310550,3105509,31,Barão de Monte Alto,Sudeste,ZONA DA MATA,MG,MG-Barão de Monte Alto,Minas Gerais,1,Pequeno I,5.311
310560,3105608,31,Barbacena,Sudeste,CAMPO DAS VERTENTES,MG,MG-Barbacena,Minas Gerais,4,Grande,139.061
310570,3105707,31,Barra Longa,Sudeste,ZONA DA MATA,MG,MG-Barra Longa,Minas Gerais,1,Pequeno I,4.905
310590,3105905,31,Barroso,Sudeste,CAMPO DAS VERTENTES,MG,MG-Barroso,Minas Gerais,2,Pequeno II,20.981
310600,3106002,31,Bela Vista de Minas,Sudeste,METROPOLITANA DE BELO HORIZONTE,MG,MG-Bela Vista de Minas,Minas Gerais,1,Pequeno I,10.269
310610,3106101,31,Belmiro Braga,Sudeste,ZONA DA MATA,MG,MG-Belmiro Braga,Minas Gerais,1,Pequeno I,3.422
310620,3106200,31,Belo Horizonte,Sudeste,METROPOLITANA DE BELO HORIZONTE,MG,MG-Belo Horizonte,Minas Gerais,5,Metrópole,2.530.701
310630,3106309,31,Belo Oriente,Sudeste,VALE DO RIO DOCE,MG,MG-Belo Oriente,Minas Gerais,2,Pequeno II,27.277
310640,3106408,31,Belo Vale,Sudeste,METROPOLITANA DE BELO HORIZONTE,MG,MG-Belo Vale,Minas Gerais,1,Pequeno I,7.723
310650,3106507,31,Berilo,Sudeste,JEQUITINHONHA,MG,MG-Berilo,Minas Gerais,1,Pequeno I,11.813
310660,3106606,31,Bertópolis,Sudeste,VALE DO MUCURI,MG,MG-Bertópolis,Minas Gerais,1,Pequeno I,4.609
310665,3106655,31,Berizal,Sudeste,NORTE DE MINAS,MG,MG-Berizal,Minas Gerais,1,Pequeno I,4.792
310670,3106705,31,Betim,Sudeste,METROPOLITANA DE BELO HORIZONTE,MG,MG-Betim,Minas Gerais,4,Grande,450.024
310680,3106804,31,Bias Fortes,Sudeste,ZONA DA MATA,MG,MG-Bias Fortes,Minas Gerais,1,Pequeno I,3.282
310690,3106903,31,Bicas,Sudeste,ZONA DA MATA,MG,MG-Bicas,Minas Gerais,1,Pequeno I,14.612
310700,3107000,31,Biquinhas,Sudeste,CENTRAL MINEIRA,MG,MG-Biquinhas,Minas Gerais,1,Pequeno I,2.482
310710,3107109,31,Boa Esperança,Sudeste,SUL/SUDOESTE DE MINAS,MG,MG-Boa Esperança,Minas Gerais,2,Pequeno II,40.308
310720,3107208,31,Bocaina de Minas,Sudeste,SUL/SUDOESTE DE MINAS,MG,MG-Bocaina de Minas,Minas Gerais,1,Pequeno I,5.088
310730,3107307,31,Bocaiúva,Sudeste,NORTE DE MINAS,MG,MG-Bocaiúva,Minas Gerais,2,Pequeno II,50.521
310740,3107406,31,Bom Despacho,Sudeste,CENTRAL MINEIRA,MG,MG-Bom Despacho,Minas Gerais,3,Médio,51.436
310750,3107505,31,Bom Jardim de Minas,Sudeste,SUL/SUDOESTE DE MINAS,MG,MG-Bom Jardim de Minas,Minas Gerais,1,Pequeno I,6.444
310760,3107604,31,Bom Jesus da Penha,Sudeste,SUL/SUDOESTE DE MINAS,MG,MG-Bom Jesus da Penha,Minas Gerais,1,Pequeno I,4.270
310770,3107703,31,Bom Jesus do Amparo,Sudeste,METROPOLITANA DE BELO HORIZONTE,MG,MG-Bom Jesus do Amparo,Minas Gerais,1,Pequeno I,6.182
310780,3107802,31,Bom Jesus do Galho,Sudeste,VALE DO RIO DOCE,MG,MG-Bom Jesus do Galho,Minas Gerais,1,Pequeno I,14.792
310790,3107901,31,Bom Repouso,Sudeste,SUL/SUDOESTE DE MINAS,MG,MG-Bom Repouso,Minas Gerais,1,Pequeno I,10.527
310800,3108008,31,Bom Sucesso,Sudeste,OESTE DE MINAS,MG,MG-Bom Sucesso,Minas Gerais,1,Pequeno I,17.612
310810,3108107,31,Bonfim,Sudeste,METROPOLITANA DE BELO HORIZONTE,MG,MG-Bonfim,Minas Gerais,1,Pequeno I,6.852
310820,3108206,31,Bonfinópolis de Minas,Sudeste,NOROESTE DE MINAS,MG,MG-Bonfinópolis de Minas,Minas Gerais,1,Pequeno I,5.397
310825,3108255,31,Bonito de Minas,Sudeste,NORTE DE MINAS,MG,MG-Bonito de Minas,Minas Gerais,1,Pequeno I,11.502
310830,3108305,31,Borda da Mata,Sudeste,SUL/SUDOESTE DE MINAS,MG,MG-Borda da Mata,Minas Gerais,1,Pequeno I,19.809
310840,3108404,31,Botelhos,Sudeste,SUL/SUDOESTE DE MINAS,MG,MG-Botelhos,Minas Gerais,1,Pequeno I,14.927
310850,3108503,31,Botumirim,Sudeste,NORTE DE MINAS,MG,MG-Botumirim,Minas Gerais,1,Pequeno I,6.259
310855,3108552,31,Brasilândia de Minas,Sudeste,NOROESTE DE MINAS,MG,MG-Brasilândia de Minas,Minas Gerais,1,Pequeno I,16.950
310860,3108602,31,Brasília de Minas,Sudeste,NORTE DE MINAS,MG,MG-Brasília de Minas,Minas Gerais,2,Pequeno II,32.460
310870,3108701,31,Brás Pires,Sudeste,ZONA DA MATA,MG,MG-Brás Pires,Minas Gerais,1,Pequeno I,4.255
310880,3108800,31,Braúnas,Sudeste,VALE DO RIO DOCE,MG,MG-Braúnas,Minas Gerais,1,Pequeno I,4.737
310890,3108909,31,Brazópolis,Sudeste,SUL/SUDOESTE DE MINAS,MG,MG-Brazópolis,Minas Gerais,1,Pequeno I,14.364
310900,3109006,31,Brumadinho,Sudeste,METROPOLITANA DE BELO HORIZONTE,MG,MG-Brumadinho,Minas Gerais,2,Pequeno II,41.208
310910,3109105,31,Bueno Brandão,Sudeste,SUL/SUDOESTE DE MINAS,MG,MG-Bueno Brandão,Minas Gerais,1,Pequeno I,10.982
310920,3109204,31,Buenópolis,Sudeste,CENTRAL MINEIRA,MG,MG-Buenópolis,Minas Gerais,1,Pequeno I,10.342
310925,3109253,31,Bugre,Sudeste,VALE DO RIO DOCE,MG,MG-Bugre,Minas Gerais,1,Pequeno I,3.984
310930,3109303,31,Buritis,Sudeste,NOROESTE DE MINAS,MG,MG-Buritis,Minas Gerais,2,Pequeno II,25.179
310940,3109402,31,Buritizeiro,Sudeste,NORTE DE MINAS,MG,MG-Buritizeiro,Minas Gerais,2,Pequeno II,28.184
310945,3109451,31,Cabeceira Grande,Sudeste,NOROESTE DE MINAS,MG,MG-Cabeceira Grande,Minas Gerais,1,Pequeno I,7.025
310950,3109501,31,Cabo Verde,Sudeste,SUL/SUDOESTE DE MINAS,MG,MG-Cabo Verde,Minas Gerais,1,Pequeno I,14.074
310960,3109600,31,Cachoeira da Prata,Sudeste,METROPOLITANA DE BELO HORIZONTE,MG,MG-Cachoeira da Prata,Minas Gerais,1,Pequeno I,3.580
310970,3109709,31,Cachoeira de Minas,Sudeste,SUL/SUDOESTE DE MINAS,MG,MG-Cachoeira de Minas,Minas Gerais,1,Pequeno I,11.609
310980,3109808,31,Cachoeira Dourada,Sudeste,TRIANGULO MINEIRO/ALTO PARANAIBA,MG,MG-Cachoeira Dourada,Minas Gerais,1,Pequeno I,2.720
310990,3109907,31,Caetanópolis,Sudeste,METROPOLITANA DE BELO HORIZONTE,MG,MG-Caetanópolis,Minas Gerais,1,Pequeno I,11.869
311000,3110004,31,Caeté,Sudeste,METROPOLITANA DE BELO HORIZONTE,MG,MG-Caeté,Minas Gerais,2,Pequeno II,45.364
311010,3110103,31,Caiana,Sudeste,ZONA DA MATA,MG,MG-Caiana,Minas Gerais,1,Pequeno I,5.584
311020,3110202,31,Cajuri,Sudeste,ZONA DA MATA,MG,MG-Cajuri,Minas Gerais,1,Pequeno I,3.961
311030,3110301,31,Caldas,Sudeste,SUL/SUDOESTE DE MINAS,MG,MG-Caldas,Minas Gerais,1,Pequeno I,14.600
311040,3110400,31,Camacho,Sudeste,OESTE DE MINAS,MG,MG-Camacho,Minas Gerais,1,Pequeno I,2.839
311050,3110509,31,Camanducaia,Sudeste,SUL/SUDOESTE DE MINAS,MG,MG-Camanducaia,Minas Gerais,2,Pequeno II,21.831
311060,3110608,31,Cambuí,Sudeste,SUL/SUDOESTE DE MINAS,MG,MG-Cambuí,Minas Gerais,2,Pequeno II,30.068
311070,3110707,31,Cambuquira,Sudeste,SUL/SUDOESTE DE MINAS,MG,MG-Cambuquira,Minas Gerais,1,Pequeno I,12.810
311080,3110806,31,Campanário,Sudeste,VALE DO RIO DOCE,MG,MG-Campanário,Minas Gerais,1,Pequeno I,3.739
311090,3110905,31,Campanha,Sudeste,SUL/SUDOESTE DE MINAS,MG,MG-Campanha,Minas Gerais,1,Pequeno I,16.855
311100,3111002,31,Campestre,Sudeste,SUL/SUDOESTE DE MINAS,MG,MG-Campestre,Minas Gerais,2,Pequeno II,21.052
311110,3111101,31,Campina Verde,Sudeste,TRIANGULO MINEIRO/ALTO PARANAIBA,MG,MG-Campina Verde,Minas Gerais,1,Pequeno I,19.759
311115,3111150,31,Campo Azul,Sudeste,NORTE DE MINAS,MG,MG-Campo Azul,Minas Gerais,1,Pequeno I,3.830
311120,3111200,31,Campo Belo,Sudeste,OESTE DE MINAS,MG,MG-Campo Belo,Minas Gerais,3,Médio,54.338
311130,3111309,31,Campo do Meio,Sudeste,SUL/SUDOESTE DE MINAS,MG,MG-Campo do Meio,Minas Gerais,1,Pequeno I,11.648
311140,3111408,31,Campo Florido,Sudeste,TRIANGULO MINEIRO/ALTO PARANAIBA,MG,MG-Campo Florido,Minas Gerais,1,Pequeno I,8.383
311150,3111507,31,Campos Altos,Sudeste,TRIANGULO MINEIRO/ALTO PARANAIBA,MG,MG-Campos Altos,Minas Gerais,1,Pequeno I,15.661
311160,3111606,31,Campos Gerais,Sudeste,SUL/SUDOESTE DE MINAS,MG,MG-Campos Gerais,Minas Gerais,2,Pequeno II,28.908
311170,3111705,31,Canaã,Sudeste,ZONA DA MATA,MG,MG-Canaã,Minas Gerais,1,Pequeno I,4.533
311180,3111804,31,Canápolis,Sudeste,TRIANGULO MINEIRO/ALTO PARANAIBA,MG,MG-Canápolis,Minas Gerais,1,Pequeno I,12.251
311190,3111903,31,Cana Verde,Sudeste,OESTE DE MINAS,MG,MG-Cana Verde,Minas Gerais,1,Pequeno I,5.585
311200,3112000,31,Candeias,Sudeste,OESTE DE MINAS,MG,MG-Candeias,Minas Gerais,1,Pequeno I,14.890
311205,3112059,31,Cantagalo,Sudeste,VALE DO RIO DOCE,MG,MG-Cantagalo,Minas Gerais,1,Pequeno I,4.575
311210,3112109,31,Caparaó,Sudeste,ZONA DA MATA,MG,MG-Caparaó,Minas Gerais,1,Pequeno I,5.464
311220,3112208,31,Capela Nova,Sudeste,CAMPO DAS VERTENTES,MG,MG-Capela Nova,Minas Gerais,1,Pequeno I,4.616
311230,3112307,31,Capelinha,Sudeste,JEQUITINHONHA,MG,MG-Capelinha,Minas Gerais,2,Pequeno II,38.321
311240,3112406,31,Capetinga,Sudeste,SUL/SUDOESTE DE MINAS,MG,MG-Capetinga,Minas Gerais,1,Pequeno I,6.860
311250,3112505,31,Capim Branco,Sudeste,METROPOLITANA DE BELO HORIZONTE,MG,MG-Capim Branco,Minas Gerais,1,Pequeno I,9.896
311260,3112604,31,Capinópolis,Sudeste,TRIANGULO MINEIRO/ALTO PARANAIBA,MG,MG-Capinópolis,Minas Gerais,1,Pequeno I,16.294
311265,3112653,31,Capitão Andrade,Sudeste,VALE DO RIO DOCE,MG,MG-Capitão Andrade,Minas Gerais,1,Pequeno I,5.559
311270,3112703,31,Capitão Enéas,Sudeste,NORTE DE MINAS,MG,MG-Capitão Enéas,Minas Gerais,1,Pequeno I,15.388
311280,3112802,31,Capitólio,Sudeste,SUL/SUDOESTE DE MINAS,MG,MG-Capitólio,Minas Gerais,1,Pequeno I,8.693
311290,3112901,31,Caputira,Sudeste,ZONA DA MATA,MG,MG-Caputira,Minas Gerais,1,Pequeno I,9.318
311300,3113008,31,Caraí,Sudeste,JEQUITINHONHA,MG,MG-Caraí,Minas Gerais,1,Pequeno I,23.872
311310,3113107,31,Caranaíba,Sudeste,CAMPO DAS VERTENTES,MG,MG-Caranaíba,Minas Gerais,1,Pequeno I,3.150
311320,3113206,31,Carandaí,Sudeste,CAMPO DAS VERTENTES,MG,MG-Carandaí,Minas Gerais,2,Pequeno II,25.831
311330,3113305,31,Carangola,Sudeste,ZONA DA MATA,MG,MG-Carangola,Minas Gerais,2,Pequeno II,33.022
311340,3113404,31,Caratinga,Sudeste,VALE DO RIO DOCE,MG,MG-Caratinga,Minas Gerais,3,Médio,93.124
311350,3113503,31,Carbonita,Sudeste,JEQUITINHONHA,MG,MG-Carbonita,Minas Gerais,1,Pequeno I,9.423
311360,3113602,31,Careaçu,Sudeste,SUL/SUDOESTE DE MINAS,MG,MG-Careaçu,Minas Gerais,1,Pequeno I,6.826
311370,3113701,31,Carlos Chagas,Sudeste,VALE DO MUCURI,MG,MG-Carlos Chagas,Minas Gerais,1,Pequeno I,18.516
311380,3113800,31,Carmésia,Sudeste,VALE DO RIO DOCE,MG,MG-Carmésia,Minas Gerais,1,Pequeno I,2.660
311390,3113909,31,Carmo da Cachoeira,Sudeste,SUL/SUDOESTE DE MINAS,MG,MG-Carmo da Cachoeira,Minas Gerais,1,Pequeno I,12.193
311400,3114006,31,Carmo da Mata,Sudeste,OESTE DE MINAS,MG,MG-Carmo da Mata,Minas Gerais,1,Pequeno I,11.546
311410,3114105,31,Carmo de Minas,Sudeste,SUL/SUDOESTE DE MINAS,MG,MG-Carmo de Minas,Minas Gerais,1,Pequeno I,15.031
311420,3114204,31,Carmo do Cajuru,Sudeste,OESTE DE MINAS,MG,MG-Carmo do Cajuru,Minas Gerais,2,Pequeno II,22.900
311430,3114303,31,Carmo do Paranaíba,Sudeste,TRIANGULO MINEIRO/ALTO PARANAIBA,MG,MG-Carmo do Paranaíba,Minas Gerais,2,Pequeno II,30.339
311440,3114402,31,Carmo do Rio Claro,Sudeste,SUL/SUDOESTE DE MINAS,MG,MG-Carmo do Rio Claro,Minas Gerais,2,Pequeno II,21.310
311450,3114501,31,Carmópolis de Minas,Sudeste,OESTE DE MINAS,MG,MG-Carmópolis de Minas,Minas Gerais,1,Pequeno I,19.756
311455,3114550,31,Carneirinho,Sudeste,TRIANGULO MINEIRO/ALTO PARANAIBA,MG,MG-Carneirinho,Minas Gerais,1,Pequeno I,10.103
311460,3114600,31,Carrancas,Sudeste,CAMPO DAS VERTENTES,MG,MG-Carrancas,Minas Gerais,1,Pequeno I,4.052
311470,3114709,31,Carvalhópolis,Sudeste,SUL/SUDOESTE DE MINAS,MG,MG-Carvalhópolis,Minas Gerais,1,Pequeno I,3.614
311480,3114808,31,Carvalhos,Sudeste,SUL/SUDOESTE DE MINAS,MG,MG-Carvalhos,Minas Gerais,1,Pequeno I,4.445
311490,3114907,31,Casa Grande,Sudeste,METROPOLITANA DE BELO HORIZONTE,MG,MG-Casa Grande,Minas Gerais,1,Pequeno I,2.251
311500,3115003,31,Cascalho Rico,Sudeste,TRIANGULO MINEIRO/ALTO PARANAIBA,MG,MG-Cascalho Rico,Minas Gerais,1,Pequeno I,3.108
311510,3115102,31,Cássia,Sudeste,SUL/SUDOESTE DE MINAS,MG,MG-Cássia,Minas Gerais,1,Pequeno I,17.741
311520,3115201,31,Conceição da Barra de Minas,Sudeste,CAMPO DAS VERTENTES,MG,MG-Conceição da Barra de Minas,Minas Gerais,1,Pequeno I,3.939
311530,3115300,31,Cataguases,Sudeste,ZONA DA MATA,MG,MG-Cataguases,Minas Gerais,3,Médio,75.942
311535,3115359,31,Catas Altas,Sudeste,METROPOLITANA DE BELO HORIZONTE,MG,MG-Catas Altas,Minas Gerais,1,Pequeno I,5.465
311540,3115409,31,Catas Altas da Noruega,Sudeste,METROPOLITANA DE BELO HORIZONTE,MG,MG-Catas Altas da Noruega,Minas Gerais,1,Pequeno I,3.665
311545,3115458,31,Catuji,Sudeste,VALE DO MUCURI,MG,MG-Catuji,Minas Gerais,1,Pequeno I,6.206
311547,3115474,31,Catuti,Sudeste,NORTE DE MINAS,MG,MG-Catuti,Minas Gerais,1,Pequeno I,4.944
311550,3115508,31,Caxambu,Sudeste,SUL/SUDOESTE DE MINAS,MG,MG-Caxambu,Minas Gerais,2,Pequeno II,21.566
311560,3115607,31,Cedro do Abaeté,Sudeste,CENTRAL MINEIRA,MG,MG-Cedro do Abaeté,Minas Gerais,1,Pequeno I,1.150
311570,3115706,31,Central de Minas,Sudeste,VALE DO RIO DOCE,MG,MG-Central de Minas,Minas Gerais,1,Pequeno I,7.059
311580,3115805,31,Centralina,Sudeste,TRIANGULO MINEIRO/ALTO PARANAIBA,MG,MG-Centralina,Minas Gerais,1,Pequeno I,10.343
311590,3115904,31,Chácara,Sudeste,ZONA DA MATA,MG,MG-Chácara,Minas Gerais,1,Pequeno I,3.216
311600,3116001,31,Chalé,Sudeste,ZONA DA MATA,MG,MG-Chalé,Minas Gerais,1,Pequeno I,5.695
311610,3116100,31,Chapada do Norte,Sudeste,JEQUITINHONHA,MG,MG-Chapada do Norte,Minas Gerais,1,Pequeno I,15.334
311615,3116159,31,Chapada Gaúcha,Sudeste,NORTE DE MINAS,MG,MG-Chapada Gaúcha,Minas Gerais,1,Pequeno I,14.217
311620,3116209,31,Chiador,Sudeste,ZONA DA MATA,MG,MG-Chiador,Minas Gerais,1,Pequeno I,2.657
311630,3116308,31,Cipotânea,Sudeste,ZONA DA MATA,MG,MG-Cipotânea,Minas Gerais,1,Pequeno I,6.811
311640,3116407,31,Claraval,Sudeste,SUL/SUDOESTE DE MINAS,MG,MG-Claraval,Minas Gerais,1,Pequeno I,4.873
311650,3116506,31,Claro dos Poções,Sudeste,NORTE DE MINAS,MG,MG-Claro dos Poções,Minas Gerais,1,Pequeno I,7.478
311660,3116605,31,Cláudio,Sudeste,OESTE DE MINAS,MG,MG-Cláudio,Minas Gerais,2,Pequeno II,29.093
311670,3116704,31,Coimbra,Sudeste,ZONA DA MATA,MG,MG-Coimbra,Minas Gerais,1,Pequeno I,7.631
311680,3116803,31,Coluna,Sudeste,VALE DO RIO DOCE,MG,MG-Coluna,Minas Gerais,1,Pequeno I,8.810
311690,3116902,31,Comendador Gomes,Sudeste,TRIANGULO MINEIRO/ALTO PARANAIBA,MG,MG-Comendador Gomes,Minas Gerais,1,Pequeno I,3.128
311700,3117009,31,Comercinho,Sudeste,JEQUITINHONHA,MG,MG-Comercinho,Minas Gerais,1,Pequeno I,6.624
311710,3117108,31,Conceição da Aparecida,Sudeste,SUL/SUDOESTE DE MINAS,MG,MG-Conceição da Aparecida,Minas Gerais,1,Pequeno I,10.351
311720,3117207,31,Conceição das Pedras,Sudeste,SUL/SUDOESTE DE MINAS,MG,MG-Conceição das Pedras,Minas Gerais,1,Pequeno I,2.814
311730,3117306,31,Conceição das Alagoas,Sudeste,TRIANGULO MINEIRO/ALTO PARANAIBA,MG,MG-Conceição das Alagoas,Minas Gerais,2,Pequeno II,28.782
311740,3117405,31,Conceição de Ipanema,Sudeste,VALE DO RIO DOCE,MG,MG-Conceição de Ipanema,Minas Gerais,1,Pequeno I,4.581
311750,3117504,31,Conceição do Mato Dentro,Sudeste,METROPOLITANA DE BELO HORIZONTE,MG,MG-Conceição do Mato Dentro,Minas Gerais,2,Pequeno II,17.438
311760,3117603,31,Conceição do Pará,Sudeste,OESTE DE MINAS,MG,MG-Conceição do Pará,Minas Gerais,1,Pequeno I,5.558
311770,3117702,31,Conceição do Rio Verde,Sudeste,SUL/SUDOESTE DE MINAS,MG,MG-Conceição do Rio Verde,Minas Gerais,1,Pequeno I,13.729
311780,3117801,31,Conceição dos Ouros,Sudeste,SUL/SUDOESTE DE MINAS,MG,MG-Conceição dos Ouros,Minas Gerais,1,Pequeno I,11.852
311783,3117836,31,Cônego Marinho,Sudeste,NORTE DE MINAS,MG,MG-Cônego Marinho,Minas Gerais,1,Pequeno I,7.730
311787,3117876,31,Confins,Sudeste,METROPOLITANA DE BELO HORIZONTE,MG,MG-Confins,Minas Gerais,1,Pequeno I,6.867
311790,3117900,31,Congonhal,Sudeste,SUL/SUDOESTE DE MINAS,MG,MG-Congonhal,Minas Gerais,1,Pequeno I,12.209
311800,3118007,31,Congonhas,Sudeste,METROPOLITANA DE BELO HORIZONTE,MG,MG-Congonhas,Minas Gerais,3,Médio,55.836
311810,3118106,31,Congonhas do Norte,Sudeste,METROPOLITANA DE BELO HORIZONTE,MG,MG-Congonhas do Norte,Minas Gerais,1,Pequeno I,5.047
311820,3118205,31,Conquista,Sudeste,TRIANGULO MINEIRO/ALTO PARANAIBA,MG,MG-Conquista,Minas Gerais,1,Pequeno I,6.997
311830,3118304,31,Conselheiro Lafaiete,Sudeste,METROPOLITANA DE BELO HORIZONTE,MG,MG-Conselheiro Lafaiete,Minas Gerais,4,Grande,130.584
311840,3118403,31,Conselheiro Pena,Sudeste,VALE DO RIO DOCE,MG,MG-Conselheiro Pena,Minas Gerais,2,Pequeno II,22.975
311850,3118502,31,Consolação,Sudeste,SUL/SUDOESTE DE MINAS,MG,MG-Consolação,Minas Gerais,1,Pequeno I,1.786
311860,3118601,31,Contagem,Sudeste,METROPOLITANA DE BELO HORIZONTE,MG,MG-Contagem,Minas Gerais,4,Grande,673.849
311870,3118700,31,Coqueiral,Sudeste,SUL/SUDOESTE DE MINAS,MG,MG-Coqueiral,Minas Gerais,1,Pequeno I,9.099
311880,3118809,31,Coração de Jesus,Sudeste,NORTE DE MINAS,MG,MG-Coração de Jesus,Minas Gerais,2,Pequeno II,26.620
311890,3118908,31,Cordisburgo,Sudeste,METROPOLITANA DE BELO HORIZONTE,MG,MG-Cordisburgo,Minas Gerais,1,Pequeno I,8.903
311900,3119005,31,Cordislândia,Sudeste,SUL/SUDOESTE DE MINAS,MG,MG-Cordislândia,Minas Gerais,1,Pequeno I,3.546
311910,3119104,31,Corinto,Sudeste,CENTRAL MINEIRA,MG,MG-Corinto,Minas Gerais,2,Pequeno II,23.607
311920,3119203,31,Coroaci,Sudeste,VALE DO RIO DOCE,MG,MG-Coroaci,Minas Gerais,1,Pequeno I,9.897
311930,3119302,31,Coromandel,Sudeste,TRIANGULO MINEIRO/ALTO PARANAIBA,MG,MG-Coromandel,Minas Gerais,2,Pequeno II,27.958
311940,3119401,31,Coronel Fabriciano,Sudeste,VALE DO RIO DOCE,MG,MG-Coronel Fabriciano,Minas Gerais,4,Grande,110.709
311950,3119500,31,Coronel Murta,Sudeste,JEQUITINHONHA,MG,MG-Coronel Murta,Minas Gerais,1,Pequeno I,9.209
311960,3119609,31,Coronel Pacheco,Sudeste,ZONA DA MATA,MG,MG-Coronel Pacheco,Minas Gerais,1,Pequeno I,3.095
311970,3119708,31,Coronel Xavier Chaves,Sudeste,CAMPO DAS VERTENTES,MG,MG-Coronel Xavier Chaves,Minas Gerais,1,Pequeno I,3.448
311980,3119807,31,Córrego Danta,Sudeste,OESTE DE MINAS,MG,MG-Córrego Danta,Minas Gerais,1,Pequeno I,3.168
311990,3119906,31,Córrego do Bom Jesus,Sudeste,SUL/SUDOESTE DE MINAS,MG,MG-Córrego do Bom Jesus,Minas Gerais,1,Pequeno I,3.685
311995,3119955,31,Córrego Fundo,Sudeste,OESTE DE MINAS,MG,MG-Córrego Fundo,Minas Gerais,1,Pequeno I,6.425
312000,3120003,31,Córrego Novo,Sudeste,VALE DO RIO DOCE,MG,MG-Córrego Novo,Minas Gerais,1,Pequeno I,2.688
312010,3120102,31,Couto de Magalhães de Minas,Sudeste,JEQUITINHONHA,MG,MG-Couto de Magalhães de Minas,Minas Gerais,1,Pequeno I,4.436
312015,3120151,31,Crisólita,Sudeste,VALE DO MUCURI,MG,MG-Crisólita,Minas Gerais,1,Pequeno I,6.814
312020,3120201,31,Cristais,Sudeste,OESTE DE MINAS,MG,MG-Cristais,Minas Gerais,1,Pequeno I,13.060
312030,3120300,31,Cristália,Sudeste,NORTE DE MINAS,MG,MG-Cristália,Minas Gerais,1,Pequeno I,5.992
312040,3120409,31,Cristiano Otoni,Sudeste,METROPOLITANA DE BELO HORIZONTE,MG,MG-Cristiano Otoni,Minas Gerais,1,Pequeno I,5.161
312050,3120508,31,Cristina,Sudeste,SUL/SUDOESTE DE MINAS,MG,MG-Cristina,Minas Gerais,1,Pequeno I,10.211
312060,3120607,31,Crucilândia,Sudeste,METROPOLITANA DE BELO HORIZONTE,MG,MG-Crucilândia,Minas Gerais,1,Pequeno I,5.072
312070,3120706,31,Cruzeiro da Fortaleza,Sudeste,TRIANGULO MINEIRO/ALTO PARANAIBA,MG,MG-Cruzeiro da Fortaleza,Minas Gerais,1,Pequeno I,3.651
312080,3120805,31,Cruzília,Sudeste,SUL/SUDOESTE DE MINAS,MG,MG-Cruzília,Minas Gerais,1,Pequeno I,15.529
312083,3120839,31,Cuparaque,Sudeste,VALE DO RIO DOCE,MG,MG-Cuparaque,Minas Gerais,1,Pequeno I,5.026
312087,3120870,31,Curral de Dentro,Sudeste,NORTE DE MINAS,MG,MG-Curral de Dentro,Minas Gerais,1,Pequeno I,7.867
312090,3120904,31,Curvelo,Sudeste,CENTRAL MINEIRA,MG,MG-Curvelo,Minas Gerais,3,Médio,81.085
312100,3121001,31,Datas,Sudeste,JEQUITINHONHA,MG,MG-Datas,Minas Gerais,1,Pequeno I,5.431
312110,3121100,31,Delfim Moreira,Sudeste,SUL/SUDOESTE DE MINAS,MG,MG-Delfim Moreira,Minas Gerais,1,Pequeno I,8.007
312120,3121209,31,Delfinópolis,Sudeste,SUL/SUDOESTE DE MINAS,MG,MG-Delfinópolis,Minas Gerais,1,Pequeno I,7.146
312125,3121258,31,Delta,Sudeste,TRIANGULO MINEIRO/ALTO PARANAIBA,MG,MG-Delta,Minas Gerais,1,Pequeno I,10.994
312130,3121308,31,Descoberto,Sudeste,ZONA DA MATA,MG,MG-Descoberto,Minas Gerais,1,Pequeno I,5.044
312140,3121407,31,Desterro de Entre Rios,Sudeste,METROPOLITANA DE BELO HORIZONTE,MG,MG-Desterro de Entre Rios,Minas Gerais,1,Pequeno I,7.266
312150,3121506,31,Desterro do Melo,Sudeste,CAMPO DAS VERTENTES,MG,MG-Desterro do Melo,Minas Gerais,1,Pequeno I,2.867
312160,3121605,31,Diamantina,Sudeste,JEQUITINHONHA,MG,MG-Diamantina,Minas Gerais,2,Pequeno II,47.924
312170,3121704,31,Diogo de Vasconcelos,Sudeste,METROPOLITANA DE BELO HORIZONTE,MG,MG-Diogo de Vasconcelos,Minas Gerais,1,Pequeno I,3.779
312180,3121803,31,Dionísio,Sudeste,METROPOLITANA DE BELO HORIZONTE,MG,MG-Dionísio,Minas Gerais,1,Pequeno I,7.493
312190,3121902,31,Divinésia,Sudeste,ZONA DA MATA,MG,MG-Divinésia,Minas Gerais,1,Pequeno I,3.430
312200,3122009,31,Divino,Sudeste,ZONA DA MATA,MG,MG-Divino,Minas Gerais,2,Pequeno II,20.020
312210,3122108,31,Divino das Laranjeiras,Sudeste,VALE DO RIO DOCE,MG,MG-Divino das Laranjeiras,Minas Gerais,1,Pequeno I,4.969
312220,3122207,31,Divinolândia de Minas,Sudeste,VALE DO RIO DOCE,MG,MG-Divinolândia de Minas,Minas Gerais,1,Pequeno I,7.655
312230,3122306,31,Divinópolis,Sudeste,OESTE DE MINAS,MG,MG-Divinópolis,Minas Gerais,4,Grande,242.505
312235,3122355,31,Divisa Alegre,Sudeste,NORTE DE MINAS,MG,MG-Divisa Alegre,Minas Gerais,1,Pequeno I,6.946
312240,3122405,31,Divisa Nova,Sudeste,SUL/SUDOESTE DE MINAS,MG,MG-Divisa Nova,Minas Gerais,1,Pequeno I,6.039
312245,3122454,31,Divisópolis,Sudeste,JEQUITINHONHA,MG,MG-Divisópolis,Minas Gerais,1,Pequeno I,11.396
312247,3122470,31,Dom Bosco,Sudeste,NOROESTE DE MINAS,MG,MG-Dom Bosco,Minas Gerais,1,Pequeno I,3.635
312250,3122504,31,Dom Cavati,Sudeste,VALE DO RIO DOCE,MG,MG-Dom Cavati,Minas Gerais,1,Pequeno I,5.025
312260,3122603,31,Dom Joaquim,Sudeste,METROPOLITANA DE BELO HORIZONTE,MG,MG-Dom Joaquim,Minas Gerais,1,Pequeno I,4.436
312270,3122702,31,Dom Silvério,Sudeste,ZONA DA MATA,MG,MG-Dom Silvério,Minas Gerais,1,Pequeno I,5.227
312280,3122801,31,Dom Viçoso,Sudeste,SUL/SUDOESTE DE MINAS,MG,MG-Dom Viçoso,Minas Gerais,1,Pequeno I,2.992
312290,3122900,31,Dona Eusébia,Sudeste,ZONA DA MATA,MG,MG-Dona Eusébia,Minas Gerais,1,Pequeno I,6.664
312300,3123007,31,Dores de Campos,Sudeste,CAMPO DAS VERTENTES,MG,MG-Dores de Campos,Minas Gerais,1,Pequeno I,10.291
312310,3123106,31,Dores de Guanhães,Sudeste,VALE DO RIO DOCE,MG,MG-Dores de Guanhães,Minas Gerais,1,Pequeno I,5.139
312320,3123205,31,Dores do Indaiá,Sudeste,CENTRAL MINEIRA,MG,MG-Dores do Indaiá,Minas Gerais,1,Pequeno I,13.373
312330,3123304,31,Dores do Turvo,Sudeste,ZONA DA MATA,MG,MG-Dores do Turvo,Minas Gerais,1,Pequeno I,4.202
312340,3123403,31,Doresópolis,Sudeste,OESTE DE MINAS,MG,MG-Doresópolis,Minas Gerais,1,Pequeno I,1.539
312350,3123502,31,Douradoquara,Sudeste,TRIANGULO MINEIRO/ALTO PARANAIBA,MG,MG-Douradoquara,Minas Gerais,1,Pequeno I,1.915
312352,3123528,31,Durandé,Sudeste,ZONA DA MATA,MG,MG-Durandé,Minas Gerais,1,Pequeno I,7.898
312360,3123601,31,Elói Mendes,Sudeste,SUL/SUDOESTE DE MINAS,MG,MG-Elói Mendes,Minas Gerais,2,Pequeno II,28.556
312370,3123700,31,Engenheiro Caldas,Sudeste,VALE DO RIO DOCE,MG,MG-Engenheiro Caldas,Minas Gerais,1,Pequeno I,11.268
312380,3123809,31,Engenheiro Navarro,Sudeste,NORTE DE MINAS,MG,MG-Engenheiro Navarro,Minas Gerais,1,Pequeno I,7.240
312385,3123858,31,Entre Folhas,Sudeste,VALE DO RIO DOCE,MG,MG-Entre Folhas,Minas Gerais,1,Pequeno I,5.383
312390,3123908,31,Entre Rios de Minas,Sudeste,METROPOLITANA DE BELO HORIZONTE,MG,MG-Entre Rios de Minas,Minas Gerais,1,Pequeno I,15.458
312400,3124005,31,Ervália,Sudeste,ZONA DA MATA,MG,MG-Ervália,Minas Gerais,2,Pequeno II,19.019
312410,3124104,31,Esmeraldas,Sudeste,METROPOLITANA DE BELO HORIZONTE,MG,MG-Esmeraldas,Minas Gerais,3,Médio,72.512
312420,3124203,31,Espera Feliz,Sudeste,ZONA DA MATA,MG,MG-Espera Feliz,Minas Gerais,2,Pequeno II,25.287
312430,3124302,31,Espinosa,Sudeste,NORTE DE MINAS,MG,MG-Espinosa,Minas Gerais,2,Pequeno II,31.603
312440,3124401,31,Espírito Santo do Dourado,Sudeste,SUL/SUDOESTE DE MINAS,MG,MG-Espírito Santo do Dourado,Minas Gerais,1,Pequeno I,4.728
312450,3124500,31,Estiva,Sudeste,SUL/SUDOESTE DE MINAS,MG,MG-Estiva,Minas Gerais,1,Pequeno I,11.416
312460,3124609,31,Estrela Dalva,Sudeste,ZONA DA MATA,MG,MG-Estrela Dalva,Minas Gerais,1,Pequeno I,2.308
312470,3124708,31,Estrela do Indaiá,Sudeste,CENTRAL MINEIRA,MG,MG-Estrela do Indaiá,Minas Gerais,1,Pequeno I,3.483
312480,3124807,31,Estrela do Sul,Sudeste,TRIANGULO MINEIRO/ALTO PARANAIBA,MG,MG-Estrela do Sul,Minas Gerais,1,Pequeno I,8.057
312490,3124906,31,Eugenópolis,Sudeste,ZONA DA MATA,MG,MG-Eugenópolis,Minas Gerais,1,Pequeno I,11.383
312500,3125002,31,Ewbank da Câmara,Sudeste,ZONA DA MATA,MG,MG-Ewbank da Câmara,Minas Gerais,1,Pequeno I,3.932
312510,3125101,31,Extrema,Sudeste,SUL/SUDOESTE DE MINAS,MG,MG-Extrema,Minas Gerais,3,Médio,37.649
312520,3125200,31,Fama,Sudeste,SUL/SUDOESTE DE MINAS,MG,MG-Fama,Minas Gerais,1,Pequeno I,2.374
312530,3125309,31,Faria Lemos,Sudeste,ZONA DA MATA,MG,MG-Faria Lemos,Minas Gerais,1,Pequeno I,3.202
312540,3125408,31,Felício dos Santos,Sudeste,JEQUITINHONHA,MG,MG-Felício dos Santos,Minas Gerais,1,Pequeno I,4.656
312550,3125507,31,São Gonçalo do Rio Preto,Sudeste,JEQUITINHONHA,MG,MG-São Gonçalo do Rio Preto,Minas Gerais,1,Pequeno I,3.178
312560,3125606,31,Felisburgo,Sudeste,JEQUITINHONHA,MG,MG-Felisburgo,Minas Gerais,1,Pequeno I,7.548
312570,3125705,31,Felixlândia,Sudeste,CENTRAL MINEIRA,MG,MG-Felixlândia,Minas Gerais,1,Pequeno I,15.528
312580,3125804,31,Fernandes Tourinho,Sudeste,VALE DO RIO DOCE,MG,MG-Fernandes Tourinho,Minas Gerais,1,Pequeno I,3.500
312590,3125903,31,Ferros,Sudeste,METROPOLITANA DE BELO HORIZONTE,MG,MG-Ferros,Minas Gerais,1,Pequeno I,9.576
312595,3125952,31,Fervedouro,Sudeste,ZONA DA MATA,MG,MG-Fervedouro,Minas Gerais,1,Pequeno I,11.100
312600,3126000,31,Florestal,Sudeste,METROPOLITANA DE BELO HORIZONTE,MG,MG-Florestal,Minas Gerais,1,Pequeno I,7.602
312610,3126109,31,Formiga,Sudeste,OESTE DE MINAS,MG,MG-Formiga,Minas Gerais,3,Médio,67.956
312620,3126208,31,Formoso,Sudeste,NOROESTE DE MINAS,MG,MG-Formoso,Minas Gerais,1,Pequeno I,9.810
312630,3126307,31,Fortaleza de Minas,Sudeste,SUL/SUDOESTE DE MINAS,MG,MG-Fortaleza de Minas,Minas Gerais,1,Pequeno I,4.460
312640,3126406,31,Fortuna de Minas,Sudeste,METROPOLITANA DE BELO HORIZONTE,MG,MG-Fortuna de Minas,Minas Gerais,1,Pequeno I,2.986
312650,3126505,31,Francisco Badaró,Sudeste,JEQUITINHONHA,MG,MG-Francisco Badaró,Minas Gerais,1,Pequeno I,10.311
312660,3126604,31,Francisco Dumont,Sudeste,NORTE DE MINAS,MG,MG-Francisco Dumont,Minas Gerais,1,Pequeno I,5.268
312670,3126703,31,Francisco Sá,Sudeste,NORTE DE MINAS,MG,MG-Francisco Sá,Minas Gerais,2,Pequeno II,26.459
312675,3126752,31,Franciscópolis,Sudeste,VALE DO MUCURI,MG,MG-Franciscópolis,Minas Gerais,1,Pequeno I,5.287
312680,3126802,31,Frei Gaspar,Sudeste,VALE DO MUCURI,MG,MG-Frei Gaspar,Minas Gerais,1,Pequeno I,5.858
312690,3126901,31,Frei Inocêncio,Sudeste,VALE DO RIO DOCE,MG,MG-Frei Inocêncio,Minas Gerais,1,Pequeno I,9.716
312695,3126950,31,Frei Lagonegro,Sudeste,VALE DO RIO DOCE,MG,MG-Frei Lagonegro,Minas Gerais,1,Pequeno I,3.496
312700,3127008,31,Fronteira,Sudeste,TRIANGULO MINEIRO/ALTO PARANAIBA,MG,MG-Fronteira,Minas Gerais,1,Pequeno I,18.866
312705,3127057,31,Fronteira dos Vales,Sudeste,VALE DO MUCURI,MG,MG-Fronteira dos Vales,Minas Gerais,1,Pequeno I,4.542
312707,3127073,31,Fruta de Leite,Sudeste,NORTE DE MINAS,MG,MG-Fruta de Leite,Minas Gerais,1,Pequeno I,5.232
312710,3127107,31,Frutal,Sudeste,TRIANGULO MINEIRO/ALTO PARANAIBA,MG,MG-Frutal,Minas Gerais,3,Médio,60.508
312720,3127206,31,Funilândia,Sudeste,METROPOLITANA DE BELO HORIZONTE,MG,MG-Funilândia,Minas Gerais,1,Pequeno I,4.434
312730,3127305,31,Galiléia,Sudeste,VALE DO RIO DOCE,MG,MG-Galiléia,Minas Gerais,1,Pequeno I,6.764
312733,3127339,31,Gameleiras,Sudeste,NORTE DE MINAS,MG,MG-Gameleiras,Minas Gerais,1,Pequeno I,5.084
312735,3127354,31,Glaucilândia,Sudeste,NORTE DE MINAS,MG,MG-Glaucilândia,Minas Gerais,1,Pequeno I,3.177
312737,3127370,31,Goiabeira,Sudeste,VALE DO RIO DOCE,MG,MG-Goiabeira,Minas Gerais,1,Pequeno I,3.402
312738,3127388,31,Goianá,Sudeste,ZONA DA MATA,MG,MG-Goianá,Minas Gerais,1,Pequeno I,4.014
312740,3127404,31,Gonçalves,Sudeste,SUL/SUDOESTE DE MINAS,MG,MG-Gonçalves,Minas Gerais,1,Pequeno I,4.360
312750,3127503,31,Gonzaga,Sudeste,VALE DO RIO DOCE,MG,MG-Gonzaga,Minas Gerais,1,Pequeno I,6.184
312760,3127602,31,Gouveia,Sudeste,JEQUITINHONHA,MG,MG-Gouveia,Minas Gerais,1,Pequeno I,11.811
312770,3127701,31,Governador Valadares,Sudeste,VALE DO RIO DOCE,MG,MG-Governador Valadares,Minas Gerais,4,Grande,282.164
312780,3127800,31,Grão Mogol,Sudeste,NORTE DE MINAS,MG,MG-Grão Mogol,Minas Gerais,1,Pequeno I,15.943
312790,3127909,31,Grupiara,Sudeste,TRIANGULO MINEIRO/ALTO PARANAIBA,MG,MG-Grupiara,Minas Gerais,1,Pequeno I,1.386
312800,3128006,31,Guanhães,Sudeste,VALE DO RIO DOCE,MG,MG-Guanhães,Minas Gerais,2,Pequeno II,34.818
312810,3128105,31,Guapé,Sudeste,SUL/SUDOESTE DE MINAS,MG,MG-Guapé,Minas Gerais,1,Pequeno I,14.269
312820,3128204,31,Guaraciaba,Sudeste,ZONA DA MATA,MG,MG-Guaraciaba,Minas Gerais,1,Pequeno I,10.307
312825,3128253,31,Guaraciama,Sudeste,NORTE DE MINAS,MG,MG-Guaraciama,Minas Gerais,1,Pequeno I,5.005
312830,3128303,31,Guaranésia,Sudeste,SUL/SUDOESTE DE MINAS,MG,MG-Guaranésia,Minas Gerais,1,Pequeno I,19.014
312840,3128402,31,Guarani,Sudeste,ZONA DA MATA,MG,MG-Guarani,Minas Gerais,1,Pequeno I,8.926
312850,3128501,31,Guarará,Sudeste,ZONA DA MATA,MG,MG-Guarará,Minas Gerais,1,Pequeno I,3.755
312860,3128600,31,Guarda-Mor,Sudeste,NOROESTE DE MINAS,MG,MG-Guarda-Mor,Minas Gerais,1,Pequeno I,6.558
312870,3128709,31,Guaxupé,Sudeste,SUL/SUDOESTE DE MINAS,MG,MG-Guaxupé,Minas Gerais,3,Médio,52.234
312880,3128808,31,Guidoval,Sudeste,ZONA DA MATA,MG,MG-Guidoval,Minas Gerais,1,Pequeno I,7.026
312890,3128907,31,Guimarânia,Sudeste,TRIANGULO MINEIRO/ALTO PARANAIBA,MG,MG-Guimarânia,Minas Gerais,1,Pequeno I,8.168
312900,3129004,31,Guiricema,Sudeste,ZONA DA MATA,MG,MG-Guiricema,Minas Gerais,1,Pequeno I,8.296
312910,3129103,31,Gurinhatã,Sudeste,TRIANGULO MINEIRO/ALTO PARANAIBA,MG,MG-Gurinhatã,Minas Gerais,1,Pequeno I,5.516
312920,3129202,31,Heliodora,Sudeste,SUL/SUDOESTE DE MINAS,MG,MG-Heliodora,Minas Gerais,1,Pequeno I,6.623
312930,3129301,31,Iapu,Sudeste,VALE DO RIO DOCE,MG,MG-Iapu,Minas Gerais,1,Pequeno I,11.085
312940,3129400,31,Ibertioga,Sudeste,CAMPO DAS VERTENTES,MG,MG-Ibertioga,Minas Gerais,1,Pequeno I,4.999
312950,3129509,31,Ibiá,Sudeste,TRIANGULO MINEIRO/ALTO PARANAIBA,MG,MG-Ibiá,Minas Gerais,2,Pequeno II,25.511
312960,3129608,31,Ibiaí,Sudeste,NORTE DE MINAS,MG,MG-Ibiaí,Minas Gerais,1,Pequeno I,8.478
312965,3129657,31,Ibiracatu,Sudeste,NORTE DE MINAS,MG,MG-Ibiracatu,Minas Gerais,1,Pequeno I,5.340
312970,3129707,31,Ibiraci,Sudeste,SUL/SUDOESTE DE MINAS,MG,MG-Ibiraci,Minas Gerais,1,Pequeno I,14.128
312980,3129806,31,Ibirité,Sudeste,METROPOLITANA DE BELO HORIZONTE,MG,MG-Ibirité,Minas Gerais,4,Grande,184.030
312990,3129905,31,Ibitiúra de Minas,Sudeste,SUL/SUDOESTE DE MINAS,MG,MG-Ibitiúra de Minas,Minas Gerais,1,Pequeno I,3.497
313000,3130002,31,Ibituruna,Sudeste,OESTE DE MINAS,MG,MG-Ibituruna,Minas Gerais,1,Pequeno I,3.003
313005,3130051,31,Icaraí de Minas,Sudeste,NORTE DE MINAS,MG,MG-Icaraí de Minas,Minas Gerais,1,Pequeno I,12.200
313010,3130101,31,Igarapé,Sudeste,METROPOLITANA DE BELO HORIZONTE,MG,MG-Igarapé,Minas Gerais,2,Pequeno II,44.561
313020,3130200,31,Igaratinga,Sudeste,OESTE DE MINAS,MG,MG-Igaratinga,Minas Gerais,1,Pequeno I,11.146
313030,3130309,31,Iguatama,Sudeste,OESTE DE MINAS,MG,MG-Iguatama,Minas Gerais,1,Pequeno I,7.901
313040,3130408,31,Ijaci,Sudeste,CAMPO DAS VERTENTES,MG,MG-Ijaci,Minas Gerais,1,Pequeno I,6.667
313050,3130507,31,Ilicínea,Sudeste,SUL/SUDOESTE DE MINAS,MG,MG-Ilicínea,Minas Gerais,1,Pequeno I,12.511
313055,3130556,31,Imbé de Minas,Sudeste,VALE DO RIO DOCE,MG,MG-Imbé de Minas,Minas Gerais,1,Pequeno I,6.976
313060,3130606,31,Inconfidentes,Sudeste,SUL/SUDOESTE DE MINAS,MG,MG-Inconfidentes,Minas Gerais,1,Pequeno I,7.387
313065,3130655,31,Indaiabira,Sudeste,NORTE DE MINAS,MG,MG-Indaiabira,Minas Gerais,1,Pequeno I,7.328
313070,3130705,31,Indianópolis,Sudeste,TRIANGULO MINEIRO/ALTO PARANAIBA,MG,MG-Indianópolis,Minas Gerais,1,Pequeno I,7.009
313080,3130804,31,Ingaí,Sudeste,CAMPO DAS VERTENTES,MG,MG-Ingaí,Minas Gerais,1,Pequeno I,2.785
313090,3130903,31,Inhapim,Sudeste,VALE DO RIO DOCE,MG,MG-Inhapim,Minas Gerais,2,Pequeno II,24.020
313100,3131000,31,Inhaúma,Sudeste,METROPOLITANA DE BELO HORIZONTE,MG,MG-Inhaúma,Minas Gerais,1,Pequeno I,6.352
313110,3131109,31,Inimutaba,Sudeste,CENTRAL MINEIRA,MG,MG-Inimutaba,Minas Gerais,1,Pequeno I,7.605
313115,3131158,31,Ipaba,Sudeste,VALE DO RIO DOCE,MG,MG-Ipaba,Minas Gerais,1,Pequeno I,18.926
313120,3131208,31,Ipanema,Sudeste,VALE DO RIO DOCE,MG,MG-Ipanema,Minas Gerais,1,Pequeno I,20.133
313130,3131307,31,Ipatinga,Sudeste,VALE DO RIO DOCE,MG,MG-Ipatinga,Minas Gerais,4,Grande,267.333
313140,3131406,31,Ipiaçu,Sudeste,TRIANGULO MINEIRO/ALTO PARANAIBA,MG,MG-Ipiaçu,Minas Gerais,1,Pequeno I,4.229
313150,3131505,31,Ipuiúna,Sudeste,SUL/SUDOESTE DE MINAS,MG,MG-Ipuiúna,Minas Gerais,1,Pequeno I,10.156
313160,3131604,31,Iraí de Minas,Sudeste,TRIANGULO MINEIRO/ALTO PARANAIBA,MG,MG-Iraí de Minas,Minas Gerais,1,Pequeno I,7.067
313170,3131703,31,Itabira,Sudeste,METROPOLITANA DE BELO HORIZONTE,MG,MG-Itabira,Minas Gerais,4,Grande,121.717
313180,3131802,31,Itabirinha,Sudeste,VALE DO RIO DOCE,MG,MG-Itabirinha,Minas Gerais,1,Pequeno I,11.637
313190,3131901,31,Itabirito,Sudeste,METROPOLITANA DE BELO HORIZONTE,MG,MG-Itabirito,Minas Gerais,3,Médio,52.996
313200,3132008,31,Itacambira,Sudeste,NORTE DE MINAS,MG,MG-Itacambira,Minas Gerais,1,Pequeno I,5.447
313210,3132107,31,Itacarambi,Sudeste,NORTE DE MINAS,MG,MG-Itacarambi,Minas Gerais,1,Pequeno I,18.175
313220,3132206,31,Itaguara,Sudeste,METROPOLITANA DE BELO HORIZONTE,MG,MG-Itaguara,Minas Gerais,1,Pequeno I,13.510
313230,3132305,31,Itaipé,Sudeste,VALE DO MUCURI,MG,MG-Itaipé,Minas Gerais,1,Pequeno I,12.910
313240,3132404,31,Itajubá,Sudeste,SUL/SUDOESTE DE MINAS,MG,MG-Itajubá,Minas Gerais,3,Médio,97.782
313250,3132503,31,Itamarandiba,Sudeste,JEQUITINHONHA,MG,MG-Itamarandiba,Minas Gerais,2,Pequeno II,35.130
313260,3132602,31,Itamarati de Minas,Sudeste,ZONA DA MATA,MG,MG-Itamarati de Minas,Minas Gerais,1,Pequeno I,4.395
313270,3132701,31,Itambacuri,Sudeste,VALE DO RIO DOCE,MG,MG-Itambacuri,Minas Gerais,2,Pequeno II,23.207
313280,3132800,31,Itambé do Mato Dentro,Sudeste,METROPOLITANA DE BELO HORIZONTE,MG,MG-Itambé do Mato Dentro,Minas Gerais,1,Pequeno I,2.032
313290,3132909,31,Itamogi,Sudeste,SUL/SUDOESTE DE MINAS,MG,MG-Itamogi,Minas Gerais,1,Pequeno I,10.122
313300,3133006,31,Itamonte,Sudeste,SUL/SUDOESTE DE MINAS,MG,MG-Itamonte,Minas Gerais,1,Pequeno I,15.844
313310,3133105,31,Itanhandu,Sudeste,SUL/SUDOESTE DE MINAS,MG,MG-Itanhandu,Minas Gerais,1,Pequeno I,15.511
313320,3133204,31,Itanhomi,Sudeste,VALE DO RIO DOCE,MG,MG-Itanhomi,Minas Gerais,1,Pequeno I,12.259
313330,3133303,31,Itaobim,Sudeste,JEQUITINHONHA,MG,MG-Itaobim,Minas Gerais,1,Pequeno I,20.997
313340,3133402,31,Itapagipe,Sudeste,TRIANGULO MINEIRO/ALTO PARANAIBA,MG,MG-Itapagipe,Minas Gerais,1,Pequeno I,15.511
313350,3133501,31,Itapecerica,Sudeste,OESTE DE MINAS,MG,MG-Itapecerica,Minas Gerais,2,Pequeno II,21.760
313360,3133600,31,Itapeva,Sudeste,SUL/SUDOESTE DE MINAS,MG,MG-Itapeva,Minas Gerais,1,Pequeno I,9.976
313370,3133709,31,Itatiaiuçu,Sudeste,METROPOLITANA DE BELO HORIZONTE,MG,MG-Itatiaiuçu,Minas Gerais,1,Pequeno I,11.354
313375,3133758,31,Itaú de Minas,Sudeste,SUL/SUDOESTE DE MINAS,MG,MG-Itaú de Minas,Minas Gerais,1,Pequeno I,16.286
313380,3133808,31,Itaúna,Sudeste,OESTE DE MINAS,MG,MG-Itaúna,Minas Gerais,3,Médio,94.455
313390,3133907,31,Itaverava,Sudeste,METROPOLITANA DE BELO HORIZONTE,MG,MG-Itaverava,Minas Gerais,1,Pequeno I,5.321
313400,3134004,31,Itinga,Sudeste,JEQUITINHONHA,MG,MG-Itinga,Minas Gerais,1,Pequeno I,15.053
313410,3134103,31,Itueta,Sudeste,VALE DO RIO DOCE,MG,MG-Itueta,Minas Gerais,1,Pequeno I,6.074
313420,3134202,31,Ituiutaba,Sudeste,TRIANGULO MINEIRO/ALTO PARANAIBA,MG,MG-Ituiutaba,Minas Gerais,4,Grande,105.818
313430,3134301,31,Itumirim,Sudeste,CAMPO DAS VERTENTES,MG,MG-Itumirim,Minas Gerais,1,Pequeno I,5.978
313440,3134400,31,Iturama,Sudeste,TRIANGULO MINEIRO/ALTO PARANAIBA,MG,MG-Iturama,Minas Gerais,2,Pequeno II,40.101
313450,3134509,31,Itutinga,Sudeste,CAMPO DAS VERTENTES,MG,MG-Itutinga,Minas Gerais,1,Pequeno I,3.749
313460,3134608,31,Jaboticatubas,Sudeste,METROPOLITANA DE BELO HORIZONTE,MG,MG-Jaboticatubas,Minas Gerais,2,Pequeno II,20.683
313470,3134707,31,Jacinto,Sudeste,JEQUITINHONHA,MG,MG-Jacinto,Minas Gerais,1,Pequeno I,12.320
313480,3134806,31,Jacuí,Sudeste,SUL/SUDOESTE DE MINAS,MG,MG-Jacuí,Minas Gerais,1,Pequeno I,7.695
313490,3134905,31,Jacutinga,Sudeste,SUL/SUDOESTE DE MINAS,MG,MG-Jacutinga,Minas Gerais,2,Pequeno II,26.538
313500,3135001,31,Jaguaraçu,Sudeste,VALE DO RIO DOCE,MG,MG-Jaguaraçu,Minas Gerais,1,Pequeno I,3.151
313505,3135050,31,Jaíba,Sudeste,NORTE DE MINAS,MG,MG-Jaíba,Minas Gerais,2,Pequeno II,39.850
313507,3135076,31,Jampruca,Sudeste,VALE DO RIO DOCE,MG,MG-Jampruca,Minas Gerais,1,Pequeno I,5.453
313510,3135100,31,Janaúba,Sudeste,NORTE DE MINAS,MG,MG-Janaúba,Minas Gerais,3,Médio,72.374
313520,3135209,31,Januária,Sudeste,NORTE DE MINAS,MG,MG-Januária,Minas Gerais,3,Médio,67.958
313530,3135308,31,Japaraíba,Sudeste,CENTRAL MINEIRA,MG,MG-Japaraíba,Minas Gerais,1,Pequeno I,4.418
313535,3135357,31,Japonvar,Sudeste,NORTE DE MINAS,MG,MG-Japonvar,Minas Gerais,1,Pequeno I,7.991
313540,3135407,31,Jeceaba,Sudeste,METROPOLITANA DE BELO HORIZONTE,MG,MG-Jeceaba,Minas Gerais,1,Pequeno I,4.795
313545,3135456,31,Jenipapo de Minas,Sudeste,JEQUITINHONHA,MG,MG-Jenipapo de Minas,Minas Gerais,1,Pequeno I,7.781
313550,3135506,31,Jequeri,Sudeste,ZONA DA MATA,MG,MG-Jequeri,Minas Gerais,1,Pequeno I,12.246
313560,3135605,31,Jequitaí,Sudeste,NORTE DE MINAS,MG,MG-Jequitaí,Minas Gerais,1,Pequeno I,7.407
313570,3135704,31,Jequitibá,Sudeste,METROPOLITANA DE BELO HORIZONTE,MG,MG-Jequitibá,Minas Gerais,1,Pequeno I,5.203
313580,3135803,31,Jequitinhonha,Sudeste,JEQUITINHONHA,MG,MG-Jequitinhonha,Minas Gerais,2,Pequeno II,25.555
313590,3135902,31,Jesuânia,Sudeste,SUL/SUDOESTE DE MINAS,MG,MG-Jesuânia,Minas Gerais,1,Pequeno I,4.774
313600,3136009,31,Joaíma,Sudeste,JEQUITINHONHA,MG,MG-Joaíma,Minas Gerais,1,Pequeno I,15.476
313610,3136108,31,Joanésia,Sudeste,VALE DO RIO DOCE,MG,MG-Joanésia,Minas Gerais,1,Pequeno I,4.382
313620,3136207,31,João Monlevade,Sudeste,METROPOLITANA DE BELO HORIZONTE,MG,MG-João Monlevade,Minas Gerais,3,Médio,80.903
313630,3136306,31,João Pinheiro,Sudeste,NOROESTE DE MINAS,MG,MG-João Pinheiro,Minas Gerais,2,Pequeno II,47.990
313640,3136405,31,Joaquim Felício,Sudeste,CENTRAL MINEIRA,MG,MG-Joaquim Felício,Minas Gerais,1,Pequeno I,4.757
313650,3136504,31,Jordânia,Sudeste,JEQUITINHONHA,MG,MG-Jordânia,Minas Gerais,1,Pequeno I,10.872
313652,3136520,31,José Gonçalves de Minas,Sudeste,JEQUITINHONHA,MG,MG-José Gonçalves de Minas,Minas Gerais,1,Pequeno I,4.474
313655,3136553,31,José Raydan,Sudeste,VALE DO RIO DOCE,MG,MG-José Raydan,Minas Gerais,1,Pequeno I,5.104
313657,3136579,31,Josenópolis,Sudeste,NORTE DE MINAS,MG,MG-Josenópolis,Minas Gerais,1,Pequeno I,4.911
313660,3136603,31,Nova União,Sudeste,METROPOLITANA DE BELO HORIZONTE,MG,MG-Nova União,Minas Gerais,1,Pequeno I,5.739
313665,3136652,31,Juatuba,Sudeste,METROPOLITANA DE BELO HORIZONTE,MG,MG-Juatuba,Minas Gerais,2,Pequeno II,27.823
313670,3136702,31,Juiz de Fora,Sudeste,ZONA DA MATA,MG,MG-Juiz de Fora,Minas Gerais,4,Grande,577.532
313680,3136801,31,Juramento,Sudeste,NORTE DE MINAS,MG,MG-Juramento,Minas Gerais,1,Pequeno I,4.359
313690,3136900,31,Juruaia,Sudeste,SUL/SUDOESTE DE MINAS,MG,MG-Juruaia,Minas Gerais,1,Pequeno I,10.795
313695,3136959,31,Juvenília,Sudeste,NORTE DE MINAS,MG,MG-Juvenília,Minas Gerais,1,Pequeno I,5.706
313700,3137007,31,Ladainha,Sudeste,VALE DO MUCURI,MG,MG-Ladainha,Minas Gerais,1,Pequeno I,18.272
313710,3137106,31,Lagamar,Sudeste,NOROESTE DE MINAS,MG,MG-Lagamar,Minas Gerais,1,Pequeno I,7.588
313720,3137205,31,Lagoa da Prata,Sudeste,CENTRAL MINEIRA,MG,MG-Lagoa da Prata,Minas Gerais,3,Médio,53.236
313730,3137304,31,Lagoa dos Patos,Sudeste,NORTE DE MINAS,MG,MG-Lagoa dos Patos,Minas Gerais,1,Pequeno I,4.062
313740,3137403,31,Lagoa Dourada,Sudeste,CAMPO DAS VERTENTES,MG,MG-Lagoa Dourada,Minas Gerais,1,Pequeno I,13.115
313750,3137502,31,Lagoa Formosa,Sudeste,TRIANGULO MINEIRO/ALTO PARANAIBA,MG,MG-Lagoa Formosa,Minas Gerais,1,Pequeno I,18.168
313753,3137536,31,Lagoa Grande,Sudeste,NOROESTE DE MINAS,MG,MG-Lagoa Grande,Minas Gerais,1,Pequeno I,9.681
313760,3137601,31,Lagoa Santa,Sudeste,METROPOLITANA DE BELO HORIZONTE,MG,MG-Lagoa Santa,Minas Gerais,3,Médio,66.744
313770,3137700,31,Lajinha,Sudeste,ZONA DA MATA,MG,MG-Lajinha,Minas Gerais,2,Pequeno II,19.914
313780,3137809,31,Lambari,Sudeste,SUL/SUDOESTE DE MINAS,MG,MG-Lambari,Minas Gerais,2,Pequeno II,20.995
313790,3137908,31,Lamim,Sudeste,ZONA DA MATA,MG,MG-Lamim,Minas Gerais,1,Pequeno I,3.366
313800,3138005,31,Laranjal,Sudeste,ZONA DA MATA,MG,MG-Laranjal,Minas Gerais,1,Pequeno I,6.856
313810,3138104,31,Lassance,Sudeste,NORTE DE MINAS,MG,MG-Lassance,Minas Gerais,1,Pequeno I,6.494
313820,3138203,31,Lavras,Sudeste,CAMPO DAS VERTENTES,MG,MG-Lavras,Minas Gerais,4,Grande,105.756
313830,3138302,31,Leandro Ferreira,Sudeste,CENTRAL MINEIRA,MG,MG-Leandro Ferreira,Minas Gerais,1,Pequeno I,3.222
313835,3138351,31,Leme do Prado,Sudeste,JEQUITINHONHA,MG,MG-Leme do Prado,Minas Gerais,1,Pequeno I,4.923
313840,3138401,31,Leopoldina,Sudeste,ZONA DA MATA,MG,MG-Leopoldina,Minas Gerais,3,Médio,52.690
313850,3138500,31,Liberdade,Sudeste,SUL/SUDOESTE DE MINAS,MG,MG-Liberdade,Minas Gerais,1,Pequeno I,4.994
313860,3138609,31,Lima Duarte,Sudeste,ZONA DA MATA,MG,MG-Lima Duarte,Minas Gerais,1,Pequeno I,16.749
313862,3138625,31,Limeira do Oeste,Sudeste,TRIANGULO MINEIRO/ALTO PARANAIBA,MG,MG-Limeira do Oeste,Minas Gerais,1,Pequeno I,7.640
313865,3138658,31,Lontra,Sudeste,NORTE DE MINAS,MG,MG-Lontra,Minas Gerais,1,Pequeno I,9.766
313867,3138674,31,Luisburgo,Sudeste,ZONA DA MATA,MG,MG-Luisburgo,Minas Gerais,1,Pequeno I,6.249
313868,3138682,31,Luislândia,Sudeste,NORTE DE MINAS,MG,MG-Luislândia,Minas Gerais,1,Pequeno I,6.735
313870,3138708,31,Luminárias,Sudeste,CAMPO DAS VERTENTES,MG,MG-Luminárias,Minas Gerais,1,Pequeno I,5.431
313880,3138807,31,Luz,Sudeste,CENTRAL MINEIRA,MG,MG-Luz,Minas Gerais,1,Pequeno I,18.297
313890,3138906,31,Machacalis,Sudeste,VALE DO MUCURI,MG,MG-Machacalis,Minas Gerais,1,Pequeno I,7.112
313900,3139003,31,Machado,Sudeste,SUL/SUDOESTE DE MINAS,MG,MG-Machado,Minas Gerais,2,Pequeno II,42.682
313910,3139102,31,Madre de Deus de Minas,Sudeste,CAMPO DAS VERTENTES,MG,MG-Madre de Deus de Minas,Minas Gerais,1,Pequeno I,5.119
313920,3139201,31,Malacacheta,Sudeste,VALE DO MUCURI,MG,MG-Malacacheta,Minas Gerais,1,Pequeno I,18.556
313925,3139250,31,Mamonas,Sudeste,NORTE DE MINAS,MG,MG-Mamonas,Minas Gerais,1,Pequeno I,6.565
313930,3139300,31,Manga,Sudeste,NORTE DE MINAS,MG,MG-Manga,Minas Gerais,1,Pequeno I,18.051
313940,3139409,31,Manhuaçu,Sudeste,ZONA DA MATA,MG,MG-Manhuaçu,Minas Gerais,3,Médio,92.074
313950,3139508,31,Manhumirim,Sudeste,ZONA DA MATA,MG,MG-Manhumirim,Minas Gerais,2,Pequeno II,22.894
313960,3139607,31,Mantena,Sudeste,VALE DO RIO DOCE,MG,MG-Mantena,Minas Gerais,2,Pequeno II,27.651
313970,3139706,31,Maravilhas,Sudeste,METROPOLITANA DE BELO HORIZONTE,MG,MG-Maravilhas,Minas Gerais,1,Pequeno I,8.113
313980,3139805,31,Mar de Espanha,Sudeste,ZONA DA MATA,MG,MG-Mar de Espanha,Minas Gerais,1,Pequeno I,12.985
313990,3139904,31,Maria da Fé,Sudeste,SUL/SUDOESTE DE MINAS,MG,MG-Maria da Fé,Minas Gerais,1,Pequeno I,14.019
314000,3140001,31,Mariana,Sudeste,METROPOLITANA DE BELO HORIZONTE,MG,MG-Mariana,Minas Gerais,3,Médio,61.830
314010,3140100,31,Marilac,Sudeste,VALE DO RIO DOCE,MG,MG-Marilac,Minas Gerais,1,Pequeno I,4.079
314015,3140159,31,Mário Campos,Sudeste,METROPOLITANA DE BELO HORIZONTE,MG,MG-Mário Campos,Minas Gerais,1,Pequeno I,15.814
314020,3140209,31,Maripá de Minas,Sudeste,ZONA DA MATA,MG,MG-Maripá de Minas,Minas Gerais,1,Pequeno I,3.000
314030,3140308,31,Marliéria,Sudeste,VALE DO RIO DOCE,MG,MG-Marliéria,Minas Gerais,1,Pequeno I,4.030
314040,3140407,31,Marmelópolis,Sudeste,SUL/SUDOESTE DE MINAS,MG,MG-Marmelópolis,Minas Gerais,1,Pequeno I,2.701
314050,3140506,31,Martinho Campos,Sudeste,CENTRAL MINEIRA,MG,MG-Martinho Campos,Minas Gerais,1,Pequeno I,13.497
314053,3140530,31,Martins Soares,Sudeste,ZONA DA MATA,MG,MG-Martins Soares,Minas Gerais,1,Pequeno I,8.640
314055,3140555,31,Mata Verde,Sudeste,JEQUITINHONHA,MG,MG-Mata Verde,Minas Gerais,1,Pequeno I,8.700
314060,3140605,31,Materlândia,Sudeste,VALE DO RIO DOCE,MG,MG-Materlândia,Minas Gerais,1,Pequeno I,4.415
314070,3140704,31,Mateus Leme,Sudeste,METROPOLITANA DE BELO HORIZONTE,MG,MG-Mateus Leme,Minas Gerais,2,Pequeno II,31.631
314080,3140803,31,Matias Barbosa,Sudeste,ZONA DA MATA,MG,MG-Matias Barbosa,Minas Gerais,1,Pequeno I,14.626
314085,3140852,31,Matias Cardoso,Sudeste,NORTE DE MINAS,MG,MG-Matias Cardoso,Minas Gerais,1,Pequeno I,11.360
314090,3140902,31,Matipó,Sudeste,ZONA DA MATA,MG,MG-Matipó,Minas Gerais,1,Pequeno I,19.098
314100,3141009,31,Mato Verde,Sudeste,NORTE DE MINAS,MG,MG-Mato Verde,Minas Gerais,1,Pequeno I,12.367
314110,3141108,31,Matozinhos,Sudeste,METROPOLITANA DE BELO HORIZONTE,MG,MG-Matozinhos,Minas Gerais,2,Pequeno II,38.469
314120,3141207,31,Matutina,Sudeste,TRIANGULO MINEIRO/ALTO PARANAIBA,MG,MG-Matutina,Minas Gerais,1,Pequeno I,3.733
314130,3141306,31,Medeiros,Sudeste,OESTE DE MINAS,MG,MG-Medeiros,Minas Gerais,1,Pequeno I,3.861
314140,3141405,31,Medina,Sudeste,JEQUITINHONHA,MG,MG-Medina,Minas Gerais,2,Pequeno II,20.701
314150,3141504,31,Mendes Pimentel,Sudeste,VALE DO RIO DOCE,MG,MG-Mendes Pimentel,Minas Gerais,1,Pequeno I,6.446
314160,3141603,31,Mercês,Sudeste,ZONA DA MATA,MG,MG-Mercês,Minas Gerais,1,Pequeno I,10.775
314170,3141702,31,Mesquita,Sudeste,VALE DO RIO DOCE,MG,MG-Mesquita,Minas Gerais,1,Pequeno I,5.489
314180,3141801,31,Minas Novas,Sudeste,JEQUITINHONHA,MG,MG-Minas Novas,Minas Gerais,2,Pequeno II,31.509
314190,3141900,31,Minduri,Sudeste,SUL/SUDOESTE DE MINAS,MG,MG-Minduri,Minas Gerais,1,Pequeno I,3.891
314200,3142007,31,Mirabela,Sudeste,NORTE DE MINAS,MG,MG-Mirabela,Minas Gerais,1,Pequeno I,13.651
314210,3142106,31,Miradouro,Sudeste,ZONA DA MATA,MG,MG-Miradouro,Minas Gerais,1,Pequeno I,10.818
314220,3142205,31,Miraí,Sudeste,ZONA DA MATA,MG,MG-Miraí,Minas Gerais,1,Pequeno I,15.205
314225,3142254,31,Miravânia,Sudeste,NORTE DE MINAS,MG,MG-Miravânia,Minas Gerais,1,Pequeno I,4.939
314230,3142304,31,Moeda,Sudeste,METROPOLITANA DE BELO HORIZONTE,MG,MG-Moeda,Minas Gerais,1,Pequeno I,4.948
314240,3142403,31,Moema,Sudeste,CENTRAL MINEIRA,MG,MG-Moema,Minas Gerais,1,Pequeno I,7.589
314250,3142502,31,Monjolos,Sudeste,CENTRAL MINEIRA,MG,MG-Monjolos,Minas Gerais,1,Pequeno I,2.184
314260,3142601,31,Monsenhor Paulo,Sudeste,SUL/SUDOESTE DE MINAS,MG,MG-Monsenhor Paulo,Minas Gerais,1,Pequeno I,8.764
314270,3142700,31,Montalvânia,Sudeste,NORTE DE MINAS,MG,MG-Montalvânia,Minas Gerais,1,Pequeno I,14.621
314280,3142809,31,Monte Alegre de Minas,Sudeste,TRIANGULO MINEIRO/ALTO PARANAIBA,MG,MG-Monte Alegre de Minas,Minas Gerais,2,Pequeno II,21.349
314290,3142908,31,Monte Azul,Sudeste,NORTE DE MINAS,MG,MG-Monte Azul,Minas Gerais,2,Pequeno II,20.544
314300,3143005,31,Monte Belo,Sudeste,SUL/SUDOESTE DE MINAS,MG,MG-Monte Belo,Minas Gerais,1,Pequeno I,13.139
314310,3143104,31,Monte Carmelo,Sudeste,TRIANGULO MINEIRO/ALTO PARANAIBA,MG,MG-Monte Carmelo,Minas Gerais,2,Pequeno II,48.049
314315,3143153,31,Monte Formoso,Sudeste,JEQUITINHONHA,MG,MG-Monte Formoso,Minas Gerais,1,Pequeno I,4.939
314320,3143203,31,Monte Santo de Minas,Sudeste,SUL/SUDOESTE DE MINAS,MG,MG-Monte Santo de Minas,Minas Gerais,2,Pequeno II,21.504
314330,3143302,31,Montes Claros,Sudeste,NORTE DE MINAS,MG,MG-Montes Claros,Minas Gerais,4,Grande,417.478
314340,3143401,31,Monte Sião,Sudeste,SUL/SUDOESTE DE MINAS,MG,MG-Monte Sião,Minas Gerais,2,Pequeno II,24.247
314345,3143450,31,Montezuma,Sudeste,NORTE DE MINAS,MG,MG-Montezuma,Minas Gerais,1,Pequeno I,8.379
314350,3143500,31,Morada Nova de Minas,Sudeste,CENTRAL MINEIRA,MG,MG-Morada Nova de Minas,Minas Gerais,1,Pequeno I,8.955
314360,3143609,31,Morro da Garça,Sudeste,CENTRAL MINEIRA,MG,MG-Morro da Garça,Minas Gerais,1,Pequeno I,2.413
314370,3143708,31,Morro do Pilar,Sudeste,METROPOLITANA DE BELO HORIZONTE,MG,MG-Morro do Pilar,Minas Gerais,1,Pequeno I,3.126
314380,3143807,31,Munhoz,Sudeste,SUL/SUDOESTE DE MINAS,MG,MG-Munhoz,Minas Gerais,1,Pequeno I,5.960
314390,3143906,31,Muriaé,Sudeste,ZONA DA MATA,MG,MG-Muriaé,Minas Gerais,4,Grande,109.997
314400,3144003,31,Mutum,Sudeste,VALE DO RIO DOCE,MG,MG-Mutum,Minas Gerais,2,Pequeno II,26.945
314410,3144102,31,Muzambinho,Sudeste,SUL/SUDOESTE DE MINAS,MG,MG-Muzambinho,Minas Gerais,2,Pequeno II,20.522
314420,3144201,31,Nacip Raydan,Sudeste,VALE DO RIO DOCE,MG,MG-Nacip Raydan,Minas Gerais,1,Pequeno I,3.221
314430,3144300,31,Nanuque,Sudeste,VALE DO MUCURI,MG,MG-Nanuque,Minas Gerais,2,Pequeno II,40.583
314435,3144359,31,Naque,Sudeste,VALE DO RIO DOCE,MG,MG-Naque,Minas Gerais,1,Pequeno I,7.104
314437,3144375,31,Natalândia,Sudeste,NOROESTE DE MINAS,MG,MG-Natalândia,Minas Gerais,1,Pequeno I,3.306
314440,3144409,31,Natércia,Sudeste,SUL/SUDOESTE DE MINAS,MG,MG-Natércia,Minas Gerais,1,Pequeno I,4.727
314450,3144508,31,Nazareno,Sudeste,CAMPO DAS VERTENTES,MG,MG-Nazareno,Minas Gerais,1,Pequeno I,8.710
314460,3144607,31,Nepomuceno,Sudeste,CAMPO DAS VERTENTES,MG,MG-Nepomuceno,Minas Gerais,2,Pequeno II,26.882
314465,3144656,31,Ninheira,Sudeste,NORTE DE MINAS,MG,MG-Ninheira,Minas Gerais,1,Pequeno I,10.355
314467,3144672,31,Nova Belém,Sudeste,VALE DO RIO DOCE,MG,MG-Nova Belém,Minas Gerais,1,Pequeno I,3.067
314470,3144706,31,Nova Era,Sudeste,METROPOLITANA DE BELO HORIZONTE,MG,MG-Nova Era,Minas Gerais,1,Pequeno I,17.524
314480,3144805,31,Nova Lima,Sudeste,METROPOLITANA DE BELO HORIZONTE,MG,MG-Nova Lima,Minas Gerais,4,Grande,97.378
314490,3144904,31,Nova Módica,Sudeste,VALE DO RIO DOCE,MG,MG-Nova Módica,Minas Gerais,1,Pequeno I,3.548
314500,3145000,31,Nova Ponte,Sudeste,TRIANGULO MINEIRO/ALTO PARANAIBA,MG,MG-Nova Ponte,Minas Gerais,1,Pequeno I,16.046
314505,3145059,31,Nova Porteirinha,Sudeste,NORTE DE MINAS,MG,MG-Nova Porteirinha,Minas Gerais,1,Pequeno I,7.493
314510,3145109,31,Nova Resende,Sudeste,SUL/SUDOESTE DE MINAS,MG,MG-Nova Resende,Minas Gerais,1,Pequeno I,16.937
314520,3145208,31,Nova Serrana,Sudeste,OESTE DE MINAS,MG,MG-Nova Serrana,Minas Gerais,4,Grande,108.241
314530,3145307,31,Novo Cruzeiro,Sudeste,JEQUITINHONHA,MG,MG-Novo Cruzeiro,Minas Gerais,2,Pequeno II,31.339
314535,3145356,31,Novo Oriente de Minas,Sudeste,VALE DO MUCURI,MG,MG-Novo Oriente de Minas,Minas Gerais,1,Pequeno I,10.800
314537,3145372,31,Novorizonte,Sudeste,NORTE DE MINAS,MG,MG-Novorizonte,Minas Gerais,1,Pequeno I,5.348
314540,3145406,31,Olaria,Sudeste,ZONA DA MATA,MG,MG-Olaria,Minas Gerais,1,Pequeno I,1.694
314545,3145455,31,Olhos-d'Água,Sudeste,NORTE DE MINAS,MG,MG-Olhos-d'Água,Minas Gerais,1,Pequeno I,6.243
314550,3145505,31,Olímpio Noronha,Sudeste,SUL/SUDOESTE DE MINAS,MG,MG-Olímpio Noronha,Minas Gerais,1,Pequeno I,2.829
314560,3145604,31,Oliveira,Sudeste,OESTE DE MINAS,MG,MG-Oliveira,Minas Gerais,2,Pequeno II,41.987
314570,3145703,31,Oliveira Fortes,Sudeste,ZONA DA MATA,MG,MG-Oliveira Fortes,Minas Gerais,1,Pequeno I,2.128
314580,3145802,31,Onça de Pitangui,Sudeste,METROPOLITANA DE BELO HORIZONTE,MG,MG-Onça de Pitangui,Minas Gerais,1,Pequeno I,3.155
314585,3145851,31,Oratórios,Sudeste,ZONA DA MATA,MG,MG-Oratórios,Minas Gerais,1,Pequeno I,4.671
314587,3145877,31,Orizânia,Sudeste,ZONA DA MATA,MG,MG-Orizânia,Minas Gerais,1,Pequeno I,8.138
314590,3145901,31,Ouro Branco,Sudeste,METROPOLITANA DE BELO HORIZONTE,MG,MG-Ouro Branco,Minas Gerais,2,Pequeno II,40.220
314600,3146008,31,Ouro Fino,Sudeste,SUL/SUDOESTE DE MINAS,MG,MG-Ouro Fino,Minas Gerais,2,Pequeno II,33.938
314610,3146107,31,Ouro Preto,Sudeste,METROPOLITANA DE BELO HORIZONTE,MG,MG-Ouro Preto,Minas Gerais,3,Médio,74.824
314620,3146206,31,Ouro Verde de Minas,Sudeste,VALE DO MUCURI,MG,MG-Ouro Verde de Minas,Minas Gerais,1,Pequeno I,5.895
314625,3146255,31,Padre Carvalho,Sudeste,NORTE DE MINAS,MG,MG-Padre Carvalho,Minas Gerais,1,Pequeno I,6.466
314630,3146305,31,Padre Paraíso,Sudeste,JEQUITINHONHA,MG,MG-Padre Paraíso,Minas Gerais,1,Pequeno I,20.346
314640,3146404,31,Paineiras,Sudeste,CENTRAL MINEIRA,MG,MG-Paineiras,Minas Gerais,1,Pequeno I,4.440
314650,3146503,31,Pains,Sudeste,OESTE DE MINAS,MG,MG-Pains,Minas Gerais,1,Pequeno I,8.308
314655,3146552,31,Pai Pedro,Sudeste,NORTE DE MINAS,MG,MG-Pai Pedro,Minas Gerais,1,Pequeno I,6.098
314660,3146602,31,Paiva,Sudeste,ZONA DA MATA,MG,MG-Paiva,Minas Gerais,1,Pequeno I,1.517
314670,3146701,31,Palma,Sudeste,ZONA DA MATA,MG,MG-Palma,Minas Gerais,1,Pequeno I,6.606
314675,3146750,31,Palmópolis,Sudeste,JEQUITINHONHA,MG,MG-Palmópolis,Minas Gerais,1,Pequeno I,5.196
314690,3146909,31,Papagaios,Sudeste,METROPOLITANA DE BELO HORIZONTE,MG,MG-Papagaios,Minas Gerais,1,Pequeno I,15.922
314700,3147006,31,Paracatu,Sudeste,NOROESTE DE MINAS,MG,MG-Paracatu,Minas Gerais,3,Médio,94.539
314710,3147105,31,Pará de Minas,Sudeste,METROPOLITANA DE BELO HORIZONTE,MG,MG-Pará de Minas,Minas Gerais,3,Médio,95.616
314720,3147204,31,Paraguaçu,Sudeste,SUL/SUDOESTE DE MINAS,MG,MG-Paraguaçu,Minas Gerais,2,Pequeno II,21.693
314730,3147303,31,Paraisópolis,Sudeste,SUL/SUDOESTE DE MINAS,MG,MG-Paraisópolis,Minas Gerais,2,Pequeno II,21.353
314740,3147402,31,Paraopeba,Sudeste,METROPOLITANA DE BELO HORIZONTE,MG,MG-Paraopeba,Minas Gerais,2,Pequeno II,24.854
314750,3147501,31,Passabém,Sudeste,METROPOLITANA DE BELO HORIZONTE,MG,MG-Passabém,Minas Gerais,1,Pequeno I,1.619
314760,3147600,31,Passa Quatro,Sudeste,SUL/SUDOESTE DE MINAS,MG,MG-Passa Quatro,Minas Gerais,1,Pequeno I,16.439
314770,3147709,31,Passa Tempo,Sudeste,OESTE DE MINAS,MG,MG-Passa Tempo,Minas Gerais,1,Pequeno I,8.031
314780,3147808,31,Passa Vinte,Sudeste,SUL/SUDOESTE DE MINAS,MG,MG-Passa Vinte,Minas Gerais,1,Pequeno I,2.024
314790,3147907,31,Passos,Sudeste,SUL/SUDOESTE DE MINAS,MG,MG-Passos,Minas Gerais,4,Grande,115.970
314795,3147956,31,Patis,Sudeste,NORTE DE MINAS,MG,MG-Patis,Minas Gerais,1,Pequeno I,6.031
314800,3148004,31,Patos de Minas,Sudeste,TRIANGULO MINEIRO/ALTO PARANAIBA,MG,MG-Patos de Minas,Minas Gerais,4,Grande,154.641
314810,3148103,31,Patrocínio,Sudeste,TRIANGULO MINEIRO/ALTO PARANAIBA,MG,MG-Patrocínio,Minas Gerais,3,Médio,92.116
314820,3148202,31,Patrocínio do Muriaé,Sudeste,ZONA DA MATA,MG,MG-Patrocínio do Muriaé,Minas Gerais,1,Pequeno I,5.744
314830,3148301,31,Paula Cândido,Sudeste,ZONA DA MATA,MG,MG-Paula Cândido,Minas Gerais,1,Pequeno I,9.597
314840,3148400,31,Paulistas,Sudeste,VALE DO RIO DOCE,MG,MG-Paulistas,Minas Gerais,1,Pequeno I,4.794
314850,3148509,31,Pavão,Sudeste,VALE DO MUCURI,MG,MG-Pavão,Minas Gerais,1,Pequeno I,8.390
314860,3148608,31,Peçanha,Sudeste,VALE DO RIO DOCE,MG,MG-Peçanha,Minas Gerais,1,Pequeno I,17.534
314870,3148707,31,Pedra Azul,Sudeste,JEQUITINHONHA,MG,MG-Pedra Azul,Minas Gerais,2,Pequeno II,24.333
314875,3148756,31,Pedra Bonita,Sudeste,ZONA DA MATA,MG,MG-Pedra Bonita,Minas Gerais,1,Pequeno I,7.157
314880,3148806,31,Pedra do Anta,Sudeste,ZONA DA MATA,MG,MG-Pedra do Anta,Minas Gerais,1,Pequeno I,2.960
314890,3148905,31,Pedra do Indaiá,Sudeste,OESTE DE MINAS,MG,MG-Pedra do Indaiá,Minas Gerais,1,Pequeno I,3.977
314900,3149002,31,Pedra Dourada,Sudeste,ZONA DA MATA,MG,MG-Pedra Dourada,Minas Gerais,1,Pequeno I,2.559
314910,3149101,31,Pedralva,Sudeste,SUL/SUDOESTE DE MINAS,MG,MG-Pedralva,Minas Gerais,1,Pequeno I,11.098
314915,3149150,31,Pedras de Maria da Cruz,Sudeste,NORTE DE MINAS,MG,MG-Pedras de Maria da Cruz,Minas Gerais,1,Pequeno I,12.313
314920,3149200,31,Pedrinópolis,Sudeste,TRIANGULO MINEIRO/ALTO PARANAIBA,MG,MG-Pedrinópolis,Minas Gerais,1,Pequeno I,3.651
314930,3149309,31,Pedro Leopoldo,Sudeste,METROPOLITANA DE BELO HORIZONTE,MG,MG-Pedro Leopoldo,Minas Gerais,3,Médio,65.149
314940,3149408,31,Pedro Teixeira,Sudeste,ZONA DA MATA,MG,MG-Pedro Teixeira,Minas Gerais,1,Pequeno I,1.804
314950,3149507,31,Pequeri,Sudeste,ZONA DA MATA,MG,MG-Pequeri,Minas Gerais,1,Pequeno I,3.340
314960,3149606,31,Pequi,Sudeste,METROPOLITANA DE BELO HORIZONTE,MG,MG-Pequi,Minas Gerais,1,Pequeno I,4.457
314970,3149705,31,Perdigão,Sudeste,OESTE DE MINAS,MG,MG-Perdigão,Minas Gerais,1,Pequeno I,11.994
314980,3149804,31,Perdizes,Sudeste,TRIANGULO MINEIRO/ALTO PARANAIBA,MG,MG-Perdizes,Minas Gerais,1,Pequeno I,16.469
314990,3149903,31,Perdões,Sudeste,OESTE DE MINAS,MG,MG-Perdões,Minas Gerais,2,Pequeno II,21.577
314995,3149952,31,Periquito,Sudeste,VALE DO RIO DOCE,MG,MG-Periquito,Minas Gerais,1,Pequeno I,6.738
315000,3150000,31,Pescador,Sudeste,VALE DO RIO DOCE,MG,MG-Pescador,Minas Gerais,1,Pequeno I,4.261
315010,3150109,31,Piau,Sudeste,ZONA DA MATA,MG,MG-Piau,Minas Gerais,1,Pequeno I,2.719
315015,3150158,31,Piedade de Caratinga,Sudeste,VALE DO RIO DOCE,MG,MG-Piedade de Caratinga,Minas Gerais,1,Pequeno I,8.832
315020,3150208,31,Piedade de Ponte Nova,Sudeste,ZONA DA MATA,MG,MG-Piedade de Ponte Nova,Minas Gerais,1,Pequeno I,4.141
315030,3150307,31,Piedade do Rio Grande,Sudeste,CAMPO DAS VERTENTES,MG,MG-Piedade do Rio Grande,Minas Gerais,1,Pequeno I,4.436
315040,3150406,31,Piedade dos Gerais,Sudeste,METROPOLITANA DE BELO HORIZONTE,MG,MG-Piedade dos Gerais,Minas Gerais,1,Pequeno I,5.034
315050,3150505,31,Pimenta,Sudeste,OESTE DE MINAS,MG,MG-Pimenta,Minas Gerais,1,Pequeno I,8.715
315053,3150539,31,Pingo d'Água,Sudeste,VALE DO RIO DOCE,MG,MG-Pingo d'Água,Minas Gerais,1,Pequeno I,5.029
315057,3150570,31,Pintópolis,Sudeste,NORTE DE MINAS,MG,MG-Pintópolis,Minas Gerais,1,Pequeno I,7.540
315060,3150604,31,Piracema,Sudeste,OESTE DE MINAS,MG,MG-Piracema,Minas Gerais,1,Pequeno I,6.386
315070,3150703,31,Pirajuba,Sudeste,TRIANGULO MINEIRO/ALTO PARANAIBA,MG,MG-Pirajuba,Minas Gerais,1,Pequeno I,6.491
315080,3150802,31,Piranga,Sudeste,ZONA DA MATA,MG,MG-Piranga,Minas Gerais,1,Pequeno I,17.641
315090,3150901,31,Piranguçu,Sudeste,SUL/SUDOESTE DE MINAS,MG,MG-Piranguçu,Minas Gerais,1,Pequeno I,5.504
315100,3151008,31,Piranguinho,Sudeste,SUL/SUDOESTE DE MINAS,MG,MG-Piranguinho,Minas Gerais,1,Pequeno I,8.683
315110,3151107,31,Pirapetinga,Sudeste,ZONA DA MATA,MG,MG-Pirapetinga,Minas Gerais,1,Pequeno I,10.791
315120,3151206,31,Pirapora,Sudeste,NORTE DE MINAS,MG,MG-Pirapora,Minas Gerais,3,Médio,56.845
315130,3151305,31,Piraúba,Sudeste,ZONA DA MATA,MG,MG-Piraúba,Minas Gerais,1,Pequeno I,10.732
315140,3151404,31,Pitangui,Sudeste,METROPOLITANA DE BELO HORIZONTE,MG,MG-Pitangui,Minas Gerais,2,Pequeno II,28.433
315150,3151503,31,Piumhi,Sudeste,OESTE DE MINAS,MG,MG-Piumhi,Minas Gerais,2,Pequeno II,35.137
315160,3151602,31,Planura,Sudeste,TRIANGULO MINEIRO/ALTO PARANAIBA,MG,MG-Planura,Minas Gerais,1,Pequeno I,12.445
315170,3151701,31,Poço Fundo,Sudeste,SUL/SUDOESTE DE MINAS,MG,MG-Poço Fundo,Minas Gerais,1,Pequeno I,16.900
315180,3151800,31,Poços de Caldas,Sudeste,SUL/SUDOESTE DE MINAS,MG,MG-Poços de Caldas,Minas Gerais,4,Grande,169.838
315190,3151909,31,Pocrane,Sudeste,VALE DO RIO DOCE,MG,MG-Pocrane,Minas Gerais,1,Pequeno I,8.288
315200,3152006,31,Pompéu,Sudeste,CENTRAL MINEIRA,MG,MG-Pompéu,Minas Gerais,2,Pequeno II,32.248
315210,3152105,31,Ponte Nova,Sudeste,ZONA DA MATA,MG,MG-Ponte Nova,Minas Gerais,3,Médio,60.003
315213,3152131,31,Ponto Chique,Sudeste,NORTE DE MINAS,MG,MG-Ponto Chique,Minas Gerais,1,Pequeno I,4.305
315217,3152170,31,Ponto dos Volantes,Sudeste,JEQUITINHONHA,MG,MG-Ponto dos Volantes,Minas Gerais,1,Pequeno I,12.235
315220,3152204,31,Porteirinha,Sudeste,NORTE DE MINAS,MG,MG-Porteirinha,Minas Gerais,2,Pequeno II,37.823
315230,3152303,31,Porto Firme,Sudeste,ZONA DA MATA,MG,MG-Porto Firme,Minas Gerais,1,Pequeno I,11.414
315240,3152402,31,Poté,Sudeste,VALE DO MUCURI,MG,MG-Poté,Minas Gerais,1,Pequeno I,16.675
315250,3152501,31,Pouso Alegre,Sudeste,SUL/SUDOESTE DE MINAS,MG,MG-Pouso Alegre,Minas Gerais,4,Grande,154.293
315260,3152600,31,Pouso Alto,Sudeste,SUL/SUDOESTE DE MINAS,MG,MG-Pouso Alto,Minas Gerais,1,Pequeno I,5.862
315270,3152709,31,Prados,Sudeste,CAMPO DAS VERTENTES,MG,MG-Prados,Minas Gerais,1,Pequeno I,9.128
315280,3152808,31,Prata,Sudeste,TRIANGULO MINEIRO/ALTO PARANAIBA,MG,MG-Prata,Minas Gerais,2,Pequeno II,28.173
315290,3152907,31,Pratápolis,Sudeste,SUL/SUDOESTE DE MINAS,MG,MG-Pratápolis,Minas Gerais,1,Pequeno I,8.530
315300,3153004,31,Pratinha,Sudeste,TRIANGULO MINEIRO/ALTO PARANAIBA,MG,MG-Pratinha,Minas Gerais,1,Pequeno I,3.658
315310,3153103,31,Presidente Bernardes,Sudeste,ZONA DA MATA,MG,MG-Presidente Bernardes,Minas Gerais,1,Pequeno I,5.315
315320,3153202,31,Presidente Juscelino,Sudeste,CENTRAL MINEIRA,MG,MG-Presidente Juscelino,Minas Gerais,1,Pequeno I,3.572
315330,3153301,31,Presidente Kubitschek,Sudeste,JEQUITINHONHA,MG,MG-Presidente Kubitschek,Minas Gerais,1,Pequeno I,3.000
315340,3153400,31,Presidente Olegário,Sudeste,NOROESTE DE MINAS,MG,MG-Presidente Olegário,Minas Gerais,1,Pequeno I,19.680
315350,3153509,31,Alto Jequitibá,Sudeste,ZONA DA MATA,MG,MG-Alto Jequitibá,Minas Gerais,1,Pequeno I,8.286
315360,3153608,31,Prudente de Morais,Sudeste,METROPOLITANA DE BELO HORIZONTE,MG,MG-Prudente de Morais,Minas Gerais,1,Pequeno I,10.931
315370,3153707,31,Quartel Geral,Sudeste,CENTRAL MINEIRA,MG,MG-Quartel Geral,Minas Gerais,1,Pequeno I,3.603
315380,3153806,31,Queluzito,Sudeste,METROPOLITANA DE BELO HORIZONTE,MG,MG-Queluzito,Minas Gerais,1,Pequeno I,1.948
315390,3153905,31,Raposos,Sudeste,METROPOLITANA DE BELO HORIZONTE,MG,MG-Raposos,Minas Gerais,1,Pequeno I,16.501
315400,3154002,31,Raul Soares,Sudeste,ZONA DA MATA,MG,MG-Raul Soares,Minas Gerais,2,Pequeno II,23.663
315410,3154101,31,Recreio,Sudeste,ZONA DA MATA,MG,MG-Recreio,Minas Gerais,1,Pequeno I,10.522
315415,3154150,31,Reduto,Sudeste,ZONA DA MATA,MG,MG-Reduto,Minas Gerais,1,Pequeno I,7.247
315420,3154200,31,Resende Costa,Sudeste,CAMPO DAS VERTENTES,MG,MG-Resende Costa,Minas Gerais,1,Pequeno I,11.578
315430,3154309,31,Resplendor,Sudeste,VALE DO RIO DOCE,MG,MG-Resplendor,Minas Gerais,1,Pequeno I,17.396
315440,3154408,31,Ressaquinha,Sudeste,CAMPO DAS VERTENTES,MG,MG-Ressaquinha,Minas Gerais,1,Pequeno I,4.826
315445,3154457,31,Riachinho,Sudeste,NORTE DE MINAS,MG,MG-Riachinho,Minas Gerais,1,Pequeno I,8.132
315450,3154507,31,Riacho dos Machados,Sudeste,NORTE DE MINAS,MG,MG-Riacho dos Machados,Minas Gerais,1,Pequeno I,9.471
315460,3154606,31,Ribeirão das Neves,Sudeste,METROPOLITANA DE BELO HORIZONTE,MG,MG-Ribeirão das Neves,Minas Gerais,4,Grande,341.415
315470,3154705,31,Ribeirão Vermelho,Sudeste,CAMPO DAS VERTENTES,MG,MG-Ribeirão Vermelho,Minas Gerais,1,Pequeno I,4.061
315480,3154804,31,Rio Acima,Sudeste,METROPOLITANA DE BELO HORIZONTE,MG,MG-Rio Acima,Minas Gerais,1,Pequeno I,10.524
315490,3154903,31,Rio Casca,Sudeste,ZONA DA MATA,MG,MG-Rio Casca,Minas Gerais,1,Pequeno I,13.384
315500,3155009,31,Rio Doce,Sudeste,ZONA DA MATA,MG,MG-Rio Doce,Minas Gerais,1,Pequeno I,2.630
315510,3155108,31,Rio do Prado,Sudeste,JEQUITINHONHA,MG,MG-Rio do Prado,Minas Gerais,1,Pequeno I,5.117
315520,3155207,31,Rio Espera,Sudeste,ZONA DA MATA,MG,MG-Rio Espera,Minas Gerais,1,Pequeno I,5.332
315530,3155306,31,Rio Manso,Sudeste,METROPOLITANA DE BELO HORIZONTE,MG,MG-Rio Manso,Minas Gerais,1,Pequeno I,5.924
315540,3155405,31,Rio Novo,Sudeste,ZONA DA MATA,MG,MG-Rio Novo,Minas Gerais,1,Pequeno I,8.964
315550,3155504,31,Rio Paranaíba,Sudeste,TRIANGULO MINEIRO/ALTO PARANAIBA,MG,MG-Rio Paranaíba,Minas Gerais,1,Pequeno I,12.356
315560,3155603,31,Rio Pardo de Minas,Sudeste,NORTE DE MINAS,MG,MG-Rio Pardo de Minas,Minas Gerais,2,Pequeno II,31.171
315570,3155702,31,Rio Piracicaba,Sudeste,METROPOLITANA DE BELO HORIZONTE,MG,MG-Rio Piracicaba,Minas Gerais,1,Pequeno I,14.325
315580,3155801,31,Rio Pomba,Sudeste,ZONA DA MATA,MG,MG-Rio Pomba,Minas Gerais,1,Pequeno I,18.007
315590,3155900,31,Rio Preto,Sudeste,ZONA DA MATA,MG,MG-Rio Preto,Minas Gerais,1,Pequeno I,5.493
315600,3156007,31,Rio Vermelho,Sudeste,METROPOLITANA DE BELO HORIZONTE,MG,MG-Rio Vermelho,Minas Gerais,1,Pequeno I,12.635
315610,3156106,31,Ritápolis,Sudeste,CAMPO DAS VERTENTES,MG,MG-Ritápolis,Minas Gerais,1,Pequeno I,4.521
315620,3156205,31,Rochedo de Minas,Sudeste,ZONA DA MATA,MG,MG-Rochedo de Minas,Minas Gerais,1,Pequeno I,2.335
315630,3156304,31,Rodeiro,Sudeste,ZONA DA MATA,MG,MG-Rodeiro,Minas Gerais,1,Pequeno I,8.333
315640,3156403,31,Romaria,Sudeste,TRIANGULO MINEIRO/ALTO PARANAIBA,MG,MG-Romaria,Minas Gerais,1,Pequeno I,3.507
315645,3156452,31,Rosário da Limeira,Sudeste,ZONA DA MATA,MG,MG-Rosário da Limeira,Minas Gerais,1,Pequeno I,4.648
315650,3156502,31,Rubelita,Sudeste,NORTE DE MINAS,MG,MG-Rubelita,Minas Gerais,1,Pequeno I,5.609
315660,3156601,31,Rubim,Sudeste,JEQUITINHONHA,MG,MG-Rubim,Minas Gerais,1,Pequeno I,10.269
315670,3156700,31,Sabará,Sudeste,METROPOLITANA DE BELO HORIZONTE,MG,MG-Sabará,Minas Gerais,4,Grande,137.877
315680,3156809,31,Sabinópolis,Sudeste,VALE DO RIO DOCE,MG,MG-Sabinópolis,Minas Gerais,1,Pequeno I,15.364
315690,3156908,31,Sacramento,Sudeste,TRIANGULO MINEIRO/ALTO PARANAIBA,MG,MG-Sacramento,Minas Gerais,2,Pequeno II,26.556
315700,3157005,31,Salinas,Sudeste,NORTE DE MINAS,MG,MG-Salinas,Minas Gerais,2,Pequeno II,41.864
315710,3157104,31,Salto da Divisa,Sudeste,JEQUITINHONHA,MG,MG-Salto da Divisa,Minas Gerais,1,Pequeno I,7.014
315720,3157203,31,Santa Bárbara,Sudeste,METROPOLITANA DE BELO HORIZONTE,MG,MG-Santa Bárbara,Minas Gerais,2,Pequeno II,31.873
315725,3157252,31,Santa Bárbara do Leste,Sudeste,VALE DO RIO DOCE,MG,MG-Santa Bárbara do Leste,Minas Gerais,1,Pequeno I,8.212
315727,3157278,31,Santa Bárbara do Monte Verde,Sudeste,ZONA DA MATA,MG,MG-Santa Bárbara do Monte Verde,Minas Gerais,1,Pequeno I,3.212
315730,3157302,31,Santa Bárbara do Tugúrio,Sudeste,CAMPO DAS VERTENTES,MG,MG-Santa Bárbara do Tugúrio,Minas Gerais,1,Pequeno I,4.385
315733,3157336,31,Santa Cruz de Minas,Sudeste,CAMPO DAS VERTENTES,MG,MG-Santa Cruz de Minas,Minas Gerais,1,Pequeno I,8.723
315737,3157377,31,Santa Cruz de Salinas,Sudeste,NORTE DE MINAS,MG,MG-Santa Cruz de Salinas,Minas Gerais,1,Pequeno I,4.074
315740,3157401,31,Santa Cruz do Escalvado,Sudeste,ZONA DA MATA,MG,MG-Santa Cruz do Escalvado,Minas Gerais,1,Pequeno I,4.693
315750,3157500,31,Santa Efigênia de Minas,Sudeste,VALE DO RIO DOCE,MG,MG-Santa Efigênia de Minas,Minas Gerais,1,Pequeno I,4.354
315760,3157609,31,Santa Fé de Minas,Sudeste,NORTE DE MINAS,MG,MG-Santa Fé de Minas,Minas Gerais,1,Pequeno I,3.806
315765,3157658,31,Santa Helena de Minas,Sudeste,VALE DO MUCURI,MG,MG-Santa Helena de Minas,Minas Gerais,1,Pequeno I,6.406
315770,3157708,31,Santa Juliana,Sudeste,TRIANGULO MINEIRO/ALTO PARANAIBA,MG,MG-Santa Juliana,Minas Gerais,1,Pequeno I,14.497
315780,3157807,31,Santa Luzia,Sudeste,METROPOLITANA DE BELO HORIZONTE,MG,MG-Santa Luzia,Minas Gerais,4,Grande,221.705
315790,3157906,31,Santa Margarida,Sudeste,ZONA DA MATA,MG,MG-Santa Margarida,Minas Gerais,1,Pequeno I,16.393
315800,3158003,31,Santa Maria de Itabira,Sudeste,METROPOLITANA DE BELO HORIZONTE,MG,MG-Santa Maria de Itabira,Minas Gerais,1,Pequeno I,10.867
315810,3158102,31,Santa Maria do Salto,Sudeste,JEQUITINHONHA,MG,MG-Santa Maria do Salto,Minas Gerais,1,Pequeno I,5.203
315820,3158201,31,Santa Maria do Suaçuí,Sudeste,VALE DO RIO DOCE,MG,MG-Santa Maria do Suaçuí,Minas Gerais,1,Pequeno I,14.607
315830,3158300,31,Santana da Vargem,Sudeste,SUL/SUDOESTE DE MINAS,MG,MG-Santana da Vargem,Minas Gerais,1,Pequeno I,7.047
315840,3158409,31,Santana de Cataguases,Sudeste,ZONA DA MATA,MG,MG-Santana de Cataguases,Minas Gerais,1,Pequeno I,3.909
315850,3158508,31,Santana de Pirapama,Sudeste,METROPOLITANA DE BELO HORIZONTE,MG,MG-Santana de Pirapama,Minas Gerais,1,Pequeno I,7.538
315860,3158607,31,Santana do Deserto,Sudeste,ZONA DA MATA,MG,MG-Santana do Deserto,Minas Gerais,1,Pequeno I,3.985
315870,3158706,31,Santana do Garambéu,Sudeste,CAMPO DAS VERTENTES,MG,MG-Santana do Garambéu,Minas Gerais,1,Pequeno I,2.494
315880,3158805,31,Santana do Jacaré,Sudeste,OESTE DE MINAS,MG,MG-Santana do Jacaré,Minas Gerais,1,Pequeno I,4.847
315890,3158904,31,Santana do Manhuaçu,Sudeste,ZONA DA MATA,MG,MG-Santana do Manhuaçu,Minas Gerais,1,Pequeno I,8.660
315895,3158953,31,Santana do Paraíso,Sudeste,VALE DO RIO DOCE,MG,MG-Santana do Paraíso,Minas Gerais,2,Pequeno II,36.048
315900,3159001,31,Santana do Riacho,Sudeste,METROPOLITANA DE BELO HORIZONTE,MG,MG-Santana do Riacho,Minas Gerais,1,Pequeno I,4.334
315910,3159100,31,Santana dos Montes,Sudeste,METROPOLITANA DE BELO HORIZONTE,MG,MG-Santana dos Montes,Minas Gerais,1,Pequeno I,3.753
315920,3159209,31,Santa Rita de Caldas,Sudeste,SUL/SUDOESTE DE MINAS,MG,MG-Santa Rita de Caldas,Minas Gerais,1,Pequeno I,8.900
315930,3159308,31,Santa Rita de Jacutinga,Sudeste,ZONA DA MATA,MG,MG-Santa Rita de Jacutinga,Minas Gerais,1,Pequeno I,4.843
315935,3159357,31,Santa Rita de Minas,Sudeste,VALE DO RIO DOCE,MG,MG-Santa Rita de Minas,Minas Gerais,1,Pequeno I,7.322
315940,3159407,31,Santa Rita de Ibitipoca,Sudeste,ZONA DA MATA,MG,MG-Santa Rita de Ibitipoca,Minas Gerais,1,Pequeno I,3.380
315950,3159506,31,Santa Rita do Itueto,Sudeste,VALE DO RIO DOCE,MG,MG-Santa Rita do Itueto,Minas Gerais,1,Pequeno I,5.426
315960,3159605,31,Santa Rita do Sapucaí,Sudeste,SUL/SUDOESTE DE MINAS,MG,MG-Santa Rita do Sapucaí,Minas Gerais,2,Pequeno II,44.226
315970,3159704,31,Santa Rosa da Serra,Sudeste,TRIANGULO MINEIRO/ALTO PARANAIBA,MG,MG-Santa Rosa da Serra,Minas Gerais,1,Pequeno I,3.364
315980,3159803,31,Santa Vitória,Sudeste,TRIANGULO MINEIRO/ALTO PARANAIBA,MG,MG-Santa Vitória,Minas Gerais,2,Pequeno II,19.997
315990,3159902,31,Santo Antônio do Amparo,Sudeste,OESTE DE MINAS,MG,MG-Santo Antônio do Amparo,Minas Gerais,1,Pequeno I,18.697
316000,3160009,31,Santo Antônio do Aventureiro,Sudeste,ZONA DA MATA,MG,MG-Santo Antônio do Aventureiro,Minas Gerais,1,Pequeno I,3.602
316010,3160108,31,Santo Antônio do Grama,Sudeste,ZONA DA MATA,MG,MG-Santo Antônio do Grama,Minas Gerais,1,Pequeno I,3.861
316020,3160207,31,Santo Antônio do Itambé,Sudeste,METROPOLITANA DE BELO HORIZONTE,MG,MG-Santo Antônio do Itambé,Minas Gerais,1,Pequeno I,3.763
316030,3160306,31,Santo Antônio do Jacinto,Sudeste,JEQUITINHONHA,MG,MG-Santo Antônio do Jacinto,Minas Gerais,1,Pequeno I,11.570
316040,3160405,31,Santo Antônio do Monte,Sudeste,OESTE DE MINAS,MG,MG-Santo Antônio do Monte,Minas Gerais,2,Pequeno II,28.603
316045,3160454,31,Santo Antônio do Retiro,Sudeste,NORTE DE MINAS,MG,MG-Santo Antônio do Retiro,Minas Gerais,1,Pequeno I,7.316
316050,3160504,31,Santo Antônio do Rio Abaixo,Sudeste,METROPOLITANA DE BELO HORIZONTE,MG,MG-Santo Antônio do Rio Abaixo,Minas Gerais,1,Pequeno I,1.756
316060,3160603,31,Santo Hipólito,Sudeste,CENTRAL MINEIRA,MG,MG-Santo Hipólito,Minas Gerais,1,Pequeno I,3.044
316070,3160702,31,Santos Dumont,Sudeste,ZONA DA MATA,MG,MG-Santos Dumont,Minas Gerais,2,Pequeno II,46.357
316080,3160801,31,São Bento Abade,Sudeste,SUL/SUDOESTE DE MINAS,MG,MG-São Bento Abade,Minas Gerais,1,Pequeno I,5.411
316090,3160900,31,São Brás do Suaçuí,Sudeste,METROPOLITANA DE BELO HORIZONTE,MG,MG-São Brás do Suaçuí,Minas Gerais,1,Pequeno I,3.770
316095,3160959,31,São Domingos das Dores,Sudeste,VALE DO RIO DOCE,MG,MG-São Domingos das Dores,Minas Gerais,1,Pequeno I,5.672
316100,3161007,31,São Domingos do Prata,Sudeste,METROPOLITANA DE BELO HORIZONTE,MG,MG-São Domingos do Prata,Minas Gerais,1,Pequeno I,17.296
316105,3161056,31,São Félix de Minas,Sudeste,VALE DO RIO DOCE,MG,MG-São Félix de Minas,Minas Gerais,1,Pequeno I,3.354
316110,3161106,31,São Francisco,Sudeste,NORTE DE MINAS,MG,MG-São Francisco,Minas Gerais,3,Médio,56.625
316120,3161205,31,São Francisco de Paula,Sudeste,OESTE DE MINAS,MG,MG-São Francisco de Paula,Minas Gerais,1,Pequeno I,6.512
316130,3161304,31,São Francisco de Sales,Sudeste,TRIANGULO MINEIRO/ALTO PARANAIBA,MG,MG-São Francisco de Sales,Minas Gerais,1,Pequeno I,6.309
316140,3161403,31,São Francisco do Glória,Sudeste,ZONA DA MATA,MG,MG-São Francisco do Glória,Minas Gerais,1,Pequeno I,4.758
316150,3161502,31,São Geraldo,Sudeste,ZONA DA MATA,MG,MG-São Geraldo,Minas Gerais,1,Pequeno I,12.751
316160,3161601,31,São Geraldo da Piedade,Sudeste,VALE DO RIO DOCE,MG,MG-São Geraldo da Piedade,Minas Gerais,1,Pequeno I,3.860
316165,3161650,31,São Geraldo do Baixio,Sudeste,VALE DO RIO DOCE,MG,MG-São Geraldo do Baixio,Minas Gerais,1,Pequeno I,4.104
316170,3161700,31,São Gonçalo do Abaeté,Sudeste,NOROESTE DE MINAS,MG,MG-São Gonçalo do Abaeté,Minas Gerais,1,Pequeno I,8.527
316180,3161809,31,São Gonçalo do Pará,Sudeste,OESTE DE MINAS,MG,MG-São Gonçalo do Pará,Minas Gerais,1,Pequeno I,12.776
316190,3161908,31,São Gonçalo do Rio Abaixo,Sudeste,METROPOLITANA DE BELO HORIZONTE,MG,MG-São Gonçalo do Rio Abaixo,Minas Gerais,1,Pequeno I,11.114
316200,3162005,31,São Gonçalo do Sapucaí,Sudeste,SUL/SUDOESTE DE MINAS,MG,MG-São Gonçalo do Sapucaí,Minas Gerais,2,Pequeno II,25.670
316210,3162104,31,São Gotardo,Sudeste,TRIANGULO MINEIRO/ALTO PARANAIBA,MG,MG-São Gotardo,Minas Gerais,2,Pequeno II,36.084
316220,3162203,31,São João Batista do Glória,Sudeste,SUL/SUDOESTE DE MINAS,MG,MG-São João Batista do Glória,Minas Gerais,1,Pequeno I,7.541
316225,3162252,31,São João da Lagoa,Sudeste,NORTE DE MINAS,MG,MG-São João da Lagoa,Minas Gerais,1,Pequeno I,4.949
316230,3162302,31,São João da Mata,Sudeste,SUL/SUDOESTE DE MINAS,MG,MG-São João da Mata,Minas Gerais,1,Pequeno I,2.743
316240,3162401,31,São João da Ponte,Sudeste,NORTE DE MINAS,MG,MG-São João da Ponte,Minas Gerais,2,Pequeno II,25.033
316245,3162450,31,São João das Missões,Sudeste,NORTE DE MINAS,MG,MG-São João das Missões,Minas Gerais,1,Pequeno I,13.232
316250,3162500,31,São João del Rei,Sudeste,CAMPO DAS VERTENTES,MG,MG-São João del Rei,Minas Gerais,3,Médio,90.897
316255,3162559,31,São João do Manhuaçu,Sudeste,ZONA DA MATA,MG,MG-São João do Manhuaçu,Minas Gerais,1,Pequeno I,11.785
316257,3162575,31,São João do Manteninha,Sudeste,VALE DO RIO DOCE,MG,MG-São João do Manteninha,Minas Gerais,1,Pequeno I,5.975
316260,3162609,31,São João do Oriente,Sudeste,VALE DO RIO DOCE,MG,MG-São João do Oriente,Minas Gerais,1,Pequeno I,7.393
316265,3162658,31,São João do Pacuí,Sudeste,NORTE DE MINAS,MG,MG-São João do Pacuí,Minas Gerais,1,Pequeno I,4.476
316270,3162708,31,São João do Paraíso,Sudeste,NORTE DE MINAS,MG,MG-São João do Paraíso,Minas Gerais,2,Pequeno II,23.797
316280,3162807,31,São João Evangelista,Sudeste,VALE DO RIO DOCE,MG,MG-São João Evangelista,Minas Gerais,1,Pequeno I,15.761
316290,3162906,31,São João Nepomuceno,Sudeste,ZONA DA MATA,MG,MG-São João Nepomuceno,Minas Gerais,2,Pequeno II,26.530
316292,3162922,31,São Joaquim de Bicas,Sudeste,METROPOLITANA DE BELO HORIZONTE,MG,MG-São Joaquim de Bicas,Minas Gerais,2,Pequeno II,32.696
316294,3162948,31,São José da Barra,Sudeste,SUL/SUDOESTE DE MINAS,MG,MG-São José da Barra,Minas Gerais,1,Pequeno I,7.532
316295,3162955,31,São José da Lapa,Sudeste,METROPOLITANA DE BELO HORIZONTE,MG,MG-São José da Lapa,Minas Gerais,2,Pequeno II,24.490
316300,3163003,31,São José da Safira,Sudeste,VALE DO RIO DOCE,MG,MG-São José da Safira,Minas Gerais,1,Pequeno I,4.291
316310,3163102,31,São José da Varginha,Sudeste,METROPOLITANA DE BELO HORIZONTE,MG,MG-São José da Varginha,Minas Gerais,1,Pequeno I,5.151
316320,3163201,31,São José do Alegre,Sudeste,SUL/SUDOESTE DE MINAS,MG,MG-São José do Alegre,Minas Gerais,1,Pequeno I,4.222
316330,3163300,31,São José do Divino,Sudeste,VALE DO RIO DOCE,MG,MG-São José do Divino,Minas Gerais,1,Pequeno I,3.851
316340,3163409,31,São José do Goiabal,Sudeste,METROPOLITANA DE BELO HORIZONTE,MG,MG-São José do Goiabal,Minas Gerais,1,Pequeno I,5.356
316350,3163508,31,São José do Jacuri,Sudeste,VALE DO RIO DOCE,MG,MG-São José do Jacuri,Minas Gerais,1,Pequeno I,6.409
316360,3163607,31,São José do Mantimento,Sudeste,ZONA DA MATA,MG,MG-São José do Mantimento,Minas Gerais,1,Pequeno I,2.821
316370,3163706,31,São Lourenço,Sudeste,SUL/SUDOESTE DE MINAS,MG,MG-São Lourenço,Minas Gerais,2,Pequeno II,46.539
316380,3163805,31,São Miguel do Anta,Sudeste,ZONA DA MATA,MG,MG-São Miguel do Anta,Minas Gerais,1,Pequeno I,6.949
316390,3163904,31,São Pedro da União,Sudeste,SUL/SUDOESTE DE MINAS,MG,MG-São Pedro da União,Minas Gerais,1,Pequeno I,4.563
316400,3164001,31,São Pedro dos Ferros,Sudeste,ZONA DA MATA,MG,MG-São Pedro dos Ferros,Minas Gerais,1,Pequeno I,7.634
316410,3164100,31,São Pedro do Suaçuí,Sudeste,VALE DO RIO DOCE,MG,MG-São Pedro do Suaçuí,Minas Gerais,1,Pequeno I,5.160
316420,3164209,31,São Romão,Sudeste,NORTE DE MINAS,MG,MG-São Romão,Minas Gerais,1,Pequeno I,12.713
316430,3164308,31,São Roque de Minas,Sudeste,OESTE DE MINAS,MG,MG-São Roque de Minas,Minas Gerais,1,Pequeno I,7.100
316440,3164407,31,São Sebastião da Bela Vista,Sudeste,SUL/SUDOESTE DE MINAS,MG,MG-São Sebastião da Bela Vista,Minas Gerais,1,Pequeno I,5.598
316443,3164431,31,São Sebastião da Vargem Alegre,Sudeste,ZONA DA MATA,MG,MG-São Sebastião da Vargem Alegre,Minas Gerais,1,Pequeno I,3.039
316447,3164472,31,São Sebastião do Anta,Sudeste,VALE DO RIO DOCE,MG,MG-São Sebastião do Anta,Minas Gerais,1,Pequeno I,6.697
316450,3164506,31,São Sebastião do Maranhão,Sudeste,VALE DO RIO DOCE,MG,MG-São Sebastião do Maranhão,Minas Gerais,1,Pequeno I,9.884
316460,3164605,31,São Sebastião do Oeste,Sudeste,OESTE DE MINAS,MG,MG-São Sebastião do Oeste,Minas Gerais,1,Pequeno I,6.948
316470,3164704,31,São Sebastião do Paraíso,Sudeste,SUL/SUDOESTE DE MINAS,MG,MG-São Sebastião do Paraíso,Minas Gerais,3,Médio,71.915
316480,3164803,31,São Sebastião do Rio Preto,Sudeste,METROPOLITANA DE BELO HORIZONTE,MG,MG-São Sebastião do Rio Preto,Minas Gerais,1,Pequeno I,1.478
316490,3164902,31,São Sebastião do Rio Verde,Sudeste,SUL/SUDOESTE DE MINAS,MG,MG-São Sebastião do Rio Verde,Minas Gerais,1,Pequeno I,2.259
316500,3165008,31,São Tiago,Sudeste,CAMPO DAS VERTENTES,MG,MG-São Tiago,Minas Gerais,1,Pequeno I,10.979
316510,3165107,31,São Tomás de Aquino,Sudeste,SUL/SUDOESTE DE MINAS,MG,MG-São Tomás de Aquino,Minas Gerais,1,Pequeno I,6.980
316520,3165206,31,São Thomé das Letras,Sudeste,SUL/SUDOESTE DE MINAS,MG,MG-São Thomé das Letras,Minas Gerais,1,Pequeno I,7.151
316530,3165305,31,São Vicente de Minas,Sudeste,SUL/SUDOESTE DE MINAS,MG,MG-São Vicente de Minas,Minas Gerais,1,Pequeno I,7.876
316540,3165404,31,Sapucaí-Mirim,Sudeste,SUL/SUDOESTE DE MINAS,MG,MG-Sapucaí-Mirim,Minas Gerais,1,Pequeno I,7.045
316550,3165503,31,Sardoá,Sudeste,VALE DO RIO DOCE,MG,MG-Sardoá,Minas Gerais,1,Pequeno I,6.421
316553,3165537,31,Sarzedo,Sudeste,METROPOLITANA DE BELO HORIZONTE,MG,MG-Sarzedo,Minas Gerais,2,Pequeno II,34.050
316555,3165552,31,Setubinha,Sudeste,VALE DO MUCURI,MG,MG-Setubinha,Minas Gerais,1,Pequeno I,12.493
316556,3165560,31,Sem-Peixe,Sudeste,ZONA DA MATA,MG,MG-Sem-Peixe,Minas Gerais,1,Pequeno I,2.579
316557,3165578,31,Senador Amaral,Sudeste,SUL/SUDOESTE DE MINAS,MG,MG-Senador Amaral,Minas Gerais,1,Pequeno I,5.365
316560,3165602,31,Senador Cortes,Sudeste,ZONA DA MATA,MG,MG-Senador Cortes,Minas Gerais,1,Pequeno I,2.001
316570,3165701,31,Senador Firmino,Sudeste,ZONA DA MATA,MG,MG-Senador Firmino,Minas Gerais,1,Pequeno I,7.902
316580,3165800,31,Senador José Bento,Sudeste,SUL/SUDOESTE DE MINAS,MG,MG-Senador José Bento,Minas Gerais,1,Pequeno I,1.422
316590,3165909,31,Senador Modestino Gonçalves,Sudeste,JEQUITINHONHA,MG,MG-Senador Modestino Gonçalves,Minas Gerais,1,Pequeno I,4.056
316600,3166006,31,Senhora de Oliveira,Sudeste,ZONA DA MATA,MG,MG-Senhora de Oliveira,Minas Gerais,1,Pequeno I,5.786
316610,3166105,31,Senhora do Porto,Sudeste,VALE DO RIO DOCE,MG,MG-Senhora do Porto,Minas Gerais,1,Pequeno I,3.516
316620,3166204,31,Senhora dos Remédios,Sudeste,CAMPO DAS VERTENTES,MG,MG-Senhora dos Remédios,Minas Gerais,1,Pequeno I,10.474
316630,3166303,31,Sericita,Sudeste,ZONA DA MATA,MG,MG-Sericita,Minas Gerais,1,Pequeno I,7.340
316640,3166402,31,Seritinga,Sudeste,SUL/SUDOESTE DE MINAS,MG,MG-Seritinga,Minas Gerais,1,Pequeno I,1.857
316650,3166501,31,Serra Azul de Minas,Sudeste,METROPOLITANA DE BELO HORIZONTE,MG,MG-Serra Azul de Minas,Minas Gerais,1,Pequeno I,4.292
316660,3166600,31,Serra da Saudade,Sudeste,CENTRAL MINEIRA,MG,MG-Serra da Saudade,Minas Gerais,1,Pequeno I,771
316670,3166709,31,Serra dos Aimorés,Sudeste,VALE DO MUCURI,MG,MG-Serra dos Aimorés,Minas Gerais,1,Pequeno I,8.725
316680,3166808,31,Serra do Salitre,Sudeste,TRIANGULO MINEIRO/ALTO PARANAIBA,MG,MG-Serra do Salitre,Minas Gerais,1,Pequeno I,11.750
316690,3166907,31,Serrania,Sudeste,SUL/SUDOESTE DE MINAS,MG,MG-Serrania,Minas Gerais,1,Pequeno I,7.667
316695,3166956,31,Serranópolis de Minas,Sudeste,NORTE DE MINAS,MG,MG-Serranópolis de Minas,Minas Gerais,1,Pequeno I,4.836
316700,3167004,31,Serranos,Sudeste,SUL/SUDOESTE DE MINAS,MG,MG-Serranos,Minas Gerais,1,Pequeno I,1.949
316710,3167103,31,Serro,Sudeste,METROPOLITANA DE BELO HORIZONTE,MG,MG-Serro,Minas Gerais,2,Pequeno II,20.915
316720,3167202,31,Sete Lagoas,Sudeste,METROPOLITANA DE BELO HORIZONTE,MG,MG-Sete Lagoas,Minas Gerais,4,Grande,243.950
316730,3167301,31,Silveirânia,Sudeste,ZONA DA MATA,MG,MG-Silveirânia,Minas Gerais,1,Pequeno I,2.267
316740,3167400,31,Silvianópolis,Sudeste,SUL/SUDOESTE DE MINAS,MG,MG-Silvianópolis,Minas Gerais,1,Pequeno I,6.258
316750,3167509,31,Simão Pereira,Sudeste,ZONA DA MATA,MG,MG-Simão Pereira,Minas Gerais,1,Pequeno I,2.621
316760,3167608,31,Simonésia,Sudeste,ZONA DA MATA,MG,MG-Simonésia,Minas Gerais,1,Pequeno I,19.834
316770,3167707,31,Sobrália,Sudeste,VALE DO RIO DOCE,MG,MG-Sobrália,Minas Gerais,1,Pequeno I,5.476
316780,3167806,31,Soledade de Minas,Sudeste,SUL/SUDOESTE DE MINAS,MG,MG-Soledade de Minas,Minas Gerais,1,Pequeno I,6.226
316790,3167905,31,Tabuleiro,Sudeste,ZONA DA MATA,MG,MG-Tabuleiro,Minas Gerais,1,Pequeno I,3.669
316800,3168002,31,Taiobeiras,Sudeste,NORTE DE MINAS,MG,MG-Taiobeiras,Minas Gerais,2,Pequeno II,34.653
316805,3168051,31,Taparuba,Sudeste,VALE DO RIO DOCE,MG,MG-Taparuba,Minas Gerais,1,Pequeno I,3.093
316810,3168101,31,Tapira,Sudeste,TRIANGULO MINEIRO/ALTO PARANAIBA,MG,MG-Tapira,Minas Gerais,1,Pequeno I,4.890
316820,3168200,31,Tapiraí,Sudeste,OESTE DE MINAS,MG,MG-Tapiraí,Minas Gerais,1,Pequeno I,1.869
316830,3168309,31,Taquaraçu de Minas,Sudeste,METROPOLITANA DE BELO HORIZONTE,MG,MG-Taquaraçu de Minas,Minas Gerais,1,Pequeno I,4.120
316840,3168408,31,Tarumirim,Sudeste,VALE DO RIO DOCE,MG,MG-Tarumirim,Minas Gerais,1,Pequeno I,14.280
316850,3168507,31,Teixeiras,Sudeste,ZONA DA MATA,MG,MG-Teixeiras,Minas Gerais,1,Pequeno I,11.680
316860,3168606,31,Teófilo Otoni,Sudeste,VALE DO MUCURI,MG,MG-Teófilo Otoni,Minas Gerais,4,Grande,141.269
316870,3168705,31,Timóteo,Sudeste,VALE DO RIO DOCE,MG,MG-Timóteo,Minas Gerais,3,Médio,91.268
316880,3168804,31,Tiradentes,Sudeste,CAMPO DAS VERTENTES,MG,MG-Tiradentes,Minas Gerais,1,Pequeno I,8.160
316890,3168903,31,Tiros,Sudeste,TRIANGULO MINEIRO/ALTO PARANAIBA,MG,MG-Tiros,Minas Gerais,1,Pequeno I,6.369
316900,3169000,31,Tocantins,Sudeste,ZONA DA MATA,MG,MG-Tocantins,Minas Gerais,1,Pequeno I,16.769
316905,3169059,31,Tocos do Moji,Sudeste,SUL/SUDOESTE DE MINAS,MG,MG-Tocos do Moji,Minas Gerais,1,Pequeno I,4.117
316910,3169109,31,Toledo,Sudeste,SUL/SUDOESTE DE MINAS,MG,MG-Toledo,Minas Gerais,1,Pequeno I,6.336
316920,3169208,31,Tombos,Sudeste,ZONA DA MATA,MG,MG-Tombos,Minas Gerais,1,Pequeno I,7.683
316930,3169307,31,Três Corações,Sudeste,SUL/SUDOESTE DE MINAS,MG,MG-Três Corações,Minas Gerais,3,Médio,80.561
316935,3169356,31,Três Marias,Sudeste,CENTRAL MINEIRA,MG,MG-Três Marias,Minas Gerais,2,Pequeno II,33.062
316940,3169406,31,Três Pontas,Sudeste,SUL/SUDOESTE DE MINAS,MG,MG-Três Pontas,Minas Gerais,3,Médio,57.127
316950,3169505,31,Tumiritinga,Sudeste,VALE DO RIO DOCE,MG,MG-Tumiritinga,Minas Gerais,1,Pequeno I,6.797
316960,3169604,31,Tupaciguara,Sudeste,TRIANGULO MINEIRO/ALTO PARANAIBA,MG,MG-Tupaciguara,Minas Gerais,2,Pequeno II,25.466
316970,3169703,31,Turmalina,Sudeste,JEQUITINHONHA,MG,MG-Turmalina,Minas Gerais,2,Pequeno II,20.280
316980,3169802,31,Turvolândia,Sudeste,SUL/SUDOESTE DE MINAS,MG,MG-Turvolândia,Minas Gerais,1,Pequeno I,5.099
316990,3169901,31,Ubá,Sudeste,ZONA DA MATA,MG,MG-Ubá,Minas Gerais,4,Grande,117.995
317000,3170008,31,Ubaí,Sudeste,NORTE DE MINAS,MG,MG-Ubaí,Minas Gerais,1,Pequeno I,12.661
317005,3170057,31,Ubaporanga,Sudeste,VALE DO RIO DOCE,MG,MG-Ubaporanga,Minas Gerais,1,Pequeno I,12.514
317010,3170107,31,Uberaba,Sudeste,TRIANGULO MINEIRO/ALTO PARANAIBA,MG,MG-Uberaba,Minas Gerais,4,Grande,340.277
317020,3170206,31,Uberlândia,Sudeste,TRIANGULO MINEIRO/ALTO PARANAIBA,MG,MG-Uberlândia,Minas Gerais,4,Grande,706.597
317030,3170305,31,Umburatiba,Sudeste,VALE DO MUCURI,MG,MG-Umburatiba,Minas Gerais,1,Pequeno I,2.582
317040,3170404,31,Unaí,Sudeste,NOROESTE DE MINAS,MG,MG-Unaí,Minas Gerais,3,Médio,85.461
317043,3170438,31,União de Minas,Sudeste,TRIANGULO MINEIRO/ALTO PARANAIBA,MG,MG-União de Minas,Minas Gerais,1,Pequeno I,4.265
317047,3170479,31,Uruana de Minas,Sudeste,NOROESTE DE MINAS,MG,MG-Uruana de Minas,Minas Gerais,1,Pequeno I,3.256
317050,3170503,31,Urucânia,Sudeste,ZONA DA MATA,MG,MG-Urucânia,Minas Gerais,1,Pequeno I,10.333
317052,3170529,31,Urucuia,Sudeste,NORTE DE MINAS,MG,MG-Urucuia,Minas Gerais,1,Pequeno I,17.470
317057,3170578,31,Vargem Alegre,Sudeste,VALE DO RIO DOCE,MG,MG-Vargem Alegre,Minas Gerais,1,Pequeno I,6.460
317060,3170602,31,Vargem Bonita,Sudeste,OESTE DE MINAS,MG,MG-Vargem Bonita,Minas Gerais,1,Pequeno I,2.143
317065,3170651,31,Vargem Grande do Rio Pardo,Sudeste,NORTE DE MINAS,MG,MG-Vargem Grande do Rio Pardo,Minas Gerais,1,Pequeno I,5.045
317070,3170701,31,Varginha,Sudeste,SUL/SUDOESTE DE MINAS,MG,MG-Varginha,Minas Gerais,4,Grande,137.608
317075,3170750,31,Varjão de Minas,Sudeste,NOROESTE DE MINAS,MG,MG-Varjão de Minas,Minas Gerais,1,Pequeno I,7.235
317080,3170800,31,Várzea da Palma,Sudeste,NORTE DE MINAS,MG,MG-Várzea da Palma,Minas Gerais,2,Pequeno II,40.101
317090,3170909,31,Varzelândia,Sudeste,NORTE DE MINAS,MG,MG-Varzelândia,Minas Gerais,1,Pequeno I,19.290
317100,3171006,31,Vazante,Sudeste,NOROESTE DE MINAS,MG,MG-Vazante,Minas Gerais,1,Pequeno I,20.692
317103,3171030,31,Verdelândia,Sudeste,NORTE DE MINAS,MG,MG-Verdelândia,Minas Gerais,1,Pequeno I,9.527
317107,3171071,31,Veredinha,Sudeste,JEQUITINHONHA,MG,MG-Veredinha,Minas Gerais,1,Pequeno I,5.733
317110,3171105,31,Veríssimo,Sudeste,TRIANGULO MINEIRO/ALTO PARANAIBA,MG,MG-Veríssimo,Minas Gerais,1,Pequeno I,4.090
317115,3171154,31,Vermelho Novo,Sudeste,ZONA DA MATA,MG,MG-Vermelho Novo,Minas Gerais,1,Pequeno I,4.852
317120,3171204,31,Vespasiano,Sudeste,METROPOLITANA DE BELO HORIZONTE,MG,MG-Vespasiano,Minas Gerais,4,Grande,131.849
317130,3171303,31,Viçosa,Sudeste,ZONA DA MATA,MG,MG-Viçosa,Minas Gerais,3,Médio,79.910
317140,3171402,31,Vieiras,Sudeste,ZONA DA MATA,MG,MG-Vieiras,Minas Gerais,1,Pequeno I,3.570
317150,3171501,31,Mathias Lobato,Sudeste,VALE DO RIO DOCE,MG,MG-Mathias Lobato,Minas Gerais,1,Pequeno I,3.157
317160,3171600,31,Virgem da Lapa,Sudeste,JEQUITINHONHA,MG,MG-Virgem da Lapa,Minas Gerais,1,Pequeno I,13.729
317170,3171709,31,Virgínia,Sudeste,SUL/SUDOESTE DE MINAS,MG,MG-Virgínia,Minas Gerais,1,Pequeno I,8.652
317180,3171808,31,Virginópolis,Sudeste,VALE DO RIO DOCE,MG,MG-Virginópolis,Minas Gerais,1,Pequeno I,10.459
317190,3171907,31,Virgolândia,Sudeste,VALE DO RIO DOCE,MG,MG-Virgolândia,Minas Gerais,1,Pequeno I,5.303
317200,3172004,31,Visconde do Rio Branco,Sudeste,ZONA DA MATA,MG,MG-Visconde do Rio Branco,Minas Gerais,2,Pequeno II,43.351
317210,3172103,31,Volta Grande,Sudeste,ZONA DA MATA,MG,MG-Volta Grande,Minas Gerais,1,Pequeno I,5.270
317220,3172202,31,Wenceslau Braz,Sudeste,SUL/SUDOESTE DE MINAS,MG,MG-Wenceslau Braz,Minas Gerais,1,Pequeno I,2.543
320010,3200102,32,Afonso Cláudio,Sudeste,CENTRAL ESPIRITO-SANTENSE,ES,ES-Afonso Cláudio,Espírito Santo,2,Pequeno II,30.326
320013,3200136,32,Águia Branca,Sudeste,NOROESTE ESPIRITO-SANTENSE,ES,ES-Águia Branca,Espírito Santo,1,Pequeno I,9.621
320016,3200169,32,Água Doce do Norte,Sudeste,NOROESTE ESPIRITO-SANTENSE,ES,ES-Água Doce do Norte,Espírito Santo,1,Pequeno I,10.801
320020,3200201,32,Alegre,Sudeste,SUL ESPIRITO-SANTENSE,ES,ES-Alegre,Espírito Santo,2,Pequeno II,29.869
320030,3200300,32,Alfredo Chaves,Sudeste,CENTRAL ESPIRITO-SANTENSE,ES,ES-Alfredo Chaves,Espírito Santo,1,Pequeno I,14.670
320035,3200359,32,Alto Rio Novo,Sudeste,NOROESTE ESPIRITO-SANTENSE,ES,ES-Alto Rio Novo,Espírito Santo,1,Pequeno I,7.911
320040,3200409,32,Anchieta,Sudeste,CENTRAL ESPIRITO-SANTENSE,ES,ES-Anchieta,Espírito Santo,2,Pequeno II,30.285
320050,3200508,32,Apiacá,Sudeste,SUL ESPIRITO-SANTENSE,ES,ES-Apiacá,Espírito Santo,1,Pequeno I,7.542
320060,3200607,32,Aracruz,Sudeste,LITORAL NORTE ESPIRITO-SANTENSE,ES,ES-Aracruz,Espírito Santo,3,Médio,104.942
320070,3200706,32,Atílio Vivacqua,Sudeste,SUL ESPIRITO-SANTENSE,ES,ES-Atílio Vivacqua,Espírito Santo,1,Pequeno I,12.270
320080,3200805,32,Baixo Guandu,Sudeste,NOROESTE ESPIRITO-SANTENSE,ES,ES-Baixo Guandu,Espírito Santo,2,Pequeno II,31.263
320090,3200904,32,Barra de São Francisco,Sudeste,NOROESTE ESPIRITO-SANTENSE,ES,ES-Barra de São Francisco,Espírito Santo,2,Pequeno II,45.301
320100,3201001,32,Boa Esperança,Sudeste,NOROESTE ESPIRITO-SANTENSE,ES,ES-Boa Esperança,Espírito Santo,1,Pequeno I,15.146
320110,3201100,32,Bom Jesus do Norte,Sudeste,SUL ESPIRITO-SANTENSE,ES,ES-Bom Jesus do Norte,Espírito Santo,1,Pequeno I,9.988
320115,3201159,32,Brejetuba,Sudeste,CENTRAL ESPIRITO-SANTENSE,ES,ES-Brejetuba,Espírito Santo,1,Pequeno I,12.450
320120,3201209,32,Cachoeiro de Itapemirim,Sudeste,SUL ESPIRITO-SANTENSE,ES,ES-Cachoeiro de Itapemirim,Espírito Santo,4,Grande,212.172
320130,3201308,32,Cariacica,Sudeste,CENTRAL ESPIRITO-SANTENSE,ES,ES-Cariacica,Espírito Santo,4,Grande,386.495
320140,3201407,32,Castelo,Sudeste,SUL ESPIRITO-SANTENSE,ES,ES-Castelo,Espírito Santo,2,Pequeno II,37.956
320150,3201506,32,Colatina,Sudeste,NOROESTE ESPIRITO-SANTENSE,ES,ES-Colatina,Espírito Santo,4,Grande,124.283
320160,3201605,32,Conceição da Barra,Sudeste,LITORAL NORTE ESPIRITO-SANTENSE,ES,ES-Conceição da Barra,Espírito Santo,2,Pequeno II,31.479
320170,3201704,32,Conceição do Castelo,Sudeste,CENTRAL ESPIRITO-SANTENSE,ES,ES-Conceição do Castelo,Espírito Santo,1,Pequeno I,12.887
320180,3201803,32,Divino de São Lourenço,Sudeste,SUL ESPIRITO-SANTENSE,ES,ES-Divino de São Lourenço,Espírito Santo,1,Pequeno I,4.236
320190,3201902,32,Domingos Martins,Sudeste,CENTRAL ESPIRITO-SANTENSE,ES,ES-Domingos Martins,Espírito Santo,2,Pequeno II,34.120
320200,3202009,32,Dores do Rio Preto,Sudeste,SUL ESPIRITO-SANTENSE,ES,ES-Dores do Rio Preto,Espírito Santo,1,Pequeno I,6.793
320210,3202108,32,Ecoporanga,Sudeste,NOROESTE ESPIRITO-SANTENSE,ES,ES-Ecoporanga,Espírito Santo,2,Pequeno II,22.748
320220,3202207,32,Fundão,Sudeste,LITORAL NORTE ESPIRITO-SANTENSE,ES,ES-Fundão,Espírito Santo,1,Pequeno I,22.379
320225,3202256,32,Governador Lindenberg,Sudeste,NOROESTE ESPIRITO-SANTENSE,ES,ES-Governador Lindenberg,Espírito Santo,1,Pequeno I,13.047
320230,3202306,32,Guaçuí,Sudeste,SUL ESPIRITO-SANTENSE,ES,ES-Guaçuí,Espírito Santo,2,Pequeno II,31.372
320240,3202405,32,Guarapari,Sudeste,CENTRAL ESPIRITO-SANTENSE,ES,ES-Guarapari,Espírito Santo,4,Grande,128.504
320245,3202454,32,Ibatiba,Sudeste,SUL ESPIRITO-SANTENSE,ES,ES-Ibatiba,Espírito Santo,2,Pequeno II,26.762
320250,3202504,32,Ibiraçu,Sudeste,LITORAL NORTE ESPIRITO-SANTENSE,ES,ES-Ibiraçu,Espírito Santo,1,Pequeno I,12.701
320255,3202553,32,Ibitirama,Sudeste,SUL ESPIRITO-SANTENSE,ES,ES-Ibitirama,Espírito Santo,1,Pequeno I,8.830
320260,3202603,32,Iconha,Sudeste,CENTRAL ESPIRITO-SANTENSE,ES,ES-Iconha,Espírito Santo,1,Pequeno I,14.083
320265,3202652,32,Irupi,Sudeste,SUL ESPIRITO-SANTENSE,ES,ES-Irupi,Espírito Santo,1,Pequeno I,13.672
320270,3202702,32,Itaguaçu,Sudeste,CENTRAL ESPIRITO-SANTENSE,ES,ES-Itaguaçu,Espírito Santo,1,Pequeno I,13.982
320280,3202801,32,Itapemirim,Sudeste,SUL ESPIRITO-SANTENSE,ES,ES-Itapemirim,Espírito Santo,2,Pequeno II,34.957
320290,3202900,32,Itarana,Sudeste,CENTRAL ESPIRITO-SANTENSE,ES,ES-Itarana,Espírito Santo,1,Pequeno I,10.433
320300,3203007,32,Iúna,Sudeste,SUL ESPIRITO-SANTENSE,ES,ES-Iúna,Espírito Santo,2,Pequeno II,29.417
320305,3203056,32,Jaguaré,Sudeste,LITORAL NORTE ESPIRITO-SANTENSE,ES,ES-Jaguaré,Espírito Santo,2,Pequeno II,31.589
320310,3203106,32,Jerônimo Monteiro,Sudeste,SUL ESPIRITO-SANTENSE,ES,ES-Jerônimo Monteiro,Espírito Santo,1,Pequeno I,12.336
320313,3203130,32,João Neiva,Sudeste,LITORAL NORTE ESPIRITO-SANTENSE,ES,ES-João Neiva,Espírito Santo,1,Pequeno I,16.774
320316,3203163,32,Laranja da Terra,Sudeste,CENTRAL ESPIRITO-SANTENSE,ES,ES-Laranja da Terra,Espírito Santo,1,Pequeno I,10.919
320320,3203205,32,Linhares,Sudeste,LITORAL NORTE ESPIRITO-SANTENSE,ES,ES-Linhares,Espírito Santo,4,Grande,179.755
320330,3203304,32,Mantenópolis,Sudeste,NOROESTE ESPIRITO-SANTENSE,ES,ES-Mantenópolis,Espírito Santo,1,Pequeno I,15.653
320332,3203320,32,Marataízes,Sudeste,SUL ESPIRITO-SANTENSE,ES,ES-Marataízes,Espírito Santo,2,Pequeno II,39.259
320334,3203346,32,Marechal Floriano,Sudeste,CENTRAL ESPIRITO-SANTENSE,ES,ES-Marechal Floriano,Espírito Santo,1,Pequeno I,17.141
320335,3203353,32,Marilândia,Sudeste,NOROESTE ESPIRITO-SANTENSE,ES,ES-Marilândia,Espírito Santo,1,Pequeno I,13.091
320340,3203403,32,Mimoso do Sul,Sudeste,SUL ESPIRITO-SANTENSE,ES,ES-Mimoso do Sul,Espírito Santo,2,Pequeno II,26.079
320350,3203502,32,Montanha,Sudeste,LITORAL NORTE ESPIRITO-SANTENSE,ES,ES-Montanha,Espírito Santo,1,Pequeno I,18.954
320360,3203601,32,Mucurici,Sudeste,LITORAL NORTE ESPIRITO-SANTENSE,ES,ES-Mucurici,Espírito Santo,1,Pequeno I,5.468
320370,3203700,32,Muniz Freire,Sudeste,SUL ESPIRITO-SANTENSE,ES,ES-Muniz Freire,Espírito Santo,1,Pequeno I,17.176
320380,3203809,32,Muqui,Sudeste,SUL ESPIRITO-SANTENSE,ES,ES-Muqui,Espírito Santo,1,Pequeno I,15.602
320390,3203908,32,Nova Venécia,Sudeste,NOROESTE ESPIRITO-SANTENSE,ES,ES-Nova Venécia,Espírito Santo,2,Pequeno II,50.751
320400,3204005,32,Pancas,Sudeste,NOROESTE ESPIRITO-SANTENSE,ES,ES-Pancas,Espírito Santo,1,Pequeno I,23.426
320405,3204054,32,Pedro Canário,Sudeste,LITORAL NORTE ESPIRITO-SANTENSE,ES,ES-Pedro Canário,Espírito Santo,2,Pequeno II,26.575
320410,3204104,32,Pinheiros,Sudeste,LITORAL NORTE ESPIRITO-SANTENSE,ES,ES-Pinheiros,Espírito Santo,2,Pequeno II,27.601
320420,3204203,32,Piúma,Sudeste,CENTRAL ESPIRITO-SANTENSE,ES,ES-Piúma,Espírito Santo,2,Pequeno II,22.388
320425,3204252,32,Ponto Belo,Sudeste,LITORAL NORTE ESPIRITO-SANTENSE,ES,ES-Ponto Belo,Espírito Santo,1,Pequeno I,8.016
320430,3204302,32,Presidente Kennedy,Sudeste,SUL ESPIRITO-SANTENSE,ES,ES-Presidente Kennedy,Espírito Santo,1,Pequeno I,11.741
320435,3204351,32,Rio Bananal,Sudeste,LITORAL NORTE ESPIRITO-SANTENSE,ES,ES-Rio Bananal,Espírito Santo,1,Pequeno I,19.398
320440,3204401,32,Rio Novo do Sul,Sudeste,CENTRAL ESPIRITO-SANTENSE,ES,ES-Rio Novo do Sul,Espírito Santo,1,Pequeno I,11.630
320450,3204500,32,Santa Leopoldina,Sudeste,CENTRAL ESPIRITO-SANTENSE,ES,ES-Santa Leopoldina,Espírito Santo,1,Pequeno I,12.171
320455,3204559,32,Santa Maria de Jetibá,Sudeste,CENTRAL ESPIRITO-SANTENSE,ES,ES-Santa Maria de Jetibá,Espírito Santo,2,Pequeno II,41.588
320460,3204609,32,Santa Teresa,Sudeste,CENTRAL ESPIRITO-SANTENSE,ES,ES-Santa Teresa,Espírito Santo,2,Pequeno II,23.853
320465,3204658,32,São Domingos do Norte,Sudeste,NOROESTE ESPIRITO-SANTENSE,ES,ES-São Domingos do Norte,Espírito Santo,1,Pequeno I,8.735
320470,3204708,32,São Gabriel da Palha,Sudeste,NOROESTE ESPIRITO-SANTENSE,ES,ES-São Gabriel da Palha,Espírito Santo,2,Pequeno II,39.085
320480,3204807,32,São José do Calçado,Sudeste,SUL ESPIRITO-SANTENSE,ES,ES-São José do Calçado,Espírito Santo,1,Pequeno I,10.536
320490,3204906,32,São Mateus,Sudeste,LITORAL NORTE ESPIRITO-SANTENSE,ES,ES-São Mateus,Espírito Santo,4,Grande,134.629
320495,3204955,32,São Roque do Canaã,Sudeste,CENTRAL ESPIRITO-SANTENSE,ES,ES-São Roque do Canaã,Espírito Santo,1,Pequeno I,12.602
320500,3205002,32,Serra,Sudeste,CENTRAL ESPIRITO-SANTENSE,ES,ES-Serra,Espírito Santo,4,Grande,536.765
320501,3205010,32,Sooretama,Sudeste,LITORAL NORTE ESPIRITO-SANTENSE,ES,ES-Sooretama,Espírito Santo,2,Pequeno II,31.278
320503,3205036,32,Vargem Alta,Sudeste,SUL ESPIRITO-SANTENSE,ES,ES-Vargem Alta,Espírito Santo,1,Pequeno I,21.778
320506,3205069,32,Venda Nova do Imigrante,Sudeste,CENTRAL ESPIRITO-SANTENSE,ES,ES-Venda Nova do Imigrante,Espírito Santo,2,Pequeno II,26.204
320510,3205101,32,Viana,Sudeste,CENTRAL ESPIRITO-SANTENSE,ES,ES-Viana,Espírito Santo,3,Médio,80.735
320515,3205150,32,Vila Pavão,Sudeste,NOROESTE ESPIRITO-SANTENSE,ES,ES-Vila Pavão,Espírito Santo,1,Pequeno I,9.280
320517,3205176,32,Vila Valério,Sudeste,NOROESTE ESPIRITO-SANTENSE,ES,ES-Vila Valério,Espírito Santo,1,Pequeno I,14.065
320520,3205200,32,Vila Velha,Sudeste,CENTRAL ESPIRITO-SANTENSE,ES,ES-Vila Velha,Espírito Santo,4,Grande,508.655
320530,3205309,32,Vitória,Sudeste,CENTRAL ESPIRITO-SANTENSE,ES,ES-Vitória,Espírito Santo,4,Grande,369.534
330010,3300100,33,Angra dos Reis,Sudeste,SUL FLUMINENSE,RJ,RJ-Angra dos Reis,Rio de Janeiro,4,Grande,210.171
330015,3300159,33,Aperibé,Sudeste,NOROESTE FLUMINENSE,RJ,RJ-Aperibé,Rio de Janeiro,1,Pequeno I,12.036
330020,3300209,33,Araruama,Sudeste,BAIXADAS,RJ,RJ-Araruama,Rio de Janeiro,4,Grande,136.109
330022,3300225,33,Areal,Sudeste,CENTRO FLUMINENSE,RJ,RJ-Areal,Rio de Janeiro,1,Pequeno I,12.763
330023,3300233,33,Armação dos Búzios,Sudeste,BAIXADAS,RJ,RJ-Armação dos Búzios,Rio de Janeiro,2,Pequeno II,35.060
330025,3300258,33,Arraial do Cabo,Sudeste,BAIXADAS,RJ,RJ-Arraial do Cabo,Rio de Janeiro,2,Pequeno II,30.827
330030,3300308,33,Barra do Piraí,Sudeste,SUL FLUMINENSE,RJ,RJ-Barra do Piraí,Rio de Janeiro,3,Médio,101.139
330040,3300407,33,Barra Mansa,Sudeste,SUL FLUMINENSE,RJ,RJ-Barra Mansa,Rio de Janeiro,4,Grande,185.237
330045,3300456,33,Belford Roxo,Sudeste,METROPOLITANA DO RIO DE JANEIRO,RJ,RJ-Belford Roxo,Rio de Janeiro,4,Grande,515.239
330050,3300506,33,Bom Jardim,Sudeste,CENTRO FLUMINENSE,RJ,RJ-Bom Jardim,Rio de Janeiro,2,Pequeno II,27.779
330060,3300605,33,Bom Jesus do Itabapoana,Sudeste,NOROESTE FLUMINENSE,RJ,RJ-Bom Jesus do Itabapoana,Rio de Janeiro,2,Pequeno II,37.306
330070,3300704,33,Cabo Frio,Sudeste,BAIXADAS,RJ,RJ-Cabo Frio,Rio de Janeiro,4,Grande,234.077
330080,3300803,33,Cachoeiras de Macacu,Sudeste,METROPOLITANA DO RIO DE JANEIRO,RJ,RJ-Cachoeiras de Macacu,Rio de Janeiro,3,Médio,59.652
330090,3300902,33,Cambuci,Sudeste,NOROESTE FLUMINENSE,RJ,RJ-Cambuci,Rio de Janeiro,1,Pequeno I,15.521
330093,3300936,33,Carapebus,Sudeste,NORTE FLUMINENSE,RJ,RJ-Carapebus,Rio de Janeiro,1,Pequeno I,16.859
330095,3300951,33,Comendador Levy Gasparian,Sudeste,CENTRO FLUMINENSE,RJ,RJ-Comendador Levy Gasparian,Rio de Janeiro,1,Pequeno I,8.590
330100,3301009,33,Campos dos Goytacazes,Sudeste,NORTE FLUMINENSE,RJ,RJ-Campos dos Goytacazes,Rio de Janeiro,4,Grande,514.643
330110,3301108,33,Cantagalo,Sudeste,CENTRO FLUMINENSE,RJ,RJ-Cantagalo,Rio de Janeiro,1,Pequeno I,20.163
330115,3301157,33,Cardoso Moreira,Sudeste,NORTE FLUMINENSE,RJ,RJ-Cardoso Moreira,Rio de Janeiro,1,Pequeno I,12.818
330120,3301207,33,Carmo,Sudeste,CENTRO FLUMINENSE,RJ,RJ-Carmo,Rio de Janeiro,1,Pequeno I,19.161
330130,3301306,33,Casimiro de Abreu,Sudeste,BAIXADAS,RJ,RJ-Casimiro de Abreu,Rio de Janeiro,2,Pequeno II,45.864
330140,3301405,33,Conceição de Macabu,Sudeste,NORTE FLUMINENSE,RJ,RJ-Conceição de Macabu,Rio de Janeiro,2,Pequeno II,23.561
330150,3301504,33,Cordeiro,Sudeste,CENTRO FLUMINENSE,RJ,RJ-Cordeiro,Rio de Janeiro,2,Pequeno II,22.152
330160,3301603,33,Duas Barras,Sudeste,CENTRO FLUMINENSE,RJ,RJ-Duas Barras,Rio de Janeiro,1,Pequeno I,11.563
330170,3301702,33,Duque de Caxias,Sudeste,METROPOLITANA DO RIO DE JANEIRO,RJ,RJ-Duque de Caxias,Rio de Janeiro,4,Grande,929.449
330180,3301801,33,Engenheiro Paulo de Frontin,Sudeste,METROPOLITANA DO RIO DE JANEIRO,RJ,RJ-Engenheiro Paulo de Frontin,Rio de Janeiro,1,Pequeno I,14.138
330185,3301850,33,Guapimirim,Sudeste,METROPOLITANA DO RIO DE JANEIRO,RJ,RJ-Guapimirim,Rio de Janeiro,3,Médio,62.225
330187,3301876,33,Iguaba Grande,Sudeste,BAIXADAS,RJ,RJ-Iguaba Grande,Rio de Janeiro,2,Pequeno II,29.344
330190,3301900,33,Itaboraí,Sudeste,METROPOLITANA DO RIO DE JANEIRO,RJ,RJ-Itaboraí,Rio de Janeiro,4,Grande,244.416
330200,3302007,33,Itaguaí,Sudeste,METROPOLITANA DO RIO DE JANEIRO,RJ,RJ-Itaguaí,Rio de Janeiro,4,Grande,136.547
330205,3302056,33,Italva,Sudeste,NOROESTE FLUMINENSE,RJ,RJ-Italva,Rio de Janeiro,1,Pequeno I,15.387
330210,3302106,33,Itaocara,Sudeste,NOROESTE FLUMINENSE,RJ,RJ-Itaocara,Rio de Janeiro,2,Pequeno II,23.211
330220,3302205,33,Itaperuna,Sudeste,NOROESTE FLUMINENSE,RJ,RJ-Itaperuna,Rio de Janeiro,4,Grande,104.354
330225,3302254,33,Itatiaia,Sudeste,SUL FLUMINENSE,RJ,RJ-Itatiaia,Rio de Janeiro,2,Pequeno II,32.312
330227,3302270,33,Japeri,Sudeste,METROPOLITANA DO RIO DE JANEIRO,RJ,RJ-Japeri,Rio de Janeiro,3,Médio,106.296
330230,3302304,33,Laje do Muriaé,Sudeste,NOROESTE FLUMINENSE,RJ,RJ-Laje do Muriaé,Rio de Janeiro,1,Pequeno I,7.298
330240,3302403,33,Macaé,Sudeste,NORTE FLUMINENSE,RJ,RJ-Macaé,Rio de Janeiro,4,Grande,266.136
330245,3302452,33,Macuco,Sudeste,CENTRO FLUMINENSE,RJ,RJ-Macuco,Rio de Janeiro,1,Pequeno I,5.646
330250,3302502,33,Magé,Sudeste,METROPOLITANA DO RIO DE JANEIRO,RJ,RJ-Magé,Rio de Janeiro,4,Grande,247.741
330260,3302601,33,Mangaratiba,Sudeste,METROPOLITANA DO RIO DE JANEIRO,RJ,RJ-Mangaratiba,Rio de Janeiro,2,Pequeno II,45.941
330270,3302700,33,Maricá,Sudeste,METROPOLITANA DO RIO DE JANEIRO,RJ,RJ-Maricá,Rio de Janeiro,4,Grande,167.668
330280,3302809,33,Mendes,Sudeste,METROPOLITANA DO RIO DE JANEIRO,RJ,RJ-Mendes,Rio de Janeiro,1,Pequeno I,18.681
330285,3302858,33,Mesquita,Sudeste,METROPOLITANA DO RIO DE JANEIRO,RJ,RJ-Mesquita,Rio de Janeiro,4,Grande,177.016
330290,3302908,33,Miguel Pereira,Sudeste,METROPOLITANA DO RIO DE JANEIRO,RJ,RJ-Miguel Pereira,Rio de Janeiro,2,Pequeno II,25.622
330300,3303005,33,Miracema,Sudeste,NOROESTE FLUMINENSE,RJ,RJ-Miracema,Rio de Janeiro,2,Pequeno II,27.134
330310,3303104,33,Natividade,Sudeste,NOROESTE FLUMINENSE,RJ,RJ-Natividade,Rio de Janeiro,1,Pequeno I,15.305
330320,3303203,33,Nilópolis,Sudeste,METROPOLITANA DO RIO DE JANEIRO,RJ,RJ-Nilópolis,Rio de Janeiro,4,Grande,162.893
330330,3303302,33,Niterói,Sudeste,METROPOLITANA DO RIO DE JANEIRO,RJ,RJ-Niterói,Rio de Janeiro,4,Grande,516.981
330340,3303401,33,Nova Friburgo,Sudeste,CENTRO FLUMINENSE,RJ,RJ-Nova Friburgo,Rio de Janeiro,4,Grande,191.664
330350,3303500,33,Nova Iguaçu,Sudeste,METROPOLITANA DO RIO DE JANEIRO,RJ,RJ-Nova Iguaçu,Rio de Janeiro,4,Grande,825.388
330360,3303609,33,Paracambi,Sudeste,METROPOLITANA DO RIO DE JANEIRO,RJ,RJ-Paracambi,Rio de Janeiro,2,Pequeno II,53.093
330370,3303708,33,Paraíba do Sul,Sudeste,CENTRO FLUMINENSE,RJ,RJ-Paraíba do Sul,Rio de Janeiro,2,Pequeno II,44.741
330380,3303807,33,Paraty,Sudeste,SUL FLUMINENSE,RJ,RJ-Paraty,Rio de Janeiro,2,Pequeno II,44.175
330385,3303856,33,Paty do Alferes,Sudeste,METROPOLITANA DO RIO DE JANEIRO,RJ,RJ-Paty do Alferes,Rio de Janeiro,2,Pequeno II,27.942
330390,3303906,33,Petrópolis,Sudeste,METROPOLITANA DO RIO DE JANEIRO,RJ,RJ-Petrópolis,Rio de Janeiro,4,Grande,307.144
330395,3303955,33,Pinheiral,Sudeste,SUL FLUMINENSE,RJ,RJ-Pinheiral,Rio de Janeiro,2,Pequeno II,25.563
330400,3304003,33,Piraí,Sudeste,SUL FLUMINENSE,RJ,RJ-Piraí,Rio de Janeiro,2,Pequeno II,29.802
330410,3304102,33,Porciúncula,Sudeste,NOROESTE FLUMINENSE,RJ,RJ-Porciúncula,Rio de Janeiro,1,Pequeno I,19.068
330411,3304110,33,Porto Real,Sudeste,SUL FLUMINENSE,RJ,RJ-Porto Real,Rio de Janeiro,2,Pequeno II,20.254
330412,3304128,33,Quatis,Sudeste,SUL FLUMINENSE,RJ,RJ-Quatis,Rio de Janeiro,1,Pequeno I,14.562
330414,3304144,33,Queimados,Sudeste,METROPOLITANA DO RIO DE JANEIRO,RJ,RJ-Queimados,Rio de Janeiro,4,Grande,152.311
330415,3304151,33,Quissamã,Sudeste,NORTE FLUMINENSE,RJ,RJ-Quissamã,Rio de Janeiro,2,Pequeno II,25.535
330420,3304201,33,Resende,Sudeste,SUL FLUMINENSE,RJ,RJ-Resende,Rio de Janeiro,4,Grande,133.244
330430,3304300,33,Rio Bonito,Sudeste,METROPOLITANA DO RIO DE JANEIRO,RJ,RJ-Rio Bonito,Rio de Janeiro,3,Médio,60.930
330440,3304409,33,Rio Claro,Sudeste,SUL FLUMINENSE,RJ,RJ-Rio Claro,Rio de Janeiro,1,Pequeno I,18.677
330450,3304508,33,Rio das Flores,Sudeste,SUL FLUMINENSE,RJ,RJ-Rio das Flores,Rio de Janeiro,1,Pequeno I,9.401
330452,3304524,33,Rio das Ostras,Sudeste,BAIXADAS,RJ,RJ-Rio das Ostras,Rio de Janeiro,4,Grande,159.529
330455,3304557,33,Rio de Janeiro,Sudeste,METROPOLITANA DO RIO DE JANEIRO,RJ,RJ-Rio de Janeiro,Rio de Janeiro,5,Metrópole,6.775.561
330460,3304607,33,Santa Maria Madalena,Sudeste,CENTRO FLUMINENSE,RJ,RJ-Santa Maria Madalena,Rio de Janeiro,1,Pequeno I,10.380
330470,3304706,33,Santo Antônio de Pádua,Sudeste,NOROESTE FLUMINENSE,RJ,RJ-Santo Antônio de Pádua,Rio de Janeiro,2,Pequeno II,42.705
330475,3304755,33,São Francisco de Itabapoana,Sudeste,NORTE FLUMINENSE,RJ,RJ-São Francisco de Itabapoana,Rio de Janeiro,2,Pequeno II,42.214
330480,3304805,33,São Fidélis,Sudeste,NORTE FLUMINENSE,RJ,RJ-São Fidélis,Rio de Janeiro,2,Pequeno II,38.749
330490,3304904,33,São Gonçalo,Sudeste,METROPOLITANA DO RIO DE JANEIRO,RJ,RJ-São Gonçalo,Rio de Janeiro,4,Grande,1.098.357
330500,3305000,33,São João da Barra,Sudeste,NORTE FLUMINENSE,RJ,RJ-São João da Barra,Rio de Janeiro,2,Pequeno II,36.731
330510,3305109,33,São João de Meriti,Sudeste,METROPOLITANA DO RIO DE JANEIRO,RJ,RJ-São João de Meriti,Rio de Janeiro,4,Grande,473.385
330513,3305133,33,São José de Ubá,Sudeste,NOROESTE FLUMINENSE,RJ,RJ-São José de Ubá,Rio de Janeiro,1,Pequeno I,7.240
330515,3305158,33,São José do Vale do Rio Preto,Sudeste,METROPOLITANA DO RIO DE JANEIRO,RJ,RJ-São José do Vale do Rio Preto,Rio de Janeiro,2,Pequeno II,22.032
330520,3305208,33,São Pedro da Aldeia,Sudeste,BAIXADAS,RJ,RJ-São Pedro da Aldeia,Rio de Janeiro,4,Grande,107.556
330530,3305307,33,São Sebastião do Alto,Sudeste,CENTRO FLUMINENSE,RJ,RJ-São Sebastião do Alto,Rio de Janeiro,1,Pequeno I,9.416
330540,3305406,33,Sapucaia,Sudeste,CENTRO FLUMINENSE,RJ,RJ-Sapucaia,Rio de Janeiro,1,Pequeno I,18.270
330550,3305505,33,Saquarema,Sudeste,BAIXADAS,RJ,RJ-Saquarema,Rio de Janeiro,3,Médio,91.938
330555,3305554,33,Seropédica,Sudeste,METROPOLITANA DO RIO DE JANEIRO,RJ,RJ-Seropédica,Rio de Janeiro,3,Médio,83.841
330560,3305604,33,Silva Jardim,Sudeste,BAIXADAS,RJ,RJ-Silva Jardim,Rio de Janeiro,2,Pequeno II,21.775
330570,3305703,33,Sumidouro,Sudeste,CENTRO FLUMINENSE,RJ,RJ-Sumidouro,Rio de Janeiro,1,Pequeno I,15.709
330575,3305752,33,Tanguá,Sudeste,METROPOLITANA DO RIO DE JANEIRO,RJ,RJ-Tanguá,Rio de Janeiro,2,Pequeno II,34.898
330580,3305802,33,Teresópolis,Sudeste,METROPOLITANA DO RIO DE JANEIRO,RJ,RJ-Teresópolis,Rio de Janeiro,4,Grande,185.820
330590,3305901,33,Trajano de Moraes,Sudeste,CENTRO FLUMINENSE,RJ,RJ-Trajano de Moraes,Rio de Janeiro,1,Pequeno I,10.653
330600,3306008,33,Três Rios,Sudeste,CENTRO FLUMINENSE,RJ,RJ-Três Rios,Rio de Janeiro,3,Médio,82.468
330610,3306107,33,Valença,Sudeste,SUL FLUMINENSE,RJ,RJ-Valença,Rio de Janeiro,3,Médio,77.202
330615,3306156,33,Varre-Sai,Sudeste,NOROESTE FLUMINENSE,RJ,RJ-Varre-Sai,Rio de Janeiro,1,Pequeno I,11.208
330620,3306206,33,Vassouras,Sudeste,METROPOLITANA DO RIO DE JANEIRO,RJ,RJ-Vassouras,Rio de Janeiro,2,Pequeno II,37.262
330630,3306305,33,Volta Redonda,Sudeste,SUL FLUMINENSE,RJ,RJ-Volta Redonda,Rio de Janeiro,4,Grande,274.925
350010,3500105,35,Adamantina,Sudeste,PRESIDENTE PRUDENTE,SP,SP-Adamantina,São Paulo,2,Pequeno II,35.153
350020,3500204,35,Adolfo,Sudeste,SAO JOSE DO RIO PRETO,SP,SP-Adolfo,São Paulo,1,Pequeno I,3.545
350030,3500303,35,Aguaí,Sudeste,CAMPINAS,SP,SP-Aguaí,São Paulo,2,Pequeno II,36.981
350040,3500402,35,Águas da Prata,Sudeste,CAMPINAS,SP,SP-Águas da Prata,São Paulo,1,Pequeno I,8.262
350050,3500501,35,Águas de Lindóia,Sudeste,CAMPINAS,SP,SP-Águas de Lindóia,São Paulo,1,Pequeno I,18.908
350055,3500550,35,Águas de Santa Bárbara,Sudeste,BAURU,SP,SP-Águas de Santa Bárbara,São Paulo,1,Pequeno I,6.142
350060,3500600,35,Águas de São Pedro,Sudeste,PIRACICABA,SP,SP-Águas de São Pedro,São Paulo,1,Pequeno I,3.588
350070,3500709,35,Agudos,Sudeste,BAURU,SP,SP-Agudos,São Paulo,2,Pequeno II,37.582
350075,3500758,35,Alambari,Sudeste,ITAPETININGA,SP,SP-Alambari,São Paulo,1,Pequeno I,6.231
350080,3500808,35,Alfredo Marcondes,Sudeste,PRESIDENTE PRUDENTE,SP,SP-Alfredo Marcondes,São Paulo,1,Pequeno I,4.201
350090,3500907,35,Altair,Sudeste,SAO JOSE DO RIO PRETO,SP,SP-Altair,São Paulo,1,Pequeno I,4.211
350100,3501004,35,Altinópolis,Sudeste,RIBEIRAO PRETO,SP,SP-Altinópolis,São Paulo,1,Pequeno I,16.221
350110,3501103,35,Alto Alegre,Sudeste,ARACATUBA,SP,SP-Alto Alegre,São Paulo,1,Pequeno I,4.078
350115,3501152,35,Alumínio,Sudeste,MACRO METROPOLITANA PAULISTA,SP,SP-Alumínio,São Paulo,1,Pequeno I,18.903
350120,3501202,35,Álvares Florence,Sudeste,SAO JOSE DO RIO PRETO,SP,SP-Álvares Florence,São Paulo,1,Pequeno I,3.616
350130,3501301,35,Álvares Machado,Sudeste,PRESIDENTE PRUDENTE,SP,SP-Álvares Machado,São Paulo,2,Pequeno II,25.078
350140,3501400,35,Álvaro de Carvalho,Sudeste,MARILIA,SP,SP-Álvaro de Carvalho,São Paulo,1,Pequeno I,5.320
350150,3501509,35,Alvinlândia,Sudeste,MARILIA,SP,SP-Alvinlândia,São Paulo,1,Pequeno I,3.251
350160,3501608,35,Americana,Sudeste,CAMPINAS,SP,SP-Americana,São Paulo,4,Grande,244.370
350170,3501707,35,Américo Brasiliense,Sudeste,ARARAQUARA,SP,SP-Américo Brasiliense,São Paulo,2,Pequeno II,41.545
350180,3501806,35,Américo de Campos,Sudeste,SAO JOSE DO RIO PRETO,SP,SP-Américo de Campos,São Paulo,1,Pequeno I,5.993
350190,3501905,35,Amparo,Sudeste,CAMPINAS,SP,SP-Amparo,São Paulo,3,Médio,73.145
350200,3502002,35,Analândia,Sudeste,ARARAQUARA,SP,SP-Analândia,São Paulo,1,Pequeno I,5.115
350210,3502101,35,Andradina,Sudeste,ARACATUBA,SP,SP-Andradina,São Paulo,3,Médio,57.245
350220,3502200,35,Angatuba,Sudeste,ITAPETININGA,SP,SP-Angatuba,São Paulo,2,Pequeno II,25.724
350230,3502309,35,Anhembi,Sudeste,BAURU,SP,SP-Anhembi,São Paulo,1,Pequeno I,6.911
350240,3502408,35,Anhumas,Sudeste,PRESIDENTE PRUDENTE,SP,SP-Anhumas,São Paulo,1,Pequeno I,4.172
350250,3502507,35,Aparecida,Sudeste,VALE DO PARAIBA PAULISTA,SP,SP-Aparecida,São Paulo,2,Pequeno II,36.211
350260,3502606,35,Aparecida d'Oeste,Sudeste,SAO JOSE DO RIO PRETO,SP,SP-Aparecida d'Oeste,São Paulo,1,Pequeno I,4.122
350270,3502705,35,Apiaí,Sudeste,ITAPETININGA,SP,SP-Apiaí,São Paulo,2,Pequeno II,24.081
350275,3502754,35,Araçariguama,Sudeste,MACRO METROPOLITANA PAULISTA,SP,SP-Araçariguama,São Paulo,2,Pequeno II,23.343
350280,3502804,35,Araçatuba,Sudeste,ARACATUBA,SP,SP-Araçatuba,São Paulo,4,Grande,199.210
350290,3502903,35,Araçoiaba da Serra,Sudeste,MACRO METROPOLITANA PAULISTA,SP,SP-Araçoiaba da Serra,São Paulo,2,Pequeno II,35.389
350300,3503000,35,Aramina,Sudeste,RIBEIRAO PRETO,SP,SP-Aramina,São Paulo,1,Pequeno I,5.689
350310,3503109,35,Arandu,Sudeste,BAURU,SP,SP-Arandu,São Paulo,1,Pequeno I,6.373
350315,3503158,35,Arapeí,Sudeste,VALE DO PARAIBA PAULISTA,SP,SP-Arapeí,São Paulo,1,Pequeno I,2.452
350320,3503208,35,Araraquara,Sudeste,ARARAQUARA,SP,SP-Araraquara,São Paulo,4,Grande,240.542
350330,3503307,35,Araras,Sudeste,PIRACICABA,SP,SP-Araras,São Paulo,4,Grande,136.739
350335,3503356,35,Arco-Íris,Sudeste,MARILIA,SP,SP-Arco-Íris,São Paulo,1,Pequeno I,1.755
350340,3503406,35,Arealva,Sudeste,BAURU,SP,SP-Arealva,São Paulo,1,Pequeno I,8.665
350350,3503505,35,Areias,Sudeste,VALE DO PARAIBA PAULISTA,SP,SP-Areias,São Paulo,1,Pequeno I,3.906
350360,3503604,35,Areiópolis,Sudeste,BAURU,SP,SP-Areiópolis,São Paulo,1,Pequeno I,11.186
350370,3503703,35,Ariranha,Sudeste,SAO JOSE DO RIO PRETO,SP,SP-Ariranha,São Paulo,1,Pequeno I,9.851
350380,3503802,35,Artur Nogueira,Sudeste,CAMPINAS,SP,SP-Artur Nogueira,São Paulo,3,Médio,56.247
350390,3503901,35,Arujá,Sudeste,METROPOLITANA DE SAO PAULO,SP,SP-Arujá,São Paulo,3,Médio,92.453
350395,3503950,35,Aspásia,Sudeste,SAO JOSE DO RIO PRETO,SP,SP-Aspásia,São Paulo,1,Pequeno I,1.815
350400,3504008,35,Assis,Sudeste,ASSIS,SP,SP-Assis,São Paulo,4,Grande,105.768
350410,3504107,35,Atibaia,Sudeste,MACRO METROPOLITANA PAULISTA,SP,SP-Atibaia,São Paulo,4,Grande,145.378
350420,3504206,35,Auriflama,Sudeste,SAO JOSE DO RIO PRETO,SP,SP-Auriflama,São Paulo,1,Pequeno I,15.316
350430,3504305,35,Avaí,Sudeste,BAURU,SP,SP-Avaí,São Paulo,1,Pequeno I,5.467
350440,3504404,35,Avanhandava,Sudeste,ARACATUBA,SP,SP-Avanhandava,São Paulo,1,Pequeno I,14.063
350450,3504503,35,Avaré,Sudeste,BAURU,SP,SP-Avaré,São Paulo,3,Médio,91.792
350460,3504602,35,Bady Bassitt,Sudeste,SAO JOSE DO RIO PRETO,SP,SP-Bady Bassitt,São Paulo,2,Pequeno II,18.013
350470,3504701,35,Balbinos,Sudeste,BAURU,SP,SP-Balbinos,São Paulo,1,Pequeno I,6.127
350480,3504800,35,Bálsamo,Sudeste,SAO JOSE DO RIO PRETO,SP,SP-Bálsamo,São Paulo,1,Pequeno I,9.209
350490,3504909,35,Bananal,Sudeste,VALE DO PARAIBA PAULISTA,SP,SP-Bananal,São Paulo,1,Pequeno I,11.039
350500,3505005,35,Barão de Antonina,Sudeste,ITAPETININGA,SP,SP-Barão de Antonina,São Paulo,1,Pequeno I,3.525
350510,3505104,35,Barbosa,Sudeste,ARACATUBA,SP,SP-Barbosa,São Paulo,1,Pequeno I,7.532
350520,3505203,35,Bariri,Sudeste,BAURU,SP,SP-Bariri,São Paulo,2,Pequeno II,35.844
350530,3505302,35,Barra Bonita,Sudeste,BAURU,SP,SP-Barra Bonita,São Paulo,2,Pequeno II,36.125
350535,3505351,35,Barra do Chapéu,Sudeste,ITAPETININGA,SP,SP-Barra do Chapéu,São Paulo,1,Pequeno I,5.794
350540,3505401,35,Barra do Turvo,Sudeste,LITORAL SUL PAULISTA,SP,SP-Barra do Turvo,São Paulo,1,Pequeno I,7.606
350550,3505500,35,Barretos,Sudeste,RIBEIRAO PRETO,SP,SP-Barretos,São Paulo,4,Grande,123.546
350560,3505609,35,Barrinha,Sudeste,RIBEIRAO PRETO,SP,SP-Barrinha,São Paulo,2,Pequeno II,33.537
350570,3505708,35,Barueri,Sudeste,METROPOLITANA DE SAO PAULO,SP,SP-Barueri,São Paulo,4,Grande,279.704
350580,3505807,35,Bastos,Sudeste,MARILIA,SP,SP-Bastos,São Paulo,2,Pequeno II,20.952
350590,3505906,35,Batatais,Sudeste,RIBEIRAO PRETO,SP,SP-Batatais,São Paulo,3,Médio,63.438
350600,3506003,35,Bauru,Sudeste,BAURU,SP,SP-Bauru,São Paulo,4,Grande,381.706
350610,3506102,35,Bebedouro,Sudeste,RIBEIRAO PRETO,SP,SP-Bebedouro,São Paulo,3,Médio,77.612
350620,3506201,35,Bento de Abreu,Sudeste,ARACATUBA,SP,SP-Bento de Abreu,São Paulo,1,Pequeno I,3.028
350630,3506300,35,Bernardino de Campos,Sudeste,ASSIS,SP,SP-Bernardino de Campos,São Paulo,1,Pequeno I,11.168
350635,3506359,35,Bertioga,Sudeste,METROPOLITANA DE SAO PAULO,SP,SP-Bertioga,São Paulo,3,Médio,66.154
350640,3506409,35,Bilac,Sudeste,ARACATUBA,SP,SP-Bilac,São Paulo,1,Pequeno I,8.197
350650,3506508,35,Birigui,Sudeste,ARACATUBA,SP,SP-Birigui,São Paulo,4,Grande,126.094
350660,3506607,35,Biritiba Mirim,Sudeste,METROPOLITANA DE SAO PAULO,SP,SP-Biritiba Mirim,São Paulo,2,Pequeno II,33.265
350670,3506706,35,Boa Esperança do Sul,Sudeste,ARARAQUARA,SP,SP-Boa Esperança do Sul,São Paulo,1,Pequeno I,15.111
350680,3506805,35,Bocaina,Sudeste,BAURU,SP,SP-Bocaina,São Paulo,1,Pequeno I,12.571
350690,3506904,35,Bofete,Sudeste,BAURU,SP,SP-Bofete,São Paulo,1,Pequeno I,12.107
350700,3507001,35,Boituva,Sudeste,ITAPETININGA,SP,SP-Boituva,São Paulo,3,Médio,63.310
350710,3507100,35,Bom Jesus dos Perdões,Sudeste,MACRO METROPOLITANA PAULISTA,SP,SP-Bom Jesus dos Perdões,São Paulo,2,Pequeno II,26.506
350715,3507159,35,Bom Sucesso de Itararé,Sudeste,ITAPETININGA,SP,SP-Bom Sucesso de Itararé,São Paulo,1,Pequeno I,4.013
350720,3507209,35,Borá,Sudeste,ASSIS,SP,SP-Borá,São Paulo,1,Pequeno I,839
350730,3507308,35,Boracéia,Sudeste,BAURU,SP,SP-Boracéia,São Paulo,1,Pequeno I,4.913
350740,3507407,35,Borborema,Sudeste,ARARAQUARA,SP,SP-Borborema,São Paulo,1,Pequeno I,16.278
350745,3507456,35,Borebi,Sudeste,BAURU,SP,SP-Borebi,São Paulo,1,Pequeno I,2.713
350750,3507506,35,Botucatu,Sudeste,BAURU,SP,SP-Botucatu,São Paulo,4,Grande,149.718
350760,3507605,35,Bragança Paulista,Sudeste,MACRO METROPOLITANA PAULISTA,SP,SP-Bragança Paulista,São Paulo,4,Grande,172.346
350770,3507704,35,Braúna,Sudeste,ARACATUBA,SP,SP-Braúna,São Paulo,1,Pequeno I,5.795
350775,3507753,35,Brejo Alegre,Sudeste,ARACATUBA,SP,SP-Brejo Alegre,São Paulo,1,Pequeno I,2.911
350780,3507803,35,Brodowski,Sudeste,RIBEIRAO PRETO,SP,SP-Brodowski,São Paulo,2,Pequeno II,25.605
350790,3507902,35,Brotas,Sudeste,PIRACICABA,SP,SP-Brotas,São Paulo,2,Pequeno II,24.862
350800,3508009,35,Buri,Sudeste,ITAPETININGA,SP,SP-Buri,São Paulo,2,Pequeno II,20.050
350810,3508108,35,Buritama,Sudeste,ARACATUBA,SP,SP-Buritama,São Paulo,1,Pequeno I,17.414
350820,3508207,35,Buritizal,Sudeste,RIBEIRAO PRETO,SP,SP-Buritizal,São Paulo,1,Pequeno I,4.547
350830,3508306,35,Cabrália Paulista,Sudeste,BAURU,SP,SP-Cabrália Paulista,São Paulo,1,Pequeno I,4.222
350840,3508405,35,Cabreúva,Sudeste,MACRO METROPOLITANA PAULISTA,SP,SP-Cabreúva,São Paulo,2,Pequeno II,51.130
350850,3508504,35,Caçapava,Sudeste,VALE DO PARAIBA PAULISTA,SP,SP-Caçapava,São Paulo,3,Médio,95.752
350860,3508603,35,Cachoeira Paulista,Sudeste,VALE DO PARAIBA PAULISTA,SP,SP-Cachoeira Paulista,São Paulo,2,Pequeno II,33.827
350870,3508702,35,Caconde,Sudeste,CAMPINAS,SP,SP-Caconde,São Paulo,1,Pequeno I,19.031
350880,3508801,35,Cafelândia,Sudeste,BAURU,SP,SP-Cafelândia,São Paulo,1,Pequeno I,17.917
350890,3508900,35,Caiabu,Sudeste,PRESIDENTE PRUDENTE,SP,SP-Caiabu,São Paulo,1,Pequeno I,4.195
350900,3509007,35,Caieiras,Sudeste,METROPOLITANA DE SAO PAULO,SP,SP-Caieiras,São Paulo,3,Médio,104.044
350910,3509106,35,Caiuá,Sudeste,PRESIDENTE PRUDENTE,SP,SP-Caiuá,São Paulo,1,Pequeno I,6.017
350920,3509205,35,Cajamar,Sudeste,METROPOLITANA DE SAO PAULO,SP,SP-Cajamar,São Paulo,3,Médio,79.034
350925,3509254,35,Cajati,Sudeste,LITORAL SUL PAULISTA,SP,SP-Cajati,São Paulo,2,Pequeno II,28.441
350930,3509304,35,Cajobi,Sudeste,SAO JOSE DO RIO PRETO,SP,SP-Cajobi,São Paulo,1,Pequeno I,10.649
350940,3509403,35,Cajuru,Sudeste,RIBEIRAO PRETO,SP,SP-Cajuru,São Paulo,2,Pequeno II,26.613
350945,3509452,35,Campina do Monte Alegre,Sudeste,ITAPETININGA,SP,SP-Campina do Monte Alegre,São Paulo,1,Pequeno I,6.088
350950,3509502,35,Campinas,Sudeste,CAMPINAS,SP,SP-Campinas,São Paulo,5,Metrópole,1.223.237
350960,3509601,35,Campo Limpo Paulista,Sudeste,MACRO METROPOLITANA PAULISTA,SP,SP-Campo Limpo Paulista,São Paulo,3,Médio,86.407
350970,3509700,35,Campos do Jordão,Sudeste,VALE DO PARAIBA PAULISTA,SP,SP-Campos do Jordão,São Paulo,2,Pequeno II,52.713
350980,3509809,35,Campos Novos Paulista,Sudeste,ASSIS,SP,SP-Campos Novos Paulista,São Paulo,1,Pequeno I,5.028
350990,3509908,35,Cananéia,Sudeste,LITORAL SUL PAULISTA,SP,SP-Cananéia,São Paulo,1,Pequeno I,12.542
350995,3509957,35,Canas,Sudeste,VALE DO PARAIBA PAULISTA,SP,SP-Canas,São Paulo,1,Pequeno I,5.268
351000,3510005,35,Cândido Mota,Sudeste,ASSIS,SP,SP-Cândido Mota,São Paulo,2,Pequeno II,31.410
351010,3510104,35,Cândido Rodrigues,Sudeste,RIBEIRAO PRETO,SP,SP-Cândido Rodrigues,São Paulo,1,Pequeno I,2.805
351015,3510153,35,Canitar,Sudeste,ASSIS,SP,SP-Canitar,São Paulo,1,Pequeno I,5.365
351020,3510203,35,Capão Bonito,Sudeste,ITAPETININGA,SP,SP-Capão Bonito,São Paulo,2,Pequeno II,47.098
351030,3510302,35,Capela do Alto,Sudeste,MACRO METROPOLITANA PAULISTA,SP,SP-Capela do Alto,São Paulo,2,Pequeno II,21.257
351040,3510401,35,Capivari,Sudeste,PIRACICABA,SP,SP-Capivari,São Paulo,3,Médio,56.973
351050,3510500,35,Caraguatatuba,Sudeste,VALE DO PARAIBA PAULISTA,SP,SP-Caraguatatuba,São Paulo,4,Grande,125.194
351060,3510609,35,Carapicuíba,Sudeste,METROPOLITANA DE SAO PAULO,SP,SP-Carapicuíba,São Paulo,4,Grande,405.375
351070,3510708,35,Cardoso,Sudeste,SAO JOSE DO RIO PRETO,SP,SP-Cardoso,São Paulo,1,Pequeno I,12.371
351080,3510807,35,Casa Branca,Sudeste,CAMPINAS,SP,SP-Casa Branca,São Paulo,2,Pequeno II,30.655
351090,3510906,35,Cássia dos Coqueiros,Sudeste,RIBEIRAO PRETO,SP,SP-Cássia dos Coqueiros,São Paulo,1,Pequeno I,2.488
351100,3511003,35,Castilho,Sudeste,ARACATUBA,SP,SP-Castilho,São Paulo,1,Pequeno I,21.521
351110,3511102,35,Catanduva,Sudeste,SAO JOSE DO RIO PRETO,SP,SP-Catanduva,São Paulo,4,Grande,123.114
351120,3511201,35,Catiguá,Sudeste,SAO JOSE DO RIO PRETO,SP,SP-Catiguá,São Paulo,1,Pequeno I,7.905
351130,3511300,35,Cedral,Sudeste,SAO JOSE DO RIO PRETO,SP,SP-Cedral,São Paulo,1,Pequeno I,9.452
351140,3511409,35,Cerqueira César,Sudeste,BAURU,SP,SP-Cerqueira César,São Paulo,2,Pequeno II,20.391
351150,3511508,35,Cerquilho,Sudeste,ITAPETININGA,SP,SP-Cerquilho,São Paulo,2,Pequeno II,50.631
351160,3511607,35,Cesário Lange,Sudeste,ITAPETININGA,SP,SP-Cesário Lange,São Paulo,1,Pequeno I,18.595
351170,3511706,35,Charqueada,Sudeste,PIRACICABA,SP,SP-Charqueada,São Paulo,1,Pequeno I,17.539
351190,3511904,35,Clementina,Sudeste,ARACATUBA,SP,SP-Clementina,São Paulo,1,Pequeno I,8.894
351200,3512001,35,Colina,Sudeste,RIBEIRAO PRETO,SP,SP-Colina,São Paulo,1,Pequeno I,18.601
351210,3512100,35,Colômbia,Sudeste,RIBEIRAO PRETO,SP,SP-Colômbia,São Paulo,1,Pequeno I,6.223
351220,3512209,35,Conchal,Sudeste,PIRACICABA,SP,SP-Conchal,São Paulo,2,Pequeno II,28.491
351230,3512308,35,Conchas,Sudeste,BAURU,SP,SP-Conchas,São Paulo,1,Pequeno I,18.138
351240,3512407,35,Cordeirópolis,Sudeste,PIRACICABA,SP,SP-Cordeirópolis,São Paulo,2,Pequeno II,25.116
351250,3512506,35,Coroados,Sudeste,ARACATUBA,SP,SP-Coroados,São Paulo,1,Pequeno I,6.197
351260,3512605,35,Coronel Macedo,Sudeste,ITAPETININGA,SP,SP-Coronel Macedo,São Paulo,1,Pequeno I,4.591
351270,3512704,35,Corumbataí,Sudeste,PIRACICABA,SP,SP-Corumbataí,São Paulo,1,Pequeno I,4.072
351280,3512803,35,Cosmópolis,Sudeste,CAMPINAS,SP,SP-Cosmópolis,São Paulo,3,Médio,74.662
351290,3512902,35,Cosmorama,Sudeste,SAO JOSE DO RIO PRETO,SP,SP-Cosmorama,São Paulo,1,Pequeno I,7.289
351300,3513009,35,Cotia,Sudeste,METROPOLITANA DE SAO PAULO,SP,SP-Cotia,São Paulo,4,Grande,257.882
351310,3513108,35,Cravinhos,Sudeste,RIBEIRAO PRETO,SP,SP-Cravinhos,São Paulo,2,Pequeno II,35.858
351320,3513207,35,Cristais Paulista,Sudeste,RIBEIRAO PRETO,SP,SP-Cristais Paulista,São Paulo,1,Pequeno I,8.803
351330,3513306,35,Cruzália,Sudeste,ASSIS,SP,SP-Cruzália,São Paulo,1,Pequeno I,2.021
351340,3513405,35,Cruzeiro,Sudeste,VALE DO PARAIBA PAULISTA,SP,SP-Cruzeiro,São Paulo,3,Médio,82.895
351350,3513504,35,Cubatão,Sudeste,METROPOLITANA DE SAO PAULO,SP,SP-Cubatão,São Paulo,4,Grande,132.521
351360,3513603,35,Cunha,Sudeste,VALE DO PARAIBA PAULISTA,SP,SP-Cunha,São Paulo,2,Pequeno II,21.373
351370,3513702,35,Descalvado,Sudeste,ARARAQUARA,SP,SP-Descalvado,São Paulo,2,Pequeno II,34.097
351380,3513801,35,Diadema,Sudeste,METROPOLITANA DE SAO PAULO,SP,SP-Diadema,São Paulo,4,Grande,429.550
351385,3513850,35,Dirce Reis,Sudeste,SAO JOSE DO RIO PRETO,SP,SP-Dirce Reis,São Paulo,1,Pequeno I,1.805
351390,3513900,35,Divinolândia,Sudeste,CAMPINAS,SP,SP-Divinolândia,São Paulo,1,Pequeno I,11.027
351400,3514007,35,Dobrada,Sudeste,ARARAQUARA,SP,SP-Dobrada,São Paulo,1,Pequeno I,9.088
351410,3514106,35,Dois Córregos,Sudeste,BAURU,SP,SP-Dois Córregos,São Paulo,2,Pequeno II,27.704
351420,3514205,35,Dolcinópolis,Sudeste,SAO JOSE DO RIO PRETO,SP,SP-Dolcinópolis,São Paulo,1,Pequeno I,2.108
351430,3514304,35,Dourado,Sudeste,ARARAQUARA,SP,SP-Dourado,São Paulo,1,Pequeno I,8.883
351440,3514403,35,Dracena,Sudeste,PRESIDENTE PRUDENTE,SP,SP-Dracena,São Paulo,2,Pequeno II,47.287
351450,3514502,35,Duartina,Sudeste,BAURU,SP,SP-Duartina,São Paulo,1,Pequeno I,12.421
351460,3514601,35,Dumont,Sudeste,RIBEIRAO PRETO,SP,SP-Dumont,São Paulo,1,Pequeno I,10.174
351470,3514700,35,Echaporã,Sudeste,MARILIA,SP,SP-Echaporã,São Paulo,1,Pequeno I,6.026
351480,3514809,35,Eldorado,Sudeste,LITORAL SUL PAULISTA,SP,SP-Eldorado,São Paulo,1,Pequeno I,15.592
351490,3514908,35,Elias Fausto,Sudeste,CAMPINAS,SP,SP-Elias Fausto,São Paulo,1,Pequeno I,18.095
351492,3514924,35,Elisiário,Sudeste,SAO JOSE DO RIO PRETO,SP,SP-Elisiário,São Paulo,1,Pequeno I,3.742
351495,3514957,35,Embaúba,Sudeste,SAO JOSE DO RIO PRETO,SP,SP-Embaúba,São Paulo,1,Pequeno I,2.446
351500,3515004,35,Embu das Artes,Sudeste,METROPOLITANA DE SAO PAULO,SP,SP-Embu das Artes,São Paulo,4,Grande,279.264
351510,3515103,35,Embu-Guaçu,Sudeste,METROPOLITANA DE SAO PAULO,SP,SP-Embu-Guaçu,São Paulo,3,Médio,70.402
351512,3515129,35,Emilianópolis,Sudeste,PRESIDENTE PRUDENTE,SP,SP-Emilianópolis,São Paulo,1,Pequeno I,3.238
351515,3515152,35,Engenheiro Coelho,Sudeste,CAMPINAS,SP,SP-Engenheiro Coelho,São Paulo,1,Pequeno I,21.712
351518,3515186,35,Espírito Santo do Pinhal,Sudeste,CAMPINAS,SP,SP-Espírito Santo do Pinhal,São Paulo,2,Pequeno II,44.607
351519,3515194,35,Espírito Santo do Turvo,Sudeste,ASSIS,SP,SP-Espírito Santo do Turvo,São Paulo,1,Pequeno I,4.926
351520,3515202,35,Estrela d'Oeste,Sudeste,SAO JOSE DO RIO PRETO,SP,SP-Estrela d'Oeste,São Paulo,1,Pequeno I,8.420
351530,3515301,35,Estrela do Norte,Sudeste,PRESIDENTE PRUDENTE,SP,SP-Estrela do Norte,São Paulo,1,Pequeno I,2.774
351535,3515350,35,Euclides da Cunha Paulista,Sudeste,PRESIDENTE PRUDENTE,SP,SP-Euclides da Cunha Paulista,São Paulo,1,Pequeno I,9.280
351540,3515400,35,Fartura,Sudeste,ASSIS,SP,SP-Fartura,São Paulo,1,Pequeno I,16.102
351550,3515509,35,Fernandópolis,Sudeste,SAO JOSE DO RIO PRETO,SP,SP-Fernandópolis,São Paulo,3,Médio,69.680
351560,3515608,35,Fernando Prestes,Sudeste,RIBEIRAO PRETO,SP,SP-Fernando Prestes,São Paulo,1,Pequeno I,5.805
351565,3515657,35,Fernão,Sudeste,MARILIA,SP,SP-Fernão,São Paulo,1,Pequeno I,1.739
351570,3515707,35,Ferraz de Vasconcelos,Sudeste,METROPOLITANA DE SAO PAULO,SP,SP-Ferraz de Vasconcelos,São Paulo,4,Grande,198.661
351580,3515806,35,Flora Rica,Sudeste,PRESIDENTE PRUDENTE,SP,SP-Flora Rica,São Paulo,1,Pequeno I,1.397
351590,3515905,35,Floreal,Sudeste,SAO JOSE DO RIO PRETO,SP,SP-Floreal,São Paulo,1,Pequeno I,2.884
351600,3516002,35,Flórida Paulista,Sudeste,PRESIDENTE PRUDENTE,SP,SP-Flórida Paulista,São Paulo,1,Pequeno I,14.936
351610,3516101,35,Florínea,Sudeste,ASSIS,SP,SP-Florínea,São Paulo,1,Pequeno I,2.631
351620,3516200,35,Franca,Sudeste,RIBEIRAO PRETO,SP,SP-Franca,São Paulo,4,Grande,358.539
351630,3516309,35,Francisco Morato,Sudeste,METROPOLITANA DE SAO PAULO,SP,SP-Francisco Morato,São Paulo,4,Grande,179.372
351640,3516408,35,Franco da Rocha,Sudeste,METROPOLITANA DE SAO PAULO,SP,SP-Franco da Rocha,São Paulo,4,Grande,158.438
351650,3516507,35,Gabriel Monteiro,Sudeste,ARACATUBA,SP,SP-Gabriel Monteiro,São Paulo,1,Pequeno I,2.776
351660,3516606,35,Gália,Sudeste,MARILIA,SP,SP-Gália,São Paulo,1,Pequeno I,6.419
351670,3516705,35,Garça,Sudeste,MARILIA,SP,SP-Garça,São Paulo,2,Pequeno II,44.429
351680,3516804,35,Gastão Vidigal,Sudeste,SAO JOSE DO RIO PRETO,SP,SP-Gastão Vidigal,São Paulo,1,Pequeno I,4.911
351685,3516853,35,Gavião Peixoto,Sudeste,ARARAQUARA,SP,SP-Gavião Peixoto,São Paulo,1,Pequeno I,4.841
351690,3516903,35,General Salgado,Sudeste,SAO JOSE DO RIO PRETO,SP,SP-General Salgado,São Paulo,1,Pequeno I,10.855
351700,3517000,35,Getulina,Sudeste,BAURU,SP,SP-Getulina,São Paulo,1,Pequeno I,11.485
351710,3517109,35,Glicério,Sudeste,ARACATUBA,SP,SP-Glicério,São Paulo,1,Pequeno I,4.842
351720,3517208,35,Guaiçara,Sudeste,BAURU,SP,SP-Guaiçara,São Paulo,1,Pequeno I,12.416
351730,3517307,35,Guaimbê,Sudeste,BAURU,SP,SP-Guaimbê,São Paulo,1,Pequeno I,5.806
351740,3517406,35,Guaíra,Sudeste,RIBEIRAO PRETO,SP,SP-Guaíra,São Paulo,2,Pequeno II,41.283
351750,3517505,35,Guapiaçu,Sudeste,SAO JOSE DO RIO PRETO,SP,SP-Guapiaçu,São Paulo,2,Pequeno II,22.087
351760,3517604,35,Guapiara,Sudeste,ITAPETININGA,SP,SP-Guapiara,São Paulo,1,Pequeno I,16.896
351770,3517703,35,Guará,Sudeste,RIBEIRAO PRETO,SP,SP-Guará,São Paulo,1,Pequeno I,21.394
351780,3517802,35,Guaraçaí,Sudeste,ARACATUBA,SP,SP-Guaraçaí,São Paulo,1,Pequeno I,8.258
351790,3517901,35,Guaraci,Sudeste,SAO JOSE DO RIO PRETO,SP,SP-Guaraci,São Paulo,1,Pequeno I,11.382
351800,3518008,35,Guarani d'Oeste,Sudeste,SAO JOSE DO RIO PRETO,SP,SP-Guarani d'Oeste,São Paulo,1,Pequeno I,1.996
351810,3518107,35,Guarantã,Sudeste,BAURU,SP,SP-Guarantã,São Paulo,1,Pequeno I,6.685
351820,3518206,35,Guararapes,Sudeste,ARACATUBA,SP,SP-Guararapes,São Paulo,2,Pequeno II,33.257
351830,3518305,35,Guararema,Sudeste,METROPOLITANA DE SAO PAULO,SP,SP-Guararema,São Paulo,2,Pequeno II,30.465
351840,3518404,35,Guaratinguetá,Sudeste,VALE DO PARAIBA PAULISTA,SP,SP-Guaratinguetá,São Paulo,4,Grande,123.192
351850,3518503,35,Guareí,Sudeste,ITAPETININGA,SP,SP-Guareí,São Paulo,1,Pequeno I,19.244
351860,3518602,35,Guariba,Sudeste,RIBEIRAO PRETO,SP,SP-Guariba,São Paulo,2,Pequeno II,40.857
351870,3518701,35,Guarujá,Sudeste,METROPOLITANA DE SAO PAULO,SP,SP-Guarujá,São Paulo,4,Grande,324.977
351880,3518800,35,Guarulhos,Sudeste,METROPOLITANA DE SAO PAULO,SP,SP-Guarulhos,São Paulo,5,Metrópole,1.404.694
351885,3518859,35,Guatapará,Sudeste,RIBEIRAO PRETO,SP,SP-Guatapará,São Paulo,1,Pequeno I,7.760
351890,3518909,35,Guzolândia,Sudeste,SAO JOSE DO RIO PRETO,SP,SP-Guzolândia,São Paulo,1,Pequeno I,5.346
351900,3519006,35,Herculândia,Sudeste,MARILIA,SP,SP-Herculândia,São Paulo,1,Pequeno I,9.649
351905,3519055,35,Holambra,Sudeste,CAMPINAS,SP,SP-Holambra,São Paulo,1,Pequeno I,15.605
351907,3519071,35,Hortolândia,Sudeste,CAMPINAS,SP,SP-Hortolândia,São Paulo,4,Grande,237.570
351910,3519105,35,Iacanga,Sudeste,BAURU,SP,SP-Iacanga,São Paulo,1,Pequeno I,12.002
351920,3519204,35,Iacri,Sudeste,MARILIA,SP,SP-Iacri,São Paulo,1,Pequeno I,6.269
351925,3519253,35,Iaras,Sudeste,BAURU,SP,SP-Iaras,São Paulo,1,Pequeno I,9.786
351930,3519303,35,Ibaté,Sudeste,ARARAQUARA,SP,SP-Ibaté,São Paulo,2,Pequeno II,35.830
351940,3519402,35,Ibirá,Sudeste,SAO JOSE DO RIO PRETO,SP,SP-Ibirá,São Paulo,1,Pequeno I,12.639
351950,3519501,35,Ibirarema,Sudeste,ASSIS,SP,SP-Ibirarema,São Paulo,1,Pequeno I,7.926
351960,3519600,35,Ibitinga,Sudeste,ARARAQUARA,SP,SP-Ibitinga,São Paulo,3,Médio,61.150
351970,3519709,35,Ibiúna,Sudeste,MACRO METROPOLITANA PAULISTA,SP,SP-Ibiúna,São Paulo,3,Médio,80.062
351980,3519808,35,Icém,Sudeste,SAO JOSE DO RIO PRETO,SP,SP-Icém,São Paulo,1,Pequeno I,8.363
351990,3519907,35,Iepê,Sudeste,ASSIS,SP,SP-Iepê,São Paulo,1,Pequeno I,8.228
352000,3520004,35,Igaraçu do Tietê,Sudeste,BAURU,SP,SP-Igaraçu do Tietê,São Paulo,2,Pequeno II,24.821
352010,3520103,35,Igarapava,Sudeste,RIBEIRAO PRETO,SP,SP-Igarapava,São Paulo,2,Pequeno II,30.791
352020,3520202,35,Igaratá,Sudeste,VALE DO PARAIBA PAULISTA,SP,SP-Igaratá,São Paulo,1,Pequeno I,9.631
352030,3520301,35,Iguape,Sudeste,LITORAL SUL PAULISTA,SP,SP-Iguape,São Paulo,2,Pequeno II,31.117
352040,3520400,35,Ilhabela,Sudeste,VALE DO PARAIBA PAULISTA,SP,SP-Ilhabela,São Paulo,2,Pequeno II,36.194
352042,3520426,35,Ilha Comprida,Sudeste,LITORAL SUL PAULISTA,SP,SP-Ilha Comprida,São Paulo,1,Pequeno I,11.552
352044,3520442,35,Ilha Solteira,Sudeste,ARACATUBA,SP,SP-Ilha Solteira,São Paulo,2,Pequeno II,26.886
352050,3520509,35,Indaiatuba,Sudeste,CAMPINAS,SP,SP-Indaiatuba,São Paulo,4,Grande,260.690
352060,3520608,35,Indiana,Sudeste,PRESIDENTE PRUDENTE,SP,SP-Indiana,São Paulo,1,Pequeno I,4.873
352070,3520707,35,Indiaporã,Sudeste,SAO JOSE DO RIO PRETO,SP,SP-Indiaporã,São Paulo,1,Pequeno I,3.876
352080,3520806,35,Inúbia Paulista,Sudeste,PRESIDENTE PRUDENTE,SP,SP-Inúbia Paulista,São Paulo,1,Pequeno I,4.045
352090,3520905,35,Ipaussu,Sudeste,ASSIS,SP,SP-Ipaussu,São Paulo,1,Pequeno I,15.165
352100,3521002,35,Iperó,Sudeste,MACRO METROPOLITANA PAULISTA,SP,SP-Iperó,São Paulo,2,Pequeno II,38.771
352110,3521101,35,Ipeúna,Sudeste,PIRACICABA,SP,SP-Ipeúna,São Paulo,1,Pequeno I,7.824
352115,3521150,35,Ipiguá,Sudeste,SAO JOSE DO RIO PRETO,SP,SP-Ipiguá,São Paulo,1,Pequeno I,5.557
352120,3521200,35,Iporanga,Sudeste,ITAPETININGA,SP,SP-Iporanga,São Paulo,1,Pequeno I,4.180
352130,3521309,35,Ipuã,Sudeste,RIBEIRAO PRETO,SP,SP-Ipuã,São Paulo,1,Pequeno I,16.794
352140,3521408,35,Iracemápolis,Sudeste,PIRACICABA,SP,SP-Iracemápolis,São Paulo,2,Pequeno II,24.982
352150,3521507,35,Irapuã,Sudeste,SAO JOSE DO RIO PRETO,SP,SP-Irapuã,São Paulo,1,Pequeno I,8.101
352160,3521606,35,Irapuru,Sudeste,PRESIDENTE PRUDENTE,SP,SP-Irapuru,São Paulo,1,Pequeno I,8.356
352170,3521705,35,Itaberá,Sudeste,ITAPETININGA,SP,SP-Itaberá,São Paulo,1,Pequeno I,17.405
352180,3521804,35,Itaí,Sudeste,BAURU,SP,SP-Itaí,São Paulo,2,Pequeno II,27.632
352190,3521903,35,Itajobi,Sudeste,SAO JOSE DO RIO PRETO,SP,SP-Itajobi,São Paulo,1,Pequeno I,15.331
352200,3522000,35,Itaju,Sudeste,BAURU,SP,SP-Itaju,São Paulo,1,Pequeno I,3.937
352210,3522109,35,Itanhaém,Sudeste,LITORAL SUL PAULISTA,SP,SP-Itanhaém,São Paulo,4,Grande,104.351
352215,3522158,35,Itaoca,Sudeste,ITAPETININGA,SP,SP-Itaoca,São Paulo,1,Pequeno I,3.332
352220,3522208,35,Itapecerica da Serra,Sudeste,METROPOLITANA DE SAO PAULO,SP,SP-Itapecerica da Serra,São Paulo,4,Grande,179.574
352230,3522307,35,Itapetininga,Sudeste,ITAPETININGA,SP,SP-Itapetininga,São Paulo,4,Grande,167.106
352240,3522406,35,Itapeva,Sudeste,ITAPETININGA,SP,SP-Itapeva,São Paulo,3,Médio,95.241
352250,3522505,35,Itapevi,Sudeste,METROPOLITANA DE SAO PAULO,SP,SP-Itapevi,São Paulo,4,Grande,244.131
352260,3522604,35,Itapira,Sudeste,CAMPINAS,SP,SP-Itapira,São Paulo,3,Médio,75.683
352265,3522653,35,Itapirapuã Paulista,Sudeste,ITAPETININGA,SP,SP-Itapirapuã Paulista,São Paulo,1,Pequeno I,4.294
352270,3522703,35,Itápolis,Sudeste,ARARAQUARA,SP,SP-Itápolis,São Paulo,2,Pequeno II,43.536
352280,3522802,35,Itaporanga,Sudeste,ITAPETININGA,SP,SP-Itaporanga,São Paulo,1,Pequeno I,15.197
352290,3522901,35,Itapuí,Sudeste,BAURU,SP,SP-Itapuí,São Paulo,1,Pequeno I,14.297
352300,3523008,35,Itapura,Sudeste,ARACATUBA,SP,SP-Itapura,São Paulo,1,Pequeno I,4.994
352310,3523107,35,Itaquaquecetuba,Sudeste,METROPOLITANA DE SAO PAULO,SP,SP-Itaquaquecetuba,São Paulo,4,Grande,379.082
352320,3523206,35,Itararé,Sudeste,ITAPETININGA,SP,SP-Itararé,São Paulo,2,Pequeno II,50.778
352330,3523305,35,Itariri,Sudeste,LITORAL SUL PAULISTA,SP,SP-Itariri,São Paulo,1,Pequeno I,17.754
352340,3523404,35,Itatiba,Sudeste,MACRO METROPOLITANA PAULISTA,SP,SP-Itatiba,São Paulo,4,Grande,124.254
352350,3523503,35,Itatinga,Sudeste,BAURU,SP,SP-Itatinga,São Paulo,1,Pequeno I,21.139
352360,3523602,35,Itirapina,Sudeste,PIRACICABA,SP,SP-Itirapina,São Paulo,1,Pequeno I,18.610
352370,3523701,35,Itirapuã,Sudeste,RIBEIRAO PRETO,SP,SP-Itirapuã,São Paulo,1,Pequeno I,6.587
352380,3523800,35,Itobi,Sudeste,CAMPINAS,SP,SP-Itobi,São Paulo,1,Pequeno I,7.862
352390,3523909,35,Itu,Sudeste,MACRO METROPOLITANA PAULISTA,SP,SP-Itu,São Paulo,4,Grande,177.150
352400,3524006,35,Itupeva,Sudeste,MACRO METROPOLITANA PAULISTA,SP,SP-Itupeva,São Paulo,3,Médio,64.330
352410,3524105,35,Ituverava,Sudeste,RIBEIRAO PRETO,SP,SP-Ituverava,São Paulo,2,Pequeno II,42.259
352420,3524204,35,Jaborandi,Sudeste,RIBEIRAO PRETO,SP,SP-Jaborandi,São Paulo,1,Pequeno I,6.963
352430,3524303,35,Jaboticabal,Sudeste,RIBEIRAO PRETO,SP,SP-Jaboticabal,São Paulo,3,Médio,78.029
352440,3524402,35,Jacareí,Sudeste,VALE DO PARAIBA PAULISTA,SP,SP-Jacareí,São Paulo,4,Grande,237.119
352450,3524501,35,Jaci,Sudeste,SAO JOSE DO RIO PRETO,SP,SP-Jaci,São Paulo,1,Pequeno I,7.322
352460,3524600,35,Jacupiranga,Sudeste,LITORAL SUL PAULISTA,SP,SP-Jacupiranga,São Paulo,1,Pequeno I,17.911
352470,3524709,35,Jaguariúna,Sudeste,CAMPINAS,SP,SP-Jaguariúna,São Paulo,3,Médio,59.921
352480,3524808,35,Jales,Sudeste,SAO JOSE DO RIO PRETO,SP,SP-Jales,São Paulo,2,Pequeno II,49.291
352490,3524907,35,Jambeiro,Sudeste,VALE DO PARAIBA PAULISTA,SP,SP-Jambeiro,São Paulo,1,Pequeno I,6.828
352500,3525003,35,Jandira,Sudeste,METROPOLITANA DE SAO PAULO,SP,SP-Jandira,São Paulo,4,Grande,127.734
352510,3525102,35,Jardinópolis,Sudeste,RIBEIRAO PRETO,SP,SP-Jardinópolis,São Paulo,2,Pequeno II,45.544
352520,3525201,35,Jarinu,Sudeste,MACRO METROPOLITANA PAULISTA,SP,SP-Jarinu,São Paulo,2,Pequeno II,31.173
352530,3525300,35,Jaú,Sudeste,BAURU,SP,SP-Jaú,São Paulo,4,Grande,153.463
352540,3525409,35,Jeriquara,Sudeste,RIBEIRAO PRETO,SP,SP-Jeriquara,São Paulo,1,Pequeno I,3.143
352550,3525508,35,Joanópolis,Sudeste,MACRO METROPOLITANA PAULISTA,SP,SP-Joanópolis,São Paulo,1,Pequeno I,13.453
352560,3525607,35,João Ramalho,Sudeste,PRESIDENTE PRUDENTE,SP,SP-João Ramalho,São Paulo,1,Pequeno I,4.577
352570,3525706,35,José Bonifácio,Sudeste,SAO JOSE DO RIO PRETO,SP,SP-José Bonifácio,São Paulo,2,Pequeno II,37.707
352580,3525805,35,Júlio Mesquita,Sudeste,BAURU,SP,SP-Júlio Mesquita,São Paulo,1,Pequeno I,4.824
352585,3525854,35,Jumirim,Sudeste,PIRACICABA,SP,SP-Jumirim,São Paulo,1,Pequeno I,3.467
352590,3525904,35,Jundiaí,Sudeste,MACRO METROPOLITANA PAULISTA,SP,SP-Jundiaí,São Paulo,4,Grande,426.935
352600,3526001,35,Junqueirópolis,Sudeste,PRESIDENTE PRUDENTE,SP,SP-Junqueirópolis,São Paulo,2,Pequeno II,20.978
352610,3526100,35,Juquiá,Sudeste,LITORAL SUL PAULISTA,SP,SP-Juquiá,São Paulo,1,Pequeno I,18.627
352620,3526209,35,Juquitiba,Sudeste,METROPOLITANA DE SAO PAULO,SP,SP-Juquitiba,São Paulo,2,Pequeno II,31.844
352630,3526308,35,Lagoinha,Sudeste,VALE DO PARAIBA PAULISTA,SP,SP-Lagoinha,São Paulo,1,Pequeno I,4.882
352640,3526407,35,Laranjal Paulista,Sudeste,ITAPETININGA,SP,SP-Laranjal Paulista,São Paulo,2,Pequeno II,29.047
352650,3526506,35,Lavínia,Sudeste,ARACATUBA,SP,SP-Lavínia,São Paulo,1,Pequeno I,12.581
352660,3526605,35,Lavrinhas,Sudeste,VALE DO PARAIBA PAULISTA,SP,SP-Lavrinhas,São Paulo,1,Pequeno I,7.361
352670,3526704,35,Leme,Sudeste,PIRACICABA,SP,SP-Leme,São Paulo,3,Médio,105.273
352680,3526803,35,Lençóis Paulista,Sudeste,BAURU,SP,SP-Lençóis Paulista,São Paulo,3,Médio,69.533
352690,3526902,35,Limeira,Sudeste,PIRACICABA,SP,SP-Limeira,São Paulo,4,Grande,310.783
352700,3527009,35,Lindóia,Sudeste,CAMPINAS,SP,SP-Lindóia,São Paulo,1,Pequeno I,8.201
352710,3527108,35,Lins,Sudeste,BAURU,SP,SP-Lins,São Paulo,3,Médio,78.978
352720,3527207,35,Lorena,Sudeste,VALE DO PARAIBA PAULISTA,SP,SP-Lorena,São Paulo,3,Médio,89.532
352725,3527256,35,Lourdes,Sudeste,ARACATUBA,SP,SP-Lourdes,São Paulo,1,Pequeno I,2.311
352730,3527306,35,Louveira,Sudeste,MACRO METROPOLITANA PAULISTA,SP,SP-Louveira,São Paulo,3,Médio,51.007
352740,3527405,35,Lucélia,Sudeste,PRESIDENTE PRUDENTE,SP,SP-Lucélia,São Paulo,2,Pequeno II,22.022
352750,3527504,35,Lucianópolis,Sudeste,BAURU,SP,SP-Lucianópolis,São Paulo,1,Pequeno I,2.412
352760,3527603,35,Luís Antônio,Sudeste,RIBEIRAO PRETO,SP,SP-Luís Antônio,São Paulo,1,Pequeno I,15.628
352770,3527702,35,Luiziânia,Sudeste,ARACATUBA,SP,SP-Luiziânia,São Paulo,1,Pequeno I,5.918
352780,3527801,35,Lupércio,Sudeste,MARILIA,SP,SP-Lupércio,São Paulo,1,Pequeno I,4.608
352790,3527900,35,Lutécia,Sudeste,ASSIS,SP,SP-Lutécia,São Paulo,1,Pequeno I,2.623
352800,3528007,35,Macatuba,Sudeste,BAURU,SP,SP-Macatuba,São Paulo,1,Pequeno I,17.263
352810,3528106,35,Macaubal,Sudeste,SAO JOSE DO RIO PRETO,SP,SP-Macaubal,São Paulo,1,Pequeno I,8.174
352820,3528205,35,Macedônia,Sudeste,SAO JOSE DO RIO PRETO,SP,SP-Macedônia,São Paulo,1,Pequeno I,3.686
352830,3528304,35,Magda,Sudeste,SAO JOSE DO RIO PRETO,SP,SP-Magda,São Paulo,1,Pequeno I,3.086
352840,3528403,35,Mairinque,Sudeste,MACRO METROPOLITANA PAULISTA,SP,SP-Mairinque,São Paulo,3,Médio,47.723
352850,3528502,35,Mairiporã,Sudeste,METROPOLITANA DE SAO PAULO,SP,SP-Mairiporã,São Paulo,3,Médio,103.645
352860,3528601,35,Manduri,Sudeste,ASSIS,SP,SP-Manduri,São Paulo,1,Pequeno I,9.972
352870,3528700,35,Marabá Paulista,Sudeste,PRESIDENTE PRUDENTE,SP,SP-Marabá Paulista,São Paulo,1,Pequeno I,6.039
352880,3528809,35,Maracaí,Sudeste,ASSIS,SP,SP-Maracaí,São Paulo,1,Pequeno I,14.069
352885,3528858,35,Marapoama,Sudeste,SAO JOSE DO RIO PRETO,SP,SP-Marapoama,São Paulo,1,Pequeno I,3.097
352890,3528908,35,Mariápolis,Sudeste,PRESIDENTE PRUDENTE,SP,SP-Mariápolis,São Paulo,1,Pequeno I,4.098
352900,3529005,35,Marília,Sudeste,MARILIA,SP,SP-Marília,São Paulo,4,Grande,242.249
352910,3529104,35,Marinópolis,Sudeste,SAO JOSE DO RIO PRETO,SP,SP-Marinópolis,São Paulo,1,Pequeno I,2.101
352920,3529203,35,Martinópolis,Sudeste,PRESIDENTE PRUDENTE,SP,SP-Martinópolis,São Paulo,2,Pequeno II,26.791
352930,3529302,35,Matão,Sudeste,ARARAQUARA,SP,SP-Matão,São Paulo,3,Médio,84.069
352940,3529401,35,Mauá,Sudeste,METROPOLITANA DE SAO PAULO,SP,SP-Mauá,São Paulo,4,Grande,481.725
352950,3529500,35,Mendonça,Sudeste,SAO JOSE DO RIO PRETO,SP,SP-Mendonça,São Paulo,1,Pequeno I,5.638
352960,3529609,35,Meridiano,Sudeste,SAO JOSE DO RIO PRETO,SP,SP-Meridiano,São Paulo,1,Pequeno I,3.813
352965,3529658,35,Mesópolis,Sudeste,SAO JOSE DO RIO PRETO,SP,SP-Mesópolis,São Paulo,1,Pequeno I,1.903
352970,3529708,35,Miguelópolis,Sudeste,RIBEIRAO PRETO,SP,SP-Miguelópolis,São Paulo,1,Pequeno I,22.480
352980,3529807,35,Mineiros do Tietê,Sudeste,BAURU,SP,SP-Mineiros do Tietê,São Paulo,1,Pequeno I,13.023
352990,3529906,35,Miracatu,Sudeste,LITORAL SUL PAULISTA,SP,SP-Miracatu,São Paulo,1,Pequeno I,19.511
353000,3530003,35,Mira Estrela,Sudeste,SAO JOSE DO RIO PRETO,SP,SP-Mira Estrela,São Paulo,1,Pequeno I,3.125
353010,3530102,35,Mirandópolis,Sudeste,ARACATUBA,SP,SP-Mirandópolis,São Paulo,2,Pequeno II,29.844
353020,3530201,35,Mirante do Paranapanema,Sudeste,PRESIDENTE PRUDENTE,SP,SP-Mirante do Paranapanema,São Paulo,1,Pequeno I,18.415
353030,3530300,35,Mirassol,Sudeste,SAO JOSE DO RIO PRETO,SP,SP-Mirassol,São Paulo,3,Médio,60.768
353040,3530409,35,Mirassolândia,Sudeste,SAO JOSE DO RIO PRETO,SP,SP-Mirassolândia,São Paulo,1,Pequeno I,4.966
353050,3530508,35,Mococa,Sudeste,CAMPINAS,SP,SP-Mococa,São Paulo,3,Médio,69.072
353060,3530607,35,Mogi das Cruzes,Sudeste,METROPOLITANA DE SAO PAULO,SP,SP-Mogi das Cruzes,São Paulo,4,Grande,455.587
353070,3530706,35,Mogi Guaçu,Sudeste,CAMPINAS,SP,SP-Mogi Guaçu,São Paulo,4,Grande,154.146
353080,3530805,35,Mogi Mirim,Sudeste,CAMPINAS,SP,SP-Mogi Mirim,São Paulo,3,Médio,94.098
353090,3530904,35,Mombuca,Sudeste,PIRACICABA,SP,SP-Mombuca,São Paulo,1,Pequeno I,3.523
353100,3531001,35,Monções,Sudeste,SAO JOSE DO RIO PRETO,SP,SP-Monções,São Paulo,1,Pequeno I,2.274
353110,3531100,35,Mongaguá,Sudeste,LITORAL SUL PAULISTA,SP,SP-Mongaguá,São Paulo,3,Médio,58.567
353120,3531209,35,Monte Alegre do Sul,Sudeste,CAMPINAS,SP,SP-Monte Alegre do Sul,São Paulo,1,Pequeno I,8.181
353130,3531308,35,Monte Alto,Sudeste,RIBEIRAO PRETO,SP,SP-Monte Alto,São Paulo,2,Pequeno II,51.039
353140,3531407,35,Monte Aprazível,Sudeste,SAO JOSE DO RIO PRETO,SP,SP-Monte Aprazível,São Paulo,2,Pequeno II,25.651
353150,3531506,35,Monte Azul Paulista,Sudeste,RIBEIRAO PRETO,SP,SP-Monte Azul Paulista,São Paulo,1,Pequeno I,18.928
353160,3531605,35,Monte Castelo,Sudeste,PRESIDENTE PRUDENTE,SP,SP-Monte Castelo,São Paulo,1,Pequeno I,4.166
353170,3531704,35,Monteiro Lobato,Sudeste,VALE DO PARAIBA PAULISTA,SP,SP-Monteiro Lobato,São Paulo,1,Pequeno I,4.739
353180,3531803,35,Monte Mor,Sudeste,CAMPINAS,SP,SP-Monte Mor,São Paulo,3,Médio,61.707
353190,3531902,35,Morro Agudo,Sudeste,RIBEIRAO PRETO,SP,SP-Morro Agudo,São Paulo,2,Pequeno II,33.598
353200,3532009,35,Morungaba,Sudeste,MACRO METROPOLITANA PAULISTA,SP,SP-Morungaba,São Paulo,1,Pequeno I,13.936
353205,3532058,35,Motuca,Sudeste,ARARAQUARA,SP,SP-Motuca,São Paulo,1,Pequeno I,4.831
353210,3532108,35,Murutinga do Sul,Sudeste,ARACATUBA,SP,SP-Murutinga do Sul,São Paulo,1,Pequeno I,4.525
353215,3532157,35,Nantes,Sudeste,ASSIS,SP,SP-Nantes,São Paulo,1,Pequeno I,3.215
353220,3532207,35,Narandiba,Sudeste,PRESIDENTE PRUDENTE,SP,SP-Narandiba,São Paulo,1,Pequeno I,4.950
353230,3532306,35,Natividade da Serra,Sudeste,VALE DO PARAIBA PAULISTA,SP,SP-Natividade da Serra,São Paulo,1,Pequeno I,6.624
353240,3532405,35,Nazaré Paulista,Sudeste,MACRO METROPOLITANA PAULISTA,SP,SP-Nazaré Paulista,São Paulo,1,Pequeno I,18.866
353250,3532504,35,Neves Paulista,Sudeste,SAO JOSE DO RIO PRETO,SP,SP-Neves Paulista,São Paulo,1,Pequeno I,8.917
353260,3532603,35,Nhandeara,Sudeste,SAO JOSE DO RIO PRETO,SP,SP-Nhandeara,São Paulo,1,Pequeno I,11.575
353270,3532702,35,Nipoã,Sudeste,SAO JOSE DO RIO PRETO,SP,SP-Nipoã,São Paulo,1,Pequeno I,5.381
353280,3532801,35,Nova Aliança,Sudeste,SAO JOSE DO RIO PRETO,SP,SP-Nova Aliança,São Paulo,1,Pequeno I,7.161
353282,3532827,35,Nova Campina,Sudeste,ITAPETININGA,SP,SP-Nova Campina,São Paulo,1,Pequeno I,9.962
353284,3532843,35,Nova Canaã Paulista,Sudeste,SAO JOSE DO RIO PRETO,SP,SP-Nova Canaã Paulista,São Paulo,1,Pequeno I,1.824
353286,3532868,35,Nova Castilho,Sudeste,SAO JOSE DO RIO PRETO,SP,SP-Nova Castilho,São Paulo,1,Pequeno I,1.290
353290,3532900,35,Nova Europa,Sudeste,ARARAQUARA,SP,SP-Nova Europa,São Paulo,1,Pequeno I,11.519
353300,3533007,35,Nova Granada,Sudeste,SAO JOSE DO RIO PRETO,SP,SP-Nova Granada,São Paulo,1,Pequeno I,21.871
353310,3533106,35,Nova Guataporanga,Sudeste,PRESIDENTE PRUDENTE,SP,SP-Nova Guataporanga,São Paulo,1,Pequeno I,2.333
353320,3533205,35,Nova Independência,Sudeste,ARACATUBA,SP,SP-Nova Independência,São Paulo,1,Pequeno I,4.135
353325,3533254,35,Novais,Sudeste,SAO JOSE DO RIO PRETO,SP,SP-Novais,São Paulo,1,Pequeno I,6.057
353330,3533304,35,Nova Luzitânia,Sudeste,SAO JOSE DO RIO PRETO,SP,SP-Nova Luzitânia,São Paulo,1,Pequeno I,4.217
353340,3533403,35,Nova Odessa,Sudeste,CAMPINAS,SP,SP-Nova Odessa,São Paulo,3,Médio,61.716
353350,3533502,35,Novo Horizonte,Sudeste,SAO JOSE DO RIO PRETO,SP,SP-Novo Horizonte,São Paulo,2,Pequeno II,41.765
353360,3533601,35,Nuporanga,Sudeste,RIBEIRAO PRETO,SP,SP-Nuporanga,São Paulo,1,Pequeno I,7.522
353370,3533700,35,Ocauçu,Sudeste,MARILIA,SP,SP-Ocauçu,São Paulo,1,Pequeno I,4.294
353380,3533809,35,Óleo,Sudeste,ASSIS,SP,SP-Óleo,São Paulo,1,Pequeno I,2.447
353390,3533908,35,Olímpia,Sudeste,SAO JOSE DO RIO PRETO,SP,SP-Olímpia,São Paulo,3,Médio,55.477
353400,3534005,35,Onda Verde,Sudeste,SAO JOSE DO RIO PRETO,SP,SP-Onda Verde,São Paulo,1,Pequeno I,4.462
353410,3534104,35,Oriente,Sudeste,MARILIA,SP,SP-Oriente,São Paulo,1,Pequeno I,6.569
353420,3534203,35,Orindiúva,Sudeste,SAO JOSE DO RIO PRETO,SP,SP-Orindiúva,São Paulo,1,Pequeno I,7.318
353430,3534302,35,Orlândia,Sudeste,RIBEIRAO PRETO,SP,SP-Orlândia,São Paulo,2,Pequeno II,44.682
353440,3534401,35,Osasco,Sudeste,METROPOLITANA DE SAO PAULO,SP,SP-Osasco,São Paulo,4,Grande,701.428
353450,3534500,35,Oscar Bressane,Sudeste,MARILIA,SP,SP-Oscar Bressane,São Paulo,1,Pequeno I,2.603
353460,3534609,35,Osvaldo Cruz,Sudeste,PRESIDENTE PRUDENTE,SP,SP-Osvaldo Cruz,São Paulo,2,Pequeno II,33.118
353470,3534708,35,Ourinhos,Sudeste,ASSIS,SP,SP-Ourinhos,São Paulo,4,Grande,115.139
353475,3534757,35,Ouroeste,Sudeste,SAO JOSE DO RIO PRETO,SP,SP-Ouroeste,São Paulo,1,Pequeno I,10.712
353480,3534807,35,Ouro Verde,Sudeste,PRESIDENTE PRUDENTE,SP,SP-Ouro Verde,São Paulo,1,Pequeno I,8.676
353490,3534906,35,Pacaembu,Sudeste,PRESIDENTE PRUDENTE,SP,SP-Pacaembu,São Paulo,1,Pequeno I,14.326
353500,3535002,35,Palestina,Sudeste,SAO JOSE DO RIO PRETO,SP,SP-Palestina,São Paulo,1,Pequeno I,13.285
353510,3535101,35,Palmares Paulista,Sudeste,SAO JOSE DO RIO PRETO,SP,SP-Palmares Paulista,São Paulo,1,Pequeno I,13.691
353520,3535200,35,Palmeira d'Oeste,Sudeste,SAO JOSE DO RIO PRETO,SP,SP-Palmeira d'Oeste,São Paulo,1,Pequeno I,9.173
353530,3535309,35,Palmital,Sudeste,ASSIS,SP,SP-Palmital,São Paulo,1,Pequeno I,22.322
353540,3535408,35,Panorama,Sudeste,PRESIDENTE PRUDENTE,SP,SP-Panorama,São Paulo,1,Pequeno I,15.944
353550,3535507,35,Paraguaçu Paulista,Sudeste,ASSIS,SP,SP-Paraguaçu Paulista,São Paulo,2,Pequeno II,46.180
353560,3535606,35,Paraibuna,Sudeste,VALE DO PARAIBA PAULISTA,SP,SP-Paraibuna,São Paulo,1,Pequeno I,18.302
353570,3535705,35,Paraíso,Sudeste,SAO JOSE DO RIO PRETO,SP,SP-Paraíso,São Paulo,1,Pequeno I,6.536
353580,3535804,35,Paranapanema,Sudeste,BAURU,SP,SP-Paranapanema,São Paulo,1,Pequeno I,20.588
353590,3535903,35,Paranapuã,Sudeste,SAO JOSE DO RIO PRETO,SP,SP-Paranapuã,São Paulo,1,Pequeno I,4.112
353600,3536000,35,Parapuã,Sudeste,PRESIDENTE PRUDENTE,SP,SP-Parapuã,São Paulo,1,Pequeno I,10.934
353610,3536109,35,Pardinho,Sudeste,BAURU,SP,SP-Pardinho,São Paulo,1,Pequeno I,6.579
353620,3536208,35,Pariquera-Açu,Sudeste,LITORAL SUL PAULISTA,SP,SP-Pariquera-Açu,São Paulo,1,Pequeno I,19.797
353625,3536257,35,Parisi,Sudeste,SAO JOSE DO RIO PRETO,SP,SP-Parisi,São Paulo,1,Pequeno I,2.177
353630,3536307,35,Patrocínio Paulista,Sudeste,RIBEIRAO PRETO,SP,SP-Patrocínio Paulista,São Paulo,1,Pequeno I,14.941
353640,3536406,35,Paulicéia,Sudeste,PRESIDENTE PRUDENTE,SP,SP-Paulicéia,São Paulo,1,Pequeno I,7.540
353650,3536505,35,Paulínia,Sudeste,CAMPINAS,SP,SP-Paulínia,São Paulo,4,Grande,114.508
353657,3536570,35,Paulistânia,Sudeste,BAURU,SP,SP-Paulistânia,São Paulo,1,Pequeno I,1.835
353660,3536604,35,Paulo de Faria,Sudeste,SAO JOSE DO RIO PRETO,SP,SP-Paulo de Faria,São Paulo,1,Pequeno I,8.973
353670,3536703,35,Pederneiras,Sudeste,BAURU,SP,SP-Pederneiras,São Paulo,2,Pequeno II,47.523
353680,3536802,35,Pedra Bela,Sudeste,CAMPINAS,SP,SP-Pedra Bela,São Paulo,1,Pequeno I,6.127
353690,3536901,35,Pedranópolis,Sudeste,SAO JOSE DO RIO PRETO,SP,SP-Pedranópolis,São Paulo,1,Pequeno I,2.468
353700,3537008,35,Pedregulho,Sudeste,RIBEIRAO PRETO,SP,SP-Pedregulho,São Paulo,1,Pequeno I,16.876
353710,3537107,35,Pedreira,Sudeste,CAMPINAS,SP,SP-Pedreira,São Paulo,2,Pequeno II,48.992
353715,3537156,35,Pedrinhas Paulista,Sudeste,ASSIS,SP,SP-Pedrinhas Paulista,São Paulo,1,Pequeno I,3.109
353720,3537206,35,Pedro de Toledo,Sudeste,LITORAL SUL PAULISTA,SP,SP-Pedro de Toledo,São Paulo,1,Pequeno I,11.507
353730,3537305,35,Penápolis,Sudeste,ARACATUBA,SP,SP-Penápolis,São Paulo,3,Médio,64.098
353740,3537404,35,Pereira Barreto,Sudeste,ARACATUBA,SP,SP-Pereira Barreto,São Paulo,2,Pequeno II,25.685
353750,3537503,35,Pereiras,Sudeste,ITAPETININGA,SP,SP-Pereiras,São Paulo,1,Pequeno I,8.875
353760,3537602,35,Peruíbe,Sudeste,LITORAL SUL PAULISTA,SP,SP-Peruíbe,São Paulo,3,Médio,69.697
353770,3537701,35,Piacatu,Sudeste,ARACATUBA,SP,SP-Piacatu,São Paulo,1,Pequeno I,6.093
353780,3537800,35,Piedade,Sudeste,MACRO METROPOLITANA PAULISTA,SP,SP-Piedade,São Paulo,3,Médio,55.731
353790,3537909,35,Pilar do Sul,Sudeste,MACRO METROPOLITANA PAULISTA,SP,SP-Pilar do Sul,São Paulo,2,Pequeno II,29.612
353800,3538006,35,Pindamonhangaba,Sudeste,VALE DO PARAIBA PAULISTA,SP,SP-Pindamonhangaba,São Paulo,4,Grande,171.885
353810,3538105,35,Pindorama,Sudeste,SAO JOSE DO RIO PRETO,SP,SP-Pindorama,São Paulo,1,Pequeno I,17.378
353820,3538204,35,Pinhalzinho,Sudeste,CAMPINAS,SP,SP-Pinhalzinho,São Paulo,1,Pequeno I,15.564
353830,3538303,35,Piquerobi,Sudeste,PRESIDENTE PRUDENTE,SP,SP-Piquerobi,São Paulo,1,Pequeno I,3.706
353850,3538501,35,Piquete,Sudeste,VALE DO PARAIBA PAULISTA,SP,SP-Piquete,São Paulo,1,Pequeno I,13.495
353860,3538600,35,Piracaia,Sudeste,MACRO METROPOLITANA PAULISTA,SP,SP-Piracaia,São Paulo,2,Pequeno II,27.617
353870,3538709,35,Piracicaba,Sudeste,PIRACICABA,SP,SP-Piracicaba,São Paulo,4,Grande,410.275
353880,3538808,35,Piraju,Sudeste,ASSIS,SP,SP-Piraju,São Paulo,2,Pequeno II,29.930
353890,3538907,35,Pirajuí,Sudeste,BAURU,SP,SP-Pirajuí,São Paulo,2,Pequeno II,25.939
353900,3539004,35,Pirangi,Sudeste,RIBEIRAO PRETO,SP,SP-Pirangi,São Paulo,1,Pequeno I,11.524
353910,3539103,35,Pirapora do Bom Jesus,Sudeste,METROPOLITANA DE SAO PAULO,SP,SP-Pirapora do Bom Jesus,São Paulo,1,Pequeno I,19.453
353920,3539202,35,Pirapozinho,Sudeste,PRESIDENTE PRUDENTE,SP,SP-Pirapozinho,São Paulo,2,Pequeno II,27.974
353930,3539301,35,Pirassununga,Sudeste,CAMPINAS,SP,SP-Pirassununga,São Paulo,3,Médio,77.330
353940,3539400,35,Piratininga,Sudeste,BAURU,SP,SP-Piratininga,São Paulo,1,Pequeno I,13.890
353950,3539509,35,Pitangueiras,Sudeste,RIBEIRAO PRETO,SP,SP-Pitangueiras,São Paulo,2,Pequeno II,40.430
353960,3539608,35,Planalto,Sudeste,SAO JOSE DO RIO PRETO,SP,SP-Planalto,São Paulo,1,Pequeno I,5.370
353970,3539707,35,Platina,Sudeste,ASSIS,SP,SP-Platina,São Paulo,1,Pequeno I,3.606
353980,3539806,35,Poá,Sudeste,METROPOLITANA DE SAO PAULO,SP,SP-Poá,São Paulo,4,Grande,119.221
353990,3539905,35,Poloni,Sudeste,SAO JOSE DO RIO PRETO,SP,SP-Poloni,São Paulo,1,Pequeno I,6.166
354000,3540002,35,Pompéia,Sudeste,MARILIA,SP,SP-Pompéia,São Paulo,2,Pequeno II,22.326
354010,3540101,35,Pongaí,Sudeste,BAURU,SP,SP-Pongaí,São Paulo,1,Pequeno I,3.385
354020,3540200,35,Pontal,Sudeste,RIBEIRAO PRETO,SP,SP-Pontal,São Paulo,2,Pequeno II,51.717
354025,3540259,35,Pontalinda,Sudeste,SAO JOSE DO RIO PRETO,SP,SP-Pontalinda,São Paulo,1,Pequeno I,4.719
354030,3540309,35,Pontes Gestal,Sudeste,SAO JOSE DO RIO PRETO,SP,SP-Pontes Gestal,São Paulo,1,Pequeno I,2.576
354040,3540408,35,Populina,Sudeste,SAO JOSE DO RIO PRETO,SP,SP-Populina,São Paulo,1,Pequeno I,4.136
354050,3540507,35,Porangaba,Sudeste,ITAPETININGA,SP,SP-Porangaba,São Paulo,1,Pequeno I,10.205
354060,3540606,35,Porto Feliz,Sudeste,MACRO METROPOLITANA PAULISTA,SP,SP-Porto Feliz,São Paulo,3,Médio,53.698
354070,3540705,35,Porto Ferreira,Sudeste,CAMPINAS,SP,SP-Porto Ferreira,São Paulo,3,Médio,56.848
354075,3540754,35,Potim,Sudeste,VALE DO PARAIBA PAULISTA,SP,SP-Potim,São Paulo,2,Pequeno II,25.603
354080,3540804,35,Potirendaba,Sudeste,SAO JOSE DO RIO PRETO,SP,SP-Potirendaba,São Paulo,1,Pequeno I,17.668
354085,3540853,35,Pracinha,Sudeste,PRESIDENTE PRUDENTE,SP,SP-Pracinha,São Paulo,1,Pequeno I,4.327
354090,3540903,35,Pradópolis,Sudeste,RIBEIRAO PRETO,SP,SP-Pradópolis,São Paulo,1,Pequeno I,22.239
354100,3541000,35,Praia Grande,Sudeste,METROPOLITANA DE SAO PAULO,SP,SP-Praia Grande,São Paulo,4,Grande,336.454
354105,3541059,35,Pratânia,Sudeste,BAURU,SP,SP-Pratânia,São Paulo,1,Pequeno I,5.371
354110,3541109,35,Presidente Alves,Sudeste,BAURU,SP,SP-Presidente Alves,São Paulo,1,Pequeno I,4.067
354120,3541208,35,Presidente Bernardes,Sudeste,PRESIDENTE PRUDENTE,SP,SP-Presidente Bernardes,São Paulo,1,Pequeno I,12.943
354130,3541307,35,Presidente Epitácio,Sudeste,PRESIDENTE PRUDENTE,SP,SP-Presidente Epitácio,São Paulo,2,Pequeno II,44.572
354140,3541406,35,Presidente Prudente,Sudeste,PRESIDENTE PRUDENTE,SP,SP-Presidente Prudente,São Paulo,4,Grande,231.953
354150,3541505,35,Presidente Venceslau,Sudeste,PRESIDENTE PRUDENTE,SP,SP-Presidente Venceslau,São Paulo,2,Pequeno II,39.648
354160,3541604,35,Promissão,Sudeste,BAURU,SP,SP-Promissão,São Paulo,2,Pequeno II,41.211
354165,3541653,35,Quadra,Sudeste,ITAPETININGA,SP,SP-Quadra,São Paulo,1,Pequeno I,3.902
354170,3541703,35,Quatá,Sudeste,ASSIS,SP,SP-Quatá,São Paulo,1,Pequeno I,14.309
354180,3541802,35,Queiroz,Sudeste,MARILIA,SP,SP-Queiroz,São Paulo,1,Pequeno I,3.513
354190,3541901,35,Queluz,Sudeste,VALE DO PARAIBA PAULISTA,SP,SP-Queluz,São Paulo,1,Pequeno I,13.788
354200,3542008,35,Quintana,Sudeste,MARILIA,SP,SP-Quintana,São Paulo,1,Pequeno I,6.736
354210,3542107,35,Rafard,Sudeste,PIRACICABA,SP,SP-Rafard,São Paulo,1,Pequeno I,9.126
354220,3542206,35,Rancharia,Sudeste,PRESIDENTE PRUDENTE,SP,SP-Rancharia,São Paulo,2,Pequeno II,29.743
354230,3542305,35,Redenção da Serra,Sudeste,VALE DO PARAIBA PAULISTA,SP,SP-Redenção da Serra,São Paulo,1,Pequeno I,3.827
354240,3542404,35,Regente Feijó,Sudeste,PRESIDENTE PRUDENTE,SP,SP-Regente Feijó,São Paulo,2,Pequeno II,20.523
354250,3542503,35,Reginópolis,Sudeste,BAURU,SP,SP-Reginópolis,São Paulo,1,Pequeno I,10.047
354260,3542602,35,Registro,Sudeste,LITORAL SUL PAULISTA,SP,SP-Registro,São Paulo,3,Médio,56.463
354270,3542701,35,Restinga,Sudeste,RIBEIRAO PRETO,SP,SP-Restinga,São Paulo,1,Pequeno I,7.762
354280,3542800,35,Ribeira,Sudeste,ITAPETININGA,SP,SP-Ribeira,São Paulo,1,Pequeno I,3.320
354290,3542909,35,Ribeirão Bonito,Sudeste,ARARAQUARA,SP,SP-Ribeirão Bonito,São Paulo,1,Pequeno I,13.376
354300,3543006,35,Ribeirão Branco,Sudeste,ITAPETININGA,SP,SP-Ribeirão Branco,São Paulo,1,Pequeno I,15.984
354310,3543105,35,Ribeirão Corrente,Sudeste,RIBEIRAO PRETO,SP,SP-Ribeirão Corrente,São Paulo,1,Pequeno I,4.786
354320,3543204,35,Ribeirão do Sul,Sudeste,ASSIS,SP,SP-Ribeirão do Sul,São Paulo,1,Pequeno I,4.537
354323,3543238,35,Ribeirão dos Índios,Sudeste,PRESIDENTE PRUDENTE,SP,SP-Ribeirão dos Índios,São Paulo,1,Pequeno I,2.222
354325,3543253,35,Ribeirão Grande,Sudeste,ITAPETININGA,SP,SP-Ribeirão Grande,São Paulo,1,Pequeno I,7.686
354330,3543303,35,Ribeirão Pires,Sudeste,METROPOLITANA DE SAO PAULO,SP,SP-Ribeirão Pires,São Paulo,4,Grande,125.238
354340,3543402,35,Ribeirão Preto,Sudeste,RIBEIRAO PRETO,SP,SP-Ribeirão Preto,São Paulo,4,Grande,720.116
354350,3543501,35,Riversul,Sudeste,ITAPETININGA,SP,SP-Riversul,São Paulo,1,Pequeno I,5.364
354360,3543600,35,Rifaina,Sudeste,RIBEIRAO PRETO,SP,SP-Rifaina,São Paulo,1,Pequeno I,3.651
354370,3543709,35,Rincão,Sudeste,ARARAQUARA,SP,SP-Rincão,São Paulo,1,Pequeno I,10.824
354380,3543808,35,Rinópolis,Sudeste,PRESIDENTE PRUDENTE,SP,SP-Rinópolis,São Paulo,1,Pequeno I,9.940
354390,3543907,35,Rio Claro,Sudeste,PIRACICABA,SP,SP-Rio Claro,São Paulo,4,Grande,209.548
354400,3544004,35,Rio das Pedras,Sudeste,PIRACICABA,SP,SP-Rio das Pedras,São Paulo,2,Pequeno II,36.233
354410,3544103,35,Rio Grande da Serra,Sudeste,METROPOLITANA DE SAO PAULO,SP,SP-Rio Grande da Serra,São Paulo,2,Pequeno II,52.009
354420,3544202,35,Riolândia,Sudeste,SAO JOSE DO RIO PRETO,SP,SP-Riolândia,São Paulo,1,Pequeno I,12.856
354425,3544251,35,Rosana,Sudeste,PRESIDENTE PRUDENTE,SP,SP-Rosana,São Paulo,1,Pequeno I,15.929
354430,3544301,35,Roseira,Sudeste,VALE DO PARAIBA PAULISTA,SP,SP-Roseira,São Paulo,1,Pequeno I,10.888
354440,3544400,35,Rubiácea,Sudeste,ARACATUBA,SP,SP-Rubiácea,São Paulo,1,Pequeno I,3.195
354450,3544509,35,Rubinéia,Sudeste,SAO JOSE DO RIO PRETO,SP,SP-Rubinéia,São Paulo,1,Pequeno I,3.191
354460,3544608,35,Sabino,Sudeste,BAURU,SP,SP-Sabino,São Paulo,1,Pequeno I,5.638
354470,3544707,35,Sagres,Sudeste,PRESIDENTE PRUDENTE,SP,SP-Sagres,São Paulo,1,Pequeno I,2.427
354480,3544806,35,Sales,Sudeste,SAO JOSE DO RIO PRETO,SP,SP-Sales,São Paulo,1,Pequeno I,6.481
354490,3544905,35,Sales Oliveira,Sudeste,RIBEIRAO PRETO,SP,SP-Sales Oliveira,São Paulo,1,Pequeno I,12.103
354500,3545001,35,Salesópolis,Sudeste,METROPOLITANA DE SAO PAULO,SP,SP-Salesópolis,São Paulo,1,Pequeno I,17.363
354510,3545100,35,Salmourão,Sudeste,PRESIDENTE PRUDENTE,SP,SP-Salmourão,São Paulo,1,Pequeno I,5.372
354515,3545159,35,Saltinho,Sudeste,PIRACICABA,SP,SP-Saltinho,São Paulo,1,Pequeno I,8.498
354520,3545209,35,Salto,Sudeste,MACRO METROPOLITANA PAULISTA,SP,SP-Salto,São Paulo,4,Grande,120.779
354530,3545308,35,Salto de Pirapora,Sudeste,MACRO METROPOLITANA PAULISTA,SP,SP-Salto de Pirapora,São Paulo,2,Pequeno II,46.285
354540,3545407,35,Salto Grande,Sudeste,ASSIS,SP,SP-Salto Grande,São Paulo,1,Pequeno I,9.396
354550,3545506,35,Sandovalina,Sudeste,PRESIDENTE PRUDENTE,SP,SP-Sandovalina,São Paulo,1,Pequeno I,4.405
354560,3545605,35,Santa Adélia,Sudeste,SAO JOSE DO RIO PRETO,SP,SP-Santa Adélia,São Paulo,1,Pequeno I,15.639
354570,3545704,35,Santa Albertina,Sudeste,SAO JOSE DO RIO PRETO,SP,SP-Santa Albertina,São Paulo,1,Pequeno I,6.036
354580,3545803,35,Santa Bárbara d'Oeste,Sudeste,CAMPINAS,SP,SP-Santa Bárbara d'Oeste,São Paulo,4,Grande,195.278
354600,3546009,35,Santa Branca,Sudeste,VALE DO PARAIBA PAULISTA,SP,SP-Santa Branca,São Paulo,1,Pequeno I,14.925
354610,3546108,35,Santa Clara d'Oeste,Sudeste,SAO JOSE DO RIO PRETO,SP,SP-Santa Clara d'Oeste,São Paulo,1,Pequeno I,2.111
354620,3546207,35,Santa Cruz da Conceição,Sudeste,PIRACICABA,SP,SP-Santa Cruz da Conceição,São Paulo,1,Pequeno I,4.584
354625,3546256,35,Santa Cruz da Esperança,Sudeste,RIBEIRAO PRETO,SP,SP-Santa Cruz da Esperança,São Paulo,1,Pequeno I,2.166
354630,3546306,35,Santa Cruz das Palmeiras,Sudeste,CAMPINAS,SP,SP-Santa Cruz das Palmeiras,São Paulo,2,Pequeno II,35.102
354640,3546405,35,Santa Cruz do Rio Pardo,Sudeste,ASSIS,SP,SP-Santa Cruz do Rio Pardo,São Paulo,2,Pequeno II,48.207
354650,3546504,35,Santa Ernestina,Sudeste,RIBEIRAO PRETO,SP,SP-Santa Ernestina,São Paulo,1,Pequeno I,5.577
354660,3546603,35,Santa Fé do Sul,Sudeste,SAO JOSE DO RIO PRETO,SP,SP-Santa Fé do Sul,São Paulo,2,Pequeno II,32.796
354670,3546702,35,Santa Gertrudes,Sudeste,PIRACICABA,SP,SP-Santa Gertrudes,São Paulo,2,Pequeno II,27.850
354680,3546801,35,Santa Isabel,Sudeste,METROPOLITANA DE SAO PAULO,SP,SP-Santa Isabel,São Paulo,3,Médio,58.529
354690,3546900,35,Santa Lúcia,Sudeste,ARARAQUARA,SP,SP-Santa Lúcia,São Paulo,1,Pequeno I,8.889
354700,3547007,35,Santa Maria da Serra,Sudeste,PIRACICABA,SP,SP-Santa Maria da Serra,São Paulo,1,Pequeno I,6.298
354710,3547106,35,Santa Mercedes,Sudeste,PRESIDENTE PRUDENTE,SP,SP-Santa Mercedes,São Paulo,1,Pequeno I,2.947
354720,3547205,35,Santana da Ponte Pensa,Sudeste,SAO JOSE DO RIO PRETO,SP,SP-Santana da Ponte Pensa,São Paulo,1,Pequeno I,1.448
354730,3547304,35,Santana de Parnaíba,Sudeste,METROPOLITANA DE SAO PAULO,SP,SP-Santana de Parnaíba,São Paulo,4,Grande,145.073
354740,3547403,35,Santa Rita d'Oeste,Sudeste,SAO JOSE DO RIO PRETO,SP,SP-Santa Rita d'Oeste,São Paulo,1,Pequeno I,2.476
354750,3547502,35,Santa Rita do Passa Quatro,Sudeste,RIBEIRAO PRETO,SP,SP-Santa Rita do Passa Quatro,São Paulo,2,Pequeno II,27.641
354760,3547601,35,Santa Rosa de Viterbo,Sudeste,RIBEIRAO PRETO,SP,SP-Santa Rosa de Viterbo,São Paulo,2,Pequeno II,26.960
354765,3547650,35,Santa Salete,Sudeste,SAO JOSE DO RIO PRETO,SP,SP-Santa Salete,São Paulo,1,Pequeno I,1.558
354770,3547700,35,Santo Anastácio,Sudeste,PRESIDENTE PRUDENTE,SP,SP-Santo Anastácio,São Paulo,1,Pequeno I,20.855
354780,3547809,35,Santo André,Sudeste,METROPOLITANA DE SAO PAULO,SP,SP-Santo André,São Paulo,4,Grande,723.889
354790,3547908,35,Santo Antônio da Alegria,Sudeste,RIBEIRAO PRETO,SP,SP-Santo Antônio da Alegria,São Paulo,1,Pequeno I,7.024
354800,3548005,35,Santo Antônio de Posse,Sudeste,CAMPINAS,SP,SP-Santo Antônio de Posse,São Paulo,2,Pequeno II,23.742
354805,3548054,35,Santo Antônio do Aracanguá,Sudeste,ARACATUBA,SP,SP-Santo Antônio do Aracanguá,São Paulo,1,Pequeno I,8.541
354810,3548104,35,Santo Antônio do Jardim,Sudeste,CAMPINAS,SP,SP-Santo Antônio do Jardim,São Paulo,1,Pequeno I,5.926
354820,3548203,35,Santo Antônio do Pinhal,Sudeste,VALE DO PARAIBA PAULISTA,SP,SP-Santo Antônio do Pinhal,São Paulo,1,Pequeno I,6.843
354830,3548302,35,Santo Expedito,Sudeste,PRESIDENTE PRUDENTE,SP,SP-Santo Expedito,São Paulo,1,Pequeno I,3.159
354840,3548401,35,Santópolis do Aguapeí,Sudeste,ARACATUBA,SP,SP-Santópolis do Aguapeí,São Paulo,1,Pequeno I,4.856
354850,3548500,35,Santos,Sudeste,METROPOLITANA DE SAO PAULO,SP,SP-Santos,São Paulo,4,Grande,433.991
354860,3548609,35,São Bento do Sapucaí,Sudeste,VALE DO PARAIBA PAULISTA,SP,SP-São Bento do Sapucaí,São Paulo,1,Pequeno I,10.907
354870,3548708,35,São Bernardo do Campo,Sudeste,METROPOLITANA DE SAO PAULO,SP,SP-São Bernardo do Campo,São Paulo,4,Grande,849.874
354880,3548807,35,São Caetano do Sul,Sudeste,METROPOLITANA DE SAO PAULO,SP,SP-São Caetano do Sul,São Paulo,4,Grande,162.763
354890,3548906,35,São Carlos,Sudeste,ARARAQUARA,SP,SP-São Carlos,São Paulo,4,Grande,256.915
354900,3549003,35,São Francisco,Sudeste,SAO JOSE DO RIO PRETO,SP,SP-São Francisco,São Paulo,1,Pequeno I,2.813
354910,3549102,35,São João da Boa Vista,Sudeste,CAMPINAS,SP,SP-São João da Boa Vista,São Paulo,3,Médio,92.315
354920,3549201,35,São João das Duas Pontes,Sudeste,SAO JOSE DO RIO PRETO,SP,SP-São João das Duas Pontes,São Paulo,1,Pequeno I,2.555
354925,3549250,35,São João de Iracema,Sudeste,SAO JOSE DO RIO PRETO,SP,SP-São João de Iracema,São Paulo,1,Pequeno I,1.942
354930,3549300,35,São João do Pau d'Alho,Sudeste,PRESIDENTE PRUDENTE,SP,SP-São João do Pau d'Alho,São Paulo,1,Pequeno I,2.095
354940,3549409,35,São Joaquim da Barra,Sudeste,RIBEIRAO PRETO,SP,SP-São Joaquim da Barra,São Paulo,2,Pequeno II,52.737
354950,3549508,35,São José da Bela Vista,Sudeste,RIBEIRAO PRETO,SP,SP-São José da Bela Vista,São Paulo,1,Pequeno I,8.991
354960,3549607,35,São José do Barreiro,Sudeste,VALE DO PARAIBA PAULISTA,SP,SP-São José do Barreiro,São Paulo,1,Pequeno I,4.141
354970,3549706,35,São José do Rio Pardo,Sudeste,CAMPINAS,SP,SP-São José do Rio Pardo,São Paulo,3,Médio,55.298
354980,3549805,35,São José do Rio Preto,Sudeste,SAO JOSE DO RIO PRETO,SP,SP-São José do Rio Preto,São Paulo,4,Grande,469.173
354990,3549904,35,São José dos Campos,Sudeste,VALE DO PARAIBA PAULISTA,SP,SP-São José dos Campos,São Paulo,4,Grande,737.310
354995,3549953,35,São Lourenço da Serra,Sudeste,METROPOLITANA DE SAO PAULO,SP,SP-São Lourenço da Serra,São Paulo,1,Pequeno I,16.127
355000,3550001,35,São Luiz do Paraitinga,Sudeste,VALE DO PARAIBA PAULISTA,SP,SP-São Luiz do Paraitinga,São Paulo,1,Pequeno I,10.693
355010,3550100,35,São Manuel,Sudeste,BAURU,SP,SP-São Manuel,São Paulo,2,Pequeno II,41.287
355020,3550209,35,São Miguel Arcanjo,Sudeste,MACRO METROPOLITANA PAULISTA,SP,SP-São Miguel Arcanjo,São Paulo,2,Pequeno II,33.071
355030,3550308,35,São Paulo,Sudeste,METROPOLITANA DE SAO PAULO,SP,SP-São Paulo,São Paulo,5,Metrópole,12.396.372
355040,3550407,35,São Pedro,Sudeste,PIRACICABA,SP,SP-São Pedro,São Paulo,2,Pequeno II,36.298
355050,3550506,35,São Pedro do Turvo,Sudeste,ASSIS,SP,SP-São Pedro do Turvo,São Paulo,1,Pequeno I,7.724
355060,3550605,35,São Roque,Sudeste,MACRO METROPOLITANA PAULISTA,SP,SP-São Roque,São Paulo,3,Médio,93.076
355070,3550704,35,São Sebastião,Sudeste,VALE DO PARAIBA PAULISTA,SP,SP-São Sebastião,São Paulo,3,Médio,91.637
355080,3550803,35,São Sebastião da Grama,Sudeste,CAMPINAS,SP,SP-São Sebastião da Grama,São Paulo,1,Pequeno I,12.137
355090,3550902,35,São Simão,Sudeste,RIBEIRAO PRETO,SP,SP-São Simão,São Paulo,1,Pequeno I,15.446
355100,3551009,35,São Vicente,Sudeste,METROPOLITANA DE SAO PAULO,SP,SP-São Vicente,São Paulo,4,Grande,370.839
355110,3551108,35,Sarapuí,Sudeste,MACRO METROPOLITANA PAULISTA,SP,SP-Sarapuí,São Paulo,1,Pequeno I,10.493
355120,3551207,35,Sarutaiá,Sudeste,ASSIS,SP,SP-Sarutaiá,São Paulo,1,Pequeno I,3.623
355130,3551306,35,Sebastianópolis do Sul,Sudeste,SAO JOSE DO RIO PRETO,SP,SP-Sebastianópolis do Sul,São Paulo,1,Pequeno I,3.595
355140,3551405,35,Serra Azul,Sudeste,RIBEIRAO PRETO,SP,SP-Serra Azul,São Paulo,1,Pequeno I,15.292
355150,3551504,35,Serrana,Sudeste,RIBEIRAO PRETO,SP,SP-Serrana,São Paulo,2,Pequeno II,46.166
355160,3551603,35,Serra Negra,Sudeste,CAMPINAS,SP,SP-Serra Negra,São Paulo,2,Pequeno II,29.669
355170,3551702,35,Sertãozinho,Sudeste,RIBEIRAO PRETO,SP,SP-Sertãozinho,São Paulo,4,Grande,128.432
355180,3551801,35,Sete Barras,Sudeste,LITORAL SUL PAULISTA,SP,SP-Sete Barras,São Paulo,1,Pequeno I,12.731
355190,3551900,35,Severínia,Sudeste,SAO JOSE DO RIO PRETO,SP,SP-Severínia,São Paulo,1,Pequeno I,17.820
355200,3552007,35,Silveiras,Sudeste,VALE DO PARAIBA PAULISTA,SP,SP-Silveiras,São Paulo,1,Pequeno I,6.375
355210,3552106,35,Socorro,Sudeste,CAMPINAS,SP,SP-Socorro,São Paulo,2,Pequeno II,41.690
355220,3552205,35,Sorocaba,Sudeste,MACRO METROPOLITANA PAULISTA,SP,SP-Sorocaba,São Paulo,4,Grande,695.328
355230,3552304,35,Sud Mennucci,Sudeste,ARACATUBA,SP,SP-Sud Mennucci,São Paulo,1,Pequeno I,7.738
355240,3552403,35,Sumaré,Sudeste,CAMPINAS,SP,SP-Sumaré,São Paulo,4,Grande,289.875
355250,3552502,35,Suzano,Sudeste,METROPOLITANA DE SAO PAULO,SP,SP-Suzano,São Paulo,4,Grande,303.397
355255,3552551,35,Suzanápolis,Sudeste,ARACATUBA,SP,SP-Suzanápolis,São Paulo,1,Pequeno I,4.063
355260,3552601,35,Tabapuã,Sudeste,SAO JOSE DO RIO PRETO,SP,SP-Tabapuã,São Paulo,1,Pequeno I,12.561
355270,3552700,35,Tabatinga,Sudeste,ARARAQUARA,SP,SP-Tabatinga,São Paulo,1,Pequeno I,16.787
355280,3552809,35,Taboão da Serra,Sudeste,METROPOLITANA DE SAO PAULO,SP,SP-Taboão da Serra,São Paulo,4,Grande,297.528
355290,3552908,35,Taciba,Sudeste,PRESIDENTE PRUDENTE,SP,SP-Taciba,São Paulo,1,Pequeno I,6.371
355300,3553005,35,Taguaí,Sudeste,ASSIS,SP,SP-Taguaí,São Paulo,1,Pequeno I,14.415
355310,3553104,35,Taiaçu,Sudeste,RIBEIRAO PRETO,SP,SP-Taiaçu,São Paulo,1,Pequeno I,6.346
355320,3553203,35,Taiúva,Sudeste,RIBEIRAO PRETO,SP,SP-Taiúva,São Paulo,1,Pequeno I,5.562
355330,3553302,35,Tambaú,Sudeste,CAMPINAS,SP,SP-Tambaú,São Paulo,2,Pequeno II,23.255
355340,3553401,35,Tanabi,Sudeste,SAO JOSE DO RIO PRETO,SP,SP-Tanabi,São Paulo,2,Pequeno II,26.231
355350,3553500,35,Tapiraí,Sudeste,MACRO METROPOLITANA PAULISTA,SP,SP-Tapiraí,São Paulo,1,Pequeno I,7.725
355360,3553609,35,Tapiratiba,Sudeste,CAMPINAS,SP,SP-Tapiratiba,São Paulo,1,Pequeno I,12.940
355365,3553658,35,Taquaral,Sudeste,RIBEIRAO PRETO,SP,SP-Taquaral,São Paulo,1,Pequeno I,2.815
355370,3553708,35,Taquaritinga,Sudeste,RIBEIRAO PRETO,SP,SP-Taquaritinga,São Paulo,3,Médio,57.547
355380,3553807,35,Taquarituba,Sudeste,ITAPETININGA,SP,SP-Taquarituba,São Paulo,2,Pequeno II,23.292
355385,3553856,35,Taquarivaí,Sudeste,ITAPETININGA,SP,SP-Taquarivaí,São Paulo,1,Pequeno I,5.968
355390,3553906,35,Tarabai,Sudeste,PRESIDENTE PRUDENTE,SP,SP-Tarabai,São Paulo,1,Pequeno I,7.609
355395,3553955,35,Tarumã,Sudeste,ASSIS,SP,SP-Tarumã,São Paulo,1,Pequeno I,15.361
355400,3554003,35,Tatuí,Sudeste,ITAPETININGA,SP,SP-Tatuí,São Paulo,4,Grande,124.134
355410,3554102,35,Taubaté,Sudeste,VALE DO PARAIBA PAULISTA,SP,SP-Taubaté,São Paulo,4,Grande,320.820
355420,3554201,35,Tejupá,Sudeste,ASSIS,SP,SP-Tejupá,São Paulo,1,Pequeno I,4.452
355430,3554300,35,Teodoro Sampaio,Sudeste,PRESIDENTE PRUDENTE,SP,SP-Teodoro Sampaio,São Paulo,2,Pequeno II,23.395
355440,3554409,35,Terra Roxa,Sudeste,RIBEIRAO PRETO,SP,SP-Terra Roxa,São Paulo,1,Pequeno I,9.502
355450,3554508,35,Tietê,Sudeste,PIRACICABA,SP,SP-Tietê,São Paulo,2,Pequeno II,42.946
355460,3554607,35,Timburi,Sudeste,ASSIS,SP,SP-Timburi,São Paulo,1,Pequeno I,2.647
355465,3554656,35,Torre de Pedra,Sudeste,ITAPETININGA,SP,SP-Torre de Pedra,São Paulo,1,Pequeno I,2.432
355470,3554706,35,Torrinha,Sudeste,PIRACICABA,SP,SP-Torrinha,São Paulo,1,Pequeno I,10.100
355475,3554755,35,Trabiju,Sudeste,ARARAQUARA,SP,SP-Trabiju,São Paulo,1,Pequeno I,1.752
355480,3554805,35,Tremembé,Sudeste,VALE DO PARAIBA PAULISTA,SP,SP-Tremembé,São Paulo,3,Médio,48.228
355490,3554904,35,Três Fronteiras,Sudeste,SAO JOSE DO RIO PRETO,SP,SP-Três Fronteiras,São Paulo,1,Pequeno I,5.856
355495,3554953,35,Tuiuti,Sudeste,MACRO METROPOLITANA PAULISTA,SP,SP-Tuiuti,São Paulo,1,Pequeno I,7.058
355500,3555000,35,Tupã,Sudeste,MARILIA,SP,SP-Tupã,São Paulo,3,Médio,65.615
355510,3555109,35,Tupi Paulista,Sudeste,PRESIDENTE PRUDENTE,SP,SP-Tupi Paulista,São Paulo,1,Pequeno I,15.670
355520,3555208,35,Turiúba,Sudeste,ARACATUBA,SP,SP-Turiúba,São Paulo,1,Pequeno I,2.024
355530,3555307,35,Turmalina,Sudeste,SAO JOSE DO RIO PRETO,SP,SP-Turmalina,São Paulo,1,Pequeno I,1.667
355535,3555356,35,Ubarana,Sudeste,SAO JOSE DO RIO PRETO,SP,SP-Ubarana,São Paulo,1,Pequeno I,6.488
355540,3555406,35,Ubatuba,Sudeste,VALE DO PARAIBA PAULISTA,SP,SP-Ubatuba,São Paulo,3,Médio,92.819
355550,3555505,35,Ubirajara,Sudeste,BAURU,SP,SP-Ubirajara,São Paulo,1,Pequeno I,4.828
355560,3555604,35,Uchoa,Sudeste,SAO JOSE DO RIO PRETO,SP,SP-Uchoa,São Paulo,1,Pequeno I,10.191
355570,3555703,35,União Paulista,Sudeste,SAO JOSE DO RIO PRETO,SP,SP-União Paulista,São Paulo,1,Pequeno I,1.886
355580,3555802,35,Urânia,Sudeste,SAO JOSE DO RIO PRETO,SP,SP-Urânia,São Paulo,1,Pequeno I,9.125
355590,3555901,35,Uru,Sudeste,BAURU,SP,SP-Uru,São Paulo,1,Pequeno I,1.142
355600,3556008,35,Urupês,Sudeste,SAO JOSE DO RIO PRETO,SP,SP-Urupês,São Paulo,1,Pequeno I,13.965
355610,3556107,35,Valentim Gentil,Sudeste,SAO JOSE DO RIO PRETO,SP,SP-Valentim Gentil,São Paulo,1,Pequeno I,13.732
355620,3556206,35,Valinhos,Sudeste,CAMPINAS,SP,SP-Valinhos,São Paulo,4,Grande,133.169
355630,3556305,35,Valparaíso,Sudeste,ARACATUBA,SP,SP-Valparaíso,São Paulo,2,Pequeno II,27.154
355635,3556354,35,Vargem,Sudeste,MACRO METROPOLITANA PAULISTA,SP,SP-Vargem,São Paulo,1,Pequeno I,10.842
355640,3556404,35,Vargem Grande do Sul,Sudeste,CAMPINAS,SP,SP-Vargem Grande do Sul,São Paulo,2,Pequeno II,43.368
355645,3556453,35,Vargem Grande Paulista,Sudeste,METROPOLITANA DE SAO PAULO,SP,SP-Vargem Grande Paulista,São Paulo,3,Médio,54.315
355650,3556503,35,Várzea Paulista,Sudeste,MACRO METROPOLITANA PAULISTA,SP,SP-Várzea Paulista,São Paulo,4,Grande,124.269
355660,3556602,35,Vera Cruz,Sudeste,MARILIA,SP,SP-Vera Cruz,São Paulo,1,Pequeno I,10.804
355670,3556701,35,Vinhedo,Sudeste,CAMPINAS,SP,SP-Vinhedo,São Paulo,3,Médio,81.516
355680,3556800,35,Viradouro,Sudeste,RIBEIRAO PRETO,SP,SP-Viradouro,São Paulo,1,Pequeno I,19.133
355690,3556909,35,Vista Alegre do Alto,Sudeste,RIBEIRAO PRETO,SP,SP-Vista Alegre do Alto,São Paulo,1,Pequeno I,9.163
355695,3556958,35,Vitória Brasil,Sudeste,SAO JOSE DO RIO PRETO,SP,SP-Vitória Brasil,São Paulo,1,Pequeno I,1.852
355700,3557006,35,Votorantim,Sudeste,MACRO METROPOLITANA PAULISTA,SP,SP-Votorantim,São Paulo,4,Grande,124.468
355710,3557105,35,Votuporanga,Sudeste,SAO JOSE DO RIO PRETO,SP,SP-Votuporanga,São Paulo,3,Médio,96.106
355715,3557154,35,Zacarias,Sudeste,SAO JOSE DO RIO PRETO,SP,SP-Zacarias,São Paulo,1,Pequeno I,2.784
355720,3557204,35,Chavantes,Sudeste,ASSIS,SP,SP-Chavantes,São Paulo,1,Pequeno I,12.418
355730,3557303,35,Estiva Gerbi,Sudeste,CAMPINAS,SP,SP-Estiva Gerbi,São Paulo,1,Pequeno I,11.507
410010,4100103,41,Abatiá,Sul,NORTE PIONEIRO PARANAENSE,PR,PR-Abatiá,Paraná,1,Pequeno I,7.360
410020,4100202,41,Adrianópolis,Sul,METROPOLITANA DE CURITIBA,PR,PR-Adrianópolis,Paraná,1,Pequeno I,5.797
410030,4100301,41,Agudos do Sul,Sul,METROPOLITANA DE CURITIBA,PR,PR-Agudos do Sul,Paraná,1,Pequeno I,9.567
410040,4100400,41,Almirante Tamandaré,Sul,METROPOLITANA DE CURITIBA,PR,PR-Almirante Tamandaré,Paraná,4,Grande,121.420
410045,4100459,41,Altamira do Paraná,Sul,CENTRO OCIDENTAL PARANAENSE,PR,PR-Altamira do Paraná,Paraná,1,Pequeno I,1.429
410050,4100509,41,Altônia,Sul,NOROESTE PARANAENSE,PR,PR-Altônia,Paraná,1,Pequeno I,22.293
410060,4100608,41,Alto Paraná,Sul,NOROESTE PARANAENSE,PR,PR-Alto Paraná,Paraná,1,Pequeno I,14.945
410070,4100707,41,Alto Piquiri,Sul,NOROESTE PARANAENSE,PR,PR-Alto Piquiri,Paraná,1,Pequeno I,9.722
410080,4100806,41,Alvorada do Sul,Sul,NORTE CENTRAL PARANAENSE,PR,PR-Alvorada do Sul,Paraná,1,Pequeno I,11.598
410090,4100905,41,Amaporã,Sul,NOROESTE PARANAENSE,PR,PR-Amaporã,Paraná,1,Pequeno I,6.405
410100,4101002,41,Ampére,Sul,SUDOESTE PARANAENSE,PR,PR-Ampére,Paraná,1,Pequeno I,19.466
410105,4101051,41,Anahy,Sul,OESTE PARANAENSE,PR,PR-Anahy,Paraná,1,Pequeno I,2.774
410110,4101101,41,Andirá,Sul,NORTE PIONEIRO PARANAENSE,PR,PR-Andirá,Paraná,1,Pequeno I,19.823
410115,4101150,41,Ângulo,Sul,NORTE CENTRAL PARANAENSE,PR,PR-Ângulo,Paraná,1,Pequeno I,2.931
410120,4101200,41,Antonina,Sul,METROPOLITANA DE CURITIBA,PR,PR-Antonina,Paraná,1,Pequeno I,18.919
410130,4101309,41,Antônio Olinto,Sul,SUDESTE PARANAENSE,PR,PR-Antônio Olinto,Paraná,1,Pequeno I,7.421
410140,4101408,41,Apucarana,Sul,NORTE CENTRAL PARANAENSE,PR,PR-Apucarana,Paraná,4,Grande,137.438
410150,4101507,41,Arapongas,Sul,NORTE CENTRAL PARANAENSE,PR,PR-Arapongas,Paraná,4,Grande,126.545
410160,4101606,41,Arapoti,Sul,CENTRO ORIENTAL PARANAENSE,PR,PR-Arapoti,Paraná,2,Pequeno II,28.480
410165,4101655,41,Arapuã,Sul,NORTE CENTRAL PARANAENSE,PR,PR-Arapuã,Paraná,1,Pequeno I,2.951
410170,4101705,41,Araruna,Sul,CENTRO OCIDENTAL PARANAENSE,PR,PR-Araruna,Paraná,1,Pequeno I,14.029
410180,4101804,41,Araucária,Sul,METROPOLITANA DE CURITIBA,PR,PR-Araucária,Paraná,4,Grande,148.522
410185,4101853,41,Ariranha do Ivaí,Sul,NORTE CENTRAL PARANAENSE,PR,PR-Ariranha do Ivaí,Paraná,1,Pequeno I,2.026
410190,4101903,41,Assaí,Sul,NORTE PIONEIRO PARANAENSE,PR,PR-Assaí,Paraná,1,Pequeno I,14.792
410200,4102000,41,Assis Chateaubriand,Sul,OESTE PARANAENSE,PR,PR-Assis Chateaubriand,Paraná,2,Pequeno II,33.306
410210,4102109,41,Astorga,Sul,NORTE CENTRAL PARANAENSE,PR,PR-Astorga,Paraná,2,Pequeno II,26.304
410220,4102208,41,Atalaia,Sul,NORTE CENTRAL PARANAENSE,PR,PR-Atalaia,Paraná,1,Pequeno I,3.871
410230,4102307,41,Balsa Nova,Sul,METROPOLITANA DE CURITIBA,PR,PR-Balsa Nova,Paraná,1,Pequeno I,13.238
410240,4102406,41,Bandeirantes,Sul,NORTE PIONEIRO PARANAENSE,PR,PR-Bandeirantes,Paraná,2,Pequeno II,31.061
410250,4102505,41,Barbosa Ferraz,Sul,CENTRO OCIDENTAL PARANAENSE,PR,PR-Barbosa Ferraz,Paraná,1,Pequeno I,11.287
410260,4102604,41,Barracão,Sul,SUDOESTE PARANAENSE,PR,PR-Barracão,Paraná,1,Pequeno I,10.347
410270,4102703,41,Barra do Jacaré,Sul,NORTE PIONEIRO PARANAENSE,PR,PR-Barra do Jacaré,Paraná,1,Pequeno I,2.781
410275,4102752,41,Bela Vista da Caroba,Sul,SUDOESTE PARANAENSE,PR,PR-Bela Vista da Caroba,Paraná,1,Pequeno I,3.404
410280,4102802,41,Bela Vista do Paraíso,Sul,NORTE CENTRAL PARANAENSE,PR,PR-Bela Vista do Paraíso,Paraná,1,Pequeno I,15.400
410290,4102901,41,Bituruna,Sul,SUDESTE PARANAENSE,PR,PR-Bituruna,Paraná,1,Pequeno I,16.411
410300,4103008,41,Boa Esperança,Sul,CENTRO OCIDENTAL PARANAENSE,PR,PR-Boa Esperança,Paraná,1,Pequeno I,3.991
410302,4103024,41,Boa Esperança do Iguaçu,Sul,SUDOESTE PARANAENSE,PR,PR-Boa Esperança do Iguaçu,Paraná,1,Pequeno I,2.437
410304,4103040,41,Boa Ventura de São Roque,Sul,CENTRO-SUL PARANAENSE,PR,PR-Boa Ventura de São Roque,Paraná,1,Pequeno I,6.343
410305,4103057,41,Boa Vista da Aparecida,Sul,OESTE PARANAENSE,PR,PR-Boa Vista da Aparecida,Paraná,1,Pequeno I,7.524
410310,4103107,41,Bocaiúva do Sul,Sul,METROPOLITANA DE CURITIBA,PR,PR-Bocaiúva do Sul,Paraná,1,Pequeno I,13.308
410315,4103156,41,Bom Jesus do Sul,Sul,SUDOESTE PARANAENSE,PR,PR-Bom Jesus do Sul,Paraná,1,Pequeno I,3.472
410320,4103206,41,Bom Sucesso,Sul,NORTE CENTRAL PARANAENSE,PR,PR-Bom Sucesso,Paraná,1,Pequeno I,7.103
410322,4103222,41,Bom Sucesso do Sul,Sul,SUDOESTE PARANAENSE,PR,PR-Bom Sucesso do Sul,Paraná,1,Pequeno I,3.244
410330,4103305,41,Borrazópolis,Sul,NORTE CENTRAL PARANAENSE,PR,PR-Borrazópolis,Paraná,1,Pequeno I,6.290
410335,4103354,41,Braganey,Sul,OESTE PARANAENSE,PR,PR-Braganey,Paraná,1,Pequeno I,5.338
410337,4103370,41,Brasilândia do Sul,Sul,NOROESTE PARANAENSE,PR,PR-Brasilândia do Sul,Paraná,1,Pequeno I,2.521
410340,4103404,41,Cafeara,Sul,NORTE CENTRAL PARANAENSE,PR,PR-Cafeara,Paraná,1,Pequeno I,2.973
410345,4103453,41,Cafelândia,Sul,OESTE PARANAENSE,PR,PR-Cafelândia,Paraná,1,Pequeno I,18.783
410347,4103479,41,Cafezal do Sul,Sul,NOROESTE PARANAENSE,PR,PR-Cafezal do Sul,Paraná,1,Pequeno I,3.975
410350,4103503,41,Califórnia,Sul,NORTE CENTRAL PARANAENSE,PR,PR-Califórnia,Paraná,1,Pequeno I,8.641
410360,4103602,41,Cambará,Sul,NORTE PIONEIRO PARANAENSE,PR,PR-Cambará,Paraná,2,Pequeno II,25.569
410370,4103701,41,Cambé,Sul,NORTE CENTRAL PARANAENSE,PR,PR-Cambé,Paraná,4,Grande,108.126
410380,4103800,41,Cambira,Sul,NORTE CENTRAL PARANAENSE,PR,PR-Cambira,Paraná,1,Pequeno I,7.967
410390,4103909,41,Campina da Lagoa,Sul,CENTRO OCIDENTAL PARANAENSE,PR,PR-Campina da Lagoa,Paraná,1,Pequeno I,13.888
410395,4103958,41,Campina do Simão,Sul,CENTRO-SUL PARANAENSE,PR,PR-Campina do Simão,Paraná,1,Pequeno I,3.831
410400,4104006,41,Campina Grande do Sul,Sul,METROPOLITANA DE CURITIBA,PR,PR-Campina Grande do Sul,Paraná,2,Pequeno II,44.072
410405,4104055,41,Campo Bonito,Sul,OESTE PARANAENSE,PR,PR-Campo Bonito,Paraná,1,Pequeno I,3.694
410410,4104105,41,Campo do Tenente,Sul,METROPOLITANA DE CURITIBA,PR,PR-Campo do Tenente,Paraná,1,Pequeno I,8.118
410420,4104204,41,Campo Largo,Sul,METROPOLITANA DE CURITIBA,PR,PR-Campo Largo,Paraná,4,Grande,135.678
410425,4104253,41,Campo Magro,Sul,METROPOLITANA DE CURITIBA,PR,PR-Campo Magro,Paraná,2,Pequeno II,30.151
410430,4104303,41,Campo Mourão,Sul,CENTRO OCIDENTAL PARANAENSE,PR,PR-Campo Mourão,Paraná,3,Médio,96.102
410440,4104402,41,Cândido de Abreu,Sul,NORTE CENTRAL PARANAENSE,PR,PR-Cândido de Abreu,Paraná,1,Pequeno I,14.606
410442,4104428,41,Candói,Sul,CENTRO-SUL PARANAENSE,PR,PR-Candói,Paraná,1,Pequeno I,16.126
410445,4104451,41,Cantagalo,Sul,CENTRO-SUL PARANAENSE,PR,PR-Cantagalo,Paraná,1,Pequeno I,13.340
410450,4104501,41,Capanema,Sul,SUDOESTE PARANAENSE,PR,PR-Capanema,Paraná,2,Pequeno II,19.172
410460,4104600,41,Capitão Leônidas Marques,Sul,OESTE PARANAENSE,PR,PR-Capitão Leônidas Marques,Paraná,1,Pequeno I,15.887
410465,4104659,41,Carambeí,Sul,CENTRO ORIENTAL PARANAENSE,PR,PR-Carambeí,Paraná,2,Pequeno II,24.225
410470,4104709,41,Carlópolis,Sul,NORTE PIONEIRO PARANAENSE,PR,PR-Carlópolis,Paraná,1,Pequeno I,14.391
410480,4104808,41,Cascavel,Sul,OESTE PARANAENSE,PR,PR-Cascavel,Paraná,4,Grande,336.073
410490,4104907,41,Castro,Sul,CENTRO ORIENTAL PARANAENSE,PR,PR-Castro,Paraná,3,Médio,72.125
410500,4105003,41,Catanduvas,Sul,OESTE PARANAENSE,PR,PR-Catanduvas,Paraná,1,Pequeno I,10.144
410510,4105102,41,Centenário do Sul,Sul,NORTE CENTRAL PARANAENSE,PR,PR-Centenário do Sul,Paraná,1,Pequeno I,10.704
410520,4105201,41,Cerro Azul,Sul,METROPOLITANA DE CURITIBA,PR,PR-Cerro Azul,Paraná,1,Pequeno I,17.884
410530,4105300,41,Céu Azul,Sul,OESTE PARANAENSE,PR,PR-Céu Azul,Paraná,1,Pequeno I,11.872
410540,4105409,41,Chopinzinho,Sul,SUDOESTE PARANAENSE,PR,PR-Chopinzinho,Paraná,2,Pequeno II,19.083
410550,4105508,41,Cianorte,Sul,NOROESTE PARANAENSE,PR,PR-Cianorte,Paraná,3,Médio,84.980
410560,4105607,41,Cidade Gaúcha,Sul,NOROESTE PARANAENSE,PR,PR-Cidade Gaúcha,Paraná,1,Pequeno I,12.939
410570,4105706,41,Clevelândia,Sul,CENTRO-SUL PARANAENSE,PR,PR-Clevelândia,Paraná,1,Pequeno I,16.344
410580,4105805,41,Colombo,Sul,METROPOLITANA DE CURITIBA,PR,PR-Colombo,Paraná,4,Grande,249.277
410590,4105904,41,Colorado,Sul,NORTE CENTRAL PARANAENSE,PR,PR-Colorado,Paraná,2,Pequeno II,24.271
410600,4106001,41,Congonhinhas,Sul,NORTE PIONEIRO PARANAENSE,PR,PR-Congonhinhas,Paraná,1,Pequeno I,8.896
410610,4106100,41,Conselheiro Mairinck,Sul,NORTE PIONEIRO PARANAENSE,PR,PR-Conselheiro Mairinck,Paraná,1,Pequeno I,3.891
410620,4106209,41,Contenda,Sul,METROPOLITANA DE CURITIBA,PR,PR-Contenda,Paraná,1,Pequeno I,19.082
410630,4106308,41,Corbélia,Sul,OESTE PARANAENSE,PR,PR-Corbélia,Paraná,1,Pequeno I,17.162
410640,4106407,41,Cornélio Procópio,Sul,NORTE PIONEIRO PARANAENSE,PR,PR-Cornélio Procópio,Paraná,2,Pequeno II,47.840
410645,4106456,41,Coronel Domingos Soares,Sul,CENTRO-SUL PARANAENSE,PR,PR-Coronel Domingos Soares,Paraná,1,Pequeno I,7.538
410650,4106506,41,Coronel Vivida,Sul,SUDOESTE PARANAENSE,PR,PR-Coronel Vivida,Paraná,2,Pequeno II,20.430
410655,4106555,41,Corumbataí do Sul,Sul,CENTRO OCIDENTAL PARANAENSE,PR,PR-Corumbataí do Sul,Paraná,1,Pequeno I,3.038
410657,4106571,41,Cruzeiro do Iguaçu,Sul,SUDOESTE PARANAENSE,PR,PR-Cruzeiro do Iguaçu,Paraná,1,Pequeno I,4.229
410660,4106605,41,Cruzeiro do Oeste,Sul,NOROESTE PARANAENSE,PR,PR-Cruzeiro do Oeste,Paraná,2,Pequeno II,20.962
410670,4106704,41,Cruzeiro do Sul,Sul,NOROESTE PARANAENSE,PR,PR-Cruzeiro do Sul,Paraná,1,Pequeno I,4.430
410680,4106803,41,Cruz Machado,Sul,SUDESTE PARANAENSE,PR,PR-Cruz Machado,Paraná,1,Pequeno I,18.772
410685,4106852,41,Cruzmaltina,Sul,NORTE CENTRAL PARANAENSE,PR,PR-Cruzmaltina,Paraná,1,Pequeno I,2.892
410690,4106902,41,Curitiba,Sul,METROPOLITANA DE CURITIBA,PR,PR-Curitiba,Paraná,5,Metrópole,1.963.726
410700,4107009,41,Curiúva,Sul,NORTE PIONEIRO PARANAENSE,PR,PR-Curiúva,Paraná,1,Pequeno I,15.289
410710,4107108,41,Diamante do Norte,Sul,NOROESTE PARANAENSE,PR,PR-Diamante do Norte,Paraná,1,Pequeno I,4.975
410712,4107124,41,Diamante do Sul,Sul,OESTE PARANAENSE,PR,PR-Diamante do Sul,Paraná,1,Pequeno I,3.409
410715,4107157,41,Diamante D'Oeste,Sul,OESTE PARANAENSE,PR,PR-Diamante D'Oeste,Paraná,1,Pequeno I,5.279
410720,4107207,41,Dois Vizinhos,Sul,SUDOESTE PARANAENSE,PR,PR-Dois Vizinhos,Paraná,2,Pequeno II,41.424
410725,4107256,41,Douradina,Sul,NOROESTE PARANAENSE,PR,PR-Douradina,Paraná,1,Pequeno I,8.988
410730,4107306,41,Doutor Camargo,Sul,NORTE CENTRAL PARANAENSE,PR,PR-Doutor Camargo,Paraná,1,Pequeno I,5.987
410740,4107405,41,Enéas Marques,Sul,SUDOESTE PARANAENSE,PR,PR-Enéas Marques,Paraná,1,Pequeno I,5.906
410750,4107504,41,Engenheiro Beltrão,Sul,CENTRO OCIDENTAL PARANAENSE,PR,PR-Engenheiro Beltrão,Paraná,1,Pequeno I,13.962
410752,4107520,41,Esperança Nova,Sul,NOROESTE PARANAENSE,PR,PR-Esperança Nova,Paraná,1,Pequeno I,1.633
410753,4107538,41,Entre Rios do Oeste,Sul,OESTE PARANAENSE,PR,PR-Entre Rios do Oeste,Paraná,1,Pequeno I,4.651
410754,4107546,41,Espigão Alto do Iguaçu,Sul,CENTRO-SUL PARANAENSE,PR,PR-Espigão Alto do Iguaçu,Paraná,1,Pequeno I,3.980
410755,4107553,41,Farol,Sul,CENTRO OCIDENTAL PARANAENSE,PR,PR-Farol,Paraná,1,Pequeno I,2.995
410760,4107603,41,Faxinal,Sul,NORTE CENTRAL PARANAENSE,PR,PR-Faxinal,Paraná,1,Pequeno I,17.379
410765,4107652,41,Fazenda Rio Grande,Sul,METROPOLITANA DE CURITIBA,PR,PR-Fazenda Rio Grande,Paraná,4,Grande,103.750
410770,4107702,41,Fênix,Sul,CENTRO OCIDENTAL PARANAENSE,PR,PR-Fênix,Paraná,1,Pequeno I,4.734
410773,4107736,41,Fernandes Pinheiro,Sul,SUDESTE PARANAENSE,PR,PR-Fernandes Pinheiro,Paraná,1,Pequeno I,5.561
410775,4107751,41,Figueira,Sul,NORTE PIONEIRO PARANAENSE,PR,PR-Figueira,Paraná,1,Pequeno I,7.625
410780,4107801,41,Floraí,Sul,NORTE CENTRAL PARANAENSE,PR,PR-Floraí,Paraná,1,Pequeno I,4.883
410785,4107850,41,Flor da Serra do Sul,Sul,SUDOESTE PARANAENSE,PR,PR-Flor da Serra do Sul,Paraná,1,Pequeno I,4.583
410790,4107900,41,Floresta,Sul,NORTE CENTRAL PARANAENSE,PR,PR-Floresta,Paraná,1,Pequeno I,6.926
410800,4108007,41,Florestópolis,Sul,NORTE CENTRAL PARANAENSE,PR,PR-Florestópolis,Paraná,1,Pequeno I,10.360
410810,4108106,41,Flórida,Sul,NORTE CENTRAL PARANAENSE,PR,PR-Flórida,Paraná,1,Pequeno I,2.709
410820,4108205,41,Formosa do Oeste,Sul,OESTE PARANAENSE,PR,PR-Formosa do Oeste,Paraná,1,Pequeno I,6.345
410830,4108304,41,Foz do Iguaçu,Sul,OESTE PARANAENSE,PR,PR-Foz do Iguaçu,Paraná,4,Grande,257.971
410832,4108320,41,Francisco Alves,Sul,NOROESTE PARANAENSE,PR,PR-Francisco Alves,Paraná,1,Pequeno I,5.942
410840,4108403,41,Francisco Beltrão,Sul,SUDOESTE PARANAENSE,PR,PR-Francisco Beltrão,Paraná,3,Médio,93.308
410845,4108452,41,Foz do Jordão,Sul,CENTRO-SUL PARANAENSE,PR,PR-Foz do Jordão,Paraná,1,Pequeno I,4.466
410850,4108502,41,General Carneiro,Sul,SUDESTE PARANAENSE,PR,PR-General Carneiro,Paraná,1,Pequeno I,13.661
410855,4108551,41,Godoy Moreira,Sul,NORTE CENTRAL PARANAENSE,PR,PR-Godoy Moreira,Paraná,1,Pequeno I,2.850
410860,4108601,41,Goioerê,Sul,CENTRO OCIDENTAL PARANAENSE,PR,PR-Goioerê,Paraná,2,Pequeno II,28.734
410865,4108650,41,Goioxim,Sul,CENTRO-SUL PARANAENSE,PR,PR-Goioxim,Paraná,1,Pequeno I,6.997
410870,4108700,41,Grandes Rios,Sul,NORTE CENTRAL PARANAENSE,PR,PR-Grandes Rios,Paraná,1,Pequeno I,5.379
410880,4108809,41,Guaíra,Sul,OESTE PARANAENSE,PR,PR-Guaíra,Paraná,2,Pequeno II,33.497
410890,4108908,41,Guairaçá,Sul,NOROESTE PARANAENSE,PR,PR-Guairaçá,Paraná,1,Pequeno I,6.635
410895,4108957,41,Guamiranga,Sul,SUDESTE PARANAENSE,PR,PR-Guamiranga,Paraná,1,Pequeno I,8.881
410900,4109005,41,Guapirama,Sul,NORTE PIONEIRO PARANAENSE,PR,PR-Guapirama,Paraná,1,Pequeno I,3.767
410910,4109104,41,Guaporema,Sul,NOROESTE PARANAENSE,PR,PR-Guaporema,Paraná,1,Pequeno I,2.239
410920,4109203,41,Guaraci,Sul,NORTE CENTRAL PARANAENSE,PR,PR-Guaraci,Paraná,1,Pequeno I,5.557
410930,4109302,41,Guaraniaçu,Sul,OESTE PARANAENSE,PR,PR-Guaraniaçu,Paraná,1,Pequeno I,11.969
410940,4109401,41,Guarapuava,Sul,CENTRO-SUL PARANAENSE,PR,PR-Guarapuava,Paraná,4,Grande,183.755
410950,4109500,41,Guaraqueçaba,Sul,METROPOLITANA DE CURITIBA,PR,PR-Guaraqueçaba,Paraná,1,Pequeno I,7.554
410960,4109609,41,Guaratuba,Sul,METROPOLITANA DE CURITIBA,PR,PR-Guaratuba,Paraná,2,Pequeno II,37.974
410965,4109658,41,Honório Serpa,Sul,CENTRO-SUL PARANAENSE,PR,PR-Honório Serpa,Paraná,1,Pequeno I,5.030
410970,4109708,41,Ibaiti,Sul,NORTE PIONEIRO PARANAENSE,PR,PR-Ibaiti,Paraná,2,Pequeno II,31.854
410975,4109757,41,Ibema,Sul,OESTE PARANAENSE,PR,PR-Ibema,Paraná,1,Pequeno I,6.387
410980,4109807,41,Ibiporã,Sul,NORTE CENTRAL PARANAENSE,PR,PR-Ibiporã,Paraná,3,Médio,55.688
410990,4109906,41,Icaraíma,Sul,NOROESTE PARANAENSE,PR,PR-Icaraíma,Paraná,1,Pequeno I,7.671
411000,4110003,41,Iguaraçu,Sul,NORTE CENTRAL PARANAENSE,PR,PR-Iguaraçu,Paraná,1,Pequeno I,4.475
411005,4110052,41,Iguatu,Sul,OESTE PARANAENSE,PR,PR-Iguatu,Paraná,1,Pequeno I,2.251
411007,4110078,41,Imbaú,Sul,CENTRO ORIENTAL PARANAENSE,PR,PR-Imbaú,Paraná,1,Pequeno I,13.449
411010,4110102,41,Imbituva,Sul,SUDESTE PARANAENSE,PR,PR-Imbituva,Paraná,2,Pequeno II,33.306
411020,4110201,41,Inácio Martins,Sul,CENTRO-SUL PARANAENSE,PR,PR-Inácio Martins,Paraná,1,Pequeno I,11.117
411030,4110300,41,Inajá,Sul,NOROESTE PARANAENSE,PR,PR-Inajá,Paraná,1,Pequeno I,3.122
411040,4110409,41,Indianópolis,Sul,NOROESTE PARANAENSE,PR,PR-Indianópolis,Paraná,1,Pequeno I,4.472
411050,4110508,41,Ipiranga,Sul,SUDESTE PARANAENSE,PR,PR-Ipiranga,Paraná,1,Pequeno I,15.327
411060,4110607,41,Iporã,Sul,NOROESTE PARANAENSE,PR,PR-Iporã,Paraná,1,Pequeno I,13.642
411065,4110656,41,Iracema do Oeste,Sul,OESTE PARANAENSE,PR,PR-Iracema do Oeste,Paraná,1,Pequeno I,2.216
411070,4110706,41,Irati,Sul,SUDESTE PARANAENSE,PR,PR-Irati,Paraná,3,Médio,61.439
411080,4110805,41,Iretama,Sul,CENTRO OCIDENTAL PARANAENSE,PR,PR-Iretama,Paraná,1,Pequeno I,10.029
411090,4110904,41,Itaguajé,Sul,NORTE CENTRAL PARANAENSE,PR,PR-Itaguajé,Paraná,1,Pequeno I,4.426
411095,4110953,41,Itaipulândia,Sul,OESTE PARANAENSE,PR,PR-Itaipulândia,Paraná,1,Pequeno I,11.588
411100,4111001,41,Itambaracá,Sul,NORTE PIONEIRO PARANAENSE,PR,PR-Itambaracá,Paraná,1,Pequeno I,6.516
411110,4111100,41,Itambé,Sul,NORTE CENTRAL PARANAENSE,PR,PR-Itambé,Paraná,1,Pequeno I,6.110
411120,4111209,41,Itapejara d'Oeste,Sul,SUDOESTE PARANAENSE,PR,PR-Itapejara d'Oeste,Paraná,1,Pequeno I,12.220
411125,4111258,41,Itaperuçu,Sul,METROPOLITANA DE CURITIBA,PR,PR-Itaperuçu,Paraná,2,Pequeno II,29.493
411130,4111308,41,Itaúna do Sul,Sul,NOROESTE PARANAENSE,PR,PR-Itaúna do Sul,Paraná,1,Pequeno I,2.700
411140,4111407,41,Ivaí,Sul,SUDESTE PARANAENSE,PR,PR-Ivaí,Paraná,1,Pequeno I,14.049
411150,4111506,41,Ivaiporã,Sul,NORTE CENTRAL PARANAENSE,PR,PR-Ivaiporã,Paraná,2,Pequeno II,31.886
411155,4111555,41,Ivaté,Sul,NOROESTE PARANAENSE,PR,PR-Ivaté,Paraná,1,Pequeno I,8.294
411160,4111605,41,Ivatuba,Sul,NORTE CENTRAL PARANAENSE,PR,PR-Ivatuba,Paraná,1,Pequeno I,3.299
411170,4111704,41,Jaboti,Sul,NORTE PIONEIRO PARANAENSE,PR,PR-Jaboti,Paraná,1,Pequeno I,5.332
411180,4111803,41,Jacarezinho,Sul,NORTE PIONEIRO PARANAENSE,PR,PR-Jacarezinho,Paraná,2,Pequeno II,39.268
411190,4111902,41,Jaguapitã,Sul,NORTE CENTRAL PARANAENSE,PR,PR-Jaguapitã,Paraná,1,Pequeno I,13.861
411200,4112009,41,Jaguariaíva,Sul,CENTRO ORIENTAL PARANAENSE,PR,PR-Jaguariaíva,Paraná,2,Pequeno II,35.192
411210,4112108,41,Jandaia do Sul,Sul,NORTE CENTRAL PARANAENSE,PR,PR-Jandaia do Sul,Paraná,2,Pequeno II,21.281
411220,4112207,41,Janiópolis,Sul,CENTRO OCIDENTAL PARANAENSE,PR,PR-Janiópolis,Paraná,1,Pequeno I,4.948
411230,4112306,41,Japira,Sul,NORTE PIONEIRO PARANAENSE,PR,PR-Japira,Paraná,1,Pequeno I,4.929
411240,4112405,41,Japurá,Sul,NOROESTE PARANAENSE,PR,PR-Japurá,Paraná,1,Pequeno I,9.573
411250,4112504,41,Jardim Alegre,Sul,NORTE CENTRAL PARANAENSE,PR,PR-Jardim Alegre,Paraná,1,Pequeno I,11.067
411260,4112603,41,Jardim Olinda,Sul,NOROESTE PARANAENSE,PR,PR-Jardim Olinda,Paraná,1,Pequeno I,1.309
411270,4112702,41,Jataizinho,Sul,NORTE PIONEIRO PARANAENSE,PR,PR-Jataizinho,Paraná,1,Pequeno I,12.687
411275,4112751,41,Jesuítas,Sul,OESTE PARANAENSE,PR,PR-Jesuítas,Paraná,1,Pequeno I,8.251
411280,4112801,41,Joaquim Távora,Sul,NORTE PIONEIRO PARANAENSE,PR,PR-Joaquim Távora,Paraná,1,Pequeno I,12.108
411290,4112900,41,Jundiaí do Sul,Sul,NORTE PIONEIRO PARANAENSE,PR,PR-Jundiaí do Sul,Paraná,1,Pequeno I,3.248
411295,4112959,41,Juranda,Sul,CENTRO OCIDENTAL PARANAENSE,PR,PR-Juranda,Paraná,1,Pequeno I,7.244
411300,4113007,41,Jussara,Sul,NOROESTE PARANAENSE,PR,PR-Jussara,Paraná,1,Pequeno I,7.069
411310,4113106,41,Kaloré,Sul,NORTE CENTRAL PARANAENSE,PR,PR-Kaloré,Paraná,1,Pequeno I,3.996
411320,4113205,41,Lapa,Sul,METROPOLITANA DE CURITIBA,PR,PR-Lapa,Paraná,2,Pequeno II,48.651
411325,4113254,41,Laranjal,Sul,CENTRO-SUL PARANAENSE,PR,PR-Laranjal,Paraná,1,Pequeno I,5.719
411330,4113304,41,Laranjeiras do Sul,Sul,CENTRO-SUL PARANAENSE,PR,PR-Laranjeiras do Sul,Paraná,2,Pequeno II,32.167
411340,4113403,41,Leópolis,Sul,NORTE PIONEIRO PARANAENSE,PR,PR-Leópolis,Paraná,1,Pequeno I,3.896
411342,4113429,41,Lidianópolis,Sul,NORTE CENTRAL PARANAENSE,PR,PR-Lidianópolis,Paraná,1,Pequeno I,3.155
411345,4113452,41,Lindoeste,Sul,OESTE PARANAENSE,PR,PR-Lindoeste,Paraná,1,Pequeno I,4.488
411350,4113502,41,Loanda,Sul,NOROESTE PARANAENSE,PR,PR-Loanda,Paraná,2,Pequeno II,23.393
411360,4113601,41,Lobato,Sul,NORTE CENTRAL PARANAENSE,PR,PR-Lobato,Paraná,1,Pequeno I,4.850
411370,4113700,41,Londrina,Sul,NORTE CENTRAL PARANAENSE,PR,PR-Londrina,Paraná,4,Grande,580.870
411373,4113734,41,Luiziana,Sul,CENTRO OCIDENTAL PARANAENSE,PR,PR-Luiziana,Paraná,1,Pequeno I,7.217
411375,4113759,41,Lunardelli,Sul,NORTE CENTRAL PARANAENSE,PR,PR-Lunardelli,Paraná,1,Pequeno I,4.695
411380,4113809,41,Lupionópolis,Sul,NORTE CENTRAL PARANAENSE,PR,PR-Lupionópolis,Paraná,1,Pequeno I,4.969
411390,4113908,41,Mallet,Sul,SUDESTE PARANAENSE,PR,PR-Mallet,Paraná,1,Pequeno I,13.697
411400,4114005,41,Mamborê,Sul,CENTRO OCIDENTAL PARANAENSE,PR,PR-Mamborê,Paraná,1,Pequeno I,12.900
411410,4114104,41,Mandaguaçu,Sul,NORTE CENTRAL PARANAENSE,PR,PR-Mandaguaçu,Paraná,2,Pequeno II,23.373
411420,4114203,41,Mandaguari,Sul,NORTE CENTRAL PARANAENSE,PR,PR-Mandaguari,Paraná,2,Pequeno II,34.628
411430,4114302,41,Mandirituba,Sul,METROPOLITANA DE CURITIBA,PR,PR-Mandirituba,Paraná,2,Pequeno II,27.750
411435,4114351,41,Manfrinópolis,Sul,SUDOESTE PARANAENSE,PR,PR-Manfrinópolis,Paraná,1,Pequeno I,2.442
411440,4114401,41,Mangueirinha,Sul,CENTRO-SUL PARANAENSE,PR,PR-Mangueirinha,Paraná,1,Pequeno I,16.572
411450,4114500,41,Manoel Ribas,Sul,NORTE CENTRAL PARANAENSE,PR,PR-Manoel Ribas,Paraná,1,Pequeno I,13.517
411460,4114609,41,Marechal Cândido Rondon,Sul,OESTE PARANAENSE,PR,PR-Marechal Cândido Rondon,Paraná,3,Médio,54.031
411470,4114708,41,Maria Helena,Sul,NOROESTE PARANAENSE,PR,PR-Maria Helena,Paraná,1,Pequeno I,5.593
411480,4114807,41,Marialva,Sul,NORTE CENTRAL PARANAENSE,PR,PR-Marialva,Paraná,2,Pequeno II,36.103
411490,4114906,41,Marilândia do Sul,Sul,NORTE CENTRAL PARANAENSE,PR,PR-Marilândia do Sul,Paraná,1,Pequeno I,8.793
411500,4115002,41,Marilena,Sul,NOROESTE PARANAENSE,PR,PR-Marilena,Paraná,1,Pequeno I,7.093
411510,4115101,41,Mariluz,Sul,NOROESTE PARANAENSE,PR,PR-Mariluz,Paraná,1,Pequeno I,10.327
411520,4115200,41,Maringá,Sul,NORTE CENTRAL PARANAENSE,PR,PR-Maringá,Paraná,4,Grande,436.472
411530,4115309,41,Mariópolis,Sul,SUDOESTE PARANAENSE,PR,PR-Mariópolis,Paraná,1,Pequeno I,6.655
411535,4115358,41,Maripá,Sul,OESTE PARANAENSE,PR,PR-Maripá,Paraná,1,Pequeno I,5.562
411540,4115408,41,Marmeleiro,Sul,SUDOESTE PARANAENSE,PR,PR-Marmeleiro,Paraná,1,Pequeno I,14.407
411545,4115457,41,Marquinho,Sul,CENTRO-SUL PARANAENSE,PR,PR-Marquinho,Paraná,1,Pequeno I,4.283
411550,4115507,41,Marumbi,Sul,NORTE CENTRAL PARANAENSE,PR,PR-Marumbi,Paraná,1,Pequeno I,4.676
411560,4115606,41,Matelândia,Sul,OESTE PARANAENSE,PR,PR-Matelândia,Paraná,1,Pequeno I,18.266
411570,4115705,41,Matinhos,Sul,METROPOLITANA DE CURITIBA,PR,PR-Matinhos,Paraná,2,Pequeno II,35.705
411573,4115739,41,Mato Rico,Sul,CENTRO-SUL PARANAENSE,PR,PR-Mato Rico,Paraná,1,Pequeno I,3.142
411575,4115754,41,Mauá da Serra,Sul,NORTE CENTRAL PARANAENSE,PR,PR-Mauá da Serra,Paraná,1,Pequeno I,10.994
411580,4115804,41,Medianeira,Sul,OESTE PARANAENSE,PR,PR-Medianeira,Paraná,3,Médio,46.940
411585,4115853,41,Mercedes,Sul,OESTE PARANAENSE,PR,PR-Mercedes,Paraná,1,Pequeno I,5.617
411590,4115903,41,Mirador,Sul,NOROESTE PARANAENSE,PR,PR-Mirador,Paraná,1,Pequeno I,2.180
411600,4116000,41,Miraselva,Sul,NORTE CENTRAL PARANAENSE,PR,PR-Miraselva,Paraná,1,Pequeno I,1.786
411605,4116059,41,Missal,Sul,OESTE PARANAENSE,PR,PR-Missal,Paraná,1,Pequeno I,10.706
411610,4116109,41,Moreira Sales,Sul,CENTRO OCIDENTAL PARANAENSE,PR,PR-Moreira Sales,Paraná,1,Pequeno I,11.966
411620,4116208,41,Morretes,Sul,METROPOLITANA DE CURITIBA,PR,PR-Morretes,Paraná,1,Pequeno I,16.485
411630,4116307,41,Munhoz de Melo,Sul,NORTE CENTRAL PARANAENSE,PR,PR-Munhoz de Melo,Paraná,1,Pequeno I,4.034
411640,4116406,41,Nossa Senhora das Graças,Sul,NORTE CENTRAL PARANAENSE,PR,PR-Nossa Senhora das Graças,Paraná,1,Pequeno I,4.009
411650,4116505,41,Nova Aliança do Ivaí,Sul,NOROESTE PARANAENSE,PR,PR-Nova Aliança do Ivaí,Paraná,1,Pequeno I,1.560
411660,4116604,41,Nova América da Colina,Sul,NORTE PIONEIRO PARANAENSE,PR,PR-Nova América da Colina,Paraná,1,Pequeno I,3.424
411670,4116703,41,Nova Aurora,Sul,OESTE PARANAENSE,PR,PR-Nova Aurora,Paraná,1,Pequeno I,10.131
411680,4116802,41,Nova Cantu,Sul,CENTRO OCIDENTAL PARANAENSE,PR,PR-Nova Cantu,Paraná,1,Pequeno I,4.827
411690,4116901,41,Nova Esperança,Sul,NORTE CENTRAL PARANAENSE,PR,PR-Nova Esperança,Paraná,2,Pequeno II,28.062
411695,4116950,41,Nova Esperança do Sudoeste,Sul,SUDOESTE PARANAENSE,PR,PR-Nova Esperança do Sudoeste,Paraná,1,Pequeno I,5.014
411700,4117008,41,Nova Fátima,Sul,NORTE PIONEIRO PARANAENSE,PR,PR-Nova Fátima,Paraná,1,Pequeno I,8.120
411705,4117057,41,Nova Laranjeiras,Sul,CENTRO-SUL PARANAENSE,PR,PR-Nova Laranjeiras,Paraná,1,Pequeno I,11.462
411710,4117107,41,Nova Londrina,Sul,NOROESTE PARANAENSE,PR,PR-Nova Londrina,Paraná,1,Pequeno I,13.188
411720,4117206,41,Nova Olímpia,Sul,NOROESTE PARANAENSE,PR,PR-Nova Olímpia,Paraná,1,Pequeno I,5.846
411721,4117214,41,Nova Santa Bárbara,Sul,NORTE PIONEIRO PARANAENSE,PR,PR-Nova Santa Bárbara,Paraná,1,Pequeno I,4.304
411722,4117222,41,Nova Santa Rosa,Sul,OESTE PARANAENSE,PR,PR-Nova Santa Rosa,Paraná,1,Pequeno I,8.311
411725,4117255,41,Nova Prata do Iguaçu,Sul,SUDOESTE PARANAENSE,PR,PR-Nova Prata do Iguaçu,Paraná,1,Pequeno I,10.540
411727,4117271,41,Nova Tebas,Sul,NORTE CENTRAL PARANAENSE,PR,PR-Nova Tebas,Paraná,1,Pequeno I,5.252
411729,4117297,41,Novo Itacolomi,Sul,NORTE CENTRAL PARANAENSE,PR,PR-Novo Itacolomi,Paraná,1,Pequeno I,2.836
411730,4117305,41,Ortigueira,Sul,CENTRO ORIENTAL PARANAENSE,PR,PR-Ortigueira,Paraná,2,Pequeno II,21.783
411740,4117404,41,Ourizona,Sul,NORTE CENTRAL PARANAENSE,PR,PR-Ourizona,Paraná,1,Pequeno I,3.423
411745,4117453,41,Ouro Verde do Oeste,Sul,OESTE PARANAENSE,PR,PR-Ouro Verde do Oeste,Paraná,1,Pequeno I,6.036
411750,4117503,41,Paiçandu,Sul,NORTE CENTRAL PARANAENSE,PR,PR-Paiçandu,Paraná,2,Pequeno II,42.251
411760,4117602,41,Palmas,Sul,CENTRO-SUL PARANAENSE,PR,PR-Palmas,Paraná,2,Pequeno II,52.503
411770,4117701,41,Palmeira,Sul,CENTRO ORIENTAL PARANAENSE,PR,PR-Palmeira,Paraná,2,Pequeno II,34.109
411780,4117800,41,Palmital,Sul,CENTRO-SUL PARANAENSE,PR,PR-Palmital,Paraná,1,Pequeno I,12.755
411790,4117909,41,Palotina,Sul,OESTE PARANAENSE,PR,PR-Palotina,Paraná,2,Pequeno II,32.389
411800,4118006,41,Paraíso do Norte,Sul,NOROESTE PARANAENSE,PR,PR-Paraíso do Norte,Paraná,1,Pequeno I,14.211
411810,4118105,41,Paranacity,Sul,NOROESTE PARANAENSE,PR,PR-Paranacity,Paraná,1,Pequeno I,11.685
411820,4118204,41,Paranaguá,Sul,METROPOLITANA DE CURITIBA,PR,PR-Paranaguá,Paraná,4,Grande,157.378
411830,4118303,41,Paranapoema,Sul,NOROESTE PARANAENSE,PR,PR-Paranapoema,Paraná,1,Pequeno I,3.277
411840,4118402,41,Paranavaí,Sul,NOROESTE PARANAENSE,PR,PR-Paranavaí,Paraná,3,Médio,89.454
411845,4118451,41,Pato Bragado,Sul,OESTE PARANAENSE,PR,PR-Pato Bragado,Paraná,1,Pequeno I,5.755
411850,4118501,41,Pato Branco,Sul,SUDOESTE PARANAENSE,PR,PR-Pato Branco,Paraná,3,Médio,84.779
411860,4118600,41,Paula Freitas,Sul,SUDESTE PARANAENSE,PR,PR-Paula Freitas,Paraná,1,Pequeno I,5.942
411870,4118709,41,Paulo Frontin,Sul,SUDESTE PARANAENSE,PR,PR-Paulo Frontin,Paraná,1,Pequeno I,7.418
411880,4118808,41,Peabiru,Sul,CENTRO OCIDENTAL PARANAENSE,PR,PR-Peabiru,Paraná,1,Pequeno I,14.017
411885,4118857,41,Perobal,Sul,NOROESTE PARANAENSE,PR,PR-Perobal,Paraná,1,Pequeno I,6.194
411890,4118907,41,Pérola,Sul,NOROESTE PARANAENSE,PR,PR-Pérola,Paraná,1,Pequeno I,11.406
411900,4119004,41,Pérola d'Oeste,Sul,SUDOESTE PARANAENSE,PR,PR-Pérola d'Oeste,Paraná,1,Pequeno I,6.232
411910,4119103,41,Piên,Sul,METROPOLITANA DE CURITIBA,PR,PR-Piên,Paraná,1,Pequeno I,13.015
411915,4119152,41,Pinhais,Sul,METROPOLITANA DE CURITIBA,PR,PR-Pinhais,Paraná,4,Grande,134.788
411920,4119202,41,Pinhalão,Sul,NORTE PIONEIRO PARANAENSE,PR,PR-Pinhalão,Paraná,1,Pequeno I,6.323
411925,4119251,41,Pinhal de São Bento,Sul,SUDOESTE PARANAENSE,PR,PR-Pinhal de São Bento,Paraná,1,Pequeno I,2.742
411930,4119301,41,Pinhão,Sul,CENTRO-SUL PARANAENSE,PR,PR-Pinhão,Paraná,2,Pequeno II,32.722
411940,4119400,41,Piraí do Sul,Sul,CENTRO ORIENTAL PARANAENSE,PR,PR-Piraí do Sul,Paraná,2,Pequeno II,25.779
411950,4119509,41,Piraquara,Sul,METROPOLITANA DE CURITIBA,PR,PR-Piraquara,Paraná,4,Grande,116.852
411960,4119608,41,Pitanga,Sul,CENTRO-SUL PARANAENSE,PR,PR-Pitanga,Paraná,2,Pequeno II,29.686
411965,4119657,41,Pitangueiras,Sul,NORTE CENTRAL PARANAENSE,PR,PR-Pitangueiras,Paraná,1,Pequeno I,3.298
411970,4119707,41,Planaltina do Paraná,Sul,NOROESTE PARANAENSE,PR,PR-Planaltina do Paraná,Paraná,1,Pequeno I,4.281
411980,4119806,41,Planalto,Sul,SUDOESTE PARANAENSE,PR,PR-Planalto,Paraná,1,Pequeno I,13.385
411990,4119905,41,Ponta Grossa,Sul,CENTRO ORIENTAL PARANAENSE,PR,PR-Ponta Grossa,Paraná,4,Grande,358.838
411995,4119954,41,Pontal do Paraná,Sul,METROPOLITANA DE CURITIBA,PR,PR-Pontal do Paraná,Paraná,2,Pequeno II,28.529
412000,4120002,41,Porecatu,Sul,NORTE CENTRAL PARANAENSE,PR,PR-Porecatu,Paraná,1,Pequeno I,12.587
412010,4120101,41,Porto Amazonas,Sul,METROPOLITANA DE CURITIBA,PR,PR-Porto Amazonas,Paraná,1,Pequeno I,4.899
412015,4120150,41,Porto Barreiro,Sul,CENTRO-SUL PARANAENSE,PR,PR-Porto Barreiro,Paraná,1,Pequeno I,3.133
412020,4120200,41,Porto Rico,Sul,NOROESTE PARANAENSE,PR,PR-Porto Rico,Paraná,1,Pequeno I,2.554
412030,4120309,41,Porto Vitória,Sul,SUDESTE PARANAENSE,PR,PR-Porto Vitória,Paraná,1,Pequeno I,4.057
412033,4120333,41,Prado Ferreira,Sul,NORTE CENTRAL PARANAENSE,PR,PR-Prado Ferreira,Paraná,1,Pequeno I,3.806
412035,4120358,41,Pranchita,Sul,SUDOESTE PARANAENSE,PR,PR-Pranchita,Paraná,1,Pequeno I,5.035
412040,4120408,41,Presidente Castelo Branco,Sul,NORTE CENTRAL PARANAENSE,PR,PR-Presidente Castelo Branco,Paraná,1,Pequeno I,5.395
412050,4120507,41,Primeiro de Maio,Sul,NORTE CENTRAL PARANAENSE,PR,PR-Primeiro de Maio,Paraná,1,Pequeno I,11.138
412060,4120606,41,Prudentópolis,Sul,SUDESTE PARANAENSE,PR,PR-Prudentópolis,Paraná,2,Pequeno II,52.776
412065,4120655,41,Quarto Centenário,Sul,CENTRO OCIDENTAL PARANAENSE,PR,PR-Quarto Centenário,Paraná,1,Pequeno I,4.420
412070,4120705,41,Quatiguá,Sul,NORTE PIONEIRO PARANAENSE,PR,PR-Quatiguá,Paraná,1,Pequeno I,7.504
412080,4120804,41,Quatro Barras,Sul,METROPOLITANA DE CURITIBA,PR,PR-Quatro Barras,Paraná,2,Pequeno II,24.253
412085,4120853,41,Quatro Pontes,Sul,OESTE PARANAENSE,PR,PR-Quatro Pontes,Paraná,1,Pequeno I,4.043
412090,4120903,41,Quedas do Iguaçu,Sul,CENTRO-SUL PARANAENSE,PR,PR-Quedas do Iguaçu,Paraná,2,Pequeno II,34.707
412100,4121000,41,Querência do Norte,Sul,NOROESTE PARANAENSE,PR,PR-Querência do Norte,Paraná,1,Pequeno I,12.257
412110,4121109,41,Quinta do Sol,Sul,CENTRO OCIDENTAL PARANAENSE,PR,PR-Quinta do Sol,Paraná,1,Pequeno I,4.444
412120,4121208,41,Quitandinha,Sul,METROPOLITANA DE CURITIBA,PR,PR-Quitandinha,Paraná,1,Pequeno I,19.388
412125,4121257,41,Ramilândia,Sul,OESTE PARANAENSE,PR,PR-Ramilândia,Paraná,1,Pequeno I,4.500
412130,4121307,41,Rancho Alegre,Sul,NORTE PIONEIRO PARANAENSE,PR,PR-Rancho Alegre,Paraná,1,Pequeno I,3.760
412135,4121356,41,Rancho Alegre D'Oeste,Sul,CENTRO OCIDENTAL PARANAENSE,PR,PR-Rancho Alegre D'Oeste,Paraná,1,Pequeno I,2.602
412140,4121406,41,Realeza,Sul,SUDOESTE PARANAENSE,PR,PR-Realeza,Paraná,1,Pequeno I,16.976
412150,4121505,41,Rebouças,Sul,SUDESTE PARANAENSE,PR,PR-Rebouças,Paraná,1,Pequeno I,14.991
412160,4121604,41,Renascença,Sul,SUDOESTE PARANAENSE,PR,PR-Renascença,Paraná,1,Pequeno I,6.772
412170,4121703,41,Reserva,Sul,CENTRO ORIENTAL PARANAENSE,PR,PR-Reserva,Paraná,2,Pequeno II,26.933
412175,4121752,41,Reserva do Iguaçu,Sul,CENTRO-SUL PARANAENSE,PR,PR-Reserva do Iguaçu,Paraná,1,Pequeno I,8.127
412180,4121802,41,Ribeirão Claro,Sul,NORTE PIONEIRO PARANAENSE,PR,PR-Ribeirão Claro,Paraná,1,Pequeno I,10.622
412190,4121901,41,Ribeirão do Pinhal,Sul,NORTE PIONEIRO PARANAENSE,PR,PR-Ribeirão do Pinhal,Paraná,1,Pequeno I,12.869
412200,4122008,41,Rio Azul,Sul,SUDESTE PARANAENSE,PR,PR-Rio Azul,Paraná,1,Pequeno I,15.433
412210,4122107,41,Rio Bom,Sul,NORTE CENTRAL PARANAENSE,PR,PR-Rio Bom,Paraná,1,Pequeno I,3.162
412215,4122156,41,Rio Bonito do Iguaçu,Sul,CENTRO-SUL PARANAENSE,PR,PR-Rio Bonito do Iguaçu,Paraná,1,Pequeno I,13.240
412217,4122172,41,Rio Branco do Ivaí,Sul,NORTE CENTRAL PARANAENSE,PR,PR-Rio Branco do Ivaí,Paraná,1,Pequeno I,4.121
412220,4122206,41,Rio Branco do Sul,Sul,METROPOLITANA DE CURITIBA,PR,PR-Rio Branco do Sul,Paraná,2,Pequeno II,32.635
412230,4122305,41,Rio Negro,Sul,METROPOLITANA DE CURITIBA,PR,PR-Rio Negro,Paraná,2,Pequeno II,34.645
412240,4122404,41,Rolândia,Sul,NORTE CENTRAL PARANAENSE,PR,PR-Rolândia,Paraná,3,Médio,68.165
412250,4122503,41,Roncador,Sul,CENTRO OCIDENTAL PARANAENSE,PR,PR-Roncador,Paraná,1,Pequeno I,9.447
412260,4122602,41,Rondon,Sul,NOROESTE PARANAENSE,PR,PR-Rondon,Paraná,1,Pequeno I,9.664
412265,4122651,41,Rosário do Ivaí,Sul,NORTE CENTRAL PARANAENSE,PR,PR-Rosário do Ivaí,Paraná,1,Pequeno I,4.595
412270,4122701,41,Sabáudia,Sul,NORTE CENTRAL PARANAENSE,PR,PR-Sabáudia,Paraná,1,Pequeno I,6.954
412280,4122800,41,Salgado Filho,Sul,SUDOESTE PARANAENSE,PR,PR-Salgado Filho,Paraná,1,Pequeno I,3.389
412290,4122909,41,Salto do Itararé,Sul,NORTE PIONEIRO PARANAENSE,PR,PR-Salto do Itararé,Paraná,1,Pequeno I,4.862
412300,4123006,41,Salto do Lontra,Sul,SUDOESTE PARANAENSE,PR,PR-Salto do Lontra,Paraná,1,Pequeno I,14.957
412310,4123105,41,Santa Amélia,Sul,NORTE PIONEIRO PARANAENSE,PR,PR-Santa Amélia,Paraná,1,Pequeno I,3.208
412320,4123204,41,Santa Cecília do Pavão,Sul,NORTE PIONEIRO PARANAENSE,PR,PR-Santa Cecília do Pavão,Paraná,1,Pequeno I,3.253
412330,4123303,41,Santa Cruz de Monte Castelo,Sul,NOROESTE PARANAENSE,PR,PR-Santa Cruz de Monte Castelo,Paraná,1,Pequeno I,7.705
412340,4123402,41,Santa Fé,Sul,NORTE CENTRAL PARANAENSE,PR,PR-Santa Fé,Paraná,1,Pequeno I,12.330
412350,4123501,41,Santa Helena,Sul,OESTE PARANAENSE,PR,PR-Santa Helena,Paraná,2,Pequeno II,27.036
412360,4123600,41,Santa Inês,Sul,NORTE CENTRAL PARANAENSE,PR,PR-Santa Inês,Paraná,1,Pequeno I,1.568
412370,4123709,41,Santa Isabel do Ivaí,Sul,NOROESTE PARANAENSE,PR,PR-Santa Isabel do Ivaí,Paraná,1,Pequeno I,8.484
412380,4123808,41,Santa Izabel do Oeste,Sul,SUDOESTE PARANAENSE,PR,PR-Santa Izabel do Oeste,Paraná,1,Pequeno I,14.924
412382,4123824,41,Santa Lúcia,Sul,OESTE PARANAENSE,PR,PR-Santa Lúcia,Paraná,1,Pequeno I,3.795
412385,4123857,41,Santa Maria do Oeste,Sul,CENTRO-SUL PARANAENSE,PR,PR-Santa Maria do Oeste,Paraná,1,Pequeno I,9.210
412390,4123907,41,Santa Mariana,Sul,NORTE PIONEIRO PARANAENSE,PR,PR-Santa Mariana,Paraná,1,Pequeno I,11.523
412395,4123956,41,Santa Mônica,Sul,NOROESTE PARANAENSE,PR,PR-Santa Mônica,Paraná,1,Pequeno I,4.052
412400,4124004,41,Santana do Itararé,Sul,NORTE PIONEIRO PARANAENSE,PR,PR-Santana do Itararé,Paraná,1,Pequeno I,4.916
412402,4124020,41,Santa Tereza do Oeste,Sul,OESTE PARANAENSE,PR,PR-Santa Tereza do Oeste,Paraná,1,Pequeno I,10.055
412405,4124053,41,Santa Terezinha de Itaipu,Sul,OESTE PARANAENSE,PR,PR-Santa Terezinha de Itaipu,Paraná,2,Pequeno II,23.927
412410,4124103,41,Santo Antônio da Platina,Sul,NORTE PIONEIRO PARANAENSE,PR,PR-Santo Antônio da Platina,Paraná,2,Pequeno II,46.503
412420,4124202,41,Santo Antônio do Caiuá,Sul,NOROESTE PARANAENSE,PR,PR-Santo Antônio do Caiuá,Paraná,1,Pequeno I,2.611
412430,4124301,41,Santo Antônio do Paraíso,Sul,NORTE PIONEIRO PARANAENSE,PR,PR-Santo Antônio do Paraíso,Paraná,1,Pequeno I,2.032
412440,4124400,41,Santo Antônio do Sudoeste,Sul,SUDOESTE PARANAENSE,PR,PR-Santo Antônio do Sudoeste,Paraná,2,Pequeno II,20.354
412450,4124509,41,Santo Inácio,Sul,NORTE CENTRAL PARANAENSE,PR,PR-Santo Inácio,Paraná,1,Pequeno I,5.422
412460,4124608,41,São Carlos do Ivaí,Sul,NOROESTE PARANAENSE,PR,PR-São Carlos do Ivaí,Paraná,1,Pequeno I,6.961
412470,4124707,41,São Jerônimo da Serra,Sul,NORTE PIONEIRO PARANAENSE,PR,PR-São Jerônimo da Serra,Paraná,1,Pequeno I,11.088
412480,4124806,41,São João,Sul,SUDOESTE PARANAENSE,PR,PR-São João,Paraná,1,Pequeno I,10.122
412490,4124905,41,São João do Caiuá,Sul,NOROESTE PARANAENSE,PR,PR-São João do Caiuá,Paraná,1,Pequeno I,5.819
412500,4125001,41,São João do Ivaí,Sul,NORTE CENTRAL PARANAENSE,PR,PR-São João do Ivaí,Paraná,1,Pequeno I,9.897
412510,4125100,41,São João do Triunfo,Sul,SUDESTE PARANAENSE,PR,PR-São João do Triunfo,Paraná,1,Pequeno I,15.359
412520,4125209,41,São Jorge d'Oeste,Sul,SUDOESTE PARANAENSE,PR,PR-São Jorge d'Oeste,Paraná,1,Pequeno I,9.005
412530,4125308,41,São Jorge do Ivaí,Sul,NORTE CENTRAL PARANAENSE,PR,PR-São Jorge do Ivaí,Paraná,1,Pequeno I,5.535
412535,4125357,41,São Jorge do Patrocínio,Sul,NOROESTE PARANAENSE,PR,PR-São Jorge do Patrocínio,Paraná,1,Pequeno I,5.532
412540,4125407,41,São José da Boa Vista,Sul,NORTE PIONEIRO PARANAENSE,PR,PR-São José da Boa Vista,Paraná,1,Pequeno I,6.115
412545,4125456,41,São José das Palmeiras,Sul,OESTE PARANAENSE,PR,PR-São José das Palmeiras,Paraná,1,Pequeno I,3.601
412550,4125506,41,São José dos Pinhais,Sul,METROPOLITANA DE CURITIBA,PR,PR-São José dos Pinhais,Paraná,4,Grande,334.620
412555,4125555,41,São Manoel do Paraná,Sul,NOROESTE PARANAENSE,PR,PR-São Manoel do Paraná,Paraná,1,Pequeno I,2.165
412560,4125605,41,São Mateus do Sul,Sul,SUDESTE PARANAENSE,PR,PR-São Mateus do Sul,Paraná,2,Pequeno II,47.137
412570,4125704,41,São Miguel do Iguaçu,Sul,OESTE PARANAENSE,PR,PR-São Miguel do Iguaçu,Paraná,2,Pequeno II,27.696
412575,4125753,41,São Pedro do Iguaçu,Sul,OESTE PARANAENSE,PR,PR-São Pedro do Iguaçu,Paraná,1,Pequeno I,5.745
412580,4125803,41,São Pedro do Ivaí,Sul,NORTE CENTRAL PARANAENSE,PR,PR-São Pedro do Ivaí,Paraná,1,Pequeno I,11.109
412590,4125902,41,São Pedro do Paraná,Sul,NOROESTE PARANAENSE,PR,PR-São Pedro do Paraná,Paraná,1,Pequeno I,2.265
412600,4126009,41,São Sebastião da Amoreira,Sul,NORTE PIONEIRO PARANAENSE,PR,PR-São Sebastião da Amoreira,Paraná,1,Pequeno I,8.865
412610,4126108,41,São Tomé,Sul,NOROESTE PARANAENSE,PR,PR-São Tomé,Paraná,1,Pequeno I,5.778
412620,4126207,41,Sapopema,Sul,NORTE PIONEIRO PARANAENSE,PR,PR-Sapopema,Paraná,1,Pequeno I,6.708
412625,4126256,41,Sarandi,Sul,NORTE CENTRAL PARANAENSE,PR,PR-Sarandi,Paraná,4,Grande,98.888
412627,4126272,41,Saudade do Iguaçu,Sul,SUDOESTE PARANAENSE,PR,PR-Saudade do Iguaçu,Paraná,1,Pequeno I,5.578
412630,4126306,41,Sengés,Sul,CENTRO ORIENTAL PARANAENSE,PR,PR-Sengés,Paraná,1,Pequeno I,19.441
412635,4126355,41,Serranópolis do Iguaçu,Sul,OESTE PARANAENSE,PR,PR-Serranópolis do Iguaçu,Paraná,1,Pequeno I,4.460
412640,4126405,41,Sertaneja,Sul,NORTE PIONEIRO PARANAENSE,PR,PR-Sertaneja,Paraná,1,Pequeno I,5.149
412650,4126504,41,Sertanópolis,Sul,NORTE CENTRAL PARANAENSE,PR,PR-Sertanópolis,Paraná,1,Pequeno I,16.456
412660,4126603,41,Siqueira Campos,Sul,NORTE PIONEIRO PARANAENSE,PR,PR-Siqueira Campos,Paraná,2,Pequeno II,21.476
412665,4126652,41,Sulina,Sul,SUDOESTE PARANAENSE,PR,PR-Sulina,Paraná,1,Pequeno I,2.880
412667,4126678,41,Tamarana,Sul,NORTE CENTRAL PARANAENSE,PR,PR-Tamarana,Paraná,1,Pequeno I,15.277
412670,4126702,41,Tamboara,Sul,NOROESTE PARANAENSE,PR,PR-Tamboara,Paraná,1,Pequeno I,5.196
412680,4126801,41,Tapejara,Sul,NOROESTE PARANAENSE,PR,PR-Tapejara,Paraná,1,Pequeno I,16.480
412690,4126900,41,Tapira,Sul,NOROESTE PARANAENSE,PR,PR-Tapira,Paraná,1,Pequeno I,5.452
412700,4127007,41,Teixeira Soares,Sul,SUDESTE PARANAENSE,PR,PR-Teixeira Soares,Paraná,1,Pequeno I,12.761
412710,4127106,41,Telêmaco Borba,Sul,CENTRO ORIENTAL PARANAENSE,PR,PR-Telêmaco Borba,Paraná,3,Médio,80.588
412720,4127205,41,Terra Boa,Sul,CENTRO OCIDENTAL PARANAENSE,PR,PR-Terra Boa,Paraná,1,Pequeno I,17.304
412730,4127304,41,Terra Rica,Sul,NOROESTE PARANAENSE,PR,PR-Terra Rica,Paraná,1,Pequeno I,17.054
412740,4127403,41,Terra Roxa,Sul,OESTE PARANAENSE,PR,PR-Terra Roxa,Paraná,1,Pequeno I,17.562
412750,4127502,41,Tibagi,Sul,CENTRO ORIENTAL PARANAENSE,PR,PR-Tibagi,Paraná,1,Pequeno I,20.688
412760,4127601,41,Tijucas do Sul,Sul,METROPOLITANA DE CURITIBA,PR,PR-Tijucas do Sul,Paraná,1,Pequeno I,17.295
412770,4127700,41,Toledo,Sul,OESTE PARANAENSE,PR,PR-Toledo,Paraná,4,Grande,144.601
412780,4127809,41,Tomazina,Sul,NORTE PIONEIRO PARANAENSE,PR,PR-Tomazina,Paraná,1,Pequeno I,7.699
412785,4127858,41,Três Barras do Paraná,Sul,OESTE PARANAENSE,PR,PR-Três Barras do Paraná,Paraná,1,Pequeno I,12.036
412788,4127882,41,Tunas do Paraná,Sul,METROPOLITANA DE CURITIBA,PR,PR-Tunas do Paraná,Paraná,1,Pequeno I,9.269
412790,4127908,41,Tuneiras do Oeste,Sul,NOROESTE PARANAENSE,PR,PR-Tuneiras do Oeste,Paraná,1,Pequeno I,8.502
412795,4127957,41,Tupãssi,Sul,OESTE PARANAENSE,PR,PR-Tupãssi,Paraná,1,Pequeno I,8.105
412796,4127965,41,Turvo,Sul,CENTRO-SUL PARANAENSE,PR,PR-Turvo,Paraná,1,Pequeno I,12.977
412800,4128005,41,Ubiratã,Sul,CENTRO OCIDENTAL PARANAENSE,PR,PR-Ubiratã,Paraná,2,Pequeno II,20.809
412810,4128104,41,Umuarama,Sul,NOROESTE PARANAENSE,PR,PR-Umuarama,Paraná,4,Grande,113.416
412820,4128203,41,União da Vitória,Sul,SUDESTE PARANAENSE,PR,PR-União da Vitória,Paraná,3,Médio,58.298
412830,4128302,41,Uniflor,Sul,NORTE CENTRAL PARANAENSE,PR,PR-Uniflor,Paraná,1,Pequeno I,2.623
412840,4128401,41,Uraí,Sul,NORTE PIONEIRO PARANAENSE,PR,PR-Uraí,Paraná,1,Pequeno I,11.233
412850,4128500,41,Wenceslau Braz,Sul,NORTE PIONEIRO PARANAENSE,PR,PR-Wenceslau Braz,Paraná,1,Pequeno I,19.358
412853,4128534,41,Ventania,Sul,CENTRO ORIENTAL PARANAENSE,PR,PR-Ventania,Paraná,1,Pequeno I,12.267
412855,4128559,41,Vera Cruz do Oeste,Sul,OESTE PARANAENSE,PR,PR-Vera Cruz do Oeste,Paraná,1,Pequeno I,8.389
412860,4128609,41,Verê,Sul,SUDOESTE PARANAENSE,PR,PR-Verê,Paraná,1,Pequeno I,7.094
412862,4128625,41,Alto Paraíso,Sul,NOROESTE PARANAENSE,PR,PR-Alto Paraíso,Paraná,1,Pequeno I,2.630
412863,4128633,41,Doutor Ulysses,Sul,METROPOLITANA DE CURITIBA,PR,PR-Doutor Ulysses,Paraná,1,Pequeno I,5.525
412865,4128658,41,Virmond,Sul,CENTRO-SUL PARANAENSE,PR,PR-Virmond,Paraná,1,Pequeno I,4.051
412870,4128708,41,Vitorino,Sul,SUDOESTE PARANAENSE,PR,PR-Vitorino,Paraná,1,Pequeno I,6.879
412880,4128807,41,Xambrê,Sul,NOROESTE PARANAENSE,PR,PR-Xambrê,Paraná,1,Pequeno I,5.584
420005,4200051,42,Abdon Batista,Sul,SERRANA,SC,SC-Abdon Batista,Santa Catarina,1,Pequeno I,2.534
420010,4200101,42,Abelardo Luz,Sul,OESTE CATARINENSE,SC,SC-Abelardo Luz,Santa Catarina,1,Pequeno I,18.015
420020,4200200,42,Agrolândia,Sul,VALE DO ITAJAI,SC,SC-Agrolândia,Santa Catarina,1,Pequeno I,11.160
420030,4200309,42,Agronômica,Sul,VALE DO ITAJAI,SC,SC-Agronômica,Santa Catarina,1,Pequeno I,5.570
420040,4200408,42,Água Doce,Sul,OESTE CATARINENSE,SC,SC-Água Doce,Santa Catarina,1,Pequeno I,7.160
420050,4200507,42,Águas de Chapecó,Sul,OESTE CATARINENSE,SC,SC-Águas de Chapecó,Santa Catarina,1,Pequeno I,6.544
420055,4200556,42,Águas Frias,Sul,OESTE CATARINENSE,SC,SC-Águas Frias,Santa Catarina,1,Pequeno I,2.341
420060,4200606,42,Águas Mornas,Sul,GRANDE FLORIANOPOLIS,SC,SC-Águas Mornas,Santa Catarina,1,Pequeno I,6.646
420070,4200705,42,Alfredo Wagner,Sul,GRANDE FLORIANOPOLIS,SC,SC-Alfredo Wagner,Santa Catarina,1,Pequeno I,10.136
420075,4200754,42,Alto Bela Vista,Sul,OESTE CATARINENSE,SC,SC-Alto Bela Vista,Santa Catarina,1,Pequeno I,1.915
420080,4200804,42,Anchieta,Sul,OESTE CATARINENSE,SC,SC-Anchieta,Santa Catarina,1,Pequeno I,5.477
420090,4200903,42,Angelina,Sul,GRANDE FLORIANOPOLIS,SC,SC-Angelina,Santa Catarina,1,Pequeno I,4.686
420100,4201000,42,Anita Garibaldi,Sul,SERRANA,SC,SC-Anita Garibaldi,Santa Catarina,1,Pequeno I,6.783
420110,4201109,42,Anitápolis,Sul,GRANDE FLORIANOPOLIS,SC,SC-Anitápolis,Santa Catarina,1,Pequeno I,3.223
420120,4201208,42,Antônio Carlos,Sul,GRANDE FLORIANOPOLIS,SC,SC-Antônio Carlos,Santa Catarina,1,Pequeno I,8.712
420125,4201257,42,Apiúna,Sul,VALE DO ITAJAI,SC,SC-Apiúna,Santa Catarina,1,Pequeno I,10.951
420127,4201273,42,Arabutã,Sul,OESTE CATARINENSE,SC,SC-Arabutã,Santa Catarina,1,Pequeno I,4.268
420130,4201307,42,Araquari,Sul,NORTE CATARINENSE,SC,SC-Araquari,Santa Catarina,2,Pequeno II,40.890
420140,4201406,42,Araranguá,Sul,SUL CATARINENSE,SC,SC-Araranguá,Santa Catarina,3,Médio,69.493
420150,4201505,42,Armazém,Sul,SUL CATARINENSE,SC,SC-Armazém,Santa Catarina,1,Pequeno I,8.843
420160,4201604,42,Arroio Trinta,Sul,OESTE CATARINENSE,SC,SC-Arroio Trinta,Santa Catarina,1,Pequeno I,3.547
420165,4201653,42,Arvoredo,Sul,OESTE CATARINENSE,SC,SC-Arvoredo,Santa Catarina,1,Pequeno I,2.228
420170,4201703,42,Ascurra,Sul,VALE DO ITAJAI,SC,SC-Ascurra,Santa Catarina,1,Pequeno I,8.021
420180,4201802,42,Atalanta,Sul,VALE DO ITAJAI,SC,SC-Atalanta,Santa Catarina,1,Pequeno I,3.179
420190,4201901,42,Aurora,Sul,VALE DO ITAJAI,SC,SC-Aurora,Santa Catarina,1,Pequeno I,5.687
420195,4201950,42,Balneário Arroio do Silva,Sul,SUL CATARINENSE,SC,SC-Balneário Arroio do Silva,Santa Catarina,1,Pequeno I,13.782
420200,4202008,42,Balneário Camboriú,Sul,VALE DO ITAJAI,SC,SC-Balneário Camboriú,Santa Catarina,4,Grande,149.227
420205,4202057,42,Balneário Barra do Sul,Sul,NORTE CATARINENSE,SC,SC-Balneário Barra do Sul,Santa Catarina,1,Pequeno I,11.271
420207,4202073,42,Balneário Gaivota,Sul,SUL CATARINENSE,SC,SC-Balneário Gaivota,Santa Catarina,1,Pequeno I,11.537
420208,4202081,42,Bandeirante,Sul,OESTE CATARINENSE,SC,SC-Bandeirante,Santa Catarina,1,Pequeno I,2.618
420209,4202099,42,Barra Bonita,Sul,OESTE CATARINENSE,SC,SC-Barra Bonita,Santa Catarina,1,Pequeno I,1.625
420210,4202107,42,Barra Velha,Sul,VALE DO ITAJAI,SC,SC-Barra Velha,Santa Catarina,2,Pequeno II,30.539
420213,4202131,42,Bela Vista do Toldo,Sul,NORTE CATARINENSE,SC,SC-Bela Vista do Toldo,Santa Catarina,1,Pequeno I,6.386
420215,4202156,42,Belmonte,Sul,OESTE CATARINENSE,SC,SC-Belmonte,Santa Catarina,1,Pequeno I,2.712
420220,4202206,42,Benedito Novo,Sul,VALE DO ITAJAI,SC,SC-Benedito Novo,Santa Catarina,1,Pequeno I,11.896
420230,4202305,42,Biguaçu,Sul,GRANDE FLORIANOPOLIS,SC,SC-Biguaçu,Santa Catarina,3,Médio,70.471
420240,4202404,42,Blumenau,Sul,VALE DO ITAJAI,SC,SC-Blumenau,Santa Catarina,4,Grande,366.418
420243,4202438,42,Bocaina do Sul,Sul,SERRANA,SC,SC-Bocaina do Sul,Santa Catarina,1,Pequeno I,3.501
420245,4202453,42,Bombinhas,Sul,VALE DO ITAJAI,SC,SC-Bombinhas,Santa Catarina,2,Pequeno II,20.889
420250,4202503,42,Bom Jardim da Serra,Sul,SERRANA,SC,SC-Bom Jardim da Serra,Santa Catarina,1,Pequeno I,4.801
420253,4202537,42,Bom Jesus,Sul,OESTE CATARINENSE,SC,SC-Bom Jesus,Santa Catarina,1,Pequeno I,3.104
420257,4202578,42,Bom Jesus do Oeste,Sul,OESTE CATARINENSE,SC,SC-Bom Jesus do Oeste,Santa Catarina,1,Pequeno I,2.136
420260,4202602,42,Bom Retiro,Sul,SERRANA,SC,SC-Bom Retiro,Santa Catarina,1,Pequeno I,10.153
420270,4202701,42,Botuverá,Sul,VALE DO ITAJAI,SC,SC-Botuverá,Santa Catarina,1,Pequeno I,5.396
420280,4202800,42,Braço do Norte,Sul,SUL CATARINENSE,SC,SC-Braço do Norte,Santa Catarina,2,Pequeno II,34.294
420285,4202859,42,Braço do Trombudo,Sul,VALE DO ITAJAI,SC,SC-Braço do Trombudo,Santa Catarina,1,Pequeno I,3.794
420287,4202875,42,Brunópolis,Sul,SERRANA,SC,SC-Brunópolis,Santa Catarina,1,Pequeno I,2.318
420290,4202909,42,Brusque,Sul,VALE DO ITAJAI,SC,SC-Brusque,Santa Catarina,4,Grande,140.597
420300,4203006,42,Caçador,Sul,OESTE CATARINENSE,SC,SC-Caçador,Santa Catarina,3,Médio,80.017
420310,4203105,42,Caibi,Sul,OESTE CATARINENSE,SC,SC-Caibi,Santa Catarina,1,Pequeno I,6.112
420315,4203154,42,Calmon,Sul,OESTE CATARINENSE,SC,SC-Calmon,Santa Catarina,1,Pequeno I,3.325
420320,4203204,42,Camboriú,Sul,VALE DO ITAJAI,SC,SC-Camboriú,Santa Catarina,4,Grande,87.179
420325,4203253,42,Capão Alto,Sul,SERRANA,SC,SC-Capão Alto,Santa Catarina,1,Pequeno I,2.467
420330,4203303,42,Campo Alegre,Sul,NORTE CATARINENSE,SC,SC-Campo Alegre,Santa Catarina,1,Pequeno I,11.985
420340,4203402,42,Campo Belo do Sul,Sul,SERRANA,SC,SC-Campo Belo do Sul,Santa Catarina,1,Pequeno I,6.889
420350,4203501,42,Campo Erê,Sul,OESTE CATARINENSE,SC,SC-Campo Erê,Santa Catarina,1,Pequeno I,8.312
420360,4203600,42,Campos Novos,Sul,SERRANA,SC,SC-Campos Novos,Santa Catarina,2,Pequeno II,36.861
420370,4203709,42,Canelinha,Sul,GRANDE FLORIANOPOLIS,SC,SC-Canelinha,Santa Catarina,1,Pequeno I,12.553
420380,4203808,42,Canoinhas,Sul,NORTE CATARINENSE,SC,SC-Canoinhas,Santa Catarina,3,Médio,54.558
420390,4203907,42,Capinzal,Sul,OESTE CATARINENSE,SC,SC-Capinzal,Santa Catarina,2,Pequeno II,23.218
420395,4203956,42,Capivari de Baixo,Sul,SUL CATARINENSE,SC,SC-Capivari de Baixo,Santa Catarina,2,Pequeno II,25.477
420400,4204004,42,Catanduvas,Sul,OESTE CATARINENSE,SC,SC-Catanduvas,Santa Catarina,1,Pequeno I,11.106
420410,4204103,42,Caxambu do Sul,Sul,OESTE CATARINENSE,SC,SC-Caxambu do Sul,Santa Catarina,1,Pequeno I,3.462
420415,4204152,42,Celso Ramos,Sul,SERRANA,SC,SC-Celso Ramos,Santa Catarina,1,Pequeno I,2.709
420417,4204178,42,Cerro Negro,Sul,SERRANA,SC,SC-Cerro Negro,Santa Catarina,1,Pequeno I,3.013
420419,4204194,42,Chapadão do Lageado,Sul,VALE DO ITAJAI,SC,SC-Chapadão do Lageado,Santa Catarina,1,Pequeno I,3.025
420420,4204202,42,Chapecó,Sul,OESTE CATARINENSE,SC,SC-Chapecó,Santa Catarina,4,Grande,227.587
420425,4204251,42,Cocal do Sul,Sul,SUL CATARINENSE,SC,SC-Cocal do Sul,Santa Catarina,1,Pequeno I,16.956
420430,4204301,42,Concórdia,Sul,OESTE CATARINENSE,SC,SC-Concórdia,Santa Catarina,3,Médio,75.683
420435,4204350,42,Cordilheira Alta,Sul,OESTE CATARINENSE,SC,SC-Cordilheira Alta,Santa Catarina,1,Pequeno I,4.585
420440,4204400,42,Coronel Freitas,Sul,OESTE CATARINENSE,SC,SC-Coronel Freitas,Santa Catarina,1,Pequeno I,9.900
420445,4204459,42,Coronel Martins,Sul,OESTE CATARINENSE,SC,SC-Coronel Martins,Santa Catarina,1,Pequeno I,2.560
420450,4204509,42,Corupá,Sul,NORTE CATARINENSE,SC,SC-Corupá,Santa Catarina,1,Pequeno I,16.300
420455,4204558,42,Correia Pinto,Sul,SERRANA,SC,SC-Correia Pinto,Santa Catarina,1,Pequeno I,12.315
420460,4204608,42,Criciúma,Sul,SUL CATARINENSE,SC,SC-Criciúma,Santa Catarina,4,Grande,219.393
420470,4204707,42,Cunha Porã,Sul,OESTE CATARINENSE,SC,SC-Cunha Porã,Santa Catarina,1,Pequeno I,11.150
420475,4204756,42,Cunhataí,Sul,OESTE CATARINENSE,SC,SC-Cunhataí,Santa Catarina,1,Pequeno I,1.972
420480,4204806,42,Curitibanos,Sul,SERRANA,SC,SC-Curitibanos,Santa Catarina,2,Pequeno II,40.037
420490,4204905,42,Descanso,Sul,OESTE CATARINENSE,SC,SC-Descanso,Santa Catarina,1,Pequeno I,8.136
420500,4205001,42,Dionísio Cerqueira,Sul,OESTE CATARINENSE,SC,SC-Dionísio Cerqueira,Santa Catarina,1,Pequeno I,15.592
420510,4205100,42,Dona Emma,Sul,VALE DO ITAJAI,SC,SC-Dona Emma,Santa Catarina,1,Pequeno I,4.224
420515,4205159,42,Doutor Pedrinho,Sul,VALE DO ITAJAI,SC,SC-Doutor Pedrinho,Santa Catarina,1,Pequeno I,4.164
420517,4205175,42,Entre Rios,Sul,OESTE CATARINENSE,SC,SC-Entre Rios,Santa Catarina,1,Pequeno I,3.232
420519,4205191,42,Ermo,Sul,SUL CATARINENSE,SC,SC-Ermo,Santa Catarina,1,Pequeno I,2.059
420520,4205209,42,Erval Velho,Sul,OESTE CATARINENSE,SC,SC-Erval Velho,Santa Catarina,1,Pequeno I,4.423
420530,4205308,42,Faxinal dos Guedes,Sul,OESTE CATARINENSE,SC,SC-Faxinal dos Guedes,Santa Catarina,1,Pequeno I,10.630
420535,4205357,42,Flor do Sertão,Sul,OESTE CATARINENSE,SC,SC-Flor do Sertão,Santa Catarina,1,Pequeno I,1.575
420540,4205407,42,Florianópolis,Sul,GRANDE FLORIANOPOLIS,SC,SC-Florianópolis,Santa Catarina,4,Grande,516.524
420543,4205431,42,Formosa do Sul,Sul,OESTE CATARINENSE,SC,SC-Formosa do Sul,Santa Catarina,1,Pequeno I,2.481
420545,4205456,42,Forquilhinha,Sul,SUL CATARINENSE,SC,SC-Forquilhinha,Santa Catarina,2,Pequeno II,27.621
420550,4205506,42,Fraiburgo,Sul,OESTE CATARINENSE,SC,SC-Fraiburgo,Santa Catarina,2,Pequeno II,36.723
420555,4205555,42,Frei Rogério,Sul,SERRANA,SC,SC-Frei Rogério,Santa Catarina,1,Pequeno I,1.918
420560,4205605,42,Galvão,Sul,OESTE CATARINENSE,SC,SC-Galvão,Santa Catarina,1,Pequeno I,2.711
420570,4205704,42,Garopaba,Sul,SUL CATARINENSE,SC,SC-Garopaba,Santa Catarina,2,Pequeno II,24.070
420580,4205803,42,Garuva,Sul,NORTE CATARINENSE,SC,SC-Garuva,Santa Catarina,1,Pequeno I,18.816
420590,4205902,42,Gaspar,Sul,VALE DO ITAJAI,SC,SC-Gaspar,Santa Catarina,3,Médio,71.925
420600,4206009,42,Governador Celso Ramos,Sul,GRANDE FLORIANOPOLIS,SC,SC-Governador Celso Ramos,Santa Catarina,1,Pequeno I,14.739
420610,4206108,42,Grão Pará,Sul,SUL CATARINENSE,SC,SC-Grão Pará,Santa Catarina,1,Pequeno I,6.621
420620,4206207,42,Gravatal,Sul,SUL CATARINENSE,SC,SC-Gravatal,Santa Catarina,1,Pequeno I,11.652
420630,4206306,42,Guabiruba,Sul,VALE DO ITAJAI,SC,SC-Guabiruba,Santa Catarina,2,Pequeno II,24.922
420640,4206405,42,Guaraciaba,Sul,OESTE CATARINENSE,SC,SC-Guaraciaba,Santa Catarina,1,Pequeno I,9.964
420650,4206504,42,Guaramirim,Sul,NORTE CATARINENSE,SC,SC-Guaramirim,Santa Catarina,2,Pequeno II,46.757
420660,4206603,42,Guarujá do Sul,Sul,OESTE CATARINENSE,SC,SC-Guarujá do Sul,Santa Catarina,1,Pequeno I,5.196
420665,4206652,42,Guatambú,Sul,OESTE CATARINENSE,SC,SC-Guatambú,Santa Catarina,1,Pequeno I,4.692
420670,4206702,42,Herval d'Oeste,Sul,OESTE CATARINENSE,SC,SC-Herval d'Oeste,Santa Catarina,2,Pequeno II,22.820
420675,4206751,42,Ibiam,Sul,OESTE CATARINENSE,SC,SC-Ibiam,Santa Catarina,1,Pequeno I,1.952
420680,4206801,42,Ibicaré,Sul,OESTE CATARINENSE,SC,SC-Ibicaré,Santa Catarina,1,Pequeno I,3.154
420690,4206900,42,Ibirama,Sul,VALE DO ITAJAI,SC,SC-Ibirama,Santa Catarina,1,Pequeno I,19.238
420700,4207007,42,Içara,Sul,SUL CATARINENSE,SC,SC-Içara,Santa Catarina,3,Médio,58.055
420710,4207106,42,Ilhota,Sul,VALE DO ITAJAI,SC,SC-Ilhota,Santa Catarina,1,Pequeno I,14.531
420720,4207205,42,Imaruí,Sul,SUL CATARINENSE,SC,SC-Imaruí,Santa Catarina,1,Pequeno I,9.764
420730,4207304,42,Imbituba,Sul,SUL CATARINENSE,SC,SC-Imbituba,Santa Catarina,3,Médio,45.711
420740,4207403,42,Imbuia,Sul,VALE DO ITAJAI,SC,SC-Imbuia,Santa Catarina,1,Pequeno I,6.284
420750,4207502,42,Indaial,Sul,VALE DO ITAJAI,SC,SC-Indaial,Santa Catarina,3,Médio,72.346
420757,4207577,42,Iomerê,Sul,OESTE CATARINENSE,SC,SC-Iomerê,Santa Catarina,1,Pequeno I,2.979
420760,4207601,42,Ipira,Sul,OESTE CATARINENSE,SC,SC-Ipira,Santa Catarina,1,Pequeno I,4.367
420765,4207650,42,Iporã do Oeste,Sul,OESTE CATARINENSE,SC,SC-Iporã do Oeste,Santa Catarina,1,Pequeno I,9.093
420768,4207684,42,Ipuaçu,Sul,OESTE CATARINENSE,SC,SC-Ipuaçu,Santa Catarina,1,Pequeno I,7.643
420770,4207700,42,Ipumirim,Sul,OESTE CATARINENSE,SC,SC-Ipumirim,Santa Catarina,1,Pequeno I,7.647
420775,4207759,42,Iraceminha,Sul,OESTE CATARINENSE,SC,SC-Iraceminha,Santa Catarina,1,Pequeno I,3.901
420780,4207809,42,Irani,Sul,OESTE CATARINENSE,SC,SC-Irani,Santa Catarina,1,Pequeno I,10.575
420785,4207858,42,Irati,Sul,OESTE CATARINENSE,SC,SC-Irati,Santa Catarina,1,Pequeno I,1.887
420790,4207908,42,Irineópolis,Sul,NORTE CATARINENSE,SC,SC-Irineópolis,Santa Catarina,1,Pequeno I,11.354
420800,4208005,42,Itá,Sul,OESTE CATARINENSE,SC,SC-Itá,Santa Catarina,1,Pequeno I,6.091
420810,4208104,42,Itaiópolis,Sul,NORTE CATARINENSE,SC,SC-Itaiópolis,Santa Catarina,2,Pequeno II,21.889
420820,4208203,42,Itajaí,Sul,VALE DO ITAJAI,SC,SC-Itajaí,Santa Catarina,4,Grande,226.617
420830,4208302,42,Itapema,Sul,VALE DO ITAJAI,SC,SC-Itapema,Santa Catarina,3,Médio,69.323
420840,4208401,42,Itapiranga,Sul,OESTE CATARINENSE,SC,SC-Itapiranga,Santa Catarina,1,Pequeno I,17.139
420845,4208450,42,Itapoá,Sul,NORTE CATARINENSE,SC,SC-Itapoá,Santa Catarina,2,Pequeno II,21.766
420850,4208500,42,Ituporanga,Sul,VALE DO ITAJAI,SC,SC-Ituporanga,Santa Catarina,2,Pequeno II,25.619
420860,4208609,42,Jaborá,Sul,OESTE CATARINENSE,SC,SC-Jaborá,Santa Catarina,1,Pequeno I,3.899
420870,4208708,42,Jacinto Machado,Sul,SUL CATARINENSE,SC,SC-Jacinto Machado,Santa Catarina,1,Pequeno I,10.337
420880,4208807,42,Jaguaruna,Sul,SUL CATARINENSE,SC,SC-Jaguaruna,Santa Catarina,2,Pequeno II,20.547
420890,4208906,42,Jaraguá do Sul,Sul,NORTE CATARINENSE,SC,SC-Jaraguá do Sul,Santa Catarina,4,Grande,184.579
420895,4208955,42,Jardinópolis,Sul,OESTE CATARINENSE,SC,SC-Jardinópolis,Santa Catarina,1,Pequeno I,1.520
420900,4209003,42,Joaçaba,Sul,OESTE CATARINENSE,SC,SC-Joaçaba,Santa Catarina,2,Pequeno II,30.684
420910,4209102,42,Joinville,Sul,NORTE CATARINENSE,SC,SC-Joinville,Santa Catarina,4,Grande,604.708
420915,4209151,42,José Boiteux,Sul,VALE DO ITAJAI,SC,SC-José Boiteux,Santa Catarina,1,Pequeno I,5.019
420917,4209177,42,Jupiá,Sul,OESTE CATARINENSE,SC,SC-Jupiá,Santa Catarina,1,Pequeno I,2.083
420920,4209201,42,Lacerdópolis,Sul,OESTE CATARINENSE,SC,SC-Lacerdópolis,Santa Catarina,1,Pequeno I,2.248
420930,4209300,42,Lages,Sul,SERRANA,SC,SC-Lages,Santa Catarina,4,Grande,157.158
420940,4209409,42,Laguna,Sul,SUL CATARINENSE,SC,SC-Laguna,Santa Catarina,2,Pequeno II,46.424
420945,4209458,42,Lajeado Grande,Sul,OESTE CATARINENSE,SC,SC-Lajeado Grande,Santa Catarina,1,Pequeno I,1.408
420950,4209508,42,Laurentino,Sul,VALE DO ITAJAI,SC,SC-Laurentino,Santa Catarina,1,Pequeno I,7.154
420960,4209607,42,Lauro Müller,Sul,SUL CATARINENSE,SC,SC-Lauro Müller,Santa Catarina,1,Pequeno I,15.380
420970,4209706,42,Lebon Régis,Sul,OESTE CATARINENSE,SC,SC-Lebon Régis,Santa Catarina,1,Pequeno I,12.122
420980,4209805,42,Leoberto Leal,Sul,GRANDE FLORIANOPOLIS,SC,SC-Leoberto Leal,Santa Catarina,1,Pequeno I,2.960
420985,4209854,42,Lindóia do Sul,Sul,OESTE CATARINENSE,SC,SC-Lindóia do Sul,Santa Catarina,1,Pequeno I,4.530
420990,4209904,42,Lontras,Sul,VALE DO ITAJAI,SC,SC-Lontras,Santa Catarina,1,Pequeno I,12.497
421000,4210001,42,Luiz Alves,Sul,VALE DO ITAJAI,SC,SC-Luiz Alves,Santa Catarina,1,Pequeno I,13.347
421003,4210035,42,Luzerna,Sul,OESTE CATARINENSE,SC,SC-Luzerna,Santa Catarina,1,Pequeno I,5.683
421005,4210050,42,Macieira,Sul,OESTE CATARINENSE,SC,SC-Macieira,Santa Catarina,1,Pequeno I,1.757
421010,4210100,42,Mafra,Sul,NORTE CATARINENSE,SC,SC-Mafra,Santa Catarina,3,Médio,56.825
421020,4210209,42,Major Gercino,Sul,GRANDE FLORIANOPOLIS,SC,SC-Major Gercino,Santa Catarina,1,Pequeno I,3.465
421030,4210308,42,Major Vieira,Sul,NORTE CATARINENSE,SC,SC-Major Vieira,Santa Catarina,1,Pequeno I,8.209
421040,4210407,42,Maracajá,Sul,SUL CATARINENSE,SC,SC-Maracajá,Santa Catarina,1,Pequeno I,7.461
421050,4210506,42,Maravilha,Sul,OESTE CATARINENSE,SC,SC-Maravilha,Santa Catarina,2,Pequeno II,26.463
421055,4210555,42,Marema,Sul,OESTE CATARINENSE,SC,SC-Marema,Santa Catarina,1,Pequeno I,1.703
421060,4210605,42,Massaranduba,Sul,NORTE CATARINENSE,SC,SC-Massaranduba,Santa Catarina,1,Pequeno I,17.330
421070,4210704,42,Matos Costa,Sul,OESTE CATARINENSE,SC,SC-Matos Costa,Santa Catarina,1,Pequeno I,2.442
421080,4210803,42,Meleiro,Sul,SUL CATARINENSE,SC,SC-Meleiro,Santa Catarina,1,Pequeno I,6.989
421085,4210852,42,Mirim Doce,Sul,VALE DO ITAJAI,SC,SC-Mirim Doce,Santa Catarina,1,Pequeno I,2.257
421090,4210902,42,Modelo,Sul,OESTE CATARINENSE,SC,SC-Modelo,Santa Catarina,1,Pequeno I,4.227
421100,4211009,42,Mondaí,Sul,OESTE CATARINENSE,SC,SC-Mondaí,Santa Catarina,1,Pequeno I,12.034
421105,4211058,42,Monte Carlo,Sul,SERRANA,SC,SC-Monte Carlo,Santa Catarina,1,Pequeno I,9.945
421110,4211108,42,Monte Castelo,Sul,NORTE CATARINENSE,SC,SC-Monte Castelo,Santa Catarina,1,Pequeno I,8.263
421120,4211207,42,Morro da Fumaça,Sul,SUL CATARINENSE,SC,SC-Morro da Fumaça,Santa Catarina,1,Pequeno I,18.095
421125,4211256,42,Morro Grande,Sul,SUL CATARINENSE,SC,SC-Morro Grande,Santa Catarina,1,Pequeno I,2.884
421130,4211306,42,Navegantes,Sul,VALE DO ITAJAI,SC,SC-Navegantes,Santa Catarina,3,Médio,85.734
421140,4211405,42,Nova Erechim,Sul,OESTE CATARINENSE,SC,SC-Nova Erechim,Santa Catarina,1,Pequeno I,5.163
421145,4211454,42,Nova Itaberaba,Sul,OESTE CATARINENSE,SC,SC-Nova Itaberaba,Santa Catarina,1,Pequeno I,4.327
421150,4211504,42,Nova Trento,Sul,GRANDE FLORIANOPOLIS,SC,SC-Nova Trento,Santa Catarina,1,Pequeno I,15.010
421160,4211603,42,Nova Veneza,Sul,SUL CATARINENSE,SC,SC-Nova Veneza,Santa Catarina,1,Pequeno I,15.515
421165,4211652,42,Novo Horizonte,Sul,OESTE CATARINENSE,SC,SC-Novo Horizonte,Santa Catarina,1,Pequeno I,2.366
421170,4211702,42,Orleans,Sul,SUL CATARINENSE,SC,SC-Orleans,Santa Catarina,2,Pequeno II,23.161
421175,4211751,42,Otacílio Costa,Sul,SERRANA,SC,SC-Otacílio Costa,Santa Catarina,1,Pequeno I,19.201
421180,4211801,42,Ouro,Sul,OESTE CATARINENSE,SC,SC-Ouro,Santa Catarina,1,Pequeno I,7.251
421185,4211850,42,Ouro Verde,Sul,OESTE CATARINENSE,SC,SC-Ouro Verde,Santa Catarina,1,Pequeno I,2.197
421187,4211876,42,Paial,Sul,OESTE CATARINENSE,SC,SC-Paial,Santa Catarina,1,Pequeno I,1.444
421189,4211892,42,Painel,Sul,SERRANA,SC,SC-Painel,Santa Catarina,1,Pequeno I,2.352
421190,4211900,42,Palhoça,Sul,GRANDE FLORIANOPOLIS,SC,SC-Palhoça,Santa Catarina,4,Grande,178.679
421200,4212007,42,Palma Sola,Sul,OESTE CATARINENSE,SC,SC-Palma Sola,Santa Catarina,1,Pequeno I,7.321
421205,4212056,42,Palmeira,Sul,SERRANA,SC,SC-Palmeira,Santa Catarina,1,Pequeno I,2.673
421210,4212106,42,Palmitos,Sul,OESTE CATARINENSE,SC,SC-Palmitos,Santa Catarina,1,Pequeno I,16.144
421220,4212205,42,Papanduva,Sul,NORTE CATARINENSE,SC,SC-Papanduva,Santa Catarina,1,Pequeno I,19.521
421223,4212239,42,Paraíso,Sul,OESTE CATARINENSE,SC,SC-Paraíso,Santa Catarina,1,Pequeno I,3.284
421225,4212254,42,Passo de Torres,Sul,SUL CATARINENSE,SC,SC-Passo de Torres,Santa Catarina,1,Pequeno I,9.269
421227,4212270,42,Passos Maia,Sul,OESTE CATARINENSE,SC,SC-Passos Maia,Santa Catarina,1,Pequeno I,4.072
421230,4212304,42,Paulo Lopes,Sul,GRANDE FLORIANOPOLIS,SC,SC-Paulo Lopes,Santa Catarina,1,Pequeno I,7.642
421240,4212403,42,Pedras Grandes,Sul,SUL CATARINENSE,SC,SC-Pedras Grandes,Santa Catarina,1,Pequeno I,3.931
421250,4212502,42,Penha,Sul,VALE DO ITAJAI,SC,SC-Penha,Santa Catarina,2,Pequeno II,34.022
421260,4212601,42,Peritiba,Sul,OESTE CATARINENSE,SC,SC-Peritiba,Santa Catarina,1,Pequeno I,2.733
421265,4212650,42,Pescaria Brava,Sul,SUL CATARINENSE,SC,SC-Pescaria Brava,Santa Catarina,1,Pequeno I,10.225
421270,4212700,42,Petrolândia,Sul,VALE DO ITAJAI,SC,SC-Petrolândia,Santa Catarina,1,Pequeno I,5.873
421280,4212809,42,Balneário Piçarras,Sul,VALE DO ITAJAI,SC,SC-Balneário Piçarras,Santa Catarina,2,Pequeno II,24.385
421290,4212908,42,Pinhalzinho,Sul,OESTE CATARINENSE,SC,SC-Pinhalzinho,Santa Catarina,2,Pequeno II,21.103
421300,4213005,42,Pinheiro Preto,Sul,OESTE CATARINENSE,SC,SC-Pinheiro Preto,Santa Catarina,1,Pequeno I,3.635
421310,4213104,42,Piratuba,Sul,OESTE CATARINENSE,SC,SC-Piratuba,Santa Catarina,1,Pequeno I,3.637
421315,4213153,42,Planalto Alegre,Sul,OESTE CATARINENSE,SC,SC-Planalto Alegre,Santa Catarina,1,Pequeno I,2.907
421320,4213203,42,Pomerode,Sul,VALE DO ITAJAI,SC,SC-Pomerode,Santa Catarina,2,Pequeno II,34.561
421330,4213302,42,Ponte Alta,Sul,SERRANA,SC,SC-Ponte Alta,Santa Catarina,1,Pequeno I,4.619
421335,4213351,42,Ponte Alta do Norte,Sul,SERRANA,SC,SC-Ponte Alta do Norte,Santa Catarina,1,Pequeno I,3.426
421340,4213401,42,Ponte Serrada,Sul,OESTE CATARINENSE,SC,SC-Ponte Serrada,Santa Catarina,1,Pequeno I,11.674
421350,4213500,42,Porto Belo,Sul,VALE DO ITAJAI,SC,SC-Porto Belo,Santa Catarina,2,Pequeno II,22.466
421360,4213609,42,Porto União,Sul,NORTE CATARINENSE,SC,SC-Porto União,Santa Catarina,2,Pequeno II,35.685
421370,4213708,42,Pouso Redondo,Sul,VALE DO ITAJAI,SC,SC-Pouso Redondo,Santa Catarina,1,Pequeno I,17.965
421380,4213807,42,Praia Grande,Sul,SUL CATARINENSE,SC,SC-Praia Grande,Santa Catarina,1,Pequeno I,7.305
421390,4213906,42,Presidente Castello Branco,Sul,OESTE CATARINENSE,SC,SC-Presidente Castello Branco,Santa Catarina,1,Pequeno I,1.526
421400,4214003,42,Presidente Getúlio,Sul,VALE DO ITAJAI,SC,SC-Presidente Getúlio,Santa Catarina,2,Pequeno II,17.973
421410,4214102,42,Presidente Nereu,Sul,VALE DO ITAJAI,SC,SC-Presidente Nereu,Santa Catarina,1,Pequeno I,2.279
421415,4214151,42,Princesa,Sul,OESTE CATARINENSE,SC,SC-Princesa,Santa Catarina,1,Pequeno I,2.950
421420,4214201,42,Quilombo,Sul,OESTE CATARINENSE,SC,SC-Quilombo,Santa Catarina,1,Pequeno I,9.773
421430,4214300,42,Rancho Queimado,Sul,GRANDE FLORIANOPOLIS,SC,SC-Rancho Queimado,Santa Catarina,1,Pequeno I,2.897
421440,4214409,42,Rio das Antas,Sul,OESTE CATARINENSE,SC,SC-Rio das Antas,Santa Catarina,1,Pequeno I,6.199
421450,4214508,42,Rio do Campo,Sul,VALE DO ITAJAI,SC,SC-Rio do Campo,Santa Catarina,1,Pequeno I,5.864
421460,4214607,42,Rio do Oeste,Sul,VALE DO ITAJAI,SC,SC-Rio do Oeste,Santa Catarina,1,Pequeno I,7.552
421470,4214706,42,Rio dos Cedros,Sul,VALE DO ITAJAI,SC,SC-Rio dos Cedros,Santa Catarina,1,Pequeno I,11.937
421480,4214805,42,Rio do Sul,Sul,VALE DO ITAJAI,SC,SC-Rio do Sul,Santa Catarina,3,Médio,72.931
421490,4214904,42,Rio Fortuna,Sul,SUL CATARINENSE,SC,SC-Rio Fortuna,Santa Catarina,1,Pequeno I,4.630
421500,4215000,42,Rio Negrinho,Sul,NORTE CATARINENSE,SC,SC-Rio Negrinho,Santa Catarina,2,Pequeno II,42.684
421505,4215059,42,Rio Rufino,Sul,SERRANA,SC,SC-Rio Rufino,Santa Catarina,1,Pequeno I,2.484
421507,4215075,42,Riqueza,Sul,OESTE CATARINENSE,SC,SC-Riqueza,Santa Catarina,1,Pequeno I,4.525
421510,4215109,42,Rodeio,Sul,VALE DO ITAJAI,SC,SC-Rodeio,Santa Catarina,1,Pequeno I,11.647
421520,4215208,42,Romelândia,Sul,OESTE CATARINENSE,SC,SC-Romelândia,Santa Catarina,1,Pequeno I,4.584
421530,4215307,42,Salete,Sul,VALE DO ITAJAI,SC,SC-Salete,Santa Catarina,1,Pequeno I,7.674
421535,4215356,42,Saltinho,Sul,OESTE CATARINENSE,SC,SC-Saltinho,Santa Catarina,1,Pequeno I,3.727
421540,4215406,42,Salto Veloso,Sul,OESTE CATARINENSE,SC,SC-Salto Veloso,Santa Catarina,1,Pequeno I,4.792
421545,4215455,42,Sangão,Sul,SUL CATARINENSE,SC,SC-Sangão,Santa Catarina,1,Pequeno I,13.128
421550,4215505,42,Santa Cecília,Sul,SERRANA,SC,SC-Santa Cecília,Santa Catarina,1,Pequeno I,17.004
421555,4215554,42,Santa Helena,Sul,OESTE CATARINENSE,SC,SC-Santa Helena,Santa Catarina,1,Pequeno I,2.178
421560,4215604,42,Santa Rosa de Lima,Sul,SUL CATARINENSE,SC,SC-Santa Rosa de Lima,Santa Catarina,1,Pequeno I,2.151
421565,4215653,42,Santa Rosa do Sul,Sul,SUL CATARINENSE,SC,SC-Santa Rosa do Sul,Santa Catarina,1,Pequeno I,8.397
421567,4215679,42,Santa Terezinha,Sul,NORTE CATARINENSE,SC,SC-Santa Terezinha,Santa Catarina,1,Pequeno I,8.760
421568,4215687,42,Santa Terezinha do Progresso,Sul,OESTE CATARINENSE,SC,SC-Santa Terezinha do Progresso,Santa Catarina,1,Pequeno I,2.317
421569,4215695,42,Santiago do Sul,Sul,OESTE CATARINENSE,SC,SC-Santiago do Sul,Santa Catarina,1,Pequeno I,1.211
421570,4215703,42,Santo Amaro da Imperatriz,Sul,GRANDE FLORIANOPOLIS,SC,SC-Santo Amaro da Imperatriz,Santa Catarina,2,Pequeno II,23.907
421575,4215752,42,São Bernardino,Sul,OESTE CATARINENSE,SC,SC-São Bernardino,Santa Catarina,1,Pequeno I,2.239
421580,4215802,42,São Bento do Sul,Sul,NORTE CATARINENSE,SC,SC-São Bento do Sul,Santa Catarina,3,Médio,86.317
421590,4215901,42,São Bonifácio,Sul,GRANDE FLORIANOPOLIS,SC,SC-São Bonifácio,Santa Catarina,1,Pequeno I,2.791
421600,4216008,42,São Carlos,Sul,OESTE CATARINENSE,SC,SC-São Carlos,Santa Catarina,1,Pequeno I,11.456
421605,4216057,42,São Cristóvão do Sul,Sul,SERRANA,SC,SC-São Cristóvão do Sul,Santa Catarina,1,Pequeno I,5.646
421610,4216107,42,São Domingos,Sul,OESTE CATARINENSE,SC,SC-São Domingos,Santa Catarina,1,Pequeno I,9.422
421620,4216206,42,São Francisco do Sul,Sul,NORTE CATARINENSE,SC,SC-São Francisco do Sul,Santa Catarina,3,Médio,54.751
421625,4216255,42,São João do Oeste,Sul,OESTE CATARINENSE,SC,SC-São João do Oeste,Santa Catarina,1,Pequeno I,6.423
421630,4216305,42,São João Batista,Sul,GRANDE FLORIANOPOLIS,SC,SC-São João Batista,Santa Catarina,2,Pequeno II,39.719
421635,4216354,42,São João do Itaperiú,Sul,VALE DO ITAJAI,SC,SC-São João do Itaperiú,Santa Catarina,1,Pequeno I,3.784
421640,4216404,42,São João do Sul,Sul,SUL CATARINENSE,SC,SC-São João do Sul,Santa Catarina,1,Pequeno I,7.332
421650,4216503,42,São Joaquim,Sul,SERRANA,SC,SC-São Joaquim,Santa Catarina,2,Pequeno II,27.322
421660,4216602,42,São José,Sul,GRANDE FLORIANOPOLIS,SC,SC-São José,Santa Catarina,4,Grande,253.705
421670,4216701,42,São José do Cedro,Sul,OESTE CATARINENSE,SC,SC-São José do Cedro,Santa Catarina,1,Pequeno I,13.811
421680,4216800,42,São José do Cerrito,Sul,SERRANA,SC,SC-São José do Cerrito,Santa Catarina,1,Pequeno I,8.054
421690,4216909,42,São Lourenço do Oeste,Sul,OESTE CATARINENSE,SC,SC-São Lourenço do Oeste,Santa Catarina,2,Pequeno II,24.501
421700,4217006,42,São Ludgero,Sul,SUL CATARINENSE,SC,SC-São Ludgero,Santa Catarina,1,Pequeno I,13.886
421710,4217105,42,São Martinho,Sul,SUL CATARINENSE,SC,SC-São Martinho,Santa Catarina,1,Pequeno I,3.162
421715,4217154,42,São Miguel da Boa Vista,Sul,OESTE CATARINENSE,SC,SC-São Miguel da Boa Vista,Santa Catarina,1,Pequeno I,1.794
421720,4217204,42,São Miguel do Oeste,Sul,OESTE CATARINENSE,SC,SC-São Miguel do Oeste,Santa Catarina,2,Pequeno II,41.246
421725,4217253,42,São Pedro de Alcântara,Sul,GRANDE FLORIANOPOLIS,SC,SC-São Pedro de Alcântara,Santa Catarina,1,Pequeno I,6.046
421730,4217303,42,Saudades,Sul,OESTE CATARINENSE,SC,SC-Saudades,Santa Catarina,1,Pequeno I,9.874
421740,4217402,42,Schroeder,Sul,NORTE CATARINENSE,SC,SC-Schroeder,Santa Catarina,2,Pequeno II,22.605
421750,4217501,42,Seara,Sul,OESTE CATARINENSE,SC,SC-Seara,Santa Catarina,1,Pequeno I,17.610
421755,4217550,42,Serra Alta,Sul,OESTE CATARINENSE,SC,SC-Serra Alta,Santa Catarina,1,Pequeno I,3.249
421760,4217600,42,Siderópolis,Sul,SUL CATARINENSE,SC,SC-Siderópolis,Santa Catarina,1,Pequeno I,14.176
421770,4217709,42,Sombrio,Sul,SUL CATARINENSE,SC,SC-Sombrio,Santa Catarina,2,Pequeno II,31.084
421775,4217758,42,Sul Brasil,Sul,OESTE CATARINENSE,SC,SC-Sul Brasil,Santa Catarina,1,Pequeno I,2.386
421780,4217808,42,Taió,Sul,VALE DO ITAJAI,SC,SC-Taió,Santa Catarina,1,Pequeno I,18.576
421790,4217907,42,Tangará,Sul,OESTE CATARINENSE,SC,SC-Tangará,Santa Catarina,1,Pequeno I,8.648
421795,4217956,42,Tigrinhos,Sul,OESTE CATARINENSE,SC,SC-Tigrinhos,Santa Catarina,1,Pequeno I,1.606
421800,4218004,42,Tijucas,Sul,GRANDE FLORIANOPOLIS,SC,SC-Tijucas,Santa Catarina,3,Médio,39.889
421810,4218103,42,Timbé do Sul,Sul,SUL CATARINENSE,SC,SC-Timbé do Sul,Santa Catarina,1,Pequeno I,5.338
421820,4218202,42,Timbó,Sul,VALE DO ITAJAI,SC,SC-Timbó,Santa Catarina,2,Pequeno II,45.703
421825,4218251,42,Timbó Grande,Sul,NORTE CATARINENSE,SC,SC-Timbó Grande,Santa Catarina,1,Pequeno I,8.003
421830,4218301,42,Três Barras,Sul,NORTE CATARINENSE,SC,SC-Três Barras,Santa Catarina,1,Pequeno I,19.455
421835,4218350,42,Treviso,Sul,SUL CATARINENSE,SC,SC-Treviso,Santa Catarina,1,Pequeno I,4.002
421840,4218400,42,Treze de Maio,Sul,SUL CATARINENSE,SC,SC-Treze de Maio,Santa Catarina,1,Pequeno I,7.104
421850,4218509,42,Treze Tílias,Sul,OESTE CATARINENSE,SC,SC-Treze Tílias,Santa Catarina,1,Pequeno I,8.138
421860,4218608,42,Trombudo Central,Sul,VALE DO ITAJAI,SC,SC-Trombudo Central,Santa Catarina,1,Pequeno I,7.506
421870,4218707,42,Tubarão,Sul,SUL CATARINENSE,SC,SC-Tubarão,Santa Catarina,4,Grande,107.143
421875,4218756,42,Tunápolis,Sul,OESTE CATARINENSE,SC,SC-Tunápolis,Santa Catarina,1,Pequeno I,4.507
421880,4218806,42,Turvo,Sul,SUL CATARINENSE,SC,SC-Turvo,Santa Catarina,1,Pequeno I,13.080
421885,4218855,42,União do Oeste,Sul,OESTE CATARINENSE,SC,SC-União do Oeste,Santa Catarina,1,Pequeno I,2.364
421890,4218905,42,Urubici,Sul,SERRANA,SC,SC-Urubici,Santa Catarina,1,Pequeno I,11.311
421895,4218954,42,Urupema,Sul,SERRANA,SC,SC-Urupema,Santa Catarina,1,Pequeno I,2.453
421900,4219002,42,Urussanga,Sul,SUL CATARINENSE,SC,SC-Urussanga,Santa Catarina,2,Pequeno II,21.419
421910,4219101,42,Vargeão,Sul,OESTE CATARINENSE,SC,SC-Vargeão,Santa Catarina,1,Pequeno I,3.569
421915,4219150,42,Vargem,Sul,SERRANA,SC,SC-Vargem,Santa Catarina,1,Pequeno I,2.387
421917,4219176,42,Vargem Bonita,Sul,OESTE CATARINENSE,SC,SC-Vargem Bonita,Santa Catarina,1,Pequeno I,4.411
421920,4219200,42,Vidal Ramos,Sul,VALE DO ITAJAI,SC,SC-Vidal Ramos,Santa Catarina,1,Pequeno I,6.321
421930,4219309,42,Videira,Sul,OESTE CATARINENSE,SC,SC-Videira,Santa Catarina,3,Médio,54.145
421935,4219358,42,Vitor Meireles,Sul,VALE DO ITAJAI,SC,SC-Vitor Meireles,Santa Catarina,1,Pequeno I,4.907
421940,4219408,42,Witmarsum,Sul,VALE DO ITAJAI,SC,SC-Witmarsum,Santa Catarina,1,Pequeno I,4.032
421950,4219507,42,Xanxerê,Sul,OESTE CATARINENSE,SC,SC-Xanxerê,Santa Catarina,3,Médio,52.290
421960,4219606,42,Xavantina,Sul,OESTE CATARINENSE,SC,SC-Xavantina,Santa Catarina,1,Pequeno I,3.873
421970,4219705,42,Xaxim,Sul,OESTE CATARINENSE,SC,SC-Xaxim,Santa Catarina,2,Pequeno II,29.254
421985,4219853,42,Zortéa,Sul,SERRANA,SC,SC-Zortéa,Santa Catarina,1,Pequeno I,3.432
422000,4220000,42,Balneário Rincão,Sul,SUL CATARINENSE,SC,SC-Balneário Rincão,Santa Catarina,1,Pequeno I,13.129
430003,4300034,43,Aceguá,Sul,SUDOESTE RIO-GRANDENSE,RS,RS-Aceguá,Rio Grande do Sul,1,Pequeno I,4.981
430005,4300059,43,Água Santa,Sul,NOROESTE RIO-GRANDENSE,RS,RS-Água Santa,Rio Grande do Sul,1,Pequeno I,3.738
430010,4300109,43,Agudo,Sul,CENTRO OCIDENTAL RIO-GRANDENSE,RS,RS-Agudo,Rio Grande do Sul,1,Pequeno I,16.344
430020,4300208,43,Ajuricaba,Sul,NOROESTE RIO-GRANDENSE,RS,RS-Ajuricaba,Rio Grande do Sul,1,Pequeno I,6.951
430030,4300307,43,Alecrim,Sul,NOROESTE RIO-GRANDENSE,RS,RS-Alecrim,Rio Grande do Sul,1,Pequeno I,5.710
430040,4300406,43,Alegrete,Sul,SUDOESTE RIO-GRANDENSE,RS,RS-Alegrete,Rio Grande do Sul,3,Médio,72.493
430045,4300455,43,Alegria,Sul,NOROESTE RIO-GRANDENSE,RS,RS-Alegria,Rio Grande do Sul,1,Pequeno I,3.287
430047,4300471,43,Almirante Tamandaré do Sul,Sul,NOROESTE RIO-GRANDENSE,RS,RS-Almirante Tamandaré do Sul,Rio Grande do Sul,1,Pequeno I,1.935
430050,4300505,43,Alpestre,Sul,NOROESTE RIO-GRANDENSE,RS,RS-Alpestre,Rio Grande do Sul,1,Pequeno I,5.885
430055,4300554,43,Alto Alegre,Sul,NOROESTE RIO-GRANDENSE,RS,RS-Alto Alegre,Rio Grande do Sul,1,Pequeno I,1.590
430057,4300570,43,Alto Feliz,Sul,METROPOLITANA DE PORTO ALEGRE,RS,RS-Alto Feliz,Rio Grande do Sul,1,Pequeno I,3.043
430060,4300604,43,Alvorada,Sul,METROPOLITANA DE PORTO ALEGRE,RS,RS-Alvorada,Rio Grande do Sul,4,Grande,212.352
430063,4300638,43,Amaral Ferrador,Sul,SUDESTE RIO-GRANDENSE,RS,RS-Amaral Ferrador,Rio Grande do Sul,1,Pequeno I,7.136
430064,4300646,43,Ametista do Sul,Sul,NOROESTE RIO-GRANDENSE,RS,RS-Ametista do Sul,Rio Grande do Sul,1,Pequeno I,7.396
430066,4300661,43,André da Rocha,Sul,NORDESTE RIO-GRANDENSE,RS,RS-André da Rocha,Rio Grande do Sul,1,Pequeno I,1.351
430070,4300703,43,Anta Gorda,Sul,NORDESTE RIO-GRANDENSE,RS,RS-Anta Gorda,Rio Grande do Sul,1,Pequeno I,5.941
430080,4300802,43,Antônio Prado,Sul,NORDESTE RIO-GRANDENSE,RS,RS-Antônio Prado,Rio Grande do Sul,1,Pequeno I,13.041
430085,4300851,43,Arambaré,Sul,METROPOLITANA DE PORTO ALEGRE,RS,RS-Arambaré,Rio Grande do Sul,1,Pequeno I,3.544
430087,4300877,43,Araricá,Sul,METROPOLITANA DE PORTO ALEGRE,RS,RS-Araricá,Rio Grande do Sul,1,Pequeno I,5.840
430090,4300901,43,Aratiba,Sul,NOROESTE RIO-GRANDENSE,RS,RS-Aratiba,Rio Grande do Sul,1,Pequeno I,6.145
430100,4301008,43,Arroio do Meio,Sul,CENTRO ORIENTAL RIO-GRANDENSE,RS,RS-Arroio do Meio,Rio Grande do Sul,2,Pequeno II,21.121
430105,4301057,43,Arroio do Sal,Sul,METROPOLITANA DE PORTO ALEGRE,RS,RS-Arroio do Sal,Rio Grande do Sul,1,Pequeno I,10.483
430107,4301073,43,Arroio do Padre,Sul,SUDESTE RIO-GRANDENSE,RS,RS-Arroio do Padre,Rio Grande do Sul,1,Pequeno I,2.966
430110,4301107,43,Arroio dos Ratos,Sul,METROPOLITANA DE PORTO ALEGRE,RS,RS-Arroio dos Ratos,Rio Grande do Sul,1,Pequeno I,14.201
430120,4301206,43,Arroio do Tigre,Sul,CENTRO ORIENTAL RIO-GRANDENSE,RS,RS-Arroio do Tigre,Rio Grande do Sul,1,Pequeno I,13.452
430130,4301305,43,Arroio Grande,Sul,SUDESTE RIO-GRANDENSE,RS,RS-Arroio Grande,Rio Grande do Sul,1,Pequeno I,18.185
430140,4301404,43,Arvorezinha,Sul,NORDESTE RIO-GRANDENSE,RS,RS-Arvorezinha,Rio Grande do Sul,1,Pequeno I,10.422
430150,4301503,43,Augusto Pestana,Sul,NOROESTE RIO-GRANDENSE,RS,RS-Augusto Pestana,Rio Grande do Sul,1,Pequeno I,6.545
430155,4301552,43,Áurea,Sul,NOROESTE RIO-GRANDENSE,RS,RS-Áurea,Rio Grande do Sul,1,Pequeno I,3.517
430160,4301602,43,Bagé,Sul,SUDOESTE RIO-GRANDENSE,RS,RS-Bagé,Rio Grande do Sul,4,Grande,121.518
430163,4301636,43,Balneário Pinhal,Sul,METROPOLITANA DE PORTO ALEGRE,RS,RS-Balneário Pinhal,Rio Grande do Sul,1,Pequeno I,14.645
430165,4301651,43,Barão,Sul,METROPOLITANA DE PORTO ALEGRE,RS,RS-Barão,Rio Grande do Sul,1,Pequeno I,6.232
430170,4301701,43,Barão de Cotegipe,Sul,NOROESTE RIO-GRANDENSE,RS,RS-Barão de Cotegipe,Rio Grande do Sul,1,Pequeno I,6.616
430175,4301750,43,Barão do Triunfo,Sul,METROPOLITANA DE PORTO ALEGRE,RS,RS-Barão do Triunfo,Rio Grande do Sul,1,Pequeno I,7.550
430180,4301800,43,Barracão,Sul,NOROESTE RIO-GRANDENSE,RS,RS-Barracão,Rio Grande do Sul,1,Pequeno I,5.237
430185,4301859,43,Barra do Guarita,Sul,NOROESTE RIO-GRANDENSE,RS,RS-Barra do Guarita,Rio Grande do Sul,1,Pequeno I,3.266
430187,4301875,43,Barra do Quaraí,Sul,SUDOESTE RIO-GRANDENSE,RS,RS-Barra do Quaraí,Rio Grande do Sul,1,Pequeno I,4.238
430190,4301909,43,Barra do Ribeiro,Sul,METROPOLITANA DE PORTO ALEGRE,RS,RS-Barra do Ribeiro,Rio Grande do Sul,1,Pequeno I,13.618
430192,4301925,43,Barra do Rio Azul,Sul,NOROESTE RIO-GRANDENSE,RS,RS-Barra do Rio Azul,Rio Grande do Sul,1,Pequeno I,1.621
430195,4301958,43,Barra Funda,Sul,NOROESTE RIO-GRANDENSE,RS,RS-Barra Funda,Rio Grande do Sul,1,Pequeno I,2.563
430200,4302006,43,Barros Cassal,Sul,NOROESTE RIO-GRANDENSE,RS,RS-Barros Cassal,Rio Grande do Sul,1,Pequeno I,11.167
430205,4302055,43,Benjamin Constant do Sul,Sul,NOROESTE RIO-GRANDENSE,RS,RS-Benjamin Constant do Sul,Rio Grande do Sul,1,Pequeno I,1.924
430210,4302105,43,Bento Gonçalves,Sul,NORDESTE RIO-GRANDENSE,RS,RS-Bento Gonçalves,Rio Grande do Sul,4,Grande,123.090
430215,4302154,43,Boa Vista das Missões,Sul,NOROESTE RIO-GRANDENSE,RS,RS-Boa Vista das Missões,Rio Grande do Sul,1,Pequeno I,2.087
430220,4302204,43,Boa Vista do Buricá,Sul,NOROESTE RIO-GRANDENSE,RS,RS-Boa Vista do Buricá,Rio Grande do Sul,1,Pequeno I,6.712
430222,4302220,43,Boa Vista do Cadeado,Sul,NOROESTE RIO-GRANDENSE,RS,RS-Boa Vista do Cadeado,Rio Grande do Sul,1,Pequeno I,2.466
430223,4302238,43,Boa Vista do Incra,Sul,NOROESTE RIO-GRANDENSE,RS,RS-Boa Vista do Incra,Rio Grande do Sul,1,Pequeno I,2.628
430225,4302253,43,Boa Vista do Sul,Sul,NORDESTE RIO-GRANDENSE,RS,RS-Boa Vista do Sul,Rio Grande do Sul,1,Pequeno I,2.773
430230,4302303,43,Bom Jesus,Sul,NORDESTE RIO-GRANDENSE,RS,RS-Bom Jesus,Rio Grande do Sul,1,Pequeno I,11.270
430235,4302352,43,Bom Princípio,Sul,METROPOLITANA DE PORTO ALEGRE,RS,RS-Bom Princípio,Rio Grande do Sul,1,Pequeno I,14.446
430237,4302378,43,Bom Progresso,Sul,NOROESTE RIO-GRANDENSE,RS,RS-Bom Progresso,Rio Grande do Sul,1,Pequeno I,1.858
430240,4302402,43,Bom Retiro do Sul,Sul,CENTRO ORIENTAL RIO-GRANDENSE,RS,RS-Bom Retiro do Sul,Rio Grande do Sul,1,Pequeno I,12.448
430245,4302451,43,Boqueirão do Leão,Sul,CENTRO ORIENTAL RIO-GRANDENSE,RS,RS-Boqueirão do Leão,Rio Grande do Sul,1,Pequeno I,7.691
430250,4302501,43,Bossoroca,Sul,NOROESTE RIO-GRANDENSE,RS,RS-Bossoroca,Rio Grande do Sul,1,Pequeno I,6.135
430258,4302584,43,Bozano,Sul,NOROESTE RIO-GRANDENSE,RS,RS-Bozano,Rio Grande do Sul,1,Pequeno I,2.099
430260,4302600,43,Braga,Sul,NOROESTE RIO-GRANDENSE,RS,RS-Braga,Rio Grande do Sul,1,Pequeno I,3.271
430265,4302659,43,Brochier,Sul,METROPOLITANA DE PORTO ALEGRE,RS,RS-Brochier,Rio Grande do Sul,1,Pequeno I,5.132
430270,4302709,43,Butiá,Sul,METROPOLITANA DE PORTO ALEGRE,RS,RS-Butiá,Rio Grande do Sul,1,Pequeno I,20.963
430280,4302808,43,Caçapava do Sul,Sul,SUDESTE RIO-GRANDENSE,RS,RS-Caçapava do Sul,Rio Grande do Sul,2,Pequeno II,33.476
430290,4302907,43,Cacequi,Sul,CENTRO OCIDENTAL RIO-GRANDENSE,RS,RS-Cacequi,Rio Grande do Sul,1,Pequeno I,12.291
430300,4303004,43,Cachoeira do Sul,Sul,CENTRO ORIENTAL RIO-GRANDENSE,RS,RS-Cachoeira do Sul,Rio Grande do Sul,3,Médio,81.552
430310,4303103,43,Cachoeirinha,Sul,METROPOLITANA DE PORTO ALEGRE,RS,RS-Cachoeirinha,Rio Grande do Sul,4,Grande,132.144
430320,4303202,43,Cacique Doble,Sul,NOROESTE RIO-GRANDENSE,RS,RS-Cacique Doble,Rio Grande do Sul,1,Pequeno I,5.083
430330,4303301,43,Caibaté,Sul,NOROESTE RIO-GRANDENSE,RS,RS-Caibaté,Rio Grande do Sul,1,Pequeno I,4.802
430340,4303400,43,Caiçara,Sul,NOROESTE RIO-GRANDENSE,RS,RS-Caiçara,Rio Grande do Sul,1,Pequeno I,4.659
430350,4303509,43,Camaquã,Sul,METROPOLITANA DE PORTO ALEGRE,RS,RS-Camaquã,Rio Grande do Sul,3,Médio,66.686
430355,4303558,43,Camargo,Sul,NOROESTE RIO-GRANDENSE,RS,RS-Camargo,Rio Grande do Sul,1,Pequeno I,2.750
430360,4303608,43,Cambará do Sul,Sul,NORDESTE RIO-GRANDENSE,RS,RS-Cambará do Sul,Rio Grande do Sul,1,Pequeno I,6.383
430367,4303673,43,Campestre da Serra,Sul,NORDESTE RIO-GRANDENSE,RS,RS-Campestre da Serra,Rio Grande do Sul,1,Pequeno I,3.402
430370,4303707,43,Campina das Missões,Sul,NOROESTE RIO-GRANDENSE,RS,RS-Campina das Missões,Rio Grande do Sul,1,Pequeno I,5.325
430380,4303806,43,Campinas do Sul,Sul,NOROESTE RIO-GRANDENSE,RS,RS-Campinas do Sul,Rio Grande do Sul,1,Pequeno I,5.422
430390,4303905,43,Campo Bom,Sul,METROPOLITANA DE PORTO ALEGRE,RS,RS-Campo Bom,Rio Grande do Sul,3,Médio,69.981
430400,4304002,43,Campo Novo,Sul,NOROESTE RIO-GRANDENSE,RS,RS-Campo Novo,Rio Grande do Sul,1,Pequeno I,4.273
430410,4304101,43,Campos Borges,Sul,NOROESTE RIO-GRANDENSE,RS,RS-Campos Borges,Rio Grande do Sul,1,Pequeno I,3.272
430420,4304200,43,Candelária,Sul,CENTRO ORIENTAL RIO-GRANDENSE,RS,RS-Candelária,Rio Grande do Sul,2,Pequeno II,31.475
430430,4304309,43,Cândido Godói,Sul,NOROESTE RIO-GRANDENSE,RS,RS-Cândido Godói,Rio Grande do Sul,1,Pequeno I,6.106
430435,4304358,43,Candiota,Sul,SUDESTE RIO-GRANDENSE,RS,RS-Candiota,Rio Grande do Sul,1,Pequeno I,9.707
430440,4304408,43,Canela,Sul,METROPOLITANA DE PORTO ALEGRE,RS,RS-Canela,Rio Grande do Sul,2,Pequeno II,45.957
430450,4304507,43,Canguçu,Sul,SUDESTE RIO-GRANDENSE,RS,RS-Canguçu,Rio Grande do Sul,2,Pequeno II,56.370
430460,4304606,43,Canoas,Sul,METROPOLITANA DE PORTO ALEGRE,RS,RS-Canoas,Rio Grande do Sul,4,Grande,349.728
430461,4304614,43,Canudos do Vale,Sul,CENTRO ORIENTAL RIO-GRANDENSE,RS,RS-Canudos do Vale,Rio Grande do Sul,1,Pequeno I,1.693
430462,4304622,43,Capão Bonito do Sul,Sul,NORDESTE RIO-GRANDENSE,RS,RS-Capão Bonito do Sul,Rio Grande do Sul,1,Pequeno I,1.628
430463,4304630,43,Capão da Canoa,Sul,METROPOLITANA DE PORTO ALEGRE,RS,RS-Capão da Canoa,Rio Grande do Sul,3,Médio,55.009
430465,4304655,43,Capão do Cipó,Sul,CENTRO OCIDENTAL RIO-GRANDENSE,RS,RS-Capão do Cipó,Rio Grande do Sul,1,Pequeno I,3.745
430466,4304663,43,Capão do Leão,Sul,SUDESTE RIO-GRANDENSE,RS,RS-Capão do Leão,Rio Grande do Sul,2,Pequeno II,25.462
430467,4304671,43,Capivari do Sul,Sul,METROPOLITANA DE PORTO ALEGRE,RS,RS-Capivari do Sul,Rio Grande do Sul,1,Pequeno I,4.793
430468,4304689,43,Capela de Santana,Sul,METROPOLITANA DE PORTO ALEGRE,RS,RS-Capela de Santana,Rio Grande do Sul,1,Pequeno I,12.183
430469,4304697,43,Capitão,Sul,CENTRO ORIENTAL RIO-GRANDENSE,RS,RS-Capitão,Rio Grande do Sul,1,Pequeno I,2.770
430470,4304705,43,Carazinho,Sul,NOROESTE RIO-GRANDENSE,RS,RS-Carazinho,Rio Grande do Sul,3,Médio,62.413
430471,4304713,43,Caraá,Sul,METROPOLITANA DE PORTO ALEGRE,RS,RS-Caraá,Rio Grande do Sul,1,Pequeno I,8.426
430480,4304804,43,Carlos Barbosa,Sul,NORDESTE RIO-GRANDENSE,RS,RS-Carlos Barbosa,Rio Grande do Sul,2,Pequeno II,30.630
430485,4304853,43,Carlos Gomes,Sul,NOROESTE RIO-GRANDENSE,RS,RS-Carlos Gomes,Rio Grande do Sul,1,Pequeno I,1.327
430490,4304903,43,Casca,Sul,NOROESTE RIO-GRANDENSE,RS,RS-Casca,Rio Grande do Sul,1,Pequeno I,9.070
430495,4304952,43,Caseiros,Sul,NOROESTE RIO-GRANDENSE,RS,RS-Caseiros,Rio Grande do Sul,1,Pequeno I,3.228
430500,4305009,43,Catuípe,Sul,NOROESTE RIO-GRANDENSE,RS,RS-Catuípe,Rio Grande do Sul,1,Pequeno I,8.631
430510,4305108,43,Caxias do Sul,Sul,NORDESTE RIO-GRANDENSE,RS,RS-Caxias do Sul,Rio Grande do Sul,4,Grande,523.716
430511,4305116,43,Centenário,Sul,NOROESTE RIO-GRANDENSE,RS,RS-Centenário,Rio Grande do Sul,1,Pequeno I,2.865
430512,4305124,43,Cerrito,Sul,SUDESTE RIO-GRANDENSE,RS,RS-Cerrito,Rio Grande do Sul,1,Pequeno I,6.005
430513,4305132,43,Cerro Branco,Sul,CENTRO ORIENTAL RIO-GRANDENSE,RS,RS-Cerro Branco,Rio Grande do Sul,1,Pequeno I,4.720
430515,4305157,43,Cerro Grande,Sul,NOROESTE RIO-GRANDENSE,RS,RS-Cerro Grande,Rio Grande do Sul,1,Pequeno I,2.281
430517,4305173,43,Cerro Grande do Sul,Sul,METROPOLITANA DE PORTO ALEGRE,RS,RS-Cerro Grande do Sul,Rio Grande do Sul,1,Pequeno I,12.579
430520,4305207,43,Cerro Largo,Sul,NOROESTE RIO-GRANDENSE,RS,RS-Cerro Largo,Rio Grande do Sul,1,Pequeno I,14.243
430530,4305306,43,Chapada,Sul,NOROESTE RIO-GRANDENSE,RS,RS-Chapada,Rio Grande do Sul,1,Pequeno I,9.211
430535,4305355,43,Charqueadas,Sul,METROPOLITANA DE PORTO ALEGRE,RS,RS-Charqueadas,Rio Grande do Sul,2,Pequeno II,41.705
430537,4305371,43,Charrua,Sul,NOROESTE RIO-GRANDENSE,RS,RS-Charrua,Rio Grande do Sul,1,Pequeno I,3.228
430540,4305405,43,Chiapetta,Sul,NOROESTE RIO-GRANDENSE,RS,RS-Chiapetta,Rio Grande do Sul,1,Pequeno I,3.684
430543,4305439,43,Chuí,Sul,SUDESTE RIO-GRANDENSE,RS,RS-Chuí,Rio Grande do Sul,1,Pequeno I,6.832
430544,4305447,43,Chuvisca,Sul,METROPOLITANA DE PORTO ALEGRE,RS,RS-Chuvisca,Rio Grande do Sul,1,Pequeno I,5.518
430545,4305454,43,Cidreira,Sul,METROPOLITANA DE PORTO ALEGRE,RS,RS-Cidreira,Rio Grande do Sul,1,Pequeno I,16.897
430550,4305504,43,Ciríaco,Sul,NOROESTE RIO-GRANDENSE,RS,RS-Ciríaco,Rio Grande do Sul,1,Pequeno I,4.693
430558,4305587,43,Colinas,Sul,CENTRO ORIENTAL RIO-GRANDENSE,RS,RS-Colinas,Rio Grande do Sul,1,Pequeno I,2.466
430560,4305603,43,Colorado,Sul,NOROESTE RIO-GRANDENSE,RS,RS-Colorado,Rio Grande do Sul,1,Pequeno I,3.088
430570,4305702,43,Condor,Sul,NOROESTE RIO-GRANDENSE,RS,RS-Condor,Rio Grande do Sul,1,Pequeno I,6.766
430580,4305801,43,Constantina,Sul,NOROESTE RIO-GRANDENSE,RS,RS-Constantina,Rio Grande do Sul,1,Pequeno I,9.903
430583,4305835,43,Coqueiro Baixo,Sul,CENTRO ORIENTAL RIO-GRANDENSE,RS,RS-Coqueiro Baixo,Rio Grande do Sul,1,Pequeno I,1.490
430585,4305850,43,Coqueiros do Sul,Sul,NOROESTE RIO-GRANDENSE,RS,RS-Coqueiros do Sul,Rio Grande do Sul,1,Pequeno I,2.267
430587,4305871,43,Coronel Barros,Sul,NOROESTE RIO-GRANDENSE,RS,RS-Coronel Barros,Rio Grande do Sul,1,Pequeno I,2.521
430590,4305900,43,Coronel Bicaco,Sul,NOROESTE RIO-GRANDENSE,RS,RS-Coronel Bicaco,Rio Grande do Sul,1,Pequeno I,7.213
430593,4305934,43,Coronel Pilar,Sul,NORDESTE RIO-GRANDENSE,RS,RS-Coronel Pilar,Rio Grande do Sul,1,Pequeno I,1.602
430595,4305959,43,Cotiporã,Sul,NORDESTE RIO-GRANDENSE,RS,RS-Cotiporã,Rio Grande do Sul,1,Pequeno I,3.824
430597,4305975,43,Coxilha,Sul,NOROESTE RIO-GRANDENSE,RS,RS-Coxilha,Rio Grande do Sul,1,Pequeno I,2.731
430600,4306007,43,Crissiumal,Sul,NOROESTE RIO-GRANDENSE,RS,RS-Crissiumal,Rio Grande do Sul,1,Pequeno I,13.269
430605,4306056,43,Cristal,Sul,SUDESTE RIO-GRANDENSE,RS,RS-Cristal,Rio Grande do Sul,1,Pequeno I,8.121
430607,4306072,43,Cristal do Sul,Sul,NOROESTE RIO-GRANDENSE,RS,RS-Cristal do Sul,Rio Grande do Sul,1,Pequeno I,2.840
430610,4306106,43,Cruz Alta,Sul,NOROESTE RIO-GRANDENSE,RS,RS-Cruz Alta,Rio Grande do Sul,3,Médio,59.561
430613,4306130,43,Cruzaltense,Sul,NOROESTE RIO-GRANDENSE,RS,RS-Cruzaltense,Rio Grande do Sul,1,Pequeno I,1.765
430620,4306205,43,Cruzeiro do Sul,Sul,CENTRO ORIENTAL RIO-GRANDENSE,RS,RS-Cruzeiro do Sul,Rio Grande do Sul,1,Pequeno I,12.457
430630,4306304,43,David Canabarro,Sul,NOROESTE RIO-GRANDENSE,RS,RS-David Canabarro,Rio Grande do Sul,1,Pequeno I,4.732
430632,4306320,43,Derrubadas,Sul,NOROESTE RIO-GRANDENSE,RS,RS-Derrubadas,Rio Grande do Sul,1,Pequeno I,2.718
430635,4306353,43,Dezesseis de Novembro,Sul,NOROESTE RIO-GRANDENSE,RS,RS-Dezesseis de Novembro,Rio Grande do Sul,1,Pequeno I,2.331
430637,4306379,43,Dilermando de Aguiar,Sul,CENTRO OCIDENTAL RIO-GRANDENSE,RS,RS-Dilermando de Aguiar,Rio Grande do Sul,1,Pequeno I,2.991
430640,4306403,43,Dois Irmãos,Sul,METROPOLITANA DE PORTO ALEGRE,RS,RS-Dois Irmãos,Rio Grande do Sul,2,Pequeno II,33.547
430642,4306429,43,Dois Irmãos das Missões,Sul,NOROESTE RIO-GRANDENSE,RS,RS-Dois Irmãos das Missões,Rio Grande do Sul,1,Pequeno I,1.992
430645,4306452,43,Dois Lajeados,Sul,NORDESTE RIO-GRANDENSE,RS,RS-Dois Lajeados,Rio Grande do Sul,1,Pequeno I,3.410
430650,4306502,43,Dom Feliciano,Sul,METROPOLITANA DE PORTO ALEGRE,RS,RS-Dom Feliciano,Rio Grande do Sul,1,Pequeno I,15.556
430655,4306551,43,Dom Pedro de Alcântara,Sul,METROPOLITANA DE PORTO ALEGRE,RS,RS-Dom Pedro de Alcântara,Rio Grande do Sul,1,Pequeno I,2.520
430660,4306601,43,Dom Pedrito,Sul,SUDOESTE RIO-GRANDENSE,RS,RS-Dom Pedrito,Rio Grande do Sul,2,Pequeno II,38.222
430670,4306700,43,Dona Francisca,Sul,CENTRO OCIDENTAL RIO-GRANDENSE,RS,RS-Dona Francisca,Rio Grande do Sul,1,Pequeno I,2.958
430673,4306734,43,Doutor Maurício Cardoso,Sul,NOROESTE RIO-GRANDENSE,RS,RS-Doutor Maurício Cardoso,Rio Grande do Sul,1,Pequeno I,4.380
430675,4306759,43,Doutor Ricardo,Sul,CENTRO ORIENTAL RIO-GRANDENSE,RS,RS-Doutor Ricardo,Rio Grande do Sul,1,Pequeno I,1.967
430676,4306767,43,Eldorado do Sul,Sul,METROPOLITANA DE PORTO ALEGRE,RS,RS-Eldorado do Sul,Rio Grande do Sul,2,Pequeno II,42.490
430680,4306809,43,Encantado,Sul,CENTRO ORIENTAL RIO-GRANDENSE,RS,RS-Encantado,Rio Grande do Sul,2,Pequeno II,23.047
430690,4306908,43,Encruzilhada do Sul,Sul,SUDESTE RIO-GRANDENSE,RS,RS-Encruzilhada do Sul,Rio Grande do Sul,2,Pequeno II,26.039
430692,4306924,43,Engenho Velho,Sul,NOROESTE RIO-GRANDENSE,RS,RS-Engenho Velho,Rio Grande do Sul,1,Pequeno I,932
430693,4306932,43,Entre-Ijuís,Sul,NOROESTE RIO-GRANDENSE,RS,RS-Entre-Ijuís,Rio Grande do Sul,1,Pequeno I,8.350
430695,4306957,43,Entre Rios do Sul,Sul,NOROESTE RIO-GRANDENSE,RS,RS-Entre Rios do Sul,Rio Grande do Sul,1,Pequeno I,2.724
430697,4306973,43,Erebango,Sul,NOROESTE RIO-GRANDENSE,RS,RS-Erebango,Rio Grande do Sul,1,Pequeno I,2.978
430700,4307005,43,Erechim,Sul,NOROESTE RIO-GRANDENSE,RS,RS-Erechim,Rio Grande do Sul,4,Grande,107.368
430705,4307054,43,Ernestina,Sul,NOROESTE RIO-GRANDENSE,RS,RS-Ernestina,Rio Grande do Sul,1,Pequeno I,3.171
430710,4307104,43,Herval,Sul,SUDESTE RIO-GRANDENSE,RS,RS-Herval,Rio Grande do Sul,1,Pequeno I,6.807
430720,4307203,43,Erval Grande,Sul,NOROESTE RIO-GRANDENSE,RS,RS-Erval Grande,Rio Grande do Sul,1,Pequeno I,4.780
430730,4307302,43,Erval Seco,Sul,NOROESTE RIO-GRANDENSE,RS,RS-Erval Seco,Rio Grande do Sul,1,Pequeno I,6.697
430740,4307401,43,Esmeralda,Sul,NORDESTE RIO-GRANDENSE,RS,RS-Esmeralda,Rio Grande do Sul,1,Pequeno I,3.291
430745,4307450,43,Esperança do Sul,Sul,NOROESTE RIO-GRANDENSE,RS,RS-Esperança do Sul,Rio Grande do Sul,1,Pequeno I,2.846
430750,4307500,43,Espumoso,Sul,NOROESTE RIO-GRANDENSE,RS,RS-Espumoso,Rio Grande do Sul,1,Pequeno I,15.594
430755,4307559,43,Estação,Sul,NOROESTE RIO-GRANDENSE,RS,RS-Estação,Rio Grande do Sul,1,Pequeno I,5.924
430760,4307609,43,Estância Velha,Sul,METROPOLITANA DE PORTO ALEGRE,RS,RS-Estância Velha,Rio Grande do Sul,2,Pequeno II,51.292
430770,4307708,43,Esteio,Sul,METROPOLITANA DE PORTO ALEGRE,RS,RS-Esteio,Rio Grande do Sul,3,Médio,83.352
430780,4307807,43,Estrela,Sul,CENTRO ORIENTAL RIO-GRANDENSE,RS,RS-Estrela,Rio Grande do Sul,2,Pequeno II,34.669
430781,4307815,43,Estrela Velha,Sul,CENTRO ORIENTAL RIO-GRANDENSE,RS,RS-Estrela Velha,Rio Grande do Sul,1,Pequeno I,3.646
430783,4307831,43,Eugênio de Castro,Sul,NOROESTE RIO-GRANDENSE,RS,RS-Eugênio de Castro,Rio Grande do Sul,1,Pequeno I,2.310
430786,4307864,43,Fagundes Varela,Sul,NORDESTE RIO-GRANDENSE,RS,RS-Fagundes Varela,Rio Grande do Sul,1,Pequeno I,2.750
430790,4307906,43,Farroupilha,Sul,NORDESTE RIO-GRANDENSE,RS,RS-Farroupilha,Rio Grande do Sul,3,Médio,73.758
430800,4308003,43,Faxinal do Soturno,Sul,CENTRO OCIDENTAL RIO-GRANDENSE,RS,RS-Faxinal do Soturno,Rio Grande do Sul,1,Pequeno I,6.651
430805,4308052,43,Faxinalzinho,Sul,NOROESTE RIO-GRANDENSE,RS,RS-Faxinalzinho,Rio Grande do Sul,1,Pequeno I,2.256
430807,4308078,43,Fazenda Vilanova,Sul,CENTRO ORIENTAL RIO-GRANDENSE,RS,RS-Fazenda Vilanova,Rio Grande do Sul,1,Pequeno I,4.680
430810,4308102,43,Feliz,Sul,METROPOLITANA DE PORTO ALEGRE,RS,RS-Feliz,Rio Grande do Sul,1,Pequeno I,13.728
430820,4308201,43,Flores da Cunha,Sul,NORDESTE RIO-GRANDENSE,RS,RS-Flores da Cunha,Rio Grande do Sul,2,Pequeno II,31.352
430825,4308250,43,Floriano Peixoto,Sul,NOROESTE RIO-GRANDENSE,RS,RS-Floriano Peixoto,Rio Grande do Sul,1,Pequeno I,1.709
430830,4308300,43,Fontoura Xavier,Sul,NOROESTE RIO-GRANDENSE,RS,RS-Fontoura Xavier,Rio Grande do Sul,1,Pequeno I,10.181
430840,4308409,43,Formigueiro,Sul,CENTRO OCIDENTAL RIO-GRANDENSE,RS,RS-Formigueiro,Rio Grande do Sul,1,Pequeno I,6.569
430843,4308433,43,Forquetinha,Sul,CENTRO ORIENTAL RIO-GRANDENSE,RS,RS-Forquetinha,Rio Grande do Sul,1,Pequeno I,2.389
430845,4308458,43,Fortaleza dos Valos,Sul,NOROESTE RIO-GRANDENSE,RS,RS-Fortaleza dos Valos,Rio Grande do Sul,1,Pequeno I,4.252
430850,4308508,43,Frederico Westphalen,Sul,NOROESTE RIO-GRANDENSE,RS,RS-Frederico Westphalen,Rio Grande do Sul,2,Pequeno II,31.675
430860,4308607,43,Garibaldi,Sul,NORDESTE RIO-GRANDENSE,RS,RS-Garibaldi,Rio Grande do Sul,2,Pequeno II,35.794
430865,4308656,43,Garruchos,Sul,SUDOESTE RIO-GRANDENSE,RS,RS-Garruchos,Rio Grande do Sul,1,Pequeno I,2.851
430870,4308706,43,Gaurama,Sul,NOROESTE RIO-GRANDENSE,RS,RS-Gaurama,Rio Grande do Sul,1,Pequeno I,5.447
430880,4308805,43,General Câmara,Sul,METROPOLITANA DE PORTO ALEGRE,RS,RS-General Câmara,Rio Grande do Sul,1,Pequeno I,8.339
430885,4308854,43,Gentil,Sul,NOROESTE RIO-GRANDENSE,RS,RS-Gentil,Rio Grande do Sul,1,Pequeno I,1.619
430890,4308904,43,Getúlio Vargas,Sul,NOROESTE RIO-GRANDENSE,RS,RS-Getúlio Vargas,Rio Grande do Sul,1,Pequeno I,16.158
430900,4309001,43,Giruá,Sul,NOROESTE RIO-GRANDENSE,RS,RS-Giruá,Rio Grande do Sul,1,Pequeno I,15.729
430905,4309050,43,Glorinha,Sul,METROPOLITANA DE PORTO ALEGRE,RS,RS-Glorinha,Rio Grande do Sul,1,Pequeno I,8.304
430910,4309100,43,Gramado,Sul,METROPOLITANA DE PORTO ALEGRE,RS,RS-Gramado,Rio Grande do Sul,2,Pequeno II,36.864
430912,4309126,43,Gramado dos Loureiros,Sul,NOROESTE RIO-GRANDENSE,RS,RS-Gramado dos Loureiros,Rio Grande do Sul,1,Pequeno I,2.036
430915,4309159,43,Gramado Xavier,Sul,CENTRO ORIENTAL RIO-GRANDENSE,RS,RS-Gramado Xavier,Rio Grande do Sul,1,Pequeno I,4.378
430920,4309209,43,Gravataí,Sul,METROPOLITANA DE PORTO ALEGRE,RS,RS-Gravataí,Rio Grande do Sul,4,Grande,285.564
430925,4309258,43,Guabiju,Sul,NORDESTE RIO-GRANDENSE,RS,RS-Guabiju,Rio Grande do Sul,1,Pequeno I,1.478
430930,4309308,43,Guaíba,Sul,METROPOLITANA DE PORTO ALEGRE,RS,RS-Guaíba,Rio Grande do Sul,3,Médio,98.331
430940,4309407,43,Guaporé,Sul,NORDESTE RIO-GRANDENSE,RS,RS-Guaporé,Rio Grande do Sul,2,Pequeno II,26.199
430950,4309506,43,Guarani das Missões,Sul,NOROESTE RIO-GRANDENSE,RS,RS-Guarani das Missões,Rio Grande do Sul,1,Pequeno I,7.393
430955,4309555,43,Harmonia,Sul,METROPOLITANA DE PORTO ALEGRE,RS,RS-Harmonia,Rio Grande do Sul,1,Pequeno I,4.967
430957,4309571,43,Herveiras,Sul,CENTRO ORIENTAL RIO-GRANDENSE,RS,RS-Herveiras,Rio Grande do Sul,1,Pequeno I,3.019
430960,4309605,43,Horizontina,Sul,NOROESTE RIO-GRANDENSE,RS,RS-Horizontina,Rio Grande do Sul,1,Pequeno I,19.446
430965,4309654,43,Hulha Negra,Sul,SUDOESTE RIO-GRANDENSE,RS,RS-Hulha Negra,Rio Grande do Sul,1,Pequeno I,6.894
430970,4309704,43,Humaitá,Sul,NOROESTE RIO-GRANDENSE,RS,RS-Humaitá,Rio Grande do Sul,1,Pequeno I,4.712
430975,4309753,43,Ibarama,Sul,CENTRO ORIENTAL RIO-GRANDENSE,RS,RS-Ibarama,Rio Grande do Sul,1,Pequeno I,4.393
430980,4309803,43,Ibiaçá,Sul,NOROESTE RIO-GRANDENSE,RS,RS-Ibiaçá,Rio Grande do Sul,1,Pequeno I,4.690
430990,4309902,43,Ibiraiaras,Sul,NOROESTE RIO-GRANDENSE,RS,RS-Ibiraiaras,Rio Grande do Sul,1,Pequeno I,7.267
430995,4309951,43,Ibirapuitã,Sul,NOROESTE RIO-GRANDENSE,RS,RS-Ibirapuitã,Rio Grande do Sul,1,Pequeno I,3.988
431000,4310009,43,Ibirubá,Sul,NOROESTE RIO-GRANDENSE,RS,RS-Ibirubá,Rio Grande do Sul,2,Pequeno II,20.474
431010,4310108,43,Igrejinha,Sul,METROPOLITANA DE PORTO ALEGRE,RS,RS-Igrejinha,Rio Grande do Sul,2,Pequeno II,37.754
431020,4310207,43,Ijuí,Sul,NOROESTE RIO-GRANDENSE,RS,RS-Ijuí,Rio Grande do Sul,3,Médio,84.041
431030,4310306,43,Ilópolis,Sul,NORDESTE RIO-GRANDENSE,RS,RS-Ilópolis,Rio Grande do Sul,1,Pequeno I,4.054
431033,4310330,43,Imbé,Sul,METROPOLITANA DE PORTO ALEGRE,RS,RS-Imbé,Rio Grande do Sul,2,Pequeno II,23.721
431036,4310363,43,Imigrante,Sul,CENTRO ORIENTAL RIO-GRANDENSE,RS,RS-Imigrante,Rio Grande do Sul,1,Pequeno I,3.103
431040,4310405,43,Independência,Sul,NOROESTE RIO-GRANDENSE,RS,RS-Independência,Rio Grande do Sul,1,Pequeno I,6.054
431041,4310413,43,Inhacorá,Sul,NOROESTE RIO-GRANDENSE,RS,RS-Inhacorá,Rio Grande do Sul,1,Pequeno I,2.207
431043,4310439,43,Ipê,Sul,NORDESTE RIO-GRANDENSE,RS,RS-Ipê,Rio Grande do Sul,1,Pequeno I,6.736
431046,4310462,43,Ipiranga do Sul,Sul,NOROESTE RIO-GRANDENSE,RS,RS-Ipiranga do Sul,Rio Grande do Sul,1,Pequeno I,1.871
431050,4310504,43,Iraí,Sul,NOROESTE RIO-GRANDENSE,RS,RS-Iraí,Rio Grande do Sul,1,Pequeno I,7.046
431053,4310538,43,Itaara,Sul,CENTRO OCIDENTAL RIO-GRANDENSE,RS,RS-Itaara,Rio Grande do Sul,1,Pequeno I,5.573
431055,4310553,43,Itacurubi,Sul,CENTRO OCIDENTAL RIO-GRANDENSE,RS,RS-Itacurubi,Rio Grande do Sul,1,Pequeno I,3.456
431057,4310579,43,Itapuca,Sul,NORDESTE RIO-GRANDENSE,RS,RS-Itapuca,Rio Grande do Sul,1,Pequeno I,2.037
431060,4310603,43,Itaqui,Sul,SUDOESTE RIO-GRANDENSE,RS,RS-Itaqui,Rio Grande do Sul,2,Pequeno II,37.363
431065,4310652,43,Itati,Sul,METROPOLITANA DE PORTO ALEGRE,RS,RS-Itati,Rio Grande do Sul,1,Pequeno I,2.377
431070,4310702,43,Itatiba do Sul,Sul,NOROESTE RIO-GRANDENSE,RS,RS-Itatiba do Sul,Rio Grande do Sul,1,Pequeno I,3.143
431075,4310751,43,Ivorá,Sul,CENTRO OCIDENTAL RIO-GRANDENSE,RS,RS-Ivorá,Rio Grande do Sul,1,Pequeno I,1.854
431080,4310801,43,Ivoti,Sul,METROPOLITANA DE PORTO ALEGRE,RS,RS-Ivoti,Rio Grande do Sul,2,Pequeno II,25.068
431085,4310850,43,Jaboticaba,Sul,NOROESTE RIO-GRANDENSE,RS,RS-Jaboticaba,Rio Grande do Sul,1,Pequeno I,3.738
431087,4310876,43,Jacuizinho,Sul,NOROESTE RIO-GRANDENSE,RS,RS-Jacuizinho,Rio Grande do Sul,1,Pequeno I,2.718
431090,4310900,43,Jacutinga,Sul,NOROESTE RIO-GRANDENSE,RS,RS-Jacutinga,Rio Grande do Sul,1,Pequeno I,3.532
431100,4311007,43,Jaguarão,Sul,SUDESTE RIO-GRANDENSE,RS,RS-Jaguarão,Rio Grande do Sul,2,Pequeno II,26.327
431110,4311106,43,Jaguari,Sul,CENTRO OCIDENTAL RIO-GRANDENSE,RS,RS-Jaguari,Rio Grande do Sul,1,Pequeno I,10.684
431112,4311122,43,Jaquirana,Sul,NORDESTE RIO-GRANDENSE,RS,RS-Jaquirana,Rio Grande do Sul,1,Pequeno I,3.611
431113,4311130,43,Jari,Sul,CENTRO OCIDENTAL RIO-GRANDENSE,RS,RS-Jari,Rio Grande do Sul,1,Pequeno I,3.472
431115,4311155,43,Jóia,Sul,NOROESTE RIO-GRANDENSE,RS,RS-Jóia,Rio Grande do Sul,1,Pequeno I,8.571
431120,4311205,43,Júlio de Castilhos,Sul,CENTRO OCIDENTAL RIO-GRANDENSE,RS,RS-Júlio de Castilhos,Rio Grande do Sul,1,Pequeno I,19.159
431123,4311239,43,Lagoa Bonita do Sul,Sul,CENTRO ORIENTAL RIO-GRANDENSE,RS,RS-Lagoa Bonita do Sul,Rio Grande do Sul,1,Pequeno I,2.939
431125,4311254,43,Lagoão,Sul,NOROESTE RIO-GRANDENSE,RS,RS-Lagoão,Rio Grande do Sul,1,Pequeno I,6.469
431127,4311270,43,Lagoa dos Três Cantos,Sul,NOROESTE RIO-GRANDENSE,RS,RS-Lagoa dos Três Cantos,Rio Grande do Sul,1,Pequeno I,1.604
431130,4311304,43,Lagoa Vermelha,Sul,NORDESTE RIO-GRANDENSE,RS,RS-Lagoa Vermelha,Rio Grande do Sul,2,Pequeno II,27.751
431140,4311403,43,Lajeado,Sul,CENTRO ORIENTAL RIO-GRANDENSE,RS,RS-Lajeado,Rio Grande do Sul,3,Médio,86.005
431142,4311429,43,Lajeado do Bugre,Sul,NOROESTE RIO-GRANDENSE,RS,RS-Lajeado do Bugre,Rio Grande do Sul,1,Pequeno I,2.569
431150,4311502,43,Lavras do Sul,Sul,SUDOESTE RIO-GRANDENSE,RS,RS-Lavras do Sul,Rio Grande do Sul,1,Pequeno I,7.410
431160,4311601,43,Liberato Salzano,Sul,NOROESTE RIO-GRANDENSE,RS,RS-Liberato Salzano,Rio Grande do Sul,1,Pequeno I,5.087
431162,4311627,43,Lindolfo Collor,Sul,METROPOLITANA DE PORTO ALEGRE,RS,RS-Lindolfo Collor,Rio Grande do Sul,1,Pequeno I,6.193
431164,4311643,43,Linha Nova,Sul,METROPOLITANA DE PORTO ALEGRE,RS,RS-Linha Nova,Rio Grande do Sul,1,Pequeno I,1.724
431170,4311700,43,Machadinho,Sul,NOROESTE RIO-GRANDENSE,RS,RS-Machadinho,Rio Grande do Sul,1,Pequeno I,5.411
431171,4311718,43,Maçambará,Sul,SUDOESTE RIO-GRANDENSE,RS,RS-Maçambará,Rio Grande do Sul,1,Pequeno I,4.539
431173,4311734,43,Mampituba,Sul,METROPOLITANA DE PORTO ALEGRE,RS,RS-Mampituba,Rio Grande do Sul,1,Pequeno I,2.965
431175,4311759,43,Manoel Viana,Sul,SUDOESTE RIO-GRANDENSE,RS,RS-Manoel Viana,Rio Grande do Sul,1,Pequeno I,7.315
431177,4311775,43,Maquiné,Sul,METROPOLITANA DE PORTO ALEGRE,RS,RS-Maquiné,Rio Grande do Sul,1,Pequeno I,6.747
431179,4311791,43,Maratá,Sul,METROPOLITANA DE PORTO ALEGRE,RS,RS-Maratá,Rio Grande do Sul,1,Pequeno I,2.713
431180,4311809,43,Marau,Sul,NOROESTE RIO-GRANDENSE,RS,RS-Marau,Rio Grande do Sul,2,Pequeno II,45.523
431190,4311908,43,Marcelino Ramos,Sul,NOROESTE RIO-GRANDENSE,RS,RS-Marcelino Ramos,Rio Grande do Sul,1,Pequeno I,4.239
431198,4311981,43,Mariana Pimentel,Sul,METROPOLITANA DE PORTO ALEGRE,RS,RS-Mariana Pimentel,Rio Grande do Sul,1,Pequeno I,3.892
431200,4312005,43,Mariano Moro,Sul,NOROESTE RIO-GRANDENSE,RS,RS-Mariano Moro,Rio Grande do Sul,1,Pequeno I,1.987
431205,4312054,43,Marques de Souza,Sul,CENTRO ORIENTAL RIO-GRANDENSE,RS,RS-Marques de Souza,Rio Grande do Sul,1,Pequeno I,3.981
431210,4312104,43,Mata,Sul,CENTRO OCIDENTAL RIO-GRANDENSE,RS,RS-Mata,Rio Grande do Sul,1,Pequeno I,4.760
431213,4312138,43,Mato Castelhano,Sul,NOROESTE RIO-GRANDENSE,RS,RS-Mato Castelhano,Rio Grande do Sul,1,Pequeno I,2.543
431215,4312153,43,Mato Leitão,Sul,CENTRO ORIENTAL RIO-GRANDENSE,RS,RS-Mato Leitão,Rio Grande do Sul,1,Pequeno I,4.627
431217,4312179,43,Mato Queimado,Sul,NOROESTE RIO-GRANDENSE,RS,RS-Mato Queimado,Rio Grande do Sul,1,Pequeno I,1.611
431220,4312203,43,Maximiliano de Almeida,Sul,NOROESTE RIO-GRANDENSE,RS,RS-Maximiliano de Almeida,Rio Grande do Sul,1,Pequeno I,4.254
431225,4312252,43,Minas do Leão,Sul,METROPOLITANA DE PORTO ALEGRE,RS,RS-Minas do Leão,Rio Grande do Sul,1,Pequeno I,8.130
431230,4312302,43,Miraguaí,Sul,NOROESTE RIO-GRANDENSE,RS,RS-Miraguaí,Rio Grande do Sul,1,Pequeno I,4.899
431235,4312351,43,Montauri,Sul,NORDESTE RIO-GRANDENSE,RS,RS-Montauri,Rio Grande do Sul,1,Pequeno I,1.430
431237,4312377,43,Monte Alegre dos Campos,Sul,NORDESTE RIO-GRANDENSE,RS,RS-Monte Alegre dos Campos,Rio Grande do Sul,1,Pequeno I,3.237
431238,4312385,43,Monte Belo do Sul,Sul,NORDESTE RIO-GRANDENSE,RS,RS-Monte Belo do Sul,Rio Grande do Sul,1,Pequeno I,2.514
431240,4312401,43,Montenegro,Sul,METROPOLITANA DE PORTO ALEGRE,RS,RS-Montenegro,Rio Grande do Sul,3,Médio,66.157
431242,4312427,43,Mormaço,Sul,NOROESTE RIO-GRANDENSE,RS,RS-Mormaço,Rio Grande do Sul,1,Pequeno I,3.139
431244,4312443,43,Morrinhos do Sul,Sul,METROPOLITANA DE PORTO ALEGRE,RS,RS-Morrinhos do Sul,Rio Grande do Sul,1,Pequeno I,2.891
431245,4312450,43,Morro Redondo,Sul,SUDESTE RIO-GRANDENSE,RS,RS-Morro Redondo,Rio Grande do Sul,1,Pequeno I,6.609
431247,4312476,43,Morro Reuter,Sul,METROPOLITANA DE PORTO ALEGRE,RS,RS-Morro Reuter,Rio Grande do Sul,1,Pequeno I,6.570
431250,4312500,43,Mostardas,Sul,METROPOLITANA DE PORTO ALEGRE,RS,RS-Mostardas,Rio Grande do Sul,1,Pequeno I,12.888
431260,4312609,43,Muçum,Sul,CENTRO ORIENTAL RIO-GRANDENSE,RS,RS-Muçum,Rio Grande do Sul,1,Pequeno I,4.967
431261,4312617,43,Muitos Capões,Sul,NORDESTE RIO-GRANDENSE,RS,RS-Muitos Capões,Rio Grande do Sul,1,Pequeno I,3.184
431262,4312625,43,Muliterno,Sul,NOROESTE RIO-GRANDENSE,RS,RS-Muliterno,Rio Grande do Sul,1,Pequeno I,1.901
431265,4312658,43,Não-Me-Toque,Sul,NOROESTE RIO-GRANDENSE,RS,RS-Não-Me-Toque,Rio Grande do Sul,1,Pequeno I,17.886
431267,4312674,43,Nicolau Vergueiro,Sul,NOROESTE RIO-GRANDENSE,RS,RS-Nicolau Vergueiro,Rio Grande do Sul,1,Pequeno I,1.667
431270,4312708,43,Nonoai,Sul,NOROESTE RIO-GRANDENSE,RS,RS-Nonoai,Rio Grande do Sul,1,Pequeno I,11.574
431275,4312757,43,Nova Alvorada,Sul,NORDESTE RIO-GRANDENSE,RS,RS-Nova Alvorada,Rio Grande do Sul,1,Pequeno I,3.698
431280,4312807,43,Nova Araçá,Sul,NORDESTE RIO-GRANDENSE,RS,RS-Nova Araçá,Rio Grande do Sul,1,Pequeno I,4.890
431290,4312906,43,Nova Bassano,Sul,NORDESTE RIO-GRANDENSE,RS,RS-Nova Bassano,Rio Grande do Sul,1,Pequeno I,10.089
431295,4312955,43,Nova Boa Vista,Sul,NOROESTE RIO-GRANDENSE,RS,RS-Nova Boa Vista,Rio Grande do Sul,1,Pequeno I,1.731
431300,4313003,43,Nova Bréscia,Sul,CENTRO ORIENTAL RIO-GRANDENSE,RS,RS-Nova Bréscia,Rio Grande do Sul,1,Pequeno I,3.345
431301,4313011,43,Nova Candelária,Sul,NOROESTE RIO-GRANDENSE,RS,RS-Nova Candelária,Rio Grande do Sul,1,Pequeno I,2.677
431303,4313037,43,Nova Esperança do Sul,Sul,CENTRO OCIDENTAL RIO-GRANDENSE,RS,RS-Nova Esperança do Sul,Rio Grande do Sul,1,Pequeno I,5.465
431306,4313060,43,Nova Hartz,Sul,METROPOLITANA DE PORTO ALEGRE,RS,RS-Nova Hartz,Rio Grande do Sul,2,Pequeno II,22.147
431308,4313086,43,Nova Pádua,Sul,NORDESTE RIO-GRANDENSE,RS,RS-Nova Pádua,Rio Grande do Sul,1,Pequeno I,2.563
431310,4313102,43,Nova Palma,Sul,CENTRO OCIDENTAL RIO-GRANDENSE,RS,RS-Nova Palma,Rio Grande do Sul,1,Pequeno I,6.519
431320,4313201,43,Nova Petrópolis,Sul,METROPOLITANA DE PORTO ALEGRE,RS,RS-Nova Petrópolis,Rio Grande do Sul,2,Pequeno II,21.717
431330,4313300,43,Nova Prata,Sul,NORDESTE RIO-GRANDENSE,RS,RS-Nova Prata,Rio Grande do Sul,2,Pequeno II,28.021
431333,4313334,43,Nova Ramada,Sul,NOROESTE RIO-GRANDENSE,RS,RS-Nova Ramada,Rio Grande do Sul,1,Pequeno I,2.195
431335,4313359,43,Nova Roma do Sul,Sul,NORDESTE RIO-GRANDENSE,RS,RS-Nova Roma do Sul,Rio Grande do Sul,1,Pequeno I,3.743
431337,4313375,43,Nova Santa Rita,Sul,METROPOLITANA DE PORTO ALEGRE,RS,RS-Nova Santa Rita,Rio Grande do Sul,2,Pequeno II,30.482
431339,4313391,43,Novo Cabrais,Sul,CENTRO ORIENTAL RIO-GRANDENSE,RS,RS-Novo Cabrais,Rio Grande do Sul,1,Pequeno I,4.246
431340,4313409,43,Novo Hamburgo,Sul,METROPOLITANA DE PORTO ALEGRE,RS,RS-Novo Hamburgo,Rio Grande do Sul,4,Grande,247.303
431342,4313425,43,Novo Machado,Sul,NOROESTE RIO-GRANDENSE,RS,RS-Novo Machado,Rio Grande do Sul,1,Pequeno I,3.191
431344,4313441,43,Novo Tiradentes,Sul,NOROESTE RIO-GRANDENSE,RS,RS-Novo Tiradentes,Rio Grande do Sul,1,Pequeno I,2.189
431346,4313466,43,Novo Xingu,Sul,NOROESTE RIO-GRANDENSE,RS,RS-Novo Xingu,Rio Grande do Sul,1,Pequeno I,1.705
431349,4313490,43,Novo Barreiro,Sul,NOROESTE RIO-GRANDENSE,RS,RS-Novo Barreiro,Rio Grande do Sul,1,Pequeno I,4.185
431350,4313508,43,Osório,Sul,METROPOLITANA DE PORTO ALEGRE,RS,RS-Osório,Rio Grande do Sul,2,Pequeno II,46.815
431360,4313607,43,Paim Filho,Sul,NOROESTE RIO-GRANDENSE,RS,RS-Paim Filho,Rio Grande do Sul,1,Pequeno I,3.731
431365,4313656,43,Palmares do Sul,Sul,METROPOLITANA DE PORTO ALEGRE,RS,RS-Palmares do Sul,Rio Grande do Sul,1,Pequeno I,11.342
431370,4313706,43,Palmeira das Missões,Sul,NOROESTE RIO-GRANDENSE,RS,RS-Palmeira das Missões,Rio Grande do Sul,2,Pequeno II,32.967
431380,4313805,43,Palmitinho,Sul,NOROESTE RIO-GRANDENSE,RS,RS-Palmitinho,Rio Grande do Sul,1,Pequeno I,7.056
431390,4313904,43,Panambi,Sul,NOROESTE RIO-GRANDENSE,RS,RS-Panambi,Rio Grande do Sul,2,Pequeno II,44.583
431395,4313953,43,Pantano Grande,Sul,CENTRO ORIENTAL RIO-GRANDENSE,RS,RS-Pantano Grande,Rio Grande do Sul,1,Pequeno I,8.995
431400,4314001,43,Paraí,Sul,NORDESTE RIO-GRANDENSE,RS,RS-Paraí,Rio Grande do Sul,1,Pequeno I,7.793
431402,4314027,43,Paraíso do Sul,Sul,CENTRO ORIENTAL RIO-GRANDENSE,RS,RS-Paraíso do Sul,Rio Grande do Sul,1,Pequeno I,7.635
431403,4314035,43,Pareci Novo,Sul,METROPOLITANA DE PORTO ALEGRE,RS,RS-Pareci Novo,Rio Grande do Sul,1,Pequeno I,3.885
431405,4314050,43,Parobé,Sul,METROPOLITANA DE PORTO ALEGRE,RS,RS-Parobé,Rio Grande do Sul,3,Médio,59.419
431406,4314068,43,Passa Sete,Sul,CENTRO ORIENTAL RIO-GRANDENSE,RS,RS-Passa Sete,Rio Grande do Sul,1,Pequeno I,5.790
431407,4314076,43,Passo do Sobrado,Sul,CENTRO ORIENTAL RIO-GRANDENSE,RS,RS-Passo do Sobrado,Rio Grande do Sul,1,Pequeno I,6.612
431410,4314100,43,Passo Fundo,Sul,NOROESTE RIO-GRANDENSE,RS,RS-Passo Fundo,Rio Grande do Sul,4,Grande,206.103
431413,4314134,43,Paulo Bento,Sul,NOROESTE RIO-GRANDENSE,RS,RS-Paulo Bento,Rio Grande do Sul,1,Pequeno I,2.303
431415,4314159,43,Paverama,Sul,CENTRO ORIENTAL RIO-GRANDENSE,RS,RS-Paverama,Rio Grande do Sul,1,Pequeno I,8.541
431417,4314175,43,Pedras Altas,Sul,SUDESTE RIO-GRANDENSE,RS,RS-Pedras Altas,Rio Grande do Sul,1,Pequeno I,1.928
431420,4314209,43,Pedro Osório,Sul,SUDESTE RIO-GRANDENSE,RS,RS-Pedro Osório,Rio Grande do Sul,1,Pequeno I,7.683
431430,4314308,43,Pejuçara,Sul,NOROESTE RIO-GRANDENSE,RS,RS-Pejuçara,Rio Grande do Sul,1,Pequeno I,3.840
431440,4314407,43,Pelotas,Sul,SUDESTE RIO-GRANDENSE,RS,RS-Pelotas,Rio Grande do Sul,4,Grande,343.826
431442,4314423,43,Picada Café,Sul,METROPOLITANA DE PORTO ALEGRE,RS,RS-Picada Café,Rio Grande do Sul,1,Pequeno I,5.780
431445,4314456,43,Pinhal,Sul,NOROESTE RIO-GRANDENSE,RS,RS-Pinhal,Rio Grande do Sul,1,Pequeno I,2.581
431446,4314464,43,Pinhal da Serra,Sul,NORDESTE RIO-GRANDENSE,RS,RS-Pinhal da Serra,Rio Grande do Sul,1,Pequeno I,1.896
431447,4314472,43,Pinhal Grande,Sul,CENTRO OCIDENTAL RIO-GRANDENSE,RS,RS-Pinhal Grande,Rio Grande do Sul,1,Pequeno I,4.309
431449,4314498,43,Pinheirinho do Vale,Sul,NOROESTE RIO-GRANDENSE,RS,RS-Pinheirinho do Vale,Rio Grande do Sul,1,Pequeno I,4.926
431450,4314506,43,Pinheiro Machado,Sul,SUDESTE RIO-GRANDENSE,RS,RS-Pinheiro Machado,Rio Grande do Sul,1,Pequeno I,12.122
431454,4314548,43,Pinto Bandeira,Sul,NORDESTE RIO-GRANDENSE,RS,RS-Pinto Bandeira,Rio Grande do Sul,1,Pequeno I,3.068
431455,4314555,43,Pirapó,Sul,NOROESTE RIO-GRANDENSE,RS,RS-Pirapó,Rio Grande do Sul,1,Pequeno I,2.205
431460,4314605,43,Piratini,Sul,SUDESTE RIO-GRANDENSE,RS,RS-Piratini,Rio Grande do Sul,1,Pequeno I,20.743
431470,4314704,43,Planalto,Sul,NOROESTE RIO-GRANDENSE,RS,RS-Planalto,Rio Grande do Sul,1,Pequeno I,9.957
431475,4314753,43,Poço das Antas,Sul,METROPOLITANA DE PORTO ALEGRE,RS,RS-Poço das Antas,Rio Grande do Sul,1,Pequeno I,2.105
431477,4314779,43,Pontão,Sul,NOROESTE RIO-GRANDENSE,RS,RS-Pontão,Rio Grande do Sul,1,Pequeno I,3.898
431478,4314787,43,Ponte Preta,Sul,NOROESTE RIO-GRANDENSE,RS,RS-Ponte Preta,Rio Grande do Sul,1,Pequeno I,1.501
431480,4314803,43,Portão,Sul,METROPOLITANA DE PORTO ALEGRE,RS,RS-Portão,Rio Grande do Sul,2,Pequeno II,38.081
431490,4314902,43,Porto Alegre,Sul,METROPOLITANA DE PORTO ALEGRE,RS,RS-Porto Alegre,Rio Grande do Sul,5,Metrópole,1.492.530
431500,4315008,43,Porto Lucena,Sul,NOROESTE RIO-GRANDENSE,RS,RS-Porto Lucena,Rio Grande do Sul,1,Pequeno I,4.514
431505,4315057,43,Porto Mauá,Sul,NOROESTE RIO-GRANDENSE,RS,RS-Porto Mauá,Rio Grande do Sul,1,Pequeno I,2.332
431507,4315073,43,Porto Vera Cruz,Sul,NOROESTE RIO-GRANDENSE,RS,RS-Porto Vera Cruz,Rio Grande do Sul,1,Pequeno I,1.258
431510,4315107,43,Porto Xavier,Sul,NOROESTE RIO-GRANDENSE,RS,RS-Porto Xavier,Rio Grande do Sul,1,Pequeno I,10.144
431513,4315131,43,Pouso Novo,Sul,CENTRO ORIENTAL RIO-GRANDENSE,RS,RS-Pouso Novo,Rio Grande do Sul,1,Pequeno I,1.586
431514,4315149,43,Presidente Lucena,Sul,METROPOLITANA DE PORTO ALEGRE,RS,RS-Presidente Lucena,Rio Grande do Sul,1,Pequeno I,2.972
431515,4315156,43,Progresso,Sul,CENTRO ORIENTAL RIO-GRANDENSE,RS,RS-Progresso,Rio Grande do Sul,1,Pequeno I,6.235
431517,4315172,43,Protásio Alves,Sul,NORDESTE RIO-GRANDENSE,RS,RS-Protásio Alves,Rio Grande do Sul,1,Pequeno I,1.929
431520,4315206,43,Putinga,Sul,NORDESTE RIO-GRANDENSE,RS,RS-Putinga,Rio Grande do Sul,1,Pequeno I,3.861
431530,4315305,43,Quaraí,Sul,SUDOESTE RIO-GRANDENSE,RS,RS-Quaraí,Rio Grande do Sul,2,Pequeno II,22.531
431531,4315313,43,Quatro Irmãos,Sul,NOROESTE RIO-GRANDENSE,RS,RS-Quatro Irmãos,Rio Grande do Sul,1,Pequeno I,1.860
431532,4315321,43,Quevedos,Sul,CENTRO OCIDENTAL RIO-GRANDENSE,RS,RS-Quevedos,Rio Grande do Sul,1,Pequeno I,2.793
431535,4315354,43,Quinze de Novembro,Sul,NOROESTE RIO-GRANDENSE,RS,RS-Quinze de Novembro,Rio Grande do Sul,1,Pequeno I,3.810
431540,4315404,43,Redentora,Sul,NOROESTE RIO-GRANDENSE,RS,RS-Redentora,Rio Grande do Sul,1,Pequeno I,11.782
431545,4315453,43,Relvado,Sul,CENTRO ORIENTAL RIO-GRANDENSE,RS,RS-Relvado,Rio Grande do Sul,1,Pequeno I,2.068
431550,4315503,43,Restinga Sêca,Sul,CENTRO OCIDENTAL RIO-GRANDENSE,RS,RS-Restinga Sêca,Rio Grande do Sul,1,Pequeno I,15.702
431555,4315552,43,Rio dos Índios,Sul,NOROESTE RIO-GRANDENSE,RS,RS-Rio dos Índios,Rio Grande do Sul,1,Pequeno I,2.571
431560,4315602,43,Rio Grande,Sul,SUDESTE RIO-GRANDENSE,RS,RS-Rio Grande,Rio Grande do Sul,4,Grande,212.881
431570,4315701,43,Rio Pardo,Sul,CENTRO ORIENTAL RIO-GRANDENSE,RS,RS-Rio Pardo,Rio Grande do Sul,2,Pequeno II,38.257
431575,4315750,43,Riozinho,Sul,METROPOLITANA DE PORTO ALEGRE,RS,RS-Riozinho,Rio Grande do Sul,1,Pequeno I,4.698
431580,4315800,43,Roca Sales,Sul,CENTRO ORIENTAL RIO-GRANDENSE,RS,RS-Roca Sales,Rio Grande do Sul,1,Pequeno I,11.556
431590,4315909,43,Rodeio Bonito,Sul,NOROESTE RIO-GRANDENSE,RS,RS-Rodeio Bonito,Rio Grande do Sul,1,Pequeno I,5.868
431595,4315958,43,Rolador,Sul,NOROESTE RIO-GRANDENSE,RS,RS-Rolador,Rio Grande do Sul,1,Pequeno I,2.270
431600,4316006,43,Rolante,Sul,METROPOLITANA DE PORTO ALEGRE,RS,RS-Rolante,Rio Grande do Sul,2,Pequeno II,21.591
431610,4316105,43,Ronda Alta,Sul,NOROESTE RIO-GRANDENSE,RS,RS-Ronda Alta,Rio Grande do Sul,1,Pequeno I,10.633
431620,4316204,43,Rondinha,Sul,NOROESTE RIO-GRANDENSE,RS,RS-Rondinha,Rio Grande do Sul,1,Pequeno I,5.033
431630,4316303,43,Roque Gonzales,Sul,NOROESTE RIO-GRANDENSE,RS,RS-Roque Gonzales,Rio Grande do Sul,1,Pequeno I,6.750
431640,4316402,43,Rosário do Sul,Sul,SUDOESTE RIO-GRANDENSE,RS,RS-Rosário do Sul,Rio Grande do Sul,2,Pequeno II,39.210
431642,4316428,43,Sagrada Família,Sul,NOROESTE RIO-GRANDENSE,RS,RS-Sagrada Família,Rio Grande do Sul,1,Pequeno I,2.601
431643,4316436,43,Saldanha Marinho,Sul,NOROESTE RIO-GRANDENSE,RS,RS-Saldanha Marinho,Rio Grande do Sul,1,Pequeno I,2.596
431645,4316451,43,Salto do Jacuí,Sul,NOROESTE RIO-GRANDENSE,RS,RS-Salto do Jacuí,Rio Grande do Sul,1,Pequeno I,12.512
431647,4316477,43,Salvador das Missões,Sul,NOROESTE RIO-GRANDENSE,RS,RS-Salvador das Missões,Rio Grande do Sul,1,Pequeno I,2.734
431650,4316501,43,Salvador do Sul,Sul,METROPOLITANA DE PORTO ALEGRE,RS,RS-Salvador do Sul,Rio Grande do Sul,1,Pequeno I,7.975
431660,4316600,43,Sananduva,Sul,NOROESTE RIO-GRANDENSE,RS,RS-Sananduva,Rio Grande do Sul,1,Pequeno I,16.382
431670,4316709,43,Santa Bárbara do Sul,Sul,NOROESTE RIO-GRANDENSE,RS,RS-Santa Bárbara do Sul,Rio Grande do Sul,1,Pequeno I,7.813
431673,4316733,43,Santa Cecília do Sul,Sul,NOROESTE RIO-GRANDENSE,RS,RS-Santa Cecília do Sul,Rio Grande do Sul,1,Pequeno I,1.630
431675,4316758,43,Santa Clara do Sul,Sul,CENTRO ORIENTAL RIO-GRANDENSE,RS,RS-Santa Clara do Sul,Rio Grande do Sul,1,Pequeno I,6.755
431680,4316808,43,Santa Cruz do Sul,Sul,CENTRO ORIENTAL RIO-GRANDENSE,RS,RS-Santa Cruz do Sul,Rio Grande do Sul,4,Grande,132.271
431690,4316907,43,Santa Maria,Sul,CENTRO OCIDENTAL RIO-GRANDENSE,RS,RS-Santa Maria,Rio Grande do Sul,4,Grande,285.159
431695,4316956,43,Santa Maria do Herval,Sul,METROPOLITANA DE PORTO ALEGRE,RS,RS-Santa Maria do Herval,Rio Grande do Sul,1,Pequeno I,6.382
431697,4316972,43,Santa Margarida do Sul,Sul,SUDOESTE RIO-GRANDENSE,RS,RS-Santa Margarida do Sul,Rio Grande do Sul,1,Pequeno I,2.593
431700,4317004,43,Santana da Boa Vista,Sul,SUDESTE RIO-GRANDENSE,RS,RS-Santana da Boa Vista,Rio Grande do Sul,1,Pequeno I,8.037
431710,4317103,43,Sant'Ana do Livramento,Sul,SUDOESTE RIO-GRANDENSE,RS,RS-Sant'Ana do Livramento,Rio Grande do Sul,3,Médio,75.647
431720,4317202,43,Santa Rosa,Sul,NOROESTE RIO-GRANDENSE,RS,RS-Santa Rosa,Rio Grande do Sul,3,Médio,73.882
431725,4317251,43,Santa Tereza,Sul,NORDESTE RIO-GRANDENSE,RS,RS-Santa Tereza,Rio Grande do Sul,1,Pequeno I,1.722
431730,4317301,43,Santa Vitória do Palmar,Sul,SUDESTE RIO-GRANDENSE,RS,RS-Santa Vitória do Palmar,Rio Grande do Sul,2,Pequeno II,29.298
431740,4317400,43,Santiago,Sul,CENTRO OCIDENTAL RIO-GRANDENSE,RS,RS-Santiago,Rio Grande do Sul,2,Pequeno II,49.298
431750,4317509,43,Santo Ângelo,Sul,NOROESTE RIO-GRANDENSE,RS,RS-Santo Ângelo,Rio Grande do Sul,3,Médio,77.544
431755,4317558,43,Santo Antônio do Palma,Sul,NOROESTE RIO-GRANDENSE,RS,RS-Santo Antônio do Palma,Rio Grande do Sul,1,Pequeno I,2.118
431760,4317608,43,Santo Antônio da Patrulha,Sul,METROPOLITANA DE PORTO ALEGRE,RS,RS-Santo Antônio da Patrulha,Rio Grande do Sul,2,Pequeno II,43.397
431770,4317707,43,Santo Antônio das Missões,Sul,NOROESTE RIO-GRANDENSE,RS,RS-Santo Antônio das Missões,Rio Grande do Sul,1,Pequeno I,9.930
431775,4317756,43,Santo Antônio do Planalto,Sul,NOROESTE RIO-GRANDENSE,RS,RS-Santo Antônio do Planalto,Rio Grande do Sul,1,Pequeno I,2.018
431780,4317806,43,Santo Augusto,Sul,NOROESTE RIO-GRANDENSE,RS,RS-Santo Augusto,Rio Grande do Sul,1,Pequeno I,13.813
431790,4317905,43,Santo Cristo,Sul,NOROESTE RIO-GRANDENSE,RS,RS-Santo Cristo,Rio Grande do Sul,1,Pequeno I,14.177
431795,4317954,43,Santo Expedito do Sul,Sul,NOROESTE RIO-GRANDENSE,RS,RS-Santo Expedito do Sul,Rio Grande do Sul,1,Pequeno I,2.287
431800,4318002,43,São Borja,Sul,SUDOESTE RIO-GRANDENSE,RS,RS-São Borja,Rio Grande do Sul,3,Médio,59.768
431805,4318051,43,São Domingos do Sul,Sul,NOROESTE RIO-GRANDENSE,RS,RS-São Domingos do Sul,Rio Grande do Sul,1,Pequeno I,3.091
431810,4318101,43,São Francisco de Assis,Sul,SUDOESTE RIO-GRANDENSE,RS,RS-São Francisco de Assis,Rio Grande do Sul,1,Pequeno I,18.081
431820,4318200,43,São Francisco de Paula,Sul,NORDESTE RIO-GRANDENSE,RS,RS-São Francisco de Paula,Rio Grande do Sul,2,Pequeno II,21.871
431830,4318309,43,São Gabriel,Sul,SUDOESTE RIO-GRANDENSE,RS,RS-São Gabriel,Rio Grande do Sul,3,Médio,62.187
431840,4318408,43,São Jerônimo,Sul,METROPOLITANA DE PORTO ALEGRE,RS,RS-São Jerônimo,Rio Grande do Sul,2,Pequeno II,24.569
431842,4318424,43,São João da Urtiga,Sul,NOROESTE RIO-GRANDENSE,RS,RS-São João da Urtiga,Rio Grande do Sul,1,Pequeno I,4.625
431843,4318432,43,São João do Polêsine,Sul,CENTRO OCIDENTAL RIO-GRANDENSE,RS,RS-São João do Polêsine,Rio Grande do Sul,1,Pequeno I,2.535
431844,4318440,43,São Jorge,Sul,NORDESTE RIO-GRANDENSE,RS,RS-São Jorge,Rio Grande do Sul,1,Pequeno I,2.808
431845,4318457,43,São José das Missões,Sul,NOROESTE RIO-GRANDENSE,RS,RS-São José das Missões,Rio Grande do Sul,1,Pequeno I,2.491
431846,4318465,43,São José do Herval,Sul,NOROESTE RIO-GRANDENSE,RS,RS-São José do Herval,Rio Grande do Sul,1,Pequeno I,1.917
431848,4318481,43,São José do Hortêncio,Sul,METROPOLITANA DE PORTO ALEGRE,RS,RS-São José do Hortêncio,Rio Grande do Sul,1,Pequeno I,4.924
431849,4318499,43,São José do Inhacorá,Sul,NOROESTE RIO-GRANDENSE,RS,RS-São José do Inhacorá,Rio Grande do Sul,1,Pequeno I,2.040
431850,4318507,43,São José do Norte,Sul,SUDESTE RIO-GRANDENSE,RS,RS-São José do Norte,Rio Grande do Sul,2,Pequeno II,27.866
431860,4318606,43,São José do Ouro,Sul,NOROESTE RIO-GRANDENSE,RS,RS-São José do Ouro,Rio Grande do Sul,1,Pequeno I,6.911
431861,4318614,43,São José do Sul,Sul,METROPOLITANA DE PORTO ALEGRE,RS,RS-São José do Sul,Rio Grande do Sul,1,Pequeno I,2.464
431862,4318622,43,São José dos Ausentes,Sul,NORDESTE RIO-GRANDENSE,RS,RS-São José dos Ausentes,Rio Grande do Sul,1,Pequeno I,3.559
431870,4318705,43,São Leopoldo,Sul,METROPOLITANA DE PORTO ALEGRE,RS,RS-São Leopoldo,Rio Grande do Sul,4,Grande,240.378
431880,4318804,43,São Lourenço do Sul,Sul,SUDESTE RIO-GRANDENSE,RS,RS-São Lourenço do Sul,Rio Grande do Sul,2,Pequeno II,43.501
431890,4318903,43,São Luiz Gonzaga,Sul,NOROESTE RIO-GRANDENSE,RS,RS-São Luiz Gonzaga,Rio Grande do Sul,2,Pequeno II,33.124
431900,4319000,43,São Marcos,Sul,NORDESTE RIO-GRANDENSE,RS,RS-São Marcos,Rio Grande do Sul,2,Pequeno II,21.756
431910,4319109,43,São Martinho,Sul,NOROESTE RIO-GRANDENSE,RS,RS-São Martinho,Rio Grande do Sul,1,Pequeno I,5.336
431912,4319125,43,São Martinho da Serra,Sul,CENTRO OCIDENTAL RIO-GRANDENSE,RS,RS-São Martinho da Serra,Rio Grande do Sul,1,Pequeno I,3.228
431915,4319158,43,São Miguel das Missões,Sul,NOROESTE RIO-GRANDENSE,RS,RS-São Miguel das Missões,Rio Grande do Sul,1,Pequeno I,7.692
431920,4319208,43,São Nicolau,Sul,NOROESTE RIO-GRANDENSE,RS,RS-São Nicolau,Rio Grande do Sul,1,Pequeno I,5.153
431930,4319307,43,São Paulo das Missões,Sul,NOROESTE RIO-GRANDENSE,RS,RS-São Paulo das Missões,Rio Grande do Sul,1,Pequeno I,5.654
431935,4319356,43,São Pedro da Serra,Sul,METROPOLITANA DE PORTO ALEGRE,RS,RS-São Pedro da Serra,Rio Grande do Sul,1,Pequeno I,3.881
431936,4319364,43,São Pedro das Missões,Sul,NOROESTE RIO-GRANDENSE,RS,RS-São Pedro das Missões,Rio Grande do Sul,1,Pequeno I,2.025
431937,4319372,43,São Pedro do Butiá,Sul,NOROESTE RIO-GRANDENSE,RS,RS-São Pedro do Butiá,Rio Grande do Sul,1,Pequeno I,2.950
431940,4319406,43,São Pedro do Sul,Sul,CENTRO OCIDENTAL RIO-GRANDENSE,RS,RS-São Pedro do Sul,Rio Grande do Sul,1,Pequeno I,16.100
431950,4319505,43,São Sebastião do Caí,Sul,METROPOLITANA DE PORTO ALEGRE,RS,RS-São Sebastião do Caí,Rio Grande do Sul,2,Pequeno II,26.161
431960,4319604,43,São Sepé,Sul,CENTRO OCIDENTAL RIO-GRANDENSE,RS,RS-São Sepé,Rio Grande do Sul,2,Pequeno II,23.492
431970,4319703,43,São Valentim,Sul,NOROESTE RIO-GRANDENSE,RS,RS-São Valentim,Rio Grande do Sul,1,Pequeno I,3.220
431971,4319711,43,São Valentim do Sul,Sul,NORDESTE RIO-GRANDENSE,RS,RS-São Valentim do Sul,Rio Grande do Sul,1,Pequeno I,2.248
431973,4319737,43,São Valério do Sul,Sul,NOROESTE RIO-GRANDENSE,RS,RS-São Valério do Sul,Rio Grande do Sul,1,Pequeno I,2.732
431975,4319752,43,São Vendelino,Sul,METROPOLITANA DE PORTO ALEGRE,RS,RS-São Vendelino,Rio Grande do Sul,1,Pequeno I,2.288
431980,4319802,43,São Vicente do Sul,Sul,CENTRO OCIDENTAL RIO-GRANDENSE,RS,RS-São Vicente do Sul,Rio Grande do Sul,1,Pequeno I,8.742
431990,4319901,43,Sapiranga,Sul,METROPOLITANA DE PORTO ALEGRE,RS,RS-Sapiranga,Rio Grande do Sul,3,Médio,80.514
432000,4320008,43,Sapucaia do Sul,Sul,METROPOLITANA DE PORTO ALEGRE,RS,RS-Sapucaia do Sul,Rio Grande do Sul,4,Grande,142.508
432010,4320107,43,Sarandi,Sul,NOROESTE RIO-GRANDENSE,RS,RS-Sarandi,Rio Grande do Sul,2,Pequeno II,25.024
432020,4320206,43,Seberi,Sul,NOROESTE RIO-GRANDENSE,RS,RS-Seberi,Rio Grande do Sul,1,Pequeno I,10.678
432023,4320230,43,Sede Nova,Sul,NOROESTE RIO-GRANDENSE,RS,RS-Sede Nova,Rio Grande do Sul,1,Pequeno I,2.875
432026,4320263,43,Segredo,Sul,CENTRO ORIENTAL RIO-GRANDENSE,RS,RS-Segredo,Rio Grande do Sul,1,Pequeno I,7.465
432030,4320305,43,Selbach,Sul,NOROESTE RIO-GRANDENSE,RS,RS-Selbach,Rio Grande do Sul,1,Pequeno I,5.114
432032,4320321,43,Senador Salgado Filho,Sul,NOROESTE RIO-GRANDENSE,RS,RS-Senador Salgado Filho,Rio Grande do Sul,1,Pequeno I,2.761
432035,4320354,43,Sentinela do Sul,Sul,METROPOLITANA DE PORTO ALEGRE,RS,RS-Sentinela do Sul,Rio Grande do Sul,1,Pequeno I,5.635
432040,4320404,43,Serafina Corrêa,Sul,NORDESTE RIO-GRANDENSE,RS,RS-Serafina Corrêa,Rio Grande do Sul,1,Pequeno I,18.074
432045,4320453,43,Sério,Sul,CENTRO ORIENTAL RIO-GRANDENSE,RS,RS-Sério,Rio Grande do Sul,1,Pequeno I,1.889
432050,4320503,43,Sertão,Sul,NOROESTE RIO-GRANDENSE,RS,RS-Sertão,Rio Grande do Sul,1,Pequeno I,5.220
432055,4320552,43,Sertão Santana,Sul,METROPOLITANA DE PORTO ALEGRE,RS,RS-Sertão Santana,Rio Grande do Sul,1,Pequeno I,6.586
432057,4320578,43,Sete de Setembro,Sul,NOROESTE RIO-GRANDENSE,RS,RS-Sete de Setembro,Rio Grande do Sul,1,Pequeno I,1.931
432060,4320602,43,Severiano de Almeida,Sul,NOROESTE RIO-GRANDENSE,RS,RS-Severiano de Almeida,Rio Grande do Sul,1,Pequeno I,3.607
432065,4320651,43,Silveira Martins,Sul,CENTRO OCIDENTAL RIO-GRANDENSE,RS,RS-Silveira Martins,Rio Grande do Sul,1,Pequeno I,2.365
432067,4320677,43,Sinimbu,Sul,CENTRO ORIENTAL RIO-GRANDENSE,RS,RS-Sinimbu,Rio Grande do Sul,1,Pequeno I,10.152
432070,4320701,43,Sobradinho,Sul,CENTRO ORIENTAL RIO-GRANDENSE,RS,RS-Sobradinho,Rio Grande do Sul,1,Pequeno I,15.041
432080,4320800,43,Soledade,Sul,NOROESTE RIO-GRANDENSE,RS,RS-Soledade,Rio Grande do Sul,2,Pequeno II,31.067
432085,4320859,43,Tabaí,Sul,CENTRO ORIENTAL RIO-GRANDENSE,RS,RS-Tabaí,Rio Grande do Sul,1,Pequeno I,4.816
432090,4320909,43,Tapejara,Sul,NOROESTE RIO-GRANDENSE,RS,RS-Tapejara,Rio Grande do Sul,2,Pequeno II,24.973
432100,4321006,43,Tapera,Sul,NOROESTE RIO-GRANDENSE,RS,RS-Tapera,Rio Grande do Sul,1,Pequeno I,10.569
432110,4321105,43,Tapes,Sul,METROPOLITANA DE PORTO ALEGRE,RS,RS-Tapes,Rio Grande do Sul,1,Pequeno I,17.363
432120,4321204,43,Taquara,Sul,METROPOLITANA DE PORTO ALEGRE,RS,RS-Taquara,Rio Grande do Sul,3,Médio,57.740
432130,4321303,43,Taquari,Sul,CENTRO ORIENTAL RIO-GRANDENSE,RS,RS-Taquari,Rio Grande do Sul,2,Pequeno II,26.907
432132,4321329,43,Taquaruçu do Sul,Sul,NOROESTE RIO-GRANDENSE,RS,RS-Taquaruçu do Sul,Rio Grande do Sul,1,Pequeno I,3.081
432135,4321352,43,Tavares,Sul,METROPOLITANA DE PORTO ALEGRE,RS,RS-Tavares,Rio Grande do Sul,1,Pequeno I,5.484
432140,4321402,43,Tenente Portela,Sul,NOROESTE RIO-GRANDENSE,RS,RS-Tenente Portela,Rio Grande do Sul,1,Pequeno I,13.385
432143,4321436,43,Terra de Areia,Sul,METROPOLITANA DE PORTO ALEGRE,RS,RS-Terra de Areia,Rio Grande do Sul,1,Pequeno I,11.323
432145,4321451,43,Teutônia,Sul,CENTRO ORIENTAL RIO-GRANDENSE,RS,RS-Teutônia,Rio Grande do Sul,2,Pequeno II,34.275
432146,4321469,43,Tio Hugo,Sul,NOROESTE RIO-GRANDENSE,RS,RS-Tio Hugo,Rio Grande do Sul,1,Pequeno I,3.078
432147,4321477,43,Tiradentes do Sul,Sul,NOROESTE RIO-GRANDENSE,RS,RS-Tiradentes do Sul,Rio Grande do Sul,1,Pequeno I,5.532
432149,4321493,43,Toropi,Sul,CENTRO OCIDENTAL RIO-GRANDENSE,RS,RS-Toropi,Rio Grande do Sul,1,Pequeno I,2.753
432150,4321501,43,Torres,Sul,METROPOLITANA DE PORTO ALEGRE,RS,RS-Torres,Rio Grande do Sul,2,Pequeno II,39.381
432160,4321600,43,Tramandaí,Sul,METROPOLITANA DE PORTO ALEGRE,RS,RS-Tramandaí,Rio Grande do Sul,3,Médio,53.507
432162,4321626,43,Travesseiro,Sul,CENTRO ORIENTAL RIO-GRANDENSE,RS,RS-Travesseiro,Rio Grande do Sul,1,Pequeno I,2.331
432163,4321634,43,Três Arroios,Sul,NOROESTE RIO-GRANDENSE,RS,RS-Três Arroios,Rio Grande do Sul,1,Pequeno I,2.620
432166,4321667,43,Três Cachoeiras,Sul,METROPOLITANA DE PORTO ALEGRE,RS,RS-Três Cachoeiras,Rio Grande do Sul,1,Pequeno I,11.174
432170,4321709,43,Três Coroas,Sul,METROPOLITANA DE PORTO ALEGRE,RS,RS-Três Coroas,Rio Grande do Sul,2,Pequeno II,28.948
432180,4321808,43,Três de Maio,Sul,NOROESTE RIO-GRANDENSE,RS,RS-Três de Maio,Rio Grande do Sul,2,Pequeno II,23.846
432183,4321832,43,Três Forquilhas,Sul,METROPOLITANA DE PORTO ALEGRE,RS,RS-Três Forquilhas,Rio Grande do Sul,1,Pequeno I,2.643
432185,4321857,43,Três Palmeiras,Sul,NOROESTE RIO-GRANDENSE,RS,RS-Três Palmeiras,Rio Grande do Sul,1,Pequeno I,4.232
432190,4321907,43,Três Passos,Sul,NOROESTE RIO-GRANDENSE,RS,RS-Três Passos,Rio Grande do Sul,2,Pequeno II,23.799
432195,4321956,43,Trindade do Sul,Sul,NOROESTE RIO-GRANDENSE,RS,RS-Trindade do Sul,Rio Grande do Sul,1,Pequeno I,5.781
432200,4322004,43,Triunfo,Sul,METROPOLITANA DE PORTO ALEGRE,RS,RS-Triunfo,Rio Grande do Sul,2,Pequeno II,30.159
432210,4322103,43,Tucunduva,Sul,NOROESTE RIO-GRANDENSE,RS,RS-Tucunduva,Rio Grande do Sul,1,Pequeno I,5.612
432215,4322152,43,Tunas,Sul,NOROESTE RIO-GRANDENSE,RS,RS-Tunas,Rio Grande do Sul,1,Pequeno I,4.585
432218,4322186,43,Tupanci do Sul,Sul,NOROESTE RIO-GRANDENSE,RS,RS-Tupanci do Sul,Rio Grande do Sul,1,Pequeno I,1.447
432220,4322202,43,Tupanciretã,Sul,CENTRO OCIDENTAL RIO-GRANDENSE,RS,RS-Tupanciretã,Rio Grande do Sul,2,Pequeno II,24.182
432225,4322251,43,Tupandi,Sul,METROPOLITANA DE PORTO ALEGRE,RS,RS-Tupandi,Rio Grande do Sul,1,Pequeno I,5.019
432230,4322301,43,Tuparendi,Sul,NOROESTE RIO-GRANDENSE,RS,RS-Tuparendi,Rio Grande do Sul,1,Pequeno I,7.730
432232,4322327,43,Turuçu,Sul,SUDESTE RIO-GRANDENSE,RS,RS-Turuçu,Rio Grande do Sul,1,Pequeno I,3.408
432234,4322343,43,Ubiretama,Sul,NOROESTE RIO-GRANDENSE,RS,RS-Ubiretama,Rio Grande do Sul,1,Pequeno I,1.952
432235,4322350,43,União da Serra,Sul,NORDESTE RIO-GRANDENSE,RS,RS-União da Serra,Rio Grande do Sul,1,Pequeno I,1.084
432237,4322376,43,Unistalda,Sul,CENTRO OCIDENTAL RIO-GRANDENSE,RS,RS-Unistalda,Rio Grande do Sul,1,Pequeno I,2.306
432240,4322400,43,Uruguaiana,Sul,SUDOESTE RIO-GRANDENSE,RS,RS-Uruguaiana,Rio Grande do Sul,4,Grande,126.766
432250,4322509,43,Vacaria,Sul,NORDESTE RIO-GRANDENSE,RS,RS-Vacaria,Rio Grande do Sul,3,Médio,66.916
432252,4322525,43,Vale Verde,Sul,METROPOLITANA DE PORTO ALEGRE,RS,RS-Vale Verde,Rio Grande do Sul,1,Pequeno I,3.531
432253,4322533,43,Vale do Sol,Sul,CENTRO ORIENTAL RIO-GRANDENSE,RS,RS-Vale do Sol,Rio Grande do Sul,1,Pequeno I,11.873
432254,4322541,43,Vale Real,Sul,METROPOLITANA DE PORTO ALEGRE,RS,RS-Vale Real,Rio Grande do Sul,1,Pequeno I,6.046
432255,4322558,43,Vanini,Sul,NOROESTE RIO-GRANDENSE,RS,RS-Vanini,Rio Grande do Sul,1,Pequeno I,2.130
432260,4322608,43,Venâncio Aires,Sul,CENTRO ORIENTAL RIO-GRANDENSE,RS,RS-Venâncio Aires,Rio Grande do Sul,3,Médio,72.373
432270,4322707,43,Vera Cruz,Sul,CENTRO ORIENTAL RIO-GRANDENSE,RS,RS-Vera Cruz,Rio Grande do Sul,2,Pequeno II,27.325
432280,4322806,43,Veranópolis,Sul,NORDESTE RIO-GRANDENSE,RS,RS-Veranópolis,Rio Grande do Sul,2,Pequeno II,26.813
432285,4322855,43,Vespasiano Corrêa,Sul,CENTRO ORIENTAL RIO-GRANDENSE,RS,RS-Vespasiano Corrêa,Rio Grande do Sul,1,Pequeno I,1.776
432290,4322905,43,Viadutos,Sul,NOROESTE RIO-GRANDENSE,RS,RS-Viadutos,Rio Grande do Sul,1,Pequeno I,4.628
432300,4323002,43,Viamão,Sul,METROPOLITANA DE PORTO ALEGRE,RS,RS-Viamão,Rio Grande do Sul,4,Grande,257.330
432310,4323101,43,Vicente Dutra,Sul,NOROESTE RIO-GRANDENSE,RS,RS-Vicente Dutra,Rio Grande do Sul,1,Pequeno I,4.530
432320,4323200,43,Victor Graeff,Sul,NOROESTE RIO-GRANDENSE,RS,RS-Victor Graeff,Rio Grande do Sul,1,Pequeno I,2.840
432330,4323309,43,Vila Flores,Sul,NORDESTE RIO-GRANDENSE,RS,RS-Vila Flores,Rio Grande do Sul,1,Pequeno I,3.407
432335,4323358,43,Vila Lângaro,Sul,NOROESTE RIO-GRANDENSE,RS,RS-Vila Lângaro,Rio Grande do Sul,1,Pequeno I,2.070
432340,4323408,43,Vila Maria,Sul,NOROESTE RIO-GRANDENSE,RS,RS-Vila Maria,Rio Grande do Sul,1,Pequeno I,4.368
432345,4323457,43,Vila Nova do Sul,Sul,CENTRO OCIDENTAL RIO-GRANDENSE,RS,RS-Vila Nova do Sul,Rio Grande do Sul,1,Pequeno I,4.274
432350,4323507,43,Vista Alegre,Sul,NOROESTE RIO-GRANDENSE,RS,RS-Vista Alegre,Rio Grande do Sul,1,Pequeno I,2.726
432360,4323606,43,Vista Alegre do Prata,Sul,NORDESTE RIO-GRANDENSE,RS,RS-Vista Alegre do Prata,Rio Grande do Sul,1,Pequeno I,1.553
432370,4323705,43,Vista Gaúcha,Sul,NOROESTE RIO-GRANDENSE,RS,RS-Vista Gaúcha,Rio Grande do Sul,1,Pequeno I,2.858
432375,4323754,43,Vitória das Missões,Sul,NOROESTE RIO-GRANDENSE,RS,RS-Vitória das Missões,Rio Grande do Sul,1,Pequeno I,3.052
432377,4323770,43,Westfália,Sul,CENTRO ORIENTAL RIO-GRANDENSE,RS,RS-Westfália,Rio Grande do Sul,1,Pequeno I,3.046
432380,4323804,43,Xangri-lá,Sul,METROPOLITANA DE PORTO ALEGRE,RS,RS-Xangri-lá,Rio Grande do Sul,1,Pequeno I,17.126
500020,5000203,50,Água Clara,Centro-Oeste,LESTE DE MATO GROSSO DO SUL,MS,MS-Água Clara,Mato Grosso do Sul,1,Pequeno I,16.025
500025,5000252,50,Alcinópolis,Centro-Oeste,CENTRO NORTE DE MATO GROSSO DO SUL,MS,MS-Alcinópolis,Mato Grosso do Sul,1,Pequeno I,5.489
500060,5000609,50,Amambai,Centro-Oeste,SUDOESTE DE MATO GROSSO DO SUL,MS,MS-Amambai,Mato Grosso do Sul,2,Pequeno II,40.247
500070,5000708,50,Anastácio,Centro-Oeste,PANTANAL SUL MATO-GROSSENSE,MS,MS-Anastácio,Mato Grosso do Sul,2,Pequeno II,25.336
500080,5000807,50,Anaurilândia,Centro-Oeste,LESTE DE MATO GROSSO DO SUL,MS,MS-Anaurilândia,Mato Grosso do Sul,1,Pequeno I,9.116
500085,5000856,50,Angélica,Centro-Oeste,SUDOESTE DE MATO GROSSO DO SUL,MS,MS-Angélica,Mato Grosso do Sul,1,Pequeno I,11.081
500090,5000906,50,Antônio João,Centro-Oeste,SUDOESTE DE MATO GROSSO DO SUL,MS,MS-Antônio João,Mato Grosso do Sul,1,Pequeno I,9.082
500100,5001003,50,Aparecida do Taboado,Centro-Oeste,LESTE DE MATO GROSSO DO SUL,MS,MS-Aparecida do Taboado,Mato Grosso do Sul,2,Pequeno II,26.386
500110,5001102,50,Aquidauana,Centro-Oeste,PANTANAL SUL MATO-GROSSENSE,MS,MS-Aquidauana,Mato Grosso do Sul,2,Pequeno II,48.184
500124,5001243,50,Aral Moreira,Centro-Oeste,SUDOESTE DE MATO GROSSO DO SUL,MS,MS-Aral Moreira,Mato Grosso do Sul,1,Pequeno I,12.511
500150,5001508,50,Bandeirantes,Centro-Oeste,CENTRO NORTE DE MATO GROSSO DO SUL,MS,MS-Bandeirantes,Mato Grosso do Sul,1,Pequeno I,7.281
500190,5001904,50,Bataguassu,Centro-Oeste,LESTE DE MATO GROSSO DO SUL,MS,MS-Bataguassu,Mato Grosso do Sul,2,Pequeno II,23.620
500200,5002001,50,Batayporã,Centro-Oeste,LESTE DE MATO GROSSO DO SUL,MS,MS-Batayporã,Mato Grosso do Sul,1,Pequeno I,11.368
500210,5002100,50,Bela Vista,Centro-Oeste,SUDOESTE DE MATO GROSSO DO SUL,MS,MS-Bela Vista,Mato Grosso do Sul,2,Pequeno II,24.842
500215,5002159,50,Bodoquena,Centro-Oeste,SUDOESTE DE MATO GROSSO DO SUL,MS,MS-Bodoquena,Mato Grosso do Sul,1,Pequeno I,7.802
500220,5002209,50,Bonito,Centro-Oeste,SUDOESTE DE MATO GROSSO DO SUL,MS,MS-Bonito,Mato Grosso do Sul,2,Pequeno II,22.401
500230,5002308,50,Brasilândia,Centro-Oeste,LESTE DE MATO GROSSO DO SUL,MS,MS-Brasilândia,Mato Grosso do Sul,1,Pequeno I,11.835
500240,5002407,50,Caarapó,Centro-Oeste,SUDOESTE DE MATO GROSSO DO SUL,MS,MS-Caarapó,Mato Grosso do Sul,2,Pequeno II,31.005
500260,5002605,50,Camapuã,Centro-Oeste,CENTRO NORTE DE MATO GROSSO DO SUL,MS,MS-Camapuã,Mato Grosso do Sul,1,Pequeno I,13.675
500270,5002704,50,Campo Grande,Centro-Oeste,CENTRO NORTE DE MATO GROSSO DO SUL,MS,MS-Campo Grande,Mato Grosso do Sul,4,Grande,916.001
500280,5002803,50,Caracol,Centro-Oeste,SUDOESTE DE MATO GROSSO DO SUL,MS,MS-Caracol,Mato Grosso do Sul,1,Pequeno I,6.247
500290,5002902,50,Cassilândia,Centro-Oeste,LESTE DE MATO GROSSO DO SUL,MS,MS-Cassilândia,Mato Grosso do Sul,2,Pequeno II,22.063
500295,5002951,50,Chapadão do Sul,Centro-Oeste,LESTE DE MATO GROSSO DO SUL,MS,MS-Chapadão do Sul,Mato Grosso do Sul,2,Pequeno II,26.499
500310,5003108,50,Corguinho,Centro-Oeste,CENTRO NORTE DE MATO GROSSO DO SUL,MS,MS-Corguinho,Mato Grosso do Sul,1,Pequeno I,6.158
500315,5003157,50,Coronel Sapucaia,Centro-Oeste,SUDOESTE DE MATO GROSSO DO SUL,MS,MS-Coronel Sapucaia,Mato Grosso do Sul,1,Pequeno I,15.449
500320,5003207,50,Corumbá,Centro-Oeste,PANTANAL SUL MATO-GROSSENSE,MS,MS-Corumbá,Mato Grosso do Sul,3,Médio,112.669
500325,5003256,50,Costa Rica,Centro-Oeste,LESTE DE MATO GROSSO DO SUL,MS,MS-Costa Rica,Mato Grosso do Sul,2,Pequeno II,21.456
500330,5003306,50,Coxim,Centro-Oeste,SUDOESTE DE MATO GROSSO DO SUL,MS,MS-Coxim,Mato Grosso do Sul,2,Pequeno II,33.547
500345,5003454,50,Deodápolis,Centro-Oeste,SUDOESTE DE MATO GROSSO DO SUL,MS,MS-Deodápolis,Mato Grosso do Sul,1,Pequeno I,13.043
500348,5003488,50,Dois Irmãos do Buriti,Centro-Oeste,PANTANAL SUL MATO-GROSSENSE,MS,MS-Dois Irmãos do Buriti,Mato Grosso do Sul,1,Pequeno I,11.547
500350,5003504,50,Douradina,Centro-Oeste,SUDOESTE DE MATO GROSSO DO SUL,MS,MS-Douradina,Mato Grosso do Sul,1,Pequeno I,6.025
500370,5003702,50,Dourados,Centro-Oeste,SUDOESTE DE MATO GROSSO DO SUL,MS,MS-Dourados,Mato Grosso do Sul,4,Grande,227.990
500375,5003751,50,Eldorado,Centro-Oeste,SUDOESTE DE MATO GROSSO DO SUL,MS,MS-Eldorado,Mato Grosso do Sul,1,Pequeno I,12.447
500380,5003801,50,Fátima do Sul,Centro-Oeste,SUDOESTE DE MATO GROSSO DO SUL,MS,MS-Fátima do Sul,Mato Grosso do Sul,2,Pequeno II,19.152
500390,5003900,50,Figueirão,Centro-Oeste,CENTRO NORTE DE MATO GROSSO DO SUL,MS,MS-Figueirão,Mato Grosso do Sul,1,Pequeno I,3.066
500400,5004007,50,Glória de Dourados,Centro-Oeste,SUDOESTE DE MATO GROSSO DO SUL,MS,MS-Glória de Dourados,Mato Grosso do Sul,1,Pequeno I,9.934
500410,5004106,50,Guia Lopes da Laguna,Centro-Oeste,SUDOESTE DE MATO GROSSO DO SUL,MS,MS-Guia Lopes da Laguna,Mato Grosso do Sul,1,Pequeno I,9.754
500430,5004304,50,Iguatemi,Centro-Oeste,SUDOESTE DE MATO GROSSO DO SUL,MS,MS-Iguatemi,Mato Grosso do Sul,1,Pequeno I,16.273
500440,5004403,50,Inocência,Centro-Oeste,LESTE DE MATO GROSSO DO SUL,MS,MS-Inocência,Mato Grosso do Sul,1,Pequeno I,7.566
500450,5004502,50,Itaporã,Centro-Oeste,SUDOESTE DE MATO GROSSO DO SUL,MS,MS-Itaporã,Mato Grosso do Sul,2,Pequeno II,25.478
500460,5004601,50,Itaquiraí,Centro-Oeste,SUDOESTE DE MATO GROSSO DO SUL,MS,MS-Itaquiraí,Mato Grosso do Sul,1,Pequeno I,21.604
500470,5004700,50,Ivinhema,Centro-Oeste,SUDOESTE DE MATO GROSSO DO SUL,MS,MS-Ivinhema,Mato Grosso do Sul,2,Pequeno II,23.277
500480,5004809,50,Japorã,Centro-Oeste,SUDOESTE DE MATO GROSSO DO SUL,MS,MS-Japorã,Mato Grosso do Sul,1,Pequeno I,9.372
500490,5004908,50,Jaraguari,Centro-Oeste,CENTRO NORTE DE MATO GROSSO DO SUL,MS,MS-Jaraguari,Mato Grosso do Sul,1,Pequeno I,7.342
500500,5005004,50,Jardim,Centro-Oeste,SUDOESTE DE MATO GROSSO DO SUL,MS,MS-Jardim,Mato Grosso do Sul,2,Pequeno II,26.375
500510,5005103,50,Jateí,Centro-Oeste,SUDOESTE DE MATO GROSSO DO SUL,MS,MS-Jateí,Mato Grosso do Sul,1,Pequeno I,4.015
500515,5005152,50,Juti,Centro-Oeste,SUDOESTE DE MATO GROSSO DO SUL,MS,MS-Juti,Mato Grosso do Sul,1,Pequeno I,6.861
500520,5005202,50,Ladário,Centro-Oeste,PANTANAL SUL MATO-GROSSENSE,MS,MS-Ladário,Mato Grosso do Sul,2,Pequeno II,24.040
500525,5005251,50,Laguna Carapã,Centro-Oeste,SUDOESTE DE MATO GROSSO DO SUL,MS,MS-Laguna Carapã,Mato Grosso do Sul,1,Pequeno I,7.496
500540,5005400,50,Maracaju,Centro-Oeste,SUDOESTE DE MATO GROSSO DO SUL,MS,MS-Maracaju,Mato Grosso do Sul,2,Pequeno II,48.944
500560,5005608,50,Miranda,Centro-Oeste,PANTANAL SUL MATO-GROSSENSE,MS,MS-Miranda,Mato Grosso do Sul,2,Pequeno II,28.423
500568,5005681,50,Mundo Novo,Centro-Oeste,SUDOESTE DE MATO GROSSO DO SUL,MS,MS-Mundo Novo,Mato Grosso do Sul,1,Pequeno I,18.578
500570,5005707,50,Naviraí,Centro-Oeste,SUDOESTE DE MATO GROSSO DO SUL,MS,MS-Naviraí,Mato Grosso do Sul,3,Médio,56.484
500580,5005806,50,Nioaque,Centro-Oeste,SUDOESTE DE MATO GROSSO DO SUL,MS,MS-Nioaque,Mato Grosso do Sul,1,Pequeno I,13.794
500600,5006002,50,Nova Alvorada do Sul,Centro-Oeste,SUDOESTE DE MATO GROSSO DO SUL,MS,MS-Nova Alvorada do Sul,Mato Grosso do Sul,2,Pequeno II,22.967
500620,5006200,50,Nova Andradina,Centro-Oeste,LESTE DE MATO GROSSO DO SUL,MS,MS-Nova Andradina,Mato Grosso do Sul,2,Pequeno II,56.057
500625,5006259,50,Novo Horizonte do Sul,Centro-Oeste,SUDOESTE DE MATO GROSSO DO SUL,MS,MS-Novo Horizonte do Sul,Mato Grosso do Sul,1,Pequeno I,3.556
500627,5006275,50,Paraíso das Águas,Centro-Oeste,LESTE DE MATO GROSSO DO SUL,MS,MS-Paraíso das Águas,Mato Grosso do Sul,1,Pequeno I,5.751
500630,5006309,50,Paranaíba,Centro-Oeste,LESTE DE MATO GROSSO DO SUL,MS,MS-Paranaíba,Mato Grosso do Sul,2,Pequeno II,42.401
500635,5006358,50,Paranhos,Centro-Oeste,SUDOESTE DE MATO GROSSO DO SUL,MS,MS-Paranhos,Mato Grosso do Sul,1,Pequeno I,14.576
500640,5006408,50,Pedro Gomes,Centro-Oeste,CENTRO NORTE DE MATO GROSSO DO SUL,MS,MS-Pedro Gomes,Mato Grosso do Sul,1,Pequeno I,7.568
500660,5006606,50,Ponta Porã,Centro-Oeste,SUDOESTE DE MATO GROSSO DO SUL,MS,MS-Ponta Porã,Mato Grosso do Sul,3,Médio,95.320
500690,5006903,50,Porto Murtinho,Centro-Oeste,PANTANAL SUL MATO-GROSSENSE,MS,MS-Porto Murtinho,Mato Grosso do Sul,1,Pequeno I,17.460
500710,5007109,50,Ribas do Rio Pardo,Centro-Oeste,LESTE DE MATO GROSSO DO SUL,MS,MS-Ribas do Rio Pardo,Mato Grosso do Sul,2,Pequeno II,25.310
500720,5007208,50,Rio Brilhante,Centro-Oeste,SUDOESTE DE MATO GROSSO DO SUL,MS,MS-Rio Brilhante,Mato Grosso do Sul,2,Pequeno II,38.844
500730,5007307,50,Rio Negro,Centro-Oeste,CENTRO NORTE DE MATO GROSSO DO SUL,MS,MS-Rio Negro,Mato Grosso do Sul,1,Pequeno I,4.758
500740,5007406,50,Rio Verde de Mato Grosso,Centro-Oeste,CENTRO NORTE DE MATO GROSSO DO SUL,MS,MS-Rio Verde de Mato Grosso,Mato Grosso do Sul,1,Pequeno I,20.025
500750,5007505,50,Rochedo,Centro-Oeste,CENTRO NORTE DE MATO GROSSO DO SUL,MS,MS-Rochedo,Mato Grosso do Sul,1,Pequeno I,5.120
500755,5007554,50,Santa Rita do Pardo,Centro-Oeste,LESTE DE MATO GROSSO DO SUL,MS,MS-Santa Rita do Pardo,Mato Grosso do Sul,1,Pequeno I,7.948
500769,5007695,50,São Gabriel do Oeste,Centro-Oeste,CENTRO NORTE DE MATO GROSSO DO SUL,MS,MS-São Gabriel do Oeste,Mato Grosso do Sul,2,Pequeno II,27.660
500770,5007703,50,Sete Quedas,Centro-Oeste,SUDOESTE DE MATO GROSSO DO SUL,MS,MS-Sete Quedas,Mato Grosso do Sul,1,Pequeno I,10.751
500780,5007802,50,Selvíria,Centro-Oeste,LESTE DE MATO GROSSO DO SUL,MS,MS-Selvíria,Mato Grosso do Sul,1,Pequeno I,6.555
500790,5007901,50,Sidrolândia,Centro-Oeste,CENTRO NORTE DE MATO GROSSO DO SUL,MS,MS-Sidrolândia,Mato Grosso do Sul,2,Pequeno II,60.792
500793,5007935,50,Sonora,Centro-Oeste,CENTRO NORTE DE MATO GROSSO DO SUL,MS,MS-Sonora,Mato Grosso do Sul,1,Pequeno I,20.158
500795,5007950,50,Tacuru,Centro-Oeste,SUDOESTE DE MATO GROSSO DO SUL,MS,MS-Tacuru,Mato Grosso do Sul,1,Pequeno I,11.795
500797,5007976,50,Taquarussu,Centro-Oeste,LESTE DE MATO GROSSO DO SUL,MS,MS-Taquarussu,Mato Grosso do Sul,1,Pequeno I,3.588
500800,5008008,50,Terenos,Centro-Oeste,CENTRO NORTE DE MATO GROSSO DO SUL,MS,MS-Terenos,Mato Grosso do Sul,1,Pequeno I,22.721
500830,5008305,50,Três Lagoas,Centro-Oeste,LESTE DE MATO GROSSO DO SUL,MS,MS-Três Lagoas,Mato Grosso do Sul,4,Grande,125.137
500840,5008404,50,Vicentina,Centro-Oeste,SUDOESTE DE MATO GROSSO DO SUL,MS,MS-Vicentina,Mato Grosso do Sul,1,Pequeno I,6.115
510010,5100102,51,Acorizal,Centro-Oeste,CENTRO-SUL MATO-GROSSENSE,MT,MT-Acorizal,Mato Grosso,1,Pequeno I,5.309
510020,5100201,51,Água Boa,Centro-Oeste,NORDESTE MATO-GROSSENSE,MT,MT-Água Boa,Mato Grosso,2,Pequeno II,26.679
510025,5100250,51,Alta Floresta,Centro-Oeste,NORTE MATO-GROSSENSE,MT,MT-Alta Floresta,Mato Grosso,3,Médio,52.105
510030,5100300,51,Alto Araguaia,Centro-Oeste,SUDESTE MATO-GROSSENSE,MT,MT-Alto Araguaia,Mato Grosso,1,Pequeno I,19.714
510035,5100359,51,Alto Boa Vista,Centro-Oeste,NORDESTE MATO-GROSSENSE,MT,MT-Alto Boa Vista,Mato Grosso,1,Pequeno I,7.092
510040,5100409,51,Alto Garças,Centro-Oeste,SUDESTE MATO-GROSSENSE,MT,MT-Alto Garças,Mato Grosso,1,Pequeno I,12.323
510050,5100508,51,Alto Paraguai,Centro-Oeste,CENTRO-SUL MATO-GROSSENSE,MT,MT-Alto Paraguai,Mato Grosso,1,Pequeno I,11.587
510060,5100607,51,Alto Taquari,Centro-Oeste,SUDESTE MATO-GROSSENSE,MT,MT-Alto Taquari,Mato Grosso,1,Pequeno I,11.413
510080,5100805,51,Apiacás,Centro-Oeste,NORTE MATO-GROSSENSE,MT,MT-Apiacás,Mato Grosso,1,Pequeno I,10.431
510100,5101001,51,Araguaiana,Centro-Oeste,NORDESTE MATO-GROSSENSE,MT,MT-Araguaiana,Mato Grosso,1,Pequeno I,3.064
510120,5101209,51,Araguainha,Centro-Oeste,SUDESTE MATO-GROSSENSE,MT,MT-Araguainha,Mato Grosso,1,Pequeno I,909
510125,5101258,51,Araputanga,Centro-Oeste,SUDOESTE MATO-GROSSENSE,MT,MT-Araputanga,Mato Grosso,1,Pequeno I,17.078
510130,5101308,51,Arenápolis,Centro-Oeste,CENTRO-SUL MATO-GROSSENSE,MT,MT-Arenápolis,Mato Grosso,1,Pequeno I,9.399
510140,5101407,51,Aripuanã,Centro-Oeste,NORTE MATO-GROSSENSE,MT,MT-Aripuanã,Mato Grosso,2,Pequeno II,23.067
510160,5101605,51,Barão de Melgaço,Centro-Oeste,CENTRO-SUL MATO-GROSSENSE,MT,MT-Barão de Melgaço,Mato Grosso,1,Pequeno I,8.165
510170,5101704,51,Barra do Bugres,Centro-Oeste,SUDOESTE MATO-GROSSENSE,MT,MT-Barra do Bugres,Mato Grosso,2,Pequeno II,35.642
510180,5101803,51,Barra do Garças,Centro-Oeste,NORDESTE MATO-GROSSENSE,MT,MT-Barra do Garças,Mato Grosso,3,Médio,61.702
510185,5101852,51,Bom Jesus do Araguaia,Centro-Oeste,NORDESTE MATO-GROSSENSE,MT,MT-Bom Jesus do Araguaia,Mato Grosso,1,Pequeno I,6.830
510190,5101902,51,Brasnorte,Centro-Oeste,NORTE MATO-GROSSENSE,MT,MT-Brasnorte,Mato Grosso,1,Pequeno I,20.571
510250,5102504,51,Cáceres,Centro-Oeste,CENTRO-SUL MATO-GROSSENSE,MT,MT-Cáceres,Mato Grosso,3,Médio,95.339
510260,5102603,51,Campinápolis,Centro-Oeste,NORDESTE MATO-GROSSENSE,MT,MT-Campinápolis,Mato Grosso,1,Pequeno I,16.223
510263,5102637,51,Campo Novo do Parecis,Centro-Oeste,NORTE MATO-GROSSENSE,MT,MT-Campo Novo do Parecis,Mato Grosso,2,Pequeno II,36.917
510267,5102678,51,Campo Verde,Centro-Oeste,SUDESTE MATO-GROSSENSE,MT,MT-Campo Verde,Mato Grosso,2,Pequeno II,44.033
510268,5102686,51,Campos de Júlio,Centro-Oeste,NORTE MATO-GROSSENSE,MT,MT-Campos de Júlio,Mato Grosso,1,Pequeno I,7.245
510269,5102694,51,Canabrava do Norte,Centro-Oeste,NORDESTE MATO-GROSSENSE,MT,MT-Canabrava do Norte,Mato Grosso,1,Pequeno I,4.711
510270,5102702,51,Canarana,Centro-Oeste,NORDESTE MATO-GROSSENSE,MT,MT-Canarana,Mato Grosso,2,Pequeno II,22.101
510279,5102793,51,Carlinda,Centro-Oeste,NORTE MATO-GROSSENSE,MT,MT-Carlinda,Mato Grosso,1,Pequeno I,10.094
510285,5102850,51,Castanheira,Centro-Oeste,NORTE MATO-GROSSENSE,MT,MT-Castanheira,Mato Grosso,1,Pequeno I,8.782
510300,5103007,51,Chapada dos Guimarães,Centro-Oeste,CENTRO-SUL MATO-GROSSENSE,MT,MT-Chapada dos Guimarães,Mato Grosso,1,Pequeno I,22.521
510305,5103056,51,Cláudia,Centro-Oeste,NORTE MATO-GROSSENSE,MT,MT-Cláudia,Mato Grosso,1,Pequeno I,12.338
510310,5103106,51,Cocalinho,Centro-Oeste,NORDESTE MATO-GROSSENSE,MT,MT-Cocalinho,Mato Grosso,1,Pequeno I,5.716
510320,5103205,51,Colíder,Centro-Oeste,NORTE MATO-GROSSENSE,MT,MT-Colíder,Mato Grosso,2,Pequeno II,33.855
510325,5103254,51,Colniza,Centro-Oeste,NORTE MATO-GROSSENSE,MT,MT-Colniza,Mato Grosso,2,Pequeno II,41.117
510330,5103304,51,Comodoro,Centro-Oeste,NORTE MATO-GROSSENSE,MT,MT-Comodoro,Mato Grosso,1,Pequeno I,21.249
510335,5103353,51,Confresa,Centro-Oeste,NORDESTE MATO-GROSSENSE,MT,MT-Confresa,Mato Grosso,2,Pequeno II,32.076
510336,5103361,51,Conquista D'Oeste,Centro-Oeste,SUDOESTE MATO-GROSSENSE,MT,MT-Conquista D'Oeste,Mato Grosso,1,Pequeno I,4.163
510337,5103379,51,Cotriguaçu,Centro-Oeste,NORTE MATO-GROSSENSE,MT,MT-Cotriguaçu,Mato Grosso,1,Pequeno I,20.717
510340,5103403,51,Cuiabá,Centro-Oeste,CENTRO-SUL MATO-GROSSENSE,MT,MT-Cuiabá,Mato Grosso,4,Grande,623.614
510343,5103437,51,Curvelândia,Centro-Oeste,CENTRO-SUL MATO-GROSSENSE,MT,MT-Curvelândia,Mato Grosso,1,Pequeno I,5.267
510345,5103452,51,Denise,Centro-Oeste,SUDOESTE MATO-GROSSENSE,MT,MT-Denise,Mato Grosso,1,Pequeno I,9.626
510350,5103502,51,Diamantino,Centro-Oeste,NORTE MATO-GROSSENSE,MT,MT-Diamantino,Mato Grosso,2,Pequeno II,22.311
510360,5103601,51,Dom Aquino,Centro-Oeste,SUDESTE MATO-GROSSENSE,MT,MT-Dom Aquino,Mato Grosso,1,Pequeno I,8.087
510370,5103700,51,Feliz Natal,Centro-Oeste,NORTE MATO-GROSSENSE,MT,MT-Feliz Natal,Mato Grosso,1,Pequeno I,14.847
510380,5103809,51,Figueirópolis D'Oeste,Centro-Oeste,SUDOESTE MATO-GROSSENSE,MT,MT-Figueirópolis D'Oeste,Mato Grosso,1,Pequeno I,3.411
510385,5103858,51,Gaúcha do Norte,Centro-Oeste,NORTE MATO-GROSSENSE,MT,MT-Gaúcha do Norte,Mato Grosso,1,Pequeno I,7.913
510390,5103908,51,General Carneiro,Centro-Oeste,SUDESTE MATO-GROSSENSE,MT,MT-General Carneiro,Mato Grosso,1,Pequeno I,5.726
510395,5103957,51,Glória D'Oeste,Centro-Oeste,SUDOESTE MATO-GROSSENSE,MT,MT-Glória D'Oeste,Mato Grosso,1,Pequeno I,2.990
510410,5104104,51,Guarantã do Norte,Centro-Oeste,NORTE MATO-GROSSENSE,MT,MT-Guarantã do Norte,Mato Grosso,2,Pequeno II,36.439
510420,5104203,51,Guiratinga,Centro-Oeste,SUDESTE MATO-GROSSENSE,MT,MT-Guiratinga,Mato Grosso,1,Pequeno I,15.740
510450,5104500,51,Indiavaí,Centro-Oeste,SUDOESTE MATO-GROSSENSE,MT,MT-Indiavaí,Mato Grosso,1,Pequeno I,2.806
510452,5104526,51,Ipiranga do Norte,Centro-Oeste,NORTE MATO-GROSSENSE,MT,MT-Ipiranga do Norte,Mato Grosso,1,Pequeno I,8.182
510454,5104542,51,Itanhangá,Centro-Oeste,NORTE MATO-GROSSENSE,MT,MT-Itanhangá,Mato Grosso,1,Pequeno I,7.030
510455,5104559,51,Itaúba,Centro-Oeste,NORTE MATO-GROSSENSE,MT,MT-Itaúba,Mato Grosso,1,Pequeno I,3.609
510460,5104609,51,Itiquira,Centro-Oeste,SUDESTE MATO-GROSSENSE,MT,MT-Itiquira,Mato Grosso,1,Pequeno I,13.727
510480,5104807,51,Jaciara,Centro-Oeste,SUDESTE MATO-GROSSENSE,MT,MT-Jaciara,Mato Grosso,2,Pequeno II,27.696
510490,5104906,51,Jangada,Centro-Oeste,CENTRO-SUL MATO-GROSSENSE,MT,MT-Jangada,Mato Grosso,1,Pequeno I,8.420
510500,5105002,51,Jauru,Centro-Oeste,SUDOESTE MATO-GROSSENSE,MT,MT-Jauru,Mato Grosso,1,Pequeno I,8.377
510510,5105101,51,Juara,Centro-Oeste,NORTE MATO-GROSSENSE,MT,MT-Juara,Mato Grosso,2,Pequeno II,35.275
510515,5105150,51,Juína,Centro-Oeste,NORTE MATO-GROSSENSE,MT,MT-Juína,Mato Grosso,2,Pequeno II,41.190
510517,5105176,51,Juruena,Centro-Oeste,NORTE MATO-GROSSENSE,MT,MT-Juruena,Mato Grosso,1,Pequeno I,16.811
510520,5105200,51,Juscimeira,Centro-Oeste,SUDESTE MATO-GROSSENSE,MT,MT-Juscimeira,Mato Grosso,1,Pequeno I,11.124
510523,5105234,51,Lambari D'Oeste,Centro-Oeste,SUDOESTE MATO-GROSSENSE,MT,MT-Lambari D'Oeste,Mato Grosso,1,Pequeno I,6.246
510525,5105259,51,Lucas do Rio Verde,Centro-Oeste,NORTE MATO-GROSSENSE,MT,MT-Lucas do Rio Verde,Mato Grosso,3,Médio,69.671
510530,5105309,51,Luciara,Centro-Oeste,NORDESTE MATO-GROSSENSE,MT,MT-Luciara,Mato Grosso,1,Pequeno I,2.036
510550,5105507,51,Vila Bela da Santíssima Trindade,Centro-Oeste,SUDOESTE MATO-GROSSENSE,MT,MT-Vila Bela da Santíssima Trindade,Mato Grosso,1,Pequeno I,16.412
510558,5105580,51,Marcelândia,Centro-Oeste,NORTE MATO-GROSSENSE,MT,MT-Marcelândia,Mato Grosso,1,Pequeno I,10.107
510560,5105606,51,Matupá,Centro-Oeste,NORTE MATO-GROSSENSE,MT,MT-Matupá,Mato Grosso,2,Pequeno II,17.017
510562,5105622,51,Mirassol d'Oeste,Centro-Oeste,SUDOESTE MATO-GROSSENSE,MT,MT-Mirassol d'Oeste,Mato Grosso,2,Pequeno II,28.135
510590,5105903,51,Nobres,Centro-Oeste,NORTE MATO-GROSSENSE,MT,MT-Nobres,Mato Grosso,1,Pequeno I,15.332
510600,5106000,51,Nortelândia,Centro-Oeste,CENTRO-SUL MATO-GROSSENSE,MT,MT-Nortelândia,Mato Grosso,1,Pequeno I,5.858
510610,5106109,51,Nossa Senhora do Livramento,Centro-Oeste,CENTRO-SUL MATO-GROSSENSE,MT,MT-Nossa Senhora do Livramento,Mato Grosso,1,Pequeno I,13.093
510615,5106158,51,Nova Bandeirantes,Centro-Oeste,NORTE MATO-GROSSENSE,MT,MT-Nova Bandeirantes,Mato Grosso,1,Pequeno I,16.052
510617,5106174,51,Nova Nazaré,Centro-Oeste,NORDESTE MATO-GROSSENSE,MT,MT-Nova Nazaré,Mato Grosso,1,Pequeno I,4.013
510618,5106182,51,Nova Lacerda,Centro-Oeste,SUDOESTE MATO-GROSSENSE,MT,MT-Nova Lacerda,Mato Grosso,1,Pequeno I,6.861
510619,5106190,51,Nova Santa Helena,Centro-Oeste,NORTE MATO-GROSSENSE,MT,MT-Nova Santa Helena,Mato Grosso,1,Pequeno I,3.755
510620,5106208,51,Nova Brasilândia,Centro-Oeste,NORTE MATO-GROSSENSE,MT,MT-Nova Brasilândia,Mato Grosso,1,Pequeno I,3.656
510621,5106216,51,Nova Canaã do Norte,Centro-Oeste,NORTE MATO-GROSSENSE,MT,MT-Nova Canaã do Norte,Mato Grosso,1,Pequeno I,12.876
510622,5106224,51,Nova Mutum,Centro-Oeste,NORTE MATO-GROSSENSE,MT,MT-Nova Mutum,Mato Grosso,3,Médio,48.222
510623,5106232,51,Nova Olímpia,Centro-Oeste,SUDOESTE MATO-GROSSENSE,MT,MT-Nova Olímpia,Mato Grosso,1,Pequeno I,20.820
510624,5106240,51,Nova Ubiratã,Centro-Oeste,NORTE MATO-GROSSENSE,MT,MT-Nova Ubiratã,Mato Grosso,1,Pequeno I,12.492
510625,5106257,51,Nova Xavantina,Centro-Oeste,NORDESTE MATO-GROSSENSE,MT,MT-Nova Xavantina,Mato Grosso,2,Pequeno II,21.695
510626,5106265,51,Novo Mundo,Centro-Oeste,NORTE MATO-GROSSENSE,MT,MT-Novo Mundo,Mato Grosso,1,Pequeno I,9.545
510627,5106273,51,Novo Horizonte do Norte,Centro-Oeste,NORTE MATO-GROSSENSE,MT,MT-Novo Horizonte do Norte,Mato Grosso,1,Pequeno I,4.069
510628,5106281,51,Novo São Joaquim,Centro-Oeste,NORDESTE MATO-GROSSENSE,MT,MT-Novo São Joaquim,Mato Grosso,1,Pequeno I,4.837
510629,5106299,51,Paranaíta,Centro-Oeste,NORTE MATO-GROSSENSE,MT,MT-Paranaíta,Mato Grosso,1,Pequeno I,11.291
510630,5106307,51,Paranatinga,Centro-Oeste,NORTE MATO-GROSSENSE,MT,MT-Paranatinga,Mato Grosso,2,Pequeno II,23.250
510631,5106315,51,Novo Santo Antônio,Centro-Oeste,NORDESTE MATO-GROSSENSE,MT,MT-Novo Santo Antônio,Mato Grosso,1,Pequeno I,2.769
510637,5106372,51,Pedra Preta,Centro-Oeste,SUDESTE MATO-GROSSENSE,MT,MT-Pedra Preta,Mato Grosso,1,Pequeno I,17.547
510642,5106422,51,Peixoto de Azevedo,Centro-Oeste,NORTE MATO-GROSSENSE,MT,MT-Peixoto de Azevedo,Mato Grosso,2,Pequeno II,35.695
510645,5106455,51,Planalto da Serra,Centro-Oeste,NORTE MATO-GROSSENSE,MT,MT-Planalto da Serra,Mato Grosso,1,Pequeno I,2.637
510650,5106505,51,Poconé,Centro-Oeste,CENTRO-SUL MATO-GROSSENSE,MT,MT-Poconé,Mato Grosso,2,Pequeno II,33.386
510665,5106653,51,Pontal do Araguaia,Centro-Oeste,SUDESTE MATO-GROSSENSE,MT,MT-Pontal do Araguaia,Mato Grosso,1,Pequeno I,6.972
510670,5106703,51,Ponte Branca,Centro-Oeste,SUDESTE MATO-GROSSENSE,MT,MT-Ponte Branca,Mato Grosso,1,Pequeno I,1.525
510675,5106752,51,Pontes e Lacerda,Centro-Oeste,SUDOESTE MATO-GROSSENSE,MT,MT-Pontes e Lacerda,Mato Grosso,3,Médio,46.105
510677,5106778,51,Porto Alegre do Norte,Centro-Oeste,NORDESTE MATO-GROSSENSE,MT,MT-Porto Alegre do Norte,Mato Grosso,1,Pequeno I,12.849
510680,5106802,51,Porto dos Gaúchos,Centro-Oeste,NORTE MATO-GROSSENSE,MT,MT-Porto dos Gaúchos,Mato Grosso,1,Pequeno I,5.344
510682,5106828,51,Porto Esperidião,Centro-Oeste,SUDOESTE MATO-GROSSENSE,MT,MT-Porto Esperidião,Mato Grosso,1,Pequeno I,12.176
510685,5106851,51,Porto Estrela,Centro-Oeste,SUDOESTE MATO-GROSSENSE,MT,MT-Porto Estrela,Mato Grosso,1,Pequeno I,2.794
510700,5107008,51,Poxoréu,Centro-Oeste,SUDESTE MATO-GROSSENSE,MT,MT-Poxoréu,Mato Grosso,2,Pequeno II,15.936
510704,5107040,51,Primavera do Leste,Centro-Oeste,SUDESTE MATO-GROSSENSE,MT,MT-Primavera do Leste,Mato Grosso,3,Médio,63.876
510706,5107065,51,Querência,Centro-Oeste,NORDESTE MATO-GROSSENSE,MT,MT-Querência,Mato Grosso,2,Pequeno II,18.386
510710,5107107,51,São José dos Quatro Marcos,Centro-Oeste,SUDOESTE MATO-GROSSENSE,MT,MT-São José dos Quatro Marcos,Mato Grosso,1,Pequeno I,18.788
510715,5107156,51,Reserva do Cabaçal,Centro-Oeste,SUDOESTE MATO-GROSSENSE,MT,MT-Reserva do Cabaçal,Mato Grosso,1,Pequeno I,2.754
510718,5107180,51,Ribeirão Cascalheira,Centro-Oeste,NORDESTE MATO-GROSSENSE,MT,MT-Ribeirão Cascalheira,Mato Grosso,1,Pequeno I,10.450
510719,5107198,51,Ribeirãozinho,Centro-Oeste,SUDESTE MATO-GROSSENSE,MT,MT-Ribeirãozinho,Mato Grosso,1,Pequeno I,2.439
510720,5107206,51,Rio Branco,Centro-Oeste,SUDOESTE MATO-GROSSENSE,MT,MT-Rio Branco,Mato Grosso,1,Pequeno I,5.147
510724,5107248,51,Santa Carmem,Centro-Oeste,NORTE MATO-GROSSENSE,MT,MT-Santa Carmem,Mato Grosso,1,Pequeno I,4.600
510726,5107263,51,Santo Afonso,Centro-Oeste,CENTRO-SUL MATO-GROSSENSE,MT,MT-Santo Afonso,Mato Grosso,1,Pequeno I,3.164
510729,5107297,51,São José do Povo,Centro-Oeste,SUDESTE MATO-GROSSENSE,MT,MT-São José do Povo,Mato Grosso,1,Pequeno I,4.102
510730,5107305,51,São José do Rio Claro,Centro-Oeste,NORTE MATO-GROSSENSE,MT,MT-São José do Rio Claro,Mato Grosso,1,Pequeno I,21.351
510735,5107354,51,São José do Xingu,Centro-Oeste,NORDESTE MATO-GROSSENSE,MT,MT-São José do Xingu,Mato Grosso,1,Pequeno I,5.646
510740,5107404,51,São Pedro da Cipa,Centro-Oeste,SUDESTE MATO-GROSSENSE,MT,MT-São Pedro da Cipa,Mato Grosso,1,Pequeno I,4.823
510757,5107578,51,Rondolândia,Centro-Oeste,NORTE MATO-GROSSENSE,MT,MT-Rondolândia,Mato Grosso,1,Pequeno I,4.069
510760,5107602,51,Rondonópolis,Centro-Oeste,SUDESTE MATO-GROSSENSE,MT,MT-Rondonópolis,Mato Grosso,4,Grande,239.613
510770,5107701,51,Rosário Oeste,Centro-Oeste,CENTRO-SUL MATO-GROSSENSE,MT,MT-Rosário Oeste,Mato Grosso,1,Pequeno I,16.999
510774,5107743,51,Santa Cruz do Xingu,Centro-Oeste,NORDESTE MATO-GROSSENSE,MT,MT-Santa Cruz do Xingu,Mato Grosso,1,Pequeno I,2.700
510775,5107750,51,Salto do Céu,Centro-Oeste,SUDOESTE MATO-GROSSENSE,MT,MT-Salto do Céu,Mato Grosso,1,Pequeno I,3.226
510776,5107768,51,Santa Rita do Trivelato,Centro-Oeste,NORTE MATO-GROSSENSE,MT,MT-Santa Rita do Trivelato,Mato Grosso,1,Pequeno I,3.602
510777,5107776,51,Santa Terezinha,Centro-Oeste,NORDESTE MATO-GROSSENSE,MT,MT-Santa Terezinha,Mato Grosso,1,Pequeno I,8.547
510779,5107792,51,Santo Antônio do Leste,Centro-Oeste,NORDESTE MATO-GROSSENSE,MT,MT-Santo Antônio do Leste,Mato Grosso,1,Pequeno I,5.459
510780,5107800,51,Santo Antônio do Leverger,Centro-Oeste,CENTRO-SUL MATO-GROSSENSE,MT,MT-Santo Antônio do Leverger,Mato Grosso,1,Pequeno I,17.188
510785,5107859,51,São Félix do Araguaia,Centro-Oeste,NORDESTE MATO-GROSSENSE,MT,MT-São Félix do Araguaia,Mato Grosso,1,Pequeno I,11.934
510787,5107875,51,Sapezal,Centro-Oeste,NORTE MATO-GROSSENSE,MT,MT-Sapezal,Mato Grosso,2,Pequeno II,27.485
510788,5107883,51,Serra Nova Dourada,Centro-Oeste,NORDESTE MATO-GROSSENSE,MT,MT-Serra Nova Dourada,Mato Grosso,1,Pequeno I,1.705
510790,5107909,51,Sinop,Centro-Oeste,NORTE MATO-GROSSENSE,MT,MT-Sinop,Mato Grosso,4,Grande,148.960
510792,5107925,51,Sorriso,Centro-Oeste,NORTE MATO-GROSSENSE,MT,MT-Sorriso,Mato Grosso,4,Grande,94.941
510794,5107941,51,Tabaporã,Centro-Oeste,NORTE MATO-GROSSENSE,MT,MT-Tabaporã,Mato Grosso,1,Pequeno I,9.357
510795,5107958,51,Tangará da Serra,Centro-Oeste,SUDOESTE MATO-GROSSENSE,MT,MT-Tangará da Serra,Mato Grosso,4,Grande,107.631
510800,5108006,51,Tapurah,Centro-Oeste,NORTE MATO-GROSSENSE,MT,MT-Tapurah,Mato Grosso,1,Pequeno I,14.380
510805,5108055,51,Terra Nova do Norte,Centro-Oeste,NORTE MATO-GROSSENSE,MT,MT-Terra Nova do Norte,Mato Grosso,1,Pequeno I,9.284
510810,5108105,51,Tesouro,Centro-Oeste,SUDESTE MATO-GROSSENSE,MT,MT-Tesouro,Mato Grosso,1,Pequeno I,3.761
510820,5108204,51,Torixoréu,Centro-Oeste,SUDESTE MATO-GROSSENSE,MT,MT-Torixoréu,Mato Grosso,1,Pequeno I,3.487
510830,5108303,51,União do Sul,Centro-Oeste,NORTE MATO-GROSSENSE,MT,MT-União do Sul,Mato Grosso,1,Pequeno I,3.455
510835,5108352,51,Vale de São Domingos,Centro-Oeste,SUDOESTE MATO-GROSSENSE,MT,MT-Vale de São Domingos,Mato Grosso,1,Pequeno I,3.124
510840,5108402,51,Várzea Grande,Centro-Oeste,CENTRO-SUL MATO-GROSSENSE,MT,MT-Várzea Grande,Mato Grosso,4,Grande,290.383
510850,5108501,51,Vera,Centro-Oeste,NORTE MATO-GROSSENSE,MT,MT-Vera,Mato Grosso,1,Pequeno I,11.731
510860,5108600,51,Vila Rica,Centro-Oeste,NORDESTE MATO-GROSSENSE,MT,MT-Vila Rica,Mato Grosso,1,Pequeno I,26.946
510880,5108808,51,Nova Guarita,Centro-Oeste,NORTE MATO-GROSSENSE,MT,MT-Nova Guarita,Mato Grosso,1,Pequeno I,4.407
510885,5108857,51,Nova Marilândia,Centro-Oeste,CENTRO-SUL MATO-GROSSENSE,MT,MT-Nova Marilândia,Mato Grosso,1,Pequeno I,3.332
510890,5108907,51,Nova Maringá,Centro-Oeste,NORTE MATO-GROSSENSE,MT,MT-Nova Maringá,Mato Grosso,1,Pequeno I,9.056
510895,5108956,51,Nova Monte Verde,Centro-Oeste,NORTE MATO-GROSSENSE,MT,MT-Nova Monte Verde,Mato Grosso,1,Pequeno I,9.375
520005,5200050,52,Abadia de Goiás,Centro-Oeste,CENTRO GOIANO,GO,GO-Abadia de Goiás,Goiás,1,Pequeno I,9.158
520010,5200100,52,Abadiânia,Centro-Oeste,LESTE GOIANO,GO,GO-Abadiânia,Goiás,1,Pequeno I,20.873
520013,5200134,52,Acreúna,Centro-Oeste,SUL GOIANO,GO,GO-Acreúna,Goiás,2,Pequeno II,22.710
520015,5200159,52,Adelândia,Centro-Oeste,CENTRO GOIANO,GO,GO-Adelândia,Goiás,1,Pequeno I,2.515
520017,5200175,52,Água Fria de Goiás,Centro-Oeste,LESTE GOIANO,GO,GO-Água Fria de Goiás,Goiás,1,Pequeno I,5.843
520020,5200209,52,Água Limpa,Centro-Oeste,SUL GOIANO,GO,GO-Água Limpa,Goiás,1,Pequeno I,1.809
520025,5200258,52,Águas Lindas de Goiás,Centro-Oeste,LESTE GOIANO,GO,GO-Águas Lindas de Goiás,Goiás,4,Grande,222.850
520030,5200308,52,Alexânia,Centro-Oeste,LESTE GOIANO,GO,GO-Alexânia,Goiás,2,Pequeno II,28.360
520050,5200506,52,Aloândia,Centro-Oeste,SUL GOIANO,GO,GO-Aloândia,Goiás,1,Pequeno I,1.976
520055,5200555,52,Alto Horizonte,Centro-Oeste,NORTE GOIANO,GO,GO-Alto Horizonte,Goiás,1,Pequeno I,6.796
520060,5200605,52,Alto Paraíso de Goiás,Centro-Oeste,NORTE GOIANO,GO,GO-Alto Paraíso de Goiás,Goiás,1,Pequeno I,7.751
520080,5200803,52,Alvorada do Norte,Centro-Oeste,LESTE GOIANO,GO,GO-Alvorada do Norte,Goiás,1,Pequeno I,8.749
520082,5200829,52,Amaralina,Centro-Oeste,NORTE GOIANO,GO,GO-Amaralina,Goiás,1,Pequeno I,3.875
520085,5200852,52,Americano do Brasil,Centro-Oeste,CENTRO GOIANO,GO,GO-Americano do Brasil,Goiás,1,Pequeno I,6.220
520090,5200902,52,Amorinópolis,Centro-Oeste,CENTRO GOIANO,GO,GO-Amorinópolis,Goiás,1,Pequeno I,3.011
520110,5201108,52,Anápolis,Centro-Oeste,CENTRO GOIANO,GO,GO-Anápolis,Goiás,4,Grande,396.526
520120,5201207,52,Anhanguera,Centro-Oeste,SUL GOIANO,GO,GO-Anhanguera,Goiás,1,Pequeno I,1.171
520130,5201306,52,Anicuns,Centro-Oeste,CENTRO GOIANO,GO,GO-Anicuns,Goiás,1,Pequeno I,22.113
520140,5201405,52,Aparecida de Goiânia,Centro-Oeste,CENTRO GOIANO,GO,GO-Aparecida de Goiânia,Goiás,4,Grande,601.844
520145,5201454,52,Aparecida do Rio Doce,Centro-Oeste,SUL GOIANO,GO,GO-Aparecida do Rio Doce,Goiás,1,Pequeno I,2.474
520150,5201504,52,Aporé,Centro-Oeste,SUL GOIANO,GO,GO-Aporé,Goiás,1,Pequeno I,4.266
520160,5201603,52,Araçu,Centro-Oeste,CENTRO GOIANO,GO,GO-Araçu,Goiás,1,Pequeno I,3.450
520170,5201702,52,Aragarças,Centro-Oeste,NOROESTE GOIANO,GO,GO-Aragarças,Goiás,1,Pequeno I,20.410
520180,5201801,52,Aragoiânia,Centro-Oeste,CENTRO GOIANO,GO,GO-Aragoiânia,Goiás,1,Pequeno I,10.680
520215,5202155,52,Araguapaz,Centro-Oeste,NOROESTE GOIANO,GO,GO-Araguapaz,Goiás,1,Pequeno I,7.795
520235,5202353,52,Arenópolis,Centro-Oeste,NOROESTE GOIANO,GO,GO-Arenópolis,Goiás,1,Pequeno I,2.462
520250,5202502,52,Aruanã,Centro-Oeste,NOROESTE GOIANO,GO,GO-Aruanã,Goiás,1,Pequeno I,10.340
520260,5202601,52,Aurilândia,Centro-Oeste,CENTRO GOIANO,GO,GO-Aurilândia,Goiás,1,Pequeno I,3.000
520280,5202809,52,Avelinópolis,Centro-Oeste,CENTRO GOIANO,GO,GO-Avelinópolis,Goiás,1,Pequeno I,2.401
520310,5203104,52,Baliza,Centro-Oeste,NOROESTE GOIANO,GO,GO-Baliza,Goiás,1,Pequeno I,5.418
520320,5203203,52,Barro Alto,Centro-Oeste,CENTRO GOIANO,GO,GO-Barro Alto,Goiás,1,Pequeno I,11.643
520330,5203302,52,Bela Vista de Goiás,Centro-Oeste,CENTRO GOIANO,GO,GO-Bela Vista de Goiás,Goiás,2,Pequeno II,31.004
520340,5203401,52,Bom Jardim de Goiás,Centro-Oeste,NOROESTE GOIANO,GO,GO-Bom Jardim de Goiás,Goiás,1,Pequeno I,8.912
520350,5203500,52,Bom Jesus de Goiás,Centro-Oeste,SUL GOIANO,GO,GO-Bom Jesus de Goiás,Goiás,2,Pequeno II,26.069
520355,5203559,52,Bonfinópolis,Centro-Oeste,CENTRO GOIANO,GO,GO-Bonfinópolis,Goiás,1,Pequeno I,10.120
520357,5203575,52,Bonópolis,Centro-Oeste,NORTE GOIANO,GO,GO-Bonópolis,Goiás,1,Pequeno I,4.579
520360,5203609,52,Brazabrantes,Centro-Oeste,CENTRO GOIANO,GO,GO-Brazabrantes,Goiás,1,Pequeno I,3.812
520380,5203807,52,Britânia,Centro-Oeste,NOROESTE GOIANO,GO,GO-Britânia,Goiás,1,Pequeno I,5.815
520390,5203906,52,Buriti Alegre,Centro-Oeste,SUL GOIANO,GO,GO-Buriti Alegre,Goiás,1,Pequeno I,9.515
520393,5203939,52,Buriti de Goiás,Centro-Oeste,CENTRO GOIANO,GO,GO-Buriti de Goiás,Goiás,1,Pequeno I,2.464
520396,5203962,52,Buritinópolis,Centro-Oeste,LESTE GOIANO,GO,GO-Buritinópolis,Goiás,1,Pequeno I,3.272
520400,5204003,52,Cabeceiras,Centro-Oeste,LESTE GOIANO,GO,GO-Cabeceiras,Goiás,1,Pequeno I,8.098
520410,5204102,52,Cachoeira Alta,Centro-Oeste,SUL GOIANO,GO,GO-Cachoeira Alta,Goiás,1,Pequeno I,12.843
520420,5204201,52,Cachoeira de Goiás,Centro-Oeste,CENTRO GOIANO,GO,GO-Cachoeira de Goiás,Goiás,1,Pequeno I,1.336
520425,5204250,52,Cachoeira Dourada,Centro-Oeste,SUL GOIANO,GO,GO-Cachoeira Dourada,Goiás,1,Pequeno I,7.997
520430,5204300,52,Caçu,Centro-Oeste,SUL GOIANO,GO,GO-Caçu,Goiás,1,Pequeno I,16.525
520440,5204409,52,Caiapônia,Centro-Oeste,SUL GOIANO,GO,GO-Caiapônia,Goiás,1,Pequeno I,19.304
520450,5204508,52,Caldas Novas,Centro-Oeste,SUL GOIANO,GO,GO-Caldas Novas,Goiás,3,Médio,95.183
520455,5204557,52,Caldazinha,Centro-Oeste,CENTRO GOIANO,GO,GO-Caldazinha,Goiás,1,Pequeno I,3.900
520460,5204607,52,Campestre de Goiás,Centro-Oeste,SUL GOIANO,GO,GO-Campestre de Goiás,Goiás,1,Pequeno I,3.662
520465,5204656,52,Campinaçu,Centro-Oeste,NORTE GOIANO,GO,GO-Campinaçu,Goiás,1,Pequeno I,3.628
520470,5204706,52,Campinorte,Centro-Oeste,NORTE GOIANO,GO,GO-Campinorte,Goiás,1,Pequeno I,12.880
520480,5204805,52,Campo Alegre de Goiás,Centro-Oeste,SUL GOIANO,GO,GO-Campo Alegre de Goiás,Goiás,1,Pequeno I,7.884
520485,5204854,52,Campo Limpo de Goiás,Centro-Oeste,CENTRO GOIANO,GO,GO-Campo Limpo de Goiás,Goiás,1,Pequeno I,8.087
520490,5204904,52,Campos Belos,Centro-Oeste,NORTE GOIANO,GO,GO-Campos Belos,Goiás,1,Pequeno I,20.124
520495,5204953,52,Campos Verdes,Centro-Oeste,NORTE GOIANO,GO,GO-Campos Verdes,Goiás,1,Pequeno I,1.526
520500,5205000,52,Carmo do Rio Verde,Centro-Oeste,CENTRO GOIANO,GO,GO-Carmo do Rio Verde,Goiás,1,Pequeno I,10.299
520505,5205059,52,Castelândia,Centro-Oeste,SUL GOIANO,GO,GO-Castelândia,Goiás,1,Pequeno I,3.380
520510,5205109,52,Catalão,Centro-Oeste,SUL GOIANO,GO,GO-Catalão,Goiás,4,Grande,113.091
520520,5205208,52,Caturaí,Centro-Oeste,CENTRO GOIANO,GO,GO-Caturaí,Goiás,1,Pequeno I,5.132
520530,5205307,52,Cavalcante,Centro-Oeste,NORTE GOIANO,GO,GO-Cavalcante,Goiás,1,Pequeno I,9.740
520540,5205406,52,Ceres,Centro-Oeste,CENTRO GOIANO,GO,GO-Ceres,Goiás,2,Pequeno II,22.407
520545,5205455,52,Cezarina,Centro-Oeste,SUL GOIANO,GO,GO-Cezarina,Goiás,1,Pequeno I,8.794
520547,5205471,52,Chapadão do Céu,Centro-Oeste,SUL GOIANO,GO,GO-Chapadão do Céu,Goiás,1,Pequeno I,10.797
520549,5205497,52,Cidade Ocidental,Centro-Oeste,LESTE GOIANO,GO,GO-Cidade Ocidental,Goiás,3,Médio,74.370
520551,5205513,52,Cocalzinho de Goiás,Centro-Oeste,LESTE GOIANO,GO,GO-Cocalzinho de Goiás,Goiás,2,Pequeno II,20.771
520552,5205521,52,Colinas do Sul,Centro-Oeste,NORTE GOIANO,GO,GO-Colinas do Sul,Goiás,1,Pequeno I,3.339
520570,5205703,52,Córrego do Ouro,Centro-Oeste,CENTRO GOIANO,GO,GO-Córrego do Ouro,Goiás,1,Pequeno I,2.254
520580,5205802,52,Corumbá de Goiás,Centro-Oeste,LESTE GOIANO,GO,GO-Corumbá de Goiás,Goiás,1,Pequeno I,11.223
520590,5205901,52,Corumbaíba,Centro-Oeste,SUL GOIANO,GO,GO-Corumbaíba,Goiás,1,Pequeno I,10.012
520620,5206206,52,Cristalina,Centro-Oeste,LESTE GOIANO,GO,GO-Cristalina,Goiás,3,Médio,61.385
520630,5206305,52,Cristianópolis,Centro-Oeste,SUL GOIANO,GO,GO-Cristianópolis,Goiás,1,Pequeno I,2.962
520640,5206404,52,Crixás,Centro-Oeste,NOROESTE GOIANO,GO,GO-Crixás,Goiás,1,Pequeno I,17.136
520650,5206503,52,Cromínia,Centro-Oeste,SUL GOIANO,GO,GO-Cromínia,Goiás,1,Pequeno I,3.458
520660,5206602,52,Cumari,Centro-Oeste,SUL GOIANO,GO,GO-Cumari,Goiás,1,Pequeno I,2.820
520670,5206701,52,Damianópolis,Centro-Oeste,LESTE GOIANO,GO,GO-Damianópolis,Goiás,1,Pequeno I,3.302
520680,5206800,52,Damolândia,Centro-Oeste,CENTRO GOIANO,GO,GO-Damolândia,Goiás,1,Pequeno I,2.944
520690,5206909,52,Davinópolis,Centro-Oeste,SUL GOIANO,GO,GO-Davinópolis,Goiás,1,Pequeno I,2.094
520710,5207105,52,Diorama,Centro-Oeste,NOROESTE GOIANO,GO,GO-Diorama,Goiás,1,Pequeno I,2.477
520725,5207253,52,Doverlândia,Centro-Oeste,SUL GOIANO,GO,GO-Doverlândia,Goiás,1,Pequeno I,7.174
520735,5207352,52,Edealina,Centro-Oeste,SUL GOIANO,GO,GO-Edealina,Goiás,1,Pequeno I,3.678
520740,5207402,52,Edéia,Centro-Oeste,SUL GOIANO,GO,GO-Edéia,Goiás,1,Pequeno I,12.559
520750,5207501,52,Estrela do Norte,Centro-Oeste,NORTE GOIANO,GO,GO-Estrela do Norte,Goiás,1,Pequeno I,3.253
520753,5207535,52,Faina,Centro-Oeste,NOROESTE GOIANO,GO,GO-Faina,Goiás,1,Pequeno I,6.527
520760,5207600,52,Fazenda Nova,Centro-Oeste,CENTRO GOIANO,GO,GO-Fazenda Nova,Goiás,1,Pequeno I,5.471
520780,5207808,52,Firminópolis,Centro-Oeste,CENTRO GOIANO,GO,GO-Firminópolis,Goiás,1,Pequeno I,13.604
520790,5207907,52,Flores de Goiás,Centro-Oeste,LESTE GOIANO,GO,GO-Flores de Goiás,Goiás,1,Pequeno I,17.415
520800,5208004,52,Formosa,Centro-Oeste,LESTE GOIANO,GO,GO-Formosa,Goiás,4,Grande,125.705
520810,5208103,52,Formoso,Centro-Oeste,NORTE GOIANO,GO,GO-Formoso,Goiás,1,Pequeno I,4.098
520815,5208152,52,Gameleira de Goiás,Centro-Oeste,SUL GOIANO,GO,GO-Gameleira de Goiás,Goiás,1,Pequeno I,3.923
520830,5208301,52,Divinópolis de Goiás,Centro-Oeste,LESTE GOIANO,GO,GO-Divinópolis de Goiás,Goiás,1,Pequeno I,4.701
520840,5208400,52,Goianápolis,Centro-Oeste,CENTRO GOIANO,GO,GO-Goianápolis,Goiás,1,Pequeno I,11.217
520850,5208509,52,Goiandira,Centro-Oeste,SUL GOIANO,GO,GO-Goiandira,Goiás,1,Pequeno I,5.650
520860,5208608,52,Goianésia,Centro-Oeste,CENTRO GOIANO,GO,GO-Goianésia,Goiás,3,Médio,72.045
520870,5208707,52,Goiânia,Centro-Oeste,CENTRO GOIANO,GO,GO-Goiânia,Goiás,5,Metrópole,1.555.626
520880,5208806,52,Goianira,Centro-Oeste,CENTRO GOIANO,GO,GO-Goianira,Goiás,3,Médio,46.278
520890,5208905,52,Goiás,Centro-Oeste,NOROESTE GOIANO,GO,GO-Goiás,Goiás,2,Pequeno II,22.122
520910,5209101,52,Goiatuba,Centro-Oeste,SUL GOIANO,GO,GO-Goiatuba,Goiás,2,Pequeno II,34.307
520915,5209150,52,Gouvelândia,Centro-Oeste,SUL GOIANO,GO,GO-Gouvelândia,Goiás,1,Pequeno I,6.076
520920,5209200,52,Guapó,Centro-Oeste,CENTRO GOIANO,GO,GO-Guapó,Goiás,1,Pequeno I,14.206
520929,5209291,52,Guaraíta,Centro-Oeste,CENTRO GOIANO,GO,GO-Guaraíta,Goiás,1,Pequeno I,1.905
520940,5209408,52,Guarani de Goiás,Centro-Oeste,LESTE GOIANO,GO,GO-Guarani de Goiás,Goiás,1,Pequeno I,3.801
520945,5209457,52,Guarinos,Centro-Oeste,CENTRO GOIANO,GO,GO-Guarinos,Goiás,1,Pequeno I,1.681
520960,5209606,52,Heitoraí,Centro-Oeste,CENTRO GOIANO,GO,GO-Heitoraí,Goiás,1,Pequeno I,3.742
520970,5209705,52,Hidrolândia,Centro-Oeste,CENTRO GOIANO,GO,GO-Hidrolândia,Goiás,2,Pequeno II,22.533
520980,5209804,52,Hidrolina,Centro-Oeste,CENTRO GOIANO,GO,GO-Hidrolina,Goiás,1,Pequeno I,3.450
520990,5209903,52,Iaciara,Centro-Oeste,LESTE GOIANO,GO,GO-Iaciara,Goiás,1,Pequeno I,14.215
520993,5209937,52,Inaciolândia,Centro-Oeste,SUL GOIANO,GO,GO-Inaciolândia,Goiás,1,Pequeno I,6.275
520995,5209952,52,Indiara,Centro-Oeste,SUL GOIANO,GO,GO-Indiara,Goiás,1,Pequeno I,15.962
521000,5210000,52,Inhumas,Centro-Oeste,CENTRO GOIANO,GO,GO-Inhumas,Goiás,3,Médio,53.655
521010,5210109,52,Ipameri,Centro-Oeste,SUL GOIANO,GO,GO-Ipameri,Goiás,2,Pequeno II,27.365
521015,5210158,52,Ipiranga de Goiás,Centro-Oeste,CENTRO GOIANO,GO,GO-Ipiranga de Goiás,Goiás,1,Pequeno I,2.892
521020,5210208,52,Iporá,Centro-Oeste,CENTRO GOIANO,GO,GO-Iporá,Goiás,2,Pequeno II,31.471
521030,5210307,52,Israelândia,Centro-Oeste,CENTRO GOIANO,GO,GO-Israelândia,Goiás,1,Pequeno I,2.772
521040,5210406,52,Itaberaí,Centro-Oeste,CENTRO GOIANO,GO,GO-Itaberaí,Goiás,2,Pequeno II,44.329
521056,5210562,52,Itaguari,Centro-Oeste,CENTRO GOIANO,GO,GO-Itaguari,Goiás,1,Pequeno I,4.684
521060,5210604,52,Itaguaru,Centro-Oeste,CENTRO GOIANO,GO,GO-Itaguaru,Goiás,1,Pequeno I,5.184
521080,5210802,52,Itajá,Centro-Oeste,SUL GOIANO,GO,GO-Itajá,Goiás,1,Pequeno I,4.412
521090,5210901,52,Itapaci,Centro-Oeste,CENTRO GOIANO,GO,GO-Itapaci,Goiás,2,Pequeno II,23.850
521100,5211008,52,Itapirapuã,Centro-Oeste,NOROESTE GOIANO,GO,GO-Itapirapuã,Goiás,1,Pequeno I,4.380
521120,5211206,52,Itapuranga,Centro-Oeste,CENTRO GOIANO,GO,GO-Itapuranga,Goiás,2,Pequeno II,25.597
521130,5211305,52,Itarumã,Centro-Oeste,SUL GOIANO,GO,GO-Itarumã,Goiás,1,Pequeno I,7.337
521140,5211404,52,Itauçu,Centro-Oeste,CENTRO GOIANO,GO,GO-Itauçu,Goiás,1,Pequeno I,8.968
521150,5211503,52,Itumbiara,Centro-Oeste,SUL GOIANO,GO,GO-Itumbiara,Goiás,4,Grande,106.845
521160,5211602,52,Ivolândia,Centro-Oeste,CENTRO GOIANO,GO,GO-Ivolândia,Goiás,1,Pequeno I,2.295
521170,5211701,52,Jandaia,Centro-Oeste,SUL GOIANO,GO,GO-Jandaia,Goiás,1,Pequeno I,6.001
521180,5211800,52,Jaraguá,Centro-Oeste,CENTRO GOIANO,GO,GO-Jaraguá,Goiás,2,Pequeno II,52.160
521190,5211909,52,Jataí,Centro-Oeste,SUL GOIANO,GO,GO-Jataí,Goiás,4,Grande,103.221
521200,5212006,52,Jaupaci,Centro-Oeste,CENTRO GOIANO,GO,GO-Jaupaci,Goiás,1,Pequeno I,2.843
521205,5212055,52,Jesúpolis,Centro-Oeste,CENTRO GOIANO,GO,GO-Jesúpolis,Goiás,1,Pequeno I,2.497
521210,5212105,52,Joviânia,Centro-Oeste,SUL GOIANO,GO,GO-Joviânia,Goiás,1,Pequeno I,7.417
521220,5212204,52,Jussara,Centro-Oeste,NOROESTE GOIANO,GO,GO-Jussara,Goiás,1,Pequeno I,18.266
521225,5212253,52,Lagoa Santa,Centro-Oeste,SUL GOIANO,GO,GO-Lagoa Santa,Goiás,1,Pequeno I,1.652
521230,5212303,52,Leopoldo de Bulhões,Centro-Oeste,CENTRO GOIANO,GO,GO-Leopoldo de Bulhões,Goiás,1,Pequeno I,7.663
521250,5212501,52,Luziânia,Centro-Oeste,LESTE GOIANO,GO,GO-Luziânia,Goiás,4,Grande,214.645
521260,5212600,52,Mairipotaba,Centro-Oeste,SUL GOIANO,GO,GO-Mairipotaba,Goiás,1,Pequeno I,2.358
521270,5212709,52,Mambaí,Centro-Oeste,LESTE GOIANO,GO,GO-Mambaí,Goiás,1,Pequeno I,9.277
521280,5212808,52,Mara Rosa,Centro-Oeste,NORTE GOIANO,GO,GO-Mara Rosa,Goiás,1,Pequeno I,9.234
521290,5212907,52,Marzagão,Centro-Oeste,SUL GOIANO,GO,GO-Marzagão,Goiás,1,Pequeno I,2.263
521295,5212956,52,Matrinchã,Centro-Oeste,NOROESTE GOIANO,GO,GO-Matrinchã,Goiás,1,Pequeno I,4.321
521300,5213004,52,Maurilândia,Centro-Oeste,SUL GOIANO,GO,GO-Maurilândia,Goiás,1,Pequeno I,14.568
521305,5213053,52,Mimoso de Goiás,Centro-Oeste,LESTE GOIANO,GO,GO-Mimoso de Goiás,Goiás,1,Pequeno I,2.575
521308,5213087,52,Minaçu,Centro-Oeste,NORTE GOIANO,GO,GO-Minaçu,Goiás,2,Pequeno II,28.518
521310,5213103,52,Mineiros,Centro-Oeste,SUL GOIANO,GO,GO-Mineiros,Goiás,3,Médio,69.477
521340,5213400,52,Moiporá,Centro-Oeste,CENTRO GOIANO,GO,GO-Moiporá,Goiás,1,Pequeno I,1.471
521350,5213509,52,Monte Alegre de Goiás,Centro-Oeste,NORTE GOIANO,GO,GO-Monte Alegre de Goiás,Goiás,1,Pequeno I,8.759
521370,5213707,52,Montes Claros de Goiás,Centro-Oeste,NOROESTE GOIANO,GO,GO-Montes Claros de Goiás,Goiás,1,Pequeno I,8.037
521375,5213756,52,Montividiu,Centro-Oeste,SUL GOIANO,GO,GO-Montividiu,Goiás,1,Pequeno I,13.935
521377,5213772,52,Montividiu do Norte,Centro-Oeste,NORTE GOIANO,GO,GO-Montividiu do Norte,Goiás,1,Pequeno I,4.538
521380,5213806,52,Morrinhos,Centro-Oeste,SUL GOIANO,GO,GO-Morrinhos,Goiás,3,Médio,46.955
521385,5213855,52,Morro Agudo de Goiás,Centro-Oeste,CENTRO GOIANO,GO,GO-Morro Agudo de Goiás,Goiás,1,Pequeno I,2.217
521390,5213905,52,Mossâmedes,Centro-Oeste,CENTRO GOIANO,GO,GO-Mossâmedes,Goiás,1,Pequeno I,4.120
521400,5214002,52,Mozarlândia,Centro-Oeste,NOROESTE GOIANO,GO,GO-Mozarlândia,Goiás,1,Pequeno I,16.077
521405,5214051,52,Mundo Novo,Centro-Oeste,NOROESTE GOIANO,GO,GO-Mundo Novo,Goiás,1,Pequeno I,4.540
521410,5214101,52,Mutunópolis,Centro-Oeste,NORTE GOIANO,GO,GO-Mutunópolis,Goiás,1,Pequeno I,3.749
521440,5214408,52,Nazário,Centro-Oeste,CENTRO GOIANO,GO,GO-Nazário,Goiás,1,Pequeno I,9.375
521450,5214507,52,Nerópolis,Centro-Oeste,CENTRO GOIANO,GO,GO-Nerópolis,Goiás,2,Pequeno II,30.931
521460,5214606,52,Niquelândia,Centro-Oeste,NORTE GOIANO,GO,GO-Niquelândia,Goiás,2,Pequeno II,47.064
521470,5214705,52,Nova América,Centro-Oeste,CENTRO GOIANO,GO,GO-Nova América,Goiás,1,Pequeno I,2.362
521480,5214804,52,Nova Aurora,Centro-Oeste,SUL GOIANO,GO,GO-Nova Aurora,Goiás,1,Pequeno I,2.236
521483,5214838,52,Nova Crixás,Centro-Oeste,NOROESTE GOIANO,GO,GO-Nova Crixás,Goiás,1,Pequeno I,13.020
521486,5214861,52,Nova Glória,Centro-Oeste,CENTRO GOIANO,GO,GO-Nova Glória,Goiás,1,Pequeno I,8.063
521487,5214879,52,Nova Iguaçu de Goiás,Centro-Oeste,NORTE GOIANO,GO,GO-Nova Iguaçu de Goiás,Goiás,1,Pequeno I,2.939
521490,5214903,52,Nova Roma,Centro-Oeste,NORTE GOIANO,GO,GO-Nova Roma,Goiás,1,Pequeno I,3.208
521500,5215009,52,Nova Veneza,Centro-Oeste,CENTRO GOIANO,GO,GO-Nova Veneza,Goiás,1,Pequeno I,10.193
521520,5215207,52,Novo Brasil,Centro-Oeste,CENTRO GOIANO,GO,GO-Novo Brasil,Goiás,1,Pequeno I,2.775
521523,5215231,52,Novo Gama,Centro-Oeste,LESTE GOIANO,GO,GO-Novo Gama,Goiás,4,Grande,119.649
521525,5215256,52,Novo Planalto,Centro-Oeste,NOROESTE GOIANO,GO,GO-Novo Planalto,Goiás,1,Pequeno I,4.592
521530,5215306,52,Orizona,Centro-Oeste,SUL GOIANO,GO,GO-Orizona,Goiás,1,Pequeno I,15.834
521540,5215405,52,Ouro Verde de Goiás,Centro-Oeste,CENTRO GOIANO,GO,GO-Ouro Verde de Goiás,Goiás,1,Pequeno I,3.679
521550,5215504,52,Ouvidor,Centro-Oeste,SUL GOIANO,GO,GO-Ouvidor,Goiás,1,Pequeno I,6.895
521560,5215603,52,Padre Bernardo,Centro-Oeste,LESTE GOIANO,GO,GO-Padre Bernardo,Goiás,2,Pequeno II,35.011
521565,5215652,52,Palestina de Goiás,Centro-Oeste,SUL GOIANO,GO,GO-Palestina de Goiás,Goiás,1,Pequeno I,3.470
521570,5215702,52,Palmeiras de Goiás,Centro-Oeste,SUL GOIANO,GO,GO-Palmeiras de Goiás,Goiás,2,Pequeno II,29.915
521580,5215801,52,Palmelo,Centro-Oeste,SUL GOIANO,GO,GO-Palmelo,Goiás,1,Pequeno I,2.382
521590,5215900,52,Palminópolis,Centro-Oeste,SUL GOIANO,GO,GO-Palminópolis,Goiás,1,Pequeno I,3.578
521600,5216007,52,Panamá,Centro-Oeste,SUL GOIANO,GO,GO-Panamá,Goiás,1,Pequeno I,2.590
521630,5216304,52,Paranaiguara,Centro-Oeste,SUL GOIANO,GO,GO-Paranaiguara,Goiás,1,Pequeno I,10.221
521640,5216403,52,Paraúna,Centro-Oeste,SUL GOIANO,GO,GO-Paraúna,Goiás,1,Pequeno I,10.988
521645,5216452,52,Perolândia,Centro-Oeste,SUL GOIANO,GO,GO-Perolândia,Goiás,1,Pequeno I,3.156
521680,5216809,52,Petrolina de Goiás,Centro-Oeste,CENTRO GOIANO,GO,GO-Petrolina de Goiás,Goiás,1,Pequeno I,10.240
521690,5216908,52,Pilar de Goiás,Centro-Oeste,CENTRO GOIANO,GO,GO-Pilar de Goiás,Goiás,1,Pequeno I,2.135
521710,5217104,52,Piracanjuba,Centro-Oeste,SUL GOIANO,GO,GO-Piracanjuba,Goiás,2,Pequeno II,24.543
521720,5217203,52,Piranhas,Centro-Oeste,NOROESTE GOIANO,GO,GO-Piranhas,Goiás,1,Pequeno I,10.161
521730,5217302,52,Pirenópolis,Centro-Oeste,LESTE GOIANO,GO,GO-Pirenópolis,Goiás,2,Pequeno II,25.218
521740,5217401,52,Pires do Rio,Centro-Oeste,SUL GOIANO,GO,GO-Pires do Rio,Goiás,2,Pequeno II,31.909
521760,5217609,52,Planaltina,Centro-Oeste,LESTE GOIANO,GO,GO-Planaltina,Goiás,4,Grande,91.345
521770,5217708,52,Pontalina,Centro-Oeste,SUL GOIANO,GO,GO-Pontalina,Goiás,1,Pequeno I,17.899
521800,5218003,52,Porangatu,Centro-Oeste,NORTE GOIANO,GO,GO-Porangatu,Goiás,2,Pequeno II,45.866
521805,5218052,52,Porteirão,Centro-Oeste,SUL GOIANO,GO,GO-Porteirão,Goiás,1,Pequeno I,3.979
521810,5218102,52,Portelândia,Centro-Oeste,SUL GOIANO,GO,GO-Portelândia,Goiás,1,Pequeno I,4.032
521830,5218300,52,Posse,Centro-Oeste,LESTE GOIANO,GO,GO-Posse,Goiás,2,Pequeno II,37.924
521839,5218391,52,Professor Jamil,Centro-Oeste,SUL GOIANO,GO,GO-Professor Jamil,Goiás,1,Pequeno I,3.211
521850,5218508,52,Quirinópolis,Centro-Oeste,SUL GOIANO,GO,GO-Quirinópolis,Goiás,2,Pequeno II,51.323
521860,5218607,52,Rialma,Centro-Oeste,CENTRO GOIANO,GO,GO-Rialma,Goiás,1,Pequeno I,10.961
521870,5218706,52,Rianápolis,Centro-Oeste,CENTRO GOIANO,GO,GO-Rianápolis,Goiás,1,Pequeno I,4.832
521878,5218789,52,Rio Quente,Centro-Oeste,SUL GOIANO,GO,GO-Rio Quente,Goiás,1,Pequeno I,4.728
521880,5218805,52,Rio Verde,Centro-Oeste,SUL GOIANO,GO,GO-Rio Verde,Goiás,4,Grande,247.259
521890,5218904,52,Rubiataba,Centro-Oeste,CENTRO GOIANO,GO,GO-Rubiataba,Goiás,1,Pequeno I,20.012
521900,5219001,52,Sanclerlândia,Centro-Oeste,CENTRO GOIANO,GO,GO-Sanclerlândia,Goiás,1,Pequeno I,7.630
521910,5219100,52,Santa Bárbara de Goiás,Centro-Oeste,CENTRO GOIANO,GO,GO-Santa Bárbara de Goiás,Goiás,1,Pequeno I,6.701
521920,5219209,52,Santa Cruz de Goiás,Centro-Oeste,SUL GOIANO,GO,GO-Santa Cruz de Goiás,Goiás,1,Pequeno I,2.782
521925,5219258,52,Santa Fé de Goiás,Centro-Oeste,NOROESTE GOIANO,GO,GO-Santa Fé de Goiás,Goiás,1,Pequeno I,5.585
521930,5219308,52,Santa Helena de Goiás,Centro-Oeste,SUL GOIANO,GO,GO-Santa Helena de Goiás,Goiás,2,Pequeno II,38.962
521935,5219357,52,Santa Isabel,Centro-Oeste,CENTRO GOIANO,GO,GO-Santa Isabel,Goiás,1,Pequeno I,3.821
521940,5219407,52,Santa Rita do Araguaia,Centro-Oeste,SUL GOIANO,GO,GO-Santa Rita do Araguaia,Goiás,1,Pequeno I,9.110
521945,5219456,52,Santa Rita do Novo Destino,Centro-Oeste,CENTRO GOIANO,GO,GO-Santa Rita do Novo Destino,Goiás,1,Pequeno I,3.367
521950,5219506,52,Santa Rosa de Goiás,Centro-Oeste,CENTRO GOIANO,GO,GO-Santa Rosa de Goiás,Goiás,1,Pequeno I,2.200
521960,5219605,52,Santa Tereza de Goiás,Centro-Oeste,NORTE GOIANO,GO,GO-Santa Tereza de Goiás,Goiás,1,Pequeno I,3.207
521970,5219704,52,Santa Terezinha de Goiás,Centro-Oeste,NORTE GOIANO,GO,GO-Santa Terezinha de Goiás,Goiás,1,Pequeno I,8.386
521971,5219712,52,Santo Antônio da Barra,Centro-Oeste,SUL GOIANO,GO,GO-Santo Antônio da Barra,Goiás,1,Pequeno I,4.886
521973,5219738,52,Santo Antônio de Goiás,Centro-Oeste,CENTRO GOIANO,GO,GO-Santo Antônio de Goiás,Goiás,1,Pequeno I,6.593
521975,5219753,52,Santo Antônio do Descoberto,Centro-Oeste,LESTE GOIANO,GO,GO-Santo Antônio do Descoberto,Goiás,3,Médio,76.871
521980,5219803,52,São Domingos,Centro-Oeste,LESTE GOIANO,GO,GO-São Domingos,Goiás,1,Pequeno I,13.305
521990,5219902,52,São Francisco de Goiás,Centro-Oeste,CENTRO GOIANO,GO,GO-São Francisco de Goiás,Goiás,1,Pequeno I,6.265
522000,5220009,52,São João d'Aliança,Centro-Oeste,NORTE GOIANO,GO,GO-São João d'Aliança,Goiás,1,Pequeno I,14.423
522005,5220058,52,São João da Paraúna,Centro-Oeste,SUL GOIANO,GO,GO-São João da Paraúna,Goiás,1,Pequeno I,1.312
522010,5220108,52,São Luís de Montes Belos,Centro-Oeste,CENTRO GOIANO,GO,GO-São Luís de Montes Belos,Goiás,2,Pequeno II,34.488
522015,5220157,52,São Luiz do Norte,Centro-Oeste,CENTRO GOIANO,GO,GO-São Luiz do Norte,Goiás,1,Pequeno I,5.263
522020,5220207,52,São Miguel do Araguaia,Centro-Oeste,NOROESTE GOIANO,GO,GO-São Miguel do Araguaia,Goiás,2,Pequeno II,21.849
522026,5220264,52,São Miguel do Passa Quatro,Centro-Oeste,SUL GOIANO,GO,GO-São Miguel do Passa Quatro,Goiás,1,Pequeno I,4.105
522028,5220280,52,São Patrício,Centro-Oeste,CENTRO GOIANO,GO,GO-São Patrício,Goiás,1,Pequeno I,2.040
522040,5220405,52,São Simão,Centro-Oeste,SUL GOIANO,GO,GO-São Simão,Goiás,1,Pequeno I,21.318
522045,5220454,52,Senador Canedo,Centro-Oeste,CENTRO GOIANO,GO,GO-Senador Canedo,Goiás,4,Grande,121.447
522050,5220504,52,Serranópolis,Centro-Oeste,SUL GOIANO,GO,GO-Serranópolis,Goiás,1,Pequeno I,8.737
522060,5220603,52,Silvânia,Centro-Oeste,SUL GOIANO,GO,GO-Silvânia,Goiás,2,Pequeno II,20.938
522068,5220686,52,Simolândia,Centro-Oeste,LESTE GOIANO,GO,GO-Simolândia,Goiás,1,Pequeno I,6.895
522070,5220702,52,Sítio d'Abadia,Centro-Oeste,LESTE GOIANO,GO,GO-Sítio d'Abadia,Goiás,1,Pequeno I,3.040
522100,5221007,52,Taquaral de Goiás,Centro-Oeste,CENTRO GOIANO,GO,GO-Taquaral de Goiás,Goiás,1,Pequeno I,3.506
522108,5221080,52,Teresina de Goiás,Centro-Oeste,NORTE GOIANO,GO,GO-Teresina de Goiás,Goiás,1,Pequeno I,3.538
522119,5221197,52,Terezópolis de Goiás,Centro-Oeste,CENTRO GOIANO,GO,GO-Terezópolis de Goiás,Goiás,1,Pequeno I,8.326
522130,5221304,52,Três Ranchos,Centro-Oeste,SUL GOIANO,GO,GO-Três Ranchos,Goiás,1,Pequeno I,2.830
522140,5221403,52,Trindade,Centro-Oeste,CENTRO GOIANO,GO,GO-Trindade,Goiás,4,Grande,132.006
522145,5221452,52,Trombas,Centro-Oeste,NORTE GOIANO,GO,GO-Trombas,Goiás,1,Pequeno I,3.497
522150,5221502,52,Turvânia,Centro-Oeste,CENTRO GOIANO,GO,GO-Turvânia,Goiás,1,Pequeno I,4.526
522155,5221551,52,Turvelândia,Centro-Oeste,SUL GOIANO,GO,GO-Turvelândia,Goiás,1,Pequeno I,5.447
522157,5221577,52,Uirapuru,Centro-Oeste,NOROESTE GOIANO,GO,GO-Uirapuru,Goiás,1,Pequeno I,2.829
522160,5221601,52,Uruaçu,Centro-Oeste,NORTE GOIANO,GO,GO-Uruaçu,Goiás,2,Pequeno II,41.150
522170,5221700,52,Uruana,Centro-Oeste,CENTRO GOIANO,GO,GO-Uruana,Goiás,1,Pequeno I,13.795
522180,5221809,52,Urutaí,Centro-Oeste,SUL GOIANO,GO,GO-Urutaí,Goiás,1,Pequeno I,3.056
522185,5221858,52,Valparaíso de Goiás,Centro-Oeste,LESTE GOIANO,GO,GO-Valparaíso de Goiás,Goiás,4,Grande,175.720
522190,5221908,52,Varjão,Centro-Oeste,SUL GOIANO,GO,GO-Varjão,Goiás,1,Pequeno I,3.848
522200,5222005,52,Vianópolis,Centro-Oeste,SUL GOIANO,GO,GO-Vianópolis,Goiás,1,Pequeno I,14.088
522205,5222054,52,Vicentinópolis,Centro-Oeste,SUL GOIANO,GO,GO-Vicentinópolis,Goiás,1,Pequeno I,9.002
522220,5222203,52,Vila Boa,Centro-Oeste,LESTE GOIANO,GO,GO-Vila Boa,Goiás,1,Pequeno I,6.451
522230,5222302,52,Vila Propício,Centro-Oeste,LESTE GOIANO,GO,GO-Vila Propício,Goiás,1,Pequeno I,5.941
530010,5300108,53,Brasília,Centro-Oeste,DISTRITO FEDERAL,DF,DF-Brasília,Distrito Federal,5,Metrópole,3.094.325
